/home/areza/welding/benchmark_rk4_diagnostic.py:374: DeprecationWarning: Bitwise inversion '~' on bool is deprecated and will be removed in Python 3.16. This returns the bitwise inversion of the underlying int object and is usually not what you expect from negating a bool. Use the 'not' operator for boolean negation or ~int(x) if you really want the bitwise inversion of the underlying int.
  should_search = (~found) & (current_elem >= 0) & hop_enabled
✅ Enhanced VTK I/O available
✅ HDF5 I/O available
================================================================================
RK4 Diagnostic Benchmark
Isolating particle loss root cause in vmapped RK4 pipeline
================================================================================
JAX version: 0.9.0.1
JAX devices: [CudaDevice(id=0)]

Configuration:
  L0 (cached element):  ENABLED
  L1 (neighbor hops):   ENABLED
  L2 method:            mesh_aligned_octree_multi_local_where
  N_STEPS:              2500
  DT:                   0.0025
  Export frequency:     every 1 steps
  Loading from:         output/benchmark_with_export/Mesh-Aligned_Multi-Cell_+_3×3×3_Local_(jnp.where)
  Starting step:        1
  Standalone L2 verify: True
================================================================================

[1/7] Loading mesh...
Loading mesh: data/FLA/post/0eule/featurelessAvtk_158.pvtu
  Nodes: 780,922
  Elements: 3,048,900
  Loaded field 'Displacement': (780922, 3)
Loading mesh: data/FLA/post/0eule/featurelessAvtk_159.pvtu
  Nodes: 780,922
  Elements: 3,048,900
  Loaded field 'Displacement': (780922, 3)
  Elements: 3,048,900, Nodes: 780,922
  Deduplicating...
  Removed 209,749 duplicates -> 571,173 nodes

[2/7] Precomputing metadata...

Precomputed inverse matrices:
  Elements: 3,048,900
  Degenerate: 0 (0.0000%)
  Det range: [4.87e-13, 1.28e-07]
  Memory: 146,347,200 bytes (139.6 MB)
  Done

[3/7] Building structures and uploading to GPU...
  Multi-cell octree: 665,842 cells, 18.3 elem/cell, 4.0 cells/elem
  Uploaded to GPU

[4/7] Loading particles from previous output...
  File: output/benchmark_with_export/Mesh-Aligned_Multi-Cell_+_3×3×3_Local_(jnp.where)/particles_step_000001.vtu
  Loaded 323,706 particles (323,706 active)

[5/7] Initial assignment...
  Using element IDs from loaded VTU file
  Verifying with standalone L2...
    Standalone L2: 323,706/323,706 (100.00%)
  Assigned: 323,706/323,706 (100.00%)

[6/7] Building diagnostic RK4 (L0=ON, L1=ON)...
  Exported initial state (step 0): 323,706 active
  Loaded comparison stats: 2500 steps from output/benchmark_with_export/Mesh-Aligned Multi-Cell + 3×3×3 Local (jnp.where)/search_stats.csv
  Compiling...
  Compilation: 19.5s

[7/7] Running 2500 RK4 steps with diagnostics...
================================================================================
  Step    1: active=323,706 lost=0 (+0) | L0=99.6% L1=0.4% L2=0.0% miss=0.0% | (prev: lost=294, diff=-294)
  Step    2: active=323,706 lost=0 (+0) | L0=99.4% L1=0.5% L2=0.1% miss=0.0% | (prev: lost=380, diff=-380)
  Step    3: active=323,706 lost=0 (+0) | L0=99.5% L1=0.4% L2=0.0% miss=0.0% | (prev: lost=390, diff=-390)
  Step    4: active=323,705 lost=1 (+1) | L0=99.4% L1=0.3% L2=0.3% miss=0.0% | sub-step misses: k1=0 k2=0 k3=0 k4=1 final=1 | SA-L2: 0/1 newly-lost found by standalone | (prev: lost=422, diff=-421)
  Step    5: active=323,705 lost=1 (+0) | L0=99.7% L1=0.3% L2=0.0% miss=0.0% | (prev: lost=433, diff=-432)
  Step    6: active=323,705 lost=1 (+0) | L0=99.8% L1=0.2% L2=0.0% miss=0.0% | (prev: lost=1,391, diff=-1390)
  Step    7: active=323,705 lost=1 (+0) | L0=99.5% L1=0.4% L2=0.1% miss=0.0% | (prev: lost=1,404, diff=-1403)
  Step    8: active=323,704 lost=2 (+1) | L0=99.6% L1=0.4% L2=0.1% miss=0.0% | sub-step misses: k1=1 k2=2 k3=1 k4=2 final=2 | SA-L2: 0/1 newly-lost found by standalone | (prev: lost=1,404, diff=-1402)
  Step    9: active=323,702 lost=4 (+2) | L0=99.6% L1=0.4% L2=0.0% miss=0.0% | sub-step misses: k1=2 k2=4 k3=2 k4=4 final=4 | SA-L2: 0/2 newly-lost found by standalone | (prev: lost=1,485, diff=-1481)
  Step   10: active=323,702 lost=4 (+0) | L0=99.5% L1=0.5% L2=0.0% miss=0.0% | (prev: lost=1,685, diff=-1681)
  Step   11: active=323,699 lost=7 (+3) | L0=99.6% L1=0.4% L2=0.0% miss=0.0% | sub-step misses: k1=4 k2=7 k3=4 k4=7 final=7 | SA-L2: 0/3 newly-lost found by standalone | (prev: lost=1,735, diff=-1728)
  Step   12: active=323,699 lost=7 (+0) | L0=99.5% L1=0.5% L2=0.1% miss=0.0% | (prev: lost=1,774, diff=-1767)
  Step   13: active=323,699 lost=7 (+0) | L0=99.3% L1=0.4% L2=0.3% miss=0.0% | (prev: lost=1,788, diff=-1781)
  Step   14: active=323,698 lost=8 (+1) | L0=99.6% L1=0.3% L2=0.0% miss=0.0% | sub-step misses: k1=7 k2=8 k3=7 k4=8 final=8 | SA-L2: 0/1 newly-lost found by standalone | (prev: lost=1,809, diff=-1801)
  Step   15: active=323,697 lost=9 (+1) | L0=99.7% L1=0.3% L2=0.0% miss=0.0% | sub-step misses: k1=8 k2=9 k3=8 k4=9 final=9 | SA-L2: 0/1 newly-lost found by standalone | (prev: lost=2,782, diff=-2773)
  Step   16: active=323,696 lost=10 (+1) | L0=99.5% L1=0.4% L2=0.1% miss=0.0% | sub-step misses: k1=9 k2=9 k3=9 k4=10 final=10 | SA-L2: 0/1 newly-lost found by standalone | (prev: lost=2,791, diff=-2781)
  Step   17: active=323,695 lost=11 (+1) | L0=99.5% L1=0.4% L2=0.1% miss=0.0% | sub-step misses: k1=10 k2=10 k3=10 k4=11 final=11 | SA-L2: 0/1 newly-lost found by standalone | (prev: lost=2,794, diff=-2783)
  Step   18: active=323,692 lost=14 (+3) | L0=99.6% L1=0.4% L2=0.0% miss=0.0% | sub-step misses: k1=11 k2=14 k3=11 k4=15 final=14 | SA-L2: 0/3 newly-lost found by standalone | (prev: lost=2,829, diff=-2815)
  Step   19: active=323,689 lost=17 (+3) | L0=99.5% L1=0.5% L2=0.0% miss=0.0% | sub-step misses: k1=14 k2=16 k3=15 k4=17 final=17 | SA-L2: 0/3 newly-lost found by standalone | (prev: lost=3,025, diff=-3008)
  Step   20: active=323,688 lost=18 (+1) | L0=99.6% L1=0.4% L2=0.0% miss=0.0% | sub-step misses: k1=17 k2=18 k3=17 k4=19 final=18 | SA-L2: 0/1 newly-lost found by standalone | (prev: lost=3,119, diff=-3101)
  Step   21: active=323,686 lost=20 (+2) | L0=99.5% L1=0.4% L2=0.1% miss=0.0% | sub-step misses: k1=18 k2=19 k3=18 k4=21 final=20 | SA-L2: 0/2 newly-lost found by standalone | (prev: lost=3,171, diff=-3151)
  Step   22: active=323,685 lost=21 (+1) | L0=99.4% L1=0.4% L2=0.2% miss=0.0% | sub-step misses: k1=20 k2=21 k3=20 k4=21 final=21 | SA-L2: 0/1 newly-lost found by standalone | (prev: lost=3,177, diff=-3156)
  Step   23: active=323,684 lost=22 (+1) | L0=99.6% L1=0.4% L2=0.1% miss=0.0% | sub-step misses: k1=21 k2=21 k3=22 k4=22 final=22 | SA-L2: 0/1 newly-lost found by standalone | (prev: lost=3,190, diff=-3168)
  Step   24: active=323,682 lost=24 (+2) | L0=99.6% L1=0.3% L2=0.0% miss=0.0% | sub-step misses: k1=22 k2=23 k3=22 k4=24 final=24 | SA-L2: 0/2 newly-lost found by standalone | (prev: lost=3,893, diff=-3869)
  Step   25: active=323,681 lost=25 (+1) | L0=99.5% L1=0.4% L2=0.1% miss=0.0% | sub-step misses: k1=24 k2=25 k3=24 k4=25 final=25 | SA-L2: 0/1 newly-lost found by standalone | (prev: lost=4,175, diff=-4150)
  Step   26: active=323,680 lost=26 (+1) | L0=99.5% L1=0.4% L2=0.1% miss=0.0% | sub-step misses: k1=25 k2=26 k3=25 k4=26 final=26 | SA-L2: 0/1 newly-lost found by standalone | (prev: lost=4,189, diff=-4163)
  Step   27: active=323,677 lost=29 (+3) | L0=99.5% L1=0.4% L2=0.1% miss=0.0% | sub-step misses: k1=26 k2=29 k3=26 k4=30 final=29 | SA-L2: 0/3 newly-lost found by standalone | (prev: lost=4,213, diff=-4184)
  Step   28: active=323,675 lost=31 (+2) | L0=99.5% L1=0.4% L2=0.0% miss=0.0% | sub-step misses: k1=29 k2=31 k3=29 k4=33 final=31 | SA-L2: 0/2 newly-lost found by standalone | (prev: lost=4,300, diff=-4269)
  Step   29: active=323,672 lost=34 (+3) | L0=99.5% L1=0.5% L2=0.0% miss=0.0% | sub-step misses: k1=31 k2=33 k3=31 k4=34 final=34 | SA-L2: 0/3 newly-lost found by standalone | (prev: lost=4,492, diff=-4458)
  Step   30: active=323,668 lost=38 (+4) | L0=99.6% L1=0.4% L2=0.0% miss=0.0% | sub-step misses: k1=34 k2=36 k3=34 k4=36 final=38 | SA-L2: 0/4 newly-lost found by standalone | (prev: lost=4,540, diff=-4502)
  Step   31: active=323,668 lost=38 (+0) | L0=99.4% L1=0.4% L2=0.2% miss=0.0% | (prev: lost=4,574, diff=-4536)
  Step   32: active=323,668 lost=38 (+0) | L0=99.5% L1=0.3% L2=0.2% miss=0.0% | (prev: lost=4,579, diff=-4541)
  Step   33: active=323,666 lost=40 (+2) | L0=99.6% L1=0.4% L2=0.0% miss=0.0% | sub-step misses: k1=38 k2=39 k3=38 k4=40 final=40 | SA-L2: 0/2 newly-lost found by standalone | (prev: lost=4,874, diff=-4834)
  Step   34: active=323,663 lost=43 (+3) | L0=99.5% L1=0.4% L2=0.1% miss=0.0% | sub-step misses: k1=40 k2=40 k3=41 k4=42 final=43 | SA-L2: 0/3 newly-lost found by standalone | (prev: lost=5,567, diff=-5524)
  Step   35: active=323,663 lost=43 (+0) | L0=99.6% L1=0.3% L2=0.1% miss=0.0% | (prev: lost=5,575, diff=-5532)
  Step   36: active=323,663 lost=43 (+0) | L0=99.4% L1=0.5% L2=0.1% miss=0.0% | (prev: lost=5,605, diff=-5562)
  Step   37: active=323,661 lost=45 (+2) | L0=99.5% L1=0.4% L2=0.1% miss=0.0% | sub-step misses: k1=43 k2=44 k3=43 k4=45 final=45 | SA-L2: 0/2 newly-lost found by standalone | (prev: lost=5,638, diff=-5593)
  Step   38: active=323,660 lost=46 (+1) | L0=99.5% L1=0.5% L2=0.1% miss=0.0% | sub-step misses: k1=45 k2=46 k3=46 k4=48 final=46 | SA-L2: 0/1 newly-lost found by standalone | (prev: lost=5,819, diff=-5773)
  Step   39: active=323,657 lost=49 (+3) | L0=99.5% L1=0.4% L2=0.1% miss=0.0% | sub-step misses: k1=46 k2=49 k3=46 k4=50 final=49 | SA-L2: 0/3 newly-lost found by standalone | (prev: lost=5,929, diff=-5880)
  Step   40: active=323,654 lost=52 (+3) | L0=99.4% L1=0.4% L2=0.1% miss=0.0% | sub-step misses: k1=49 k2=51 k3=50 k4=51 final=52 | SA-L2: 0/3 newly-lost found by standalone | (prev: lost=5,949, diff=-5897)
  Step   41: active=323,652 lost=54 (+2) | L0=99.4% L1=0.4% L2=0.2% miss=0.0% | sub-step misses: k1=52 k2=53 k3=52 k4=53 final=54 | SA-L2: 0/2 newly-lost found by standalone | (prev: lost=5,969, diff=-5915)
  Step   42: active=323,651 lost=55 (+1) | L0=99.5% L1=0.4% L2=0.1% miss=0.0% | sub-step misses: k1=54 k2=54 k3=55 k4=54 final=55 | SA-L2: 0/1 newly-lost found by standalone | (prev: lost=6,159, diff=-6104)
  Step   43: active=323,649 lost=57 (+2) | L0=99.5% L1=0.5% L2=0.1% miss=0.0% | sub-step misses: k1=55 k2=55 k3=55 k4=58 final=57 | SA-L2: 0/2 newly-lost found by standalone | (prev: lost=6,744, diff=-6687)
  Step   44: active=323,647 lost=59 (+2) | L0=99.5% L1=0.4% L2=0.1% miss=0.0% | sub-step misses: k1=57 k2=58 k3=57 k4=59 final=59 | SA-L2: 0/2 newly-lost found by standalone | (prev: lost=6,962, diff=-6903)
  Step   45: active=323,645 lost=61 (+2) | L0=99.4% L1=0.5% L2=0.1% miss=0.0% | sub-step misses: k1=59 k2=61 k3=60 k4=62 final=61 | SA-L2: 0/2 newly-lost found by standalone | (prev: lost=6,992, diff=-6931)
  Step   46: active=323,642 lost=64 (+3) | L0=99.4% L1=0.5% L2=0.1% miss=0.0% | sub-step misses: k1=61 k2=64 k3=61 k4=64 final=64 | SA-L2: 0/3 newly-lost found by standalone | (prev: lost=7,021, diff=-6957)
  Step   47: active=323,639 lost=67 (+3) | L0=99.5% L1=0.4% L2=0.1% miss=0.0% | sub-step misses: k1=64 k2=65 k3=64 k4=68 final=67 | SA-L2: 0/3 newly-lost found by standalone | (prev: lost=7,099, diff=-7032)
  Step   48: active=323,635 lost=71 (+4) | L0=99.5% L1=0.5% L2=0.1% miss=0.0% | sub-step misses: k1=67 k2=69 k3=68 k4=70 final=71 | SA-L2: 0/4 newly-lost found by standalone | (prev: lost=7,297, diff=-7226)
  Step   49: active=323,635 lost=71 (+0) | L0=99.4% L1=0.4% L2=0.1% miss=0.0% | (prev: lost=7,343, diff=-7272)
  Step   50: active=323,635 lost=71 (+0) | L0=99.4% L1=0.4% L2=0.2% miss=0.0% | (prev: lost=7,369, diff=-7298)
  Step   51: active=323,633 lost=73 (+2) | L0=99.4% L1=0.4% L2=0.1% miss=0.0% | sub-step misses: k1=71 k2=71 k3=72 k4=72 final=73 | SA-L2: 0/2 newly-lost found by standalone | (prev: lost=7,551, diff=-7478)
  Step   52: active=323,630 lost=76 (+3) | L0=99.5% L1=0.4% L2=0.1% miss=0.0% | sub-step misses: k1=73 k2=75 k3=73 k4=77 final=76 | SA-L2: 0/3 newly-lost found by standalone | (prev: lost=8,092, diff=-8016)
  Step   53: active=323,628 lost=78 (+2) | L0=99.4% L1=0.5% L2=0.1% miss=0.0% | sub-step misses: k1=76 k2=78 k3=76 k4=80 final=78 | SA-L2: 0/2 newly-lost found by standalone | (prev: lost=8,353, diff=-8275)
  Step   54: active=323,619 lost=87 (+9) | L0=99.4% L1=0.5% L2=0.1% miss=0.0% | sub-step misses: k1=78 k2=86 k3=78 k4=88 final=87 | SA-L2: 0/9 newly-lost found by standalone | (prev: lost=8,380, diff=-8293)
  Step   55: active=323,619 lost=87 (+0) | L0=99.4% L1=0.5% L2=0.1% miss=0.0% | (prev: lost=8,403, diff=-8316)
  Step   56: active=323,616 lost=90 (+3) | L0=99.4% L1=0.4% L2=0.1% miss=0.0% | sub-step misses: k1=87 k2=89 k3=89 k4=89 final=90 | SA-L2: 0/3 newly-lost found by standalone | (prev: lost=8,451, diff=-8361)
  Step   57: active=323,615 lost=91 (+1) | L0=99.4% L1=0.5% L2=0.1% miss=0.0% | sub-step misses: k1=90 k2=91 k3=90 k4=91 final=91 | SA-L2: 0/1 newly-lost found by standalone | (prev: lost=8,628, diff=-8537)
  Step   58: active=323,612 lost=94 (+3) | L0=99.3% L1=0.5% L2=0.2% miss=0.0% | sub-step misses: k1=91 k2=92 k3=91 k4=93 final=94 | SA-L2: 0/3 newly-lost found by standalone | (prev: lost=8,711, diff=-8617)
  Step   59: active=323,612 lost=94 (+0) | L0=99.4% L1=0.4% L2=0.1% miss=0.0% | (prev: lost=8,739, diff=-8645)
  Step   60: active=323,610 lost=96 (+2) | L0=99.4% L1=0.4% L2=0.1% miss=0.0% | sub-step misses: k1=94 k2=95 k3=94 k4=98 final=96 | SA-L2: 0/2 newly-lost found by standalone | (prev: lost=8,908, diff=-8812)
  Step   61: active=323,606 lost=100 (+4) | L0=99.4% L1=0.5% L2=0.1% miss=0.0% | sub-step misses: k1=96 k2=99 k3=97 k4=99 final=100 | SA-L2: 0/4 newly-lost found by standalone | (prev: lost=9,206, diff=-9106)
  Step   62: active=323,604 lost=102 (+2) | L0=99.4% L1=0.5% L2=0.1% miss=0.0% | sub-step misses: k1=100 k2=100 k3=100 k4=102 final=102 | SA-L2: 0/2 newly-lost found by standalone | (prev: lost=9,563, diff=-9461)
  Step   63: active=323,600 lost=106 (+4) | L0=99.4% L1=0.5% L2=0.1% miss=0.0% | sub-step misses: k1=102 k2=104 k3=102 k4=108 final=106 | SA-L2: 0/4 newly-lost found by standalone | (prev: lost=9,771, diff=-9665)
  Step   64: active=323,596 lost=110 (+4) | L0=99.4% L1=0.5% L2=0.1% miss=0.0% | sub-step misses: k1=106 k2=110 k3=106 k4=112 final=110 | SA-L2: 0/4 newly-lost found by standalone | (prev: lost=9,795, diff=-9685)
  Step   65: active=323,591 lost=115 (+5) | L0=99.4% L1=0.5% L2=0.1% miss=0.0% | sub-step misses: k1=110 k2=112 k3=111 k4=114 final=115 | SA-L2: 0/5 newly-lost found by standalone | (prev: lost=9,831, diff=-9716)
  Step   66: active=323,589 lost=117 (+2) | L0=99.4% L1=0.5% L2=0.1% miss=0.0% | sub-step misses: k1=115 k2=117 k3=115 k4=118 final=117 | SA-L2: 0/2 newly-lost found by standalone | (prev: lost=9,939, diff=-9822)
  Step   67: active=323,585 lost=121 (+4) | L0=99.3% L1=0.5% L2=0.1% miss=0.0% | sub-step misses: k1=117 k2=119 k3=117 k4=120 final=121 | SA-L2: 0/4 newly-lost found by standalone | (prev: lost=10,096, diff=-9975)
  Step   68: active=323,585 lost=121 (+0) | L0=99.4% L1=0.4% L2=0.1% miss=0.0% | (prev: lost=10,125, diff=-10004)
  Step   69: active=323,583 lost=123 (+2) | L0=99.3% L1=0.5% L2=0.2% miss=0.0% | sub-step misses: k1=121 k2=122 k3=122 k4=123 final=123 | SA-L2: 0/2 newly-lost found by standalone | (prev: lost=10,174, diff=-10051)
  Step   70: active=323,581 lost=125 (+2) | L0=99.3% L1=0.5% L2=0.1% miss=0.0% | sub-step misses: k1=123 k2=124 k3=124 k4=124 final=125 | SA-L2: 0/2 newly-lost found by standalone | (prev: lost=10,486, diff=-10361)
  Step   71: active=323,578 lost=128 (+3) | L0=99.3% L1=0.5% L2=0.1% miss=0.0% | sub-step misses: k1=125 k2=126 k3=126 k4=128 final=128 | SA-L2: 0/3 newly-lost found by standalone | (prev: lost=10,944, diff=-10816)
  Step   72: active=323,573 lost=133 (+5) | L0=99.4% L1=0.5% L2=0.1% miss=0.0% | sub-step misses: k1=128 k2=132 k3=129 k4=133 final=133 | SA-L2: 0/5 newly-lost found by standalone | (prev: lost=11,156, diff=-11023)
  Step   73: active=323,569 lost=137 (+4) | L0=99.4% L1=0.5% L2=0.1% miss=0.0% | sub-step misses: k1=133 k2=135 k3=133 k4=137 final=137 | SA-L2: 0/4 newly-lost found by standalone | (prev: lost=11,181, diff=-11044)
  Step   74: active=323,567 lost=139 (+2) | L0=99.3% L1=0.5% L2=0.1% miss=0.0% | sub-step misses: k1=137 k2=138 k3=138 k4=138 final=139 | SA-L2: 0/2 newly-lost found by standalone | (prev: lost=11,217, diff=-11078)
  Step   75: active=323,565 lost=141 (+2) | L0=99.3% L1=0.5% L2=0.1% miss=0.0% | sub-step misses: k1=139 k2=140 k3=141 k4=140 final=141 | SA-L2: 0/2 newly-lost found by standalone | (prev: lost=11,266, diff=-11125)
  Step   76: active=323,560 lost=146 (+5) | L0=99.3% L1=0.5% L2=0.1% miss=0.0% | sub-step misses: k1=141 k2=145 k3=141 k4=146 final=146 | SA-L2: 0/5 newly-lost found by standalone | (prev: lost=11,443, diff=-11297)
  Step   77: active=323,554 lost=152 (+6) | L0=99.4% L1=0.4% L2=0.1% miss=0.0% | sub-step misses: k1=146 k2=149 k3=147 k4=152 final=152 | SA-L2: 0/6 newly-lost found by standalone | (prev: lost=11,514, diff=-11362)
  Step   78: active=323,552 lost=154 (+2) | L0=99.3% L1=0.5% L2=0.2% miss=0.0% | sub-step misses: k1=152 k2=154 k3=152 k4=155 final=154 | SA-L2: 0/2 newly-lost found by standalone | (prev: lost=11,545, diff=-11391)
  Step   79: active=323,551 lost=155 (+1) | L0=99.3% L1=0.5% L2=0.1% miss=0.0% | sub-step misses: k1=154 k2=155 k3=155 k4=155 final=155 | SA-L2: 0/1 newly-lost found by standalone | (prev: lost=11,741, diff=-11586)
  Step   80: active=323,549 lost=157 (+2) | L0=99.3% L1=0.5% L2=0.1% miss=0.0% | sub-step misses: k1=155 k2=157 k3=155 k4=158 final=157 | SA-L2: 0/2 newly-lost found by standalone | (prev: lost=12,293, diff=-12136)
  Step   81: active=323,547 lost=159 (+2) | L0=99.3% L1=0.5% L2=0.1% miss=0.0% | sub-step misses: k1=157 k2=158 k3=157 k4=159 final=159 | SA-L2: 0/2 newly-lost found by standalone | (prev: lost=12,377, diff=-12218)
  Step   82: active=323,543 lost=163 (+4) | L0=99.3% L1=0.5% L2=0.1% miss=0.0% | sub-step misses: k1=159 k2=161 k3=160 k4=162 final=163 | SA-L2: 0/4 newly-lost found by standalone | (prev: lost=12,573, diff=-12410)
  Step   83: active=323,542 lost=164 (+1) | L0=99.3% L1=0.5% L2=0.1% miss=0.1% | sub-step misses: k1=163 k2=164 k3=163 k4=165 final=164 | SA-L2: 0/1 newly-lost found by standalone | (prev: lost=12,596, diff=-12432)
  Step   84: active=323,535 lost=171 (+7) | L0=99.3% L1=0.5% L2=0.1% miss=0.1% | sub-step misses: k1=164 k2=166 k3=165 k4=170 final=171 | SA-L2: 0/7 newly-lost found by standalone | (prev: lost=12,652, diff=-12481)
  Step   85: active=323,529 lost=177 (+6) | L0=99.3% L1=0.5% L2=0.1% miss=0.1% | sub-step misses: k1=171 k2=176 k3=171 k4=179 final=177 | SA-L2: 0/6 newly-lost found by standalone | (prev: lost=12,763, diff=-12586)
  Step   86: active=323,522 lost=184 (+7) | L0=99.3% L1=0.5% L2=0.2% miss=0.1% | sub-step misses: k1=177 k2=183 k3=177 k4=184 final=184 | SA-L2: 0/7 newly-lost found by standalone | (prev: lost=12,916, diff=-12732)
  Step   87: active=323,522 lost=184 (+0) | L0=99.2% L1=0.5% L2=0.2% miss=0.1% | (prev: lost=12,946, diff=-12762)
  Step   88: active=323,521 lost=185 (+1) | L0=99.3% L1=0.5% L2=0.2% miss=0.1% | sub-step misses: k1=184 k2=185 k3=184 k4=187 final=185 | SA-L2: 0/1 newly-lost found by standalone | (prev: lost=13,143, diff=-12958)
  Step   89: active=323,515 lost=191 (+6) | L0=99.3% L1=0.5% L2=0.2% miss=0.1% | sub-step misses: k1=185 k2=189 k3=185 k4=189 final=191 | SA-L2: 0/6 newly-lost found by standalone | (prev: lost=13,543, diff=-13352)
  Step   90: active=323,515 lost=191 (+0) | L0=99.3% L1=0.5% L2=0.1% miss=0.1% | (prev: lost=13,789, diff=-13598)
  Step   91: active=323,514 lost=192 (+1) | L0=99.3% L1=0.5% L2=0.1% miss=0.1% | sub-step misses: k1=191 k2=191 k3=191 k4=193 final=192 | SA-L2: 0/1 newly-lost found by standalone | (prev: lost=13,996, diff=-13804)
  Step   92: active=323,509 lost=197 (+5) | L0=99.3% L1=0.6% L2=0.1% miss=0.1% | sub-step misses: k1=192 k2=197 k3=192 k4=198 final=197 | SA-L2: 0/5 newly-lost found by standalone | (prev: lost=14,012, diff=-13815)
  Step   93: active=323,506 lost=200 (+3) | L0=99.2% L1=0.5% L2=0.2% miss=0.1% | sub-step misses: k1=197 k2=198 k3=197 k4=201 final=200 | SA-L2: 0/3 newly-lost found by standalone | (prev: lost=14,048, diff=-13848)
  Step   94: active=323,501 lost=205 (+5) | L0=99.2% L1=0.5% L2=0.2% miss=0.1% | sub-step misses: k1=200 k2=202 k3=203 k4=204 final=205 | SA-L2: 0/5 newly-lost found by standalone | (prev: lost=14,095, diff=-13890)
  Step   95: active=323,496 lost=210 (+5) | L0=99.2% L1=0.5% L2=0.2% miss=0.1% | sub-step misses: k1=205 k2=209 k3=205 k4=210 final=210 | SA-L2: 0/5 newly-lost found by standalone | (prev: lost=14,296, diff=-14086)
  Step   96: active=323,494 lost=212 (+2) | L0=99.2% L1=0.6% L2=0.2% miss=0.1% | sub-step misses: k1=210 k2=211 k3=210 k4=213 final=212 | SA-L2: 0/2 newly-lost found by standalone | (prev: lost=14,365, diff=-14153)
  Step   97: active=323,489 lost=217 (+5) | L0=99.2% L1=0.5% L2=0.2% miss=0.1% | sub-step misses: k1=212 k2=215 k3=212 k4=216 final=217 | SA-L2: 0/5 newly-lost found by standalone | (prev: lost=14,580, diff=-14363)
  Step   98: active=323,486 lost=220 (+3) | L0=99.2% L1=0.6% L2=0.2% miss=0.1% | sub-step misses: k1=217 k2=218 k3=218 k4=219 final=220 | SA-L2: 0/3 newly-lost found by standalone | (prev: lost=14,778, diff=-14558)
  Step   99: active=323,481 lost=225 (+5) | L0=99.3% L1=0.5% L2=0.1% miss=0.1% | sub-step misses: k1=220 k2=223 k3=220 k4=225 final=225 | SA-L2: 0/5 newly-lost found by standalone | (prev: lost=15,229, diff=-15004)
  Step  100: active=323,480 lost=226 (+1) | L0=99.2% L1=0.6% L2=0.1% miss=0.1% | sub-step misses: k1=225 k2=226 k3=225 k4=226 final=226 | SA-L2: 0/1 newly-lost found by standalone | (prev: lost=15,308, diff=-15082)
  Step  101: active=323,476 lost=230 (+4) | L0=99.2% L1=0.5% L2=0.1% miss=0.1% | sub-step misses: k1=226 k2=228 k3=228 k4=229 final=230 | SA-L2: 0/4 newly-lost found by standalone | (prev: lost=15,469, diff=-15239)
  Step  102: active=323,469 lost=237 (+7) | L0=99.2% L1=0.6% L2=0.2% miss=0.1% | sub-step misses: k1=230 k2=234 k3=231 k4=235 final=237 | SA-L2: 0/7 newly-lost found by standalone | (prev: lost=15,497, diff=-15260)
  Step  103: active=323,467 lost=239 (+2) | L0=99.2% L1=0.6% L2=0.2% miss=0.1% | sub-step misses: k1=237 k2=238 k3=237 k4=239 final=239 | SA-L2: 0/2 newly-lost found by standalone | (prev: lost=15,553, diff=-15314)
  Step  104: active=323,467 lost=239 (+0) | L0=99.2% L1=0.6% L2=0.2% miss=0.1% | (prev: lost=15,672, diff=-15433)
  Step  105: active=323,462 lost=244 (+5) | L0=99.2% L1=0.6% L2=0.2% miss=0.1% | sub-step misses: k1=239 k2=243 k3=239 k4=243 final=244 | SA-L2: 0/5 newly-lost found by standalone | (prev: lost=15,817, diff=-15573)
  Step  106: active=323,460 lost=246 (+2) | L0=99.1% L1=0.6% L2=0.2% miss=0.1% | sub-step misses: k1=244 k2=246 k3=245 k4=247 final=246 | SA-L2: 0/2 newly-lost found by standalone | (prev: lost=16,026, diff=-15780)
  Step  107: active=323,455 lost=251 (+5) | L0=99.2% L1=0.6% L2=0.2% miss=0.1% | sub-step misses: k1=246 k2=249 k3=248 k4=250 final=251 | SA-L2: 0/5 newly-lost found by standalone | (prev: lost=16,210, diff=-15959)
  Step  108: active=323,451 lost=255 (+4) | L0=99.2% L1=0.6% L2=0.2% miss=0.1% | sub-step misses: k1=251 k2=253 k3=251 k4=255 final=255 | SA-L2: 0/4 newly-lost found by standalone | (prev: lost=16,662, diff=-16407)
  Step  109: active=323,446 lost=260 (+5) | L0=99.2% L1=0.6% L2=0.1% miss=0.1% | sub-step misses: k1=255 k2=257 k3=256 k4=261 final=260 | SA-L2: 0/5 newly-lost found by standalone | (prev: lost=16,743, diff=-16483)
  Step  110: active=323,439 lost=267 (+7) | L0=99.2% L1=0.6% L2=0.2% miss=0.1% | sub-step misses: k1=260 k2=264 k3=262 k4=266 final=267 | SA-L2: 0/7 newly-lost found by standalone | (prev: lost=16,934, diff=-16667)
  Step  111: active=323,437 lost=269 (+2) | L0=99.2% L1=0.6% L2=0.2% miss=0.1% | sub-step misses: k1=267 k2=268 k3=267 k4=272 final=269 | SA-L2: 0/2 newly-lost found by standalone | (prev: lost=16,965, diff=-16696)
  Step  112: active=323,430 lost=276 (+7) | L0=99.1% L1=0.6% L2=0.2% miss=0.1% | sub-step misses: k1=269 k2=274 k3=271 k4=276 final=276 | SA-L2: 0/7 newly-lost found by standalone | (prev: lost=17,022, diff=-16746)
  Step  113: active=323,427 lost=279 (+3) | L0=99.1% L1=0.6% L2=0.2% miss=0.1% | sub-step misses: k1=276 k2=278 k3=277 k4=282 final=279 | SA-L2: 0/3 newly-lost found by standalone | (prev: lost=17,065, diff=-16786)
  Step  114: active=323,421 lost=285 (+6) | L0=99.1% L1=0.6% L2=0.2% miss=0.1% | sub-step misses: k1=279 k2=284 k3=279 k4=286 final=285 | SA-L2: 0/6 newly-lost found by standalone | (prev: lost=17,259, diff=-16974)
  Step  115: active=323,420 lost=286 (+1) | L0=99.1% L1=0.6% L2=0.2% miss=0.1% | sub-step misses: k1=285 k2=286 k3=285 k4=288 final=286 | SA-L2: 0/1 newly-lost found by standalone | (prev: lost=17,464, diff=-17178)
  Step  116: active=323,416 lost=290 (+4) | L0=99.1% L1=0.6% L2=0.2% miss=0.1% | sub-step misses: k1=286 k2=289 k3=288 k4=289 final=290 | SA-L2: 0/4 newly-lost found by standalone | (prev: lost=17,555, diff=-17265)
  Step  117: active=323,414 lost=292 (+2) | L0=99.2% L1=0.6% L2=0.2% miss=0.1% | sub-step misses: k1=290 k2=292 k3=290 k4=294 final=292 | SA-L2: 0/2 newly-lost found by standalone | (prev: lost=18,040, diff=-17748)
  Step  118: active=323,410 lost=296 (+4) | L0=99.2% L1=0.6% L2=0.2% miss=0.1% | sub-step misses: k1=292 k2=295 k3=292 k4=296 final=296 | SA-L2: 0/4 newly-lost found by standalone | (prev: lost=18,215, diff=-17919)
  Step  119: active=323,405 lost=301 (+5) | L0=99.2% L1=0.6% L2=0.2% miss=0.1% | sub-step misses: k1=296 k2=300 k3=297 k4=302 final=301 | SA-L2: 0/5 newly-lost found by standalone | (prev: lost=18,291, diff=-17990)
  Step  120: active=323,401 lost=305 (+4) | L0=99.2% L1=0.6% L2=0.2% miss=0.1% | sub-step misses: k1=301 k2=304 k3=301 k4=305 final=305 | SA-L2: 0/4 newly-lost found by standalone | (prev: lost=18,437, diff=-18132)
  Step  121: active=323,394 lost=312 (+7) | L0=99.1% L1=0.6% L2=0.2% miss=0.1% | sub-step misses: k1=305 k2=309 k3=305 k4=314 final=312 | SA-L2: 0/7 newly-lost found by standalone | (prev: lost=18,472, diff=-18160)
  Step  122: active=323,390 lost=316 (+4) | L0=99.0% L1=0.6% L2=0.2% miss=0.1% | sub-step misses: k1=312 k2=315 k3=312 k4=316 final=316 | SA-L2: 0/4 newly-lost found by standalone | (prev: lost=18,517, diff=-18201)
  Step  123: active=323,389 lost=317 (+1) | L0=99.1% L1=0.6% L2=0.2% miss=0.1% | sub-step misses: k1=316 k2=317 k3=316 k4=317 final=317 | SA-L2: 0/1 newly-lost found by standalone | (prev: lost=18,649, diff=-18332)
  Step  124: active=323,385 lost=321 (+4) | L0=99.1% L1=0.6% L2=0.2% miss=0.1% | sub-step misses: k1=317 k2=319 k3=319 k4=322 final=321 | SA-L2: 0/4 newly-lost found by standalone | (prev: lost=18,846, diff=-18525)
  Step  125: active=323,378 lost=328 (+7) | L0=99.0% L1=0.6% L2=0.2% miss=0.1% | sub-step misses: k1=321 k2=326 k3=323 k4=327 final=328 | SA-L2: 0/7 newly-lost found by standalone | (prev: lost=19,002, diff=-18674)
  Step  126: active=323,375 lost=331 (+3) | L0=99.1% L1=0.6% L2=0.2% miss=0.1% | sub-step misses: k1=328 k2=330 k3=328 k4=333 final=331 | SA-L2: 0/3 newly-lost found by standalone | (prev: lost=19,224, diff=-18893)
  Step  127: active=323,370 lost=336 (+5) | L0=99.1% L1=0.6% L2=0.2% miss=0.1% | sub-step misses: k1=331 k2=336 k3=331 k4=337 final=336 | SA-L2: 0/5 newly-lost found by standalone | (prev: lost=19,671, diff=-19335)
  Step  128: active=323,361 lost=345 (+9) | L0=99.1% L1=0.6% L2=0.2% miss=0.1% | sub-step misses: k1=336 k2=341 k3=338 k4=342 final=345 | SA-L2: 0/9 newly-lost found by standalone | (prev: lost=19,734, diff=-19389)
  Step  129: active=323,358 lost=348 (+3) | L0=99.1% L1=0.6% L2=0.2% miss=0.1% | sub-step misses: k1=345 k2=348 k3=345 k4=350 final=348 | SA-L2: 0/3 newly-lost found by standalone | (prev: lost=19,916, diff=-19568)
  Step  130: active=323,355 lost=351 (+3) | L0=99.1% L1=0.6% L2=0.2% miss=0.1% | sub-step misses: k1=348 k2=351 k3=348 k4=353 final=351 | SA-L2: 0/3 newly-lost found by standalone | (prev: lost=19,939, diff=-19588)
  Step  131: active=323,347 lost=359 (+8) | L0=99.0% L1=0.7% L2=0.2% miss=0.1% | sub-step misses: k1=351 k2=356 k3=351 k4=358 final=359 | SA-L2: 0/8 newly-lost found by standalone | (prev: lost=19,985, diff=-19626)
  Step  132: active=323,344 lost=362 (+3) | L0=99.0% L1=0.7% L2=0.2% miss=0.1% | sub-step misses: k1=359 k2=359 k3=360 k4=360 final=362 | SA-L2: 0/3 newly-lost found by standalone | (prev: lost=20,060, diff=-19698)
  Step  133: active=323,342 lost=364 (+2) | L0=99.1% L1=0.6% L2=0.2% miss=0.1% | sub-step misses: k1=362 k2=362 k3=362 k4=364 final=364 | SA-L2: 0/2 newly-lost found by standalone | (prev: lost=20,279, diff=-19915)
  Step  134: active=323,338 lost=368 (+4) | L0=99.0% L1=0.6% L2=0.3% miss=0.1% | sub-step misses: k1=364 k2=366 k3=365 k4=370 final=368 | SA-L2: 0/4 newly-lost found by standalone | (prev: lost=20,469, diff=-20101)
  Step  135: active=323,330 lost=376 (+8) | L0=99.1% L1=0.6% L2=0.2% miss=0.1% | sub-step misses: k1=368 k2=375 k3=368 k4=375 final=376 | SA-L2: 0/8 newly-lost found by standalone | (prev: lost=20,678, diff=-20302)
  Step  136: active=323,328 lost=378 (+2) | L0=99.1% L1=0.6% L2=0.2% miss=0.1% | sub-step misses: k1=376 k2=376 k3=376 k4=378 final=378 | SA-L2: 0/2 newly-lost found by standalone | (prev: lost=21,132, diff=-20754)
  Step  137: active=323,325 lost=381 (+3) | L0=99.1% L1=0.6% L2=0.2% miss=0.1% | sub-step misses: k1=378 k2=380 k3=379 k4=381 final=381 | SA-L2: 0/3 newly-lost found by standalone | (prev: lost=21,202, diff=-20821)
  Step  138: active=323,320 lost=386 (+5) | L0=99.1% L1=0.6% L2=0.2% miss=0.1% | sub-step misses: k1=381 k2=384 k3=381 k4=386 final=386 | SA-L2: 0/5 newly-lost found by standalone | (prev: lost=21,308, diff=-20922)
  Step  139: active=323,317 lost=389 (+3) | L0=99.0% L1=0.6% L2=0.2% miss=0.1% | sub-step misses: k1=386 k2=387 k3=386 k4=391 final=389 | SA-L2: 0/3 newly-lost found by standalone | (prev: lost=21,427, diff=-21038)
  Step  140: active=323,312 lost=394 (+5) | L0=99.0% L1=0.7% L2=0.2% miss=0.1% | sub-step misses: k1=389 k2=392 k3=389 k4=397 final=394 | SA-L2: 0/5 newly-lost found by standalone | (prev: lost=21,469, diff=-21075)
  Step  141: active=323,307 lost=399 (+5) | L0=99.0% L1=0.7% L2=0.2% miss=0.1% | sub-step misses: k1=394 k2=397 k3=396 k4=401 final=399 | SA-L2: 0/5 newly-lost found by standalone | (prev: lost=21,512, diff=-21113)
  Step  142: active=323,302 lost=404 (+5) | L0=99.0% L1=0.7% L2=0.2% miss=0.1% | sub-step misses: k1=399 k2=403 k3=399 k4=406 final=404 | SA-L2: 0/5 newly-lost found by standalone | (prev: lost=21,686, diff=-21282)
  Step  143: active=323,297 lost=409 (+5) | L0=99.0% L1=0.7% L2=0.3% miss=0.1% | sub-step misses: k1=404 k2=409 k3=404 k4=410 final=409 | SA-L2: 0/5 newly-lost found by standalone | (prev: lost=21,946, diff=-21537)
  Step  144: active=323,295 lost=411 (+2) | L0=99.0% L1=0.7% L2=0.2% miss=0.1% | sub-step misses: k1=409 k2=410 k3=410 k4=410 final=411 | SA-L2: 0/2 newly-lost found by standalone | (prev: lost=22,147, diff=-21736)
  Step  145: active=323,289 lost=417 (+6) | L0=99.1% L1=0.6% L2=0.2% miss=0.1% | sub-step misses: k1=411 k2=413 k3=412 k4=417 final=417 | SA-L2: 0/6 newly-lost found by standalone | (prev: lost=22,582, diff=-22165)
  Step  146: active=323,286 lost=420 (+3) | L0=99.0% L1=0.6% L2=0.2% miss=0.1% | sub-step misses: k1=417 k2=418 k3=418 k4=421 final=420 | SA-L2: 0/3 newly-lost found by standalone | (prev: lost=22,682, diff=-22262)
  Step  147: active=323,278 lost=428 (+8) | L0=99.1% L1=0.6% L2=0.2% miss=0.1% | sub-step misses: k1=420 k2=425 k3=421 k4=427 final=428 | SA-L2: 0/8 newly-lost found by standalone | (prev: lost=22,777, diff=-22349)
  Step  148: active=323,274 lost=432 (+4) | L0=99.0% L1=0.7% L2=0.2% miss=0.1% | sub-step misses: k1=428 k2=429 k3=429 k4=431 final=432 | SA-L2: 0/4 newly-lost found by standalone | (prev: lost=22,922, diff=-22490)
  Step  149: active=323,273 lost=433 (+1) | L0=98.9% L1=0.7% L2=0.2% miss=0.1% | sub-step misses: k1=432 k2=432 k3=432 k4=433 final=433 | SA-L2: 0/1 newly-lost found by standalone | (prev: lost=22,965, diff=-22532)
  Step  150: active=323,269 lost=437 (+4) | L0=98.9% L1=0.7% L2=0.3% miss=0.1% | sub-step misses: k1=433 k2=437 k3=433 k4=439 final=437 | SA-L2: 0/4 newly-lost found by standalone | (prev: lost=23,008, diff=-22571)
  Step  151: active=323,266 lost=440 (+3) | L0=99.0% L1=0.7% L2=0.2% miss=0.1% | sub-step misses: k1=437 k2=440 k3=437 k4=441 final=440 | SA-L2: 0/3 newly-lost found by standalone | (prev: lost=23,111, diff=-22671)
  Step  152: active=323,260 lost=446 (+6) | L0=99.0% L1=0.7% L2=0.2% miss=0.1% | sub-step misses: k1=440 k2=444 k3=440 k4=448 final=446 | SA-L2: 0/6 newly-lost found by standalone | (prev: lost=23,425, diff=-22979)
  Step  153: active=323,257 lost=449 (+3) | L0=98.9% L1=0.7% L2=0.3% miss=0.1% | sub-step misses: k1=446 k2=449 k3=449 k4=449 final=449 | SA-L2: 0/3 newly-lost found by standalone | (prev: lost=23,539, diff=-23090)
  Step  154: active=323,253 lost=453 (+4) | L0=99.0% L1=0.7% L2=0.2% miss=0.1% | sub-step misses: k1=449 k2=453 k3=449 k4=455 final=453 | SA-L2: 0/4 newly-lost found by standalone | (prev: lost=23,828, diff=-23375)
  Step  155: active=323,248 lost=458 (+5) | L0=99.0% L1=0.7% L2=0.2% miss=0.1% | sub-step misses: k1=453 k2=454 k3=454 k4=457 final=458 | SA-L2: 0/5 newly-lost found by standalone | (prev: lost=24,156, diff=-23698)
  Step  156: active=323,242 lost=464 (+6) | L0=99.0% L1=0.6% L2=0.2% miss=0.1% | sub-step misses: k1=458 k2=462 k3=460 k4=464 final=464 | SA-L2: 0/6 newly-lost found by standalone | (prev: lost=24,229, diff=-23765)
  Step  157: active=323,237 lost=469 (+5) | L0=98.9% L1=0.7% L2=0.2% miss=0.1% | sub-step misses: k1=464 k2=468 k3=465 k4=469 final=469 | SA-L2: 0/5 newly-lost found by standalone | (prev: lost=24,359, diff=-23890)
  Step  158: active=323,232 lost=474 (+5) | L0=98.9% L1=0.7% L2=0.2% miss=0.1% | sub-step misses: k1=469 k2=472 k3=469 k4=475 final=474 | SA-L2: 0/5 newly-lost found by standalone | (prev: lost=24,435, diff=-23961)
  Step  159: active=323,226 lost=480 (+6) | L0=98.8% L1=0.7% L2=0.3% miss=0.1% | sub-step misses: k1=474 k2=479 k3=475 k4=480 final=480 | SA-L2: 0/6 newly-lost found by standalone | (prev: lost=24,483, diff=-24003)
  Step  160: active=323,220 lost=486 (+6) | L0=98.9% L1=0.7% L2=0.2% miss=0.1% | sub-step misses: k1=480 k2=485 k3=480 k4=486 final=486 | SA-L2: 0/6 newly-lost found by standalone | (prev: lost=24,543, diff=-24057)
  Step  161: active=323,217 lost=489 (+3) | L0=98.9% L1=0.7% L2=0.2% miss=0.2% | sub-step misses: k1=486 k2=487 k3=486 k4=489 final=489 | SA-L2: 0/3 newly-lost found by standalone | (prev: lost=24,809, diff=-24320)
  Step  162: active=323,213 lost=493 (+4) | L0=98.9% L1=0.7% L2=0.3% miss=0.2% | sub-step misses: k1=489 k2=491 k3=490 k4=493 final=493 | SA-L2: 0/4 newly-lost found by standalone | (prev: lost=24,899, diff=-24406)
  Step  163: active=323,210 lost=496 (+3) | L0=99.0% L1=0.7% L2=0.2% miss=0.2% | sub-step misses: k1=493 k2=495 k3=494 k4=500 final=496 | SA-L2: 0/3 newly-lost found by standalone | (prev: lost=25,126, diff=-24630)
  Step  164: active=323,206 lost=500 (+4) | L0=99.0% L1=0.7% L2=0.2% miss=0.2% | sub-step misses: k1=496 k2=498 k3=496 k4=503 final=500 | SA-L2: 0/4 newly-lost found by standalone | (prev: lost=25,542, diff=-25042)
  Step  165: active=323,201 lost=505 (+5) | L0=99.0% L1=0.7% L2=0.2% miss=0.2% | sub-step misses: k1=500 k2=505 k3=500 k4=505 final=505 | SA-L2: 0/5 newly-lost found by standalone | (prev: lost=25,599, diff=-25094)
  Step  166: active=323,195 lost=511 (+6) | L0=98.9% L1=0.7% L2=0.2% miss=0.2% | sub-step misses: k1=505 k2=505 k3=505 k4=509 final=511 | SA-L2: 0/6 newly-lost found by standalone | (prev: lost=25,698, diff=-25187)
  Step  167: active=323,190 lost=516 (+5) | L0=98.9% L1=0.8% L2=0.2% miss=0.2% | sub-step misses: k1=511 k2=515 k3=511 k4=518 final=516 | SA-L2: 0/5 newly-lost found by standalone | (prev: lost=25,814, diff=-25298)
  Step  168: active=323,183 lost=523 (+7) | L0=98.8% L1=0.8% L2=0.3% miss=0.2% | sub-step misses: k1=516 k2=521 k3=516 k4=523 final=523 | SA-L2: 0/7 newly-lost found by standalone | (prev: lost=25,860, diff=-25337)
  Step  169: active=323,181 lost=525 (+2) | L0=98.9% L1=0.7% L2=0.2% miss=0.2% | sub-step misses: k1=523 k2=525 k3=523 k4=526 final=525 | SA-L2: 0/2 newly-lost found by standalone | (prev: lost=25,926, diff=-25401)
  Step  170: active=323,178 lost=528 (+3) | L0=98.9% L1=0.7% L2=0.2% miss=0.2% | sub-step misses: k1=525 k2=527 k3=525 k4=529 final=528 | SA-L2: 0/3 newly-lost found by standalone | (prev: lost=26,167, diff=-25639)
  Step  171: active=323,174 lost=532 (+4) | L0=98.8% L1=0.7% L2=0.3% miss=0.2% | sub-step misses: k1=528 k2=530 k3=530 k4=531 final=532 | SA-L2: 0/4 newly-lost found by standalone | (prev: lost=26,278, diff=-25746)
  Step  172: active=323,166 lost=540 (+8) | L0=98.9% L1=0.7% L2=0.2% miss=0.2% | sub-step misses: k1=532 k2=537 k3=532 k4=541 final=540 | SA-L2: 0/8 newly-lost found by standalone | (prev: lost=26,497, diff=-25957)
  Step  173: active=323,161 lost=545 (+5) | L0=98.9% L1=0.7% L2=0.2% miss=0.2% | sub-step misses: k1=540 k2=544 k3=540 k4=547 final=545 | SA-L2: 0/5 newly-lost found by standalone | (prev: lost=26,906, diff=-26361)
  Step  174: active=323,157 lost=549 (+4) | L0=98.9% L1=0.7% L2=0.2% miss=0.2% | sub-step misses: k1=545 k2=547 k3=545 k4=551 final=549 | SA-L2: 0/4 newly-lost found by standalone | (prev: lost=26,978, diff=-26429)
  Step  175: active=323,147 lost=559 (+10) | L0=98.8% L1=0.7% L2=0.2% miss=0.2% | sub-step misses: k1=549 k2=555 k3=550 k4=559 final=559 | SA-L2: 0/10 newly-lost found by standalone | (prev: lost=27,078, diff=-26519)
  Step  176: active=323,141 lost=565 (+6) | L0=98.8% L1=0.8% L2=0.2% miss=0.2% | sub-step misses: k1=559 k2=562 k3=560 k4=564 final=565 | SA-L2: 0/6 newly-lost found by standalone | (prev: lost=27,191, diff=-26626)
  Step  177: active=323,139 lost=567 (+2) | L0=98.8% L1=0.8% L2=0.3% miss=0.2% | sub-step misses: k1=565 k2=567 k3=565 k4=567 final=567 | SA-L2: 0/2 newly-lost found by standalone | (prev: lost=27,277, diff=-26710)
  Step  178: active=323,134 lost=572 (+5) | L0=98.8% L1=0.8% L2=0.3% miss=0.2% | sub-step misses: k1=567 k2=568 k3=567 k4=570 final=572 | SA-L2: 0/5 newly-lost found by standalone | (prev: lost=27,343, diff=-26771)
  Step  179: active=323,131 lost=575 (+3) | L0=98.8% L1=0.8% L2=0.3% miss=0.2% | sub-step misses: k1=572 k2=572 k3=572 k4=575 final=575 | SA-L2: 0/3 newly-lost found by standalone | (prev: lost=27,542, diff=-26967)
  Step  180: active=323,130 lost=576 (+1) | L0=98.8% L1=0.7% L2=0.3% miss=0.2% | sub-step misses: k1=575 k2=576 k3=576 k4=577 final=576 | SA-L2: 0/1 newly-lost found by standalone | (prev: lost=27,704, diff=-27128)
  Step  181: active=323,127 lost=579 (+3) | L0=98.8% L1=0.7% L2=0.3% miss=0.2% | sub-step misses: k1=576 k2=578 k3=577 k4=583 final=579 | SA-L2: 0/3 newly-lost found by standalone | (prev: lost=27,903, diff=-27324)
  Step  182: active=323,117 lost=589 (+10) | L0=98.9% L1=0.7% L2=0.2% miss=0.2% | sub-step misses: k1=579 k2=586 k3=579 k4=590 final=589 | SA-L2: 0/10 newly-lost found by standalone | (prev: lost=28,185, diff=-27596)
  Step  183: active=323,111 lost=595 (+6) | L0=98.8% L1=0.8% L2=0.2% miss=0.2% | sub-step misses: k1=589 k2=592 k3=591 k4=595 final=595 | SA-L2: 0/6 newly-lost found by standalone | (prev: lost=28,430, diff=-27835)
  Step  184: active=323,100 lost=606 (+11) | L0=98.8% L1=0.7% L2=0.2% miss=0.2% | sub-step misses: k1=595 k2=600 k3=595 k4=606 final=606 | SA-L2: 0/11 newly-lost found by standalone | (prev: lost=28,505, diff=-27899)
  Step  185: active=323,097 lost=609 (+3) | L0=98.8% L1=0.8% L2=0.2% miss=0.2% | sub-step misses: k1=606 k2=608 k3=607 k4=612 final=609 | SA-L2: 0/3 newly-lost found by standalone | (prev: lost=28,611, diff=-28002)
  Step  186: active=323,093 lost=613 (+4) | L0=98.8% L1=0.8% L2=0.2% miss=0.2% | sub-step misses: k1=609 k2=611 k3=610 k4=612 final=613 | SA-L2: 0/4 newly-lost found by standalone | (prev: lost=28,739, diff=-28126)
  Step  187: active=323,088 lost=618 (+5) | L0=98.8% L1=0.8% L2=0.2% miss=0.2% | sub-step misses: k1=613 k2=616 k3=614 k4=619 final=618 | SA-L2: 0/5 newly-lost found by standalone | (prev: lost=28,796, diff=-28178)
  Step  188: active=323,084 lost=622 (+4) | L0=98.8% L1=0.8% L2=0.2% miss=0.2% | sub-step misses: k1=618 k2=621 k3=619 k4=622 final=622 | SA-L2: 0/4 newly-lost found by standalone | (prev: lost=28,857, diff=-28235)
  Step  189: active=323,082 lost=624 (+2) | L0=98.8% L1=0.8% L2=0.2% miss=0.2% | sub-step misses: k1=622 k2=623 k3=622 k4=627 final=624 | SA-L2: 0/2 newly-lost found by standalone | (prev: lost=28,938, diff=-28314)
  Step  190: active=323,077 lost=629 (+5) | L0=98.8% L1=0.7% L2=0.2% miss=0.2% | sub-step misses: k1=624 k2=626 k3=626 k4=627 final=629 | SA-L2: 0/5 newly-lost found by standalone | (prev: lost=29,043, diff=-28414)
  Step  191: active=323,070 lost=636 (+7) | L0=98.8% L1=0.7% L2=0.2% miss=0.2% | sub-step misses: k1=629 k2=634 k3=631 k4=636 final=636 | SA-L2: 0/7 newly-lost found by standalone | (prev: lost=29,092, diff=-28456)
  Step  192: active=323,064 lost=642 (+6) | L0=98.8% L1=0.8% L2=0.2% miss=0.2% | sub-step misses: k1=636 k2=639 k3=638 k4=645 final=642 | SA-L2: 0/6 newly-lost found by standalone | (prev: lost=29,123, diff=-28481)
  Step  193: active=323,057 lost=649 (+7) | L0=98.8% L1=0.8% L2=0.2% miss=0.2% | sub-step misses: k1=642 k2=648 k3=642 k4=650 final=649 | SA-L2: 0/7 newly-lost found by standalone | (prev: lost=29,155, diff=-28506)
  Step  194: active=323,054 lost=652 (+3) | L0=98.7% L1=0.8% L2=0.2% miss=0.2% | sub-step misses: k1=649 k2=651 k3=649 k4=653 final=652 | SA-L2: 0/3 newly-lost found by standalone | (prev: lost=29,191, diff=-28539)
  Step  195: active=323,047 lost=659 (+7) | L0=98.8% L1=0.8% L2=0.2% miss=0.2% | sub-step misses: k1=652 k2=656 k3=652 k4=660 final=659 | SA-L2: 0/7 newly-lost found by standalone | (prev: lost=29,232, diff=-28573)
  Step  196: active=323,044 lost=662 (+3) | L0=98.7% L1=0.8% L2=0.2% miss=0.2% | sub-step misses: k1=659 k2=661 k3=661 k4=662 final=662 | SA-L2: 0/3 newly-lost found by standalone | (prev: lost=29,301, diff=-28639)
  Step  197: active=323,036 lost=670 (+8) | L0=98.7% L1=0.8% L2=0.3% miss=0.2% | sub-step misses: k1=662 k2=668 k3=663 k4=671 final=670 | SA-L2: 0/8 newly-lost found by standalone | (prev: lost=29,359, diff=-28689)
  Step  198: active=323,033 lost=673 (+3) | L0=98.8% L1=0.8% L2=0.2% miss=0.2% | sub-step misses: k1=670 k2=672 k3=670 k4=674 final=673 | SA-L2: 0/3 newly-lost found by standalone | (prev: lost=29,437, diff=-28764)
  Step  199: active=323,029 lost=677 (+4) | L0=98.8% L1=0.8% L2=0.2% miss=0.2% | sub-step misses: k1=673 k2=677 k3=674 k4=679 final=677 | SA-L2: 0/4 newly-lost found by standalone | (prev: lost=29,559, diff=-28882)
  Step  200: active=323,023 lost=683 (+6) | L0=98.8% L1=0.8% L2=0.2% miss=0.2% | sub-step misses: k1=677 k2=678 k3=679 k4=684 final=683 | SA-L2: 0/6 newly-lost found by standalone | (prev: lost=29,604, diff=-28921)
  Step  201: active=323,015 lost=691 (+8) | L0=98.8% L1=0.8% L2=0.2% miss=0.2% | sub-step misses: k1=683 k2=686 k3=684 k4=692 final=691 | SA-L2: 0/8 newly-lost found by standalone | (prev: lost=29,641, diff=-28950)
  Step  202: active=323,007 lost=699 (+8) | L0=98.8% L1=0.8% L2=0.2% miss=0.2% | sub-step misses: k1=691 k2=695 k3=694 k4=697 final=699 | SA-L2: 0/8 newly-lost found by standalone | (prev: lost=29,666, diff=-28967)
  Step  203: active=323,001 lost=705 (+6) | L0=98.7% L1=0.9% L2=0.2% miss=0.2% | sub-step misses: k1=699 k2=703 k3=699 k4=705 final=705 | SA-L2: 0/6 newly-lost found by standalone | (prev: lost=29,708, diff=-29003)
  Step  204: active=323,000 lost=706 (+1) | L0=98.7% L1=0.8% L2=0.2% miss=0.2% | sub-step misses: k1=705 k2=706 k3=705 k4=708 final=706 | SA-L2: 0/1 newly-lost found by standalone | (prev: lost=29,742, diff=-29036)
  Step  205: active=322,995 lost=711 (+5) | L0=98.7% L1=0.8% L2=0.2% miss=0.2% | sub-step misses: k1=706 k2=707 k3=708 k4=710 final=711 | SA-L2: 0/5 newly-lost found by standalone | (prev: lost=29,792, diff=-29081)
  Step  206: active=322,992 lost=714 (+3) | L0=98.7% L1=0.8% L2=0.3% miss=0.2% | sub-step misses: k1=711 k2=713 k3=712 k4=714 final=714 | SA-L2: 0/3 newly-lost found by standalone | (prev: lost=29,860, diff=-29146)
  Step  207: active=322,989 lost=717 (+3) | L0=98.7% L1=0.8% L2=0.2% miss=0.2% | sub-step misses: k1=714 k2=715 k3=715 k4=717 final=717 | SA-L2: 0/3 newly-lost found by standalone | (prev: lost=29,935, diff=-29218)
  Step  208: active=322,981 lost=725 (+8) | L0=98.7% L1=0.8% L2=0.2% miss=0.2% | sub-step misses: k1=717 k2=721 k3=717 k4=725 final=725 | SA-L2: 0/8 newly-lost found by standalone | (prev: lost=30,041, diff=-29316)
  Step  209: active=322,976 lost=730 (+5) | L0=98.7% L1=0.8% L2=0.2% miss=0.2% | sub-step misses: k1=725 k2=728 k3=725 k4=731 final=730 | SA-L2: 0/5 newly-lost found by standalone | (prev: lost=30,100, diff=-29370)
  Step  210: active=322,971 lost=735 (+5) | L0=98.7% L1=0.8% L2=0.2% miss=0.2% | sub-step misses: k1=730 k2=733 k3=731 k4=737 final=735 | SA-L2: 0/5 newly-lost found by standalone | (prev: lost=30,138, diff=-29403)
  Step  211: active=322,963 lost=743 (+8) | L0=98.7% L1=0.8% L2=0.2% miss=0.2% | sub-step misses: k1=735 k2=738 k3=738 k4=740 final=743 | SA-L2: 0/8 newly-lost found by standalone | (prev: lost=30,170, diff=-29427)
  Step  212: active=322,957 lost=749 (+6) | L0=98.7% L1=0.9% L2=0.2% miss=0.2% | sub-step misses: k1=743 k2=747 k3=744 k4=748 final=749 | SA-L2: 0/6 newly-lost found by standalone | (prev: lost=30,207, diff=-29458)
  Step  213: active=322,952 lost=754 (+5) | L0=98.6% L1=0.9% L2=0.2% miss=0.2% | sub-step misses: k1=749 k2=753 k3=750 k4=755 final=754 | SA-L2: 0/5 newly-lost found by standalone | (prev: lost=30,245, diff=-29491)
  Step  214: active=322,946 lost=760 (+6) | L0=98.6% L1=0.9% L2=0.2% miss=0.2% | sub-step misses: k1=754 k2=758 k3=754 k4=762 final=760 | SA-L2: 0/6 newly-lost found by standalone | (prev: lost=30,289, diff=-29529)
  Step  215: active=322,942 lost=764 (+4) | L0=98.6% L1=0.9% L2=0.3% miss=0.2% | sub-step misses: k1=760 k2=762 k3=761 k4=765 final=764 | SA-L2: 0/4 newly-lost found by standalone | (prev: lost=30,347, diff=-29583)
  Step  216: active=322,937 lost=769 (+5) | L0=98.7% L1=0.8% L2=0.3% miss=0.2% | sub-step misses: k1=764 k2=765 k3=767 k4=768 final=769 | SA-L2: 0/5 newly-lost found by standalone | (prev: lost=30,414, diff=-29645)
  Step  217: active=322,931 lost=775 (+6) | L0=98.7% L1=0.8% L2=0.3% miss=0.2% | sub-step misses: k1=769 k2=770 k3=772 k4=774 final=775 | SA-L2: 0/6 newly-lost found by standalone | (prev: lost=30,484, diff=-29709)
  Step  218: active=322,925 lost=781 (+6) | L0=98.7% L1=0.9% L2=0.2% miss=0.2% | sub-step misses: k1=775 k2=779 k3=775 k4=783 final=781 | SA-L2: 0/6 newly-lost found by standalone | (prev: lost=30,591, diff=-29810)
  Step  219: active=322,918 lost=788 (+7) | L0=98.7% L1=0.9% L2=0.2% miss=0.2% | sub-step misses: k1=781 k2=784 k3=783 k4=787 final=788 | SA-L2: 0/7 newly-lost found by standalone | (prev: lost=30,632, diff=-29844)
  Step  220: active=322,910 lost=796 (+8) | L0=98.6% L1=0.9% L2=0.2% miss=0.2% | sub-step misses: k1=788 k2=792 k3=789 k4=796 final=796 | SA-L2: 0/8 newly-lost found by standalone | (prev: lost=30,672, diff=-29876)
  Step  221: active=322,904 lost=802 (+6) | L0=98.6% L1=0.9% L2=0.2% miss=0.2% | sub-step misses: k1=796 k2=801 k3=796 k4=802 final=802 | SA-L2: 0/6 newly-lost found by standalone | (prev: lost=30,707, diff=-29905)
  Step  222: active=322,898 lost=808 (+6) | L0=98.6% L1=0.9% L2=0.3% miss=0.2% | sub-step misses: k1=802 k2=805 k3=802 k4=808 final=808 | SA-L2: 0/6 newly-lost found by standalone | (prev: lost=30,745, diff=-29937)
  Step  223: active=322,894 lost=812 (+4) | L0=98.6% L1=0.9% L2=0.3% miss=0.3% | sub-step misses: k1=808 k2=810 k3=808 k4=811 final=812 | SA-L2: 0/4 newly-lost found by standalone | (prev: lost=30,787, diff=-29975)
  Step  224: active=322,889 lost=817 (+5) | L0=98.6% L1=0.9% L2=0.3% miss=0.3% | sub-step misses: k1=812 k2=815 k3=813 k4=816 final=817 | SA-L2: 0/5 newly-lost found by standalone | (prev: lost=30,838, diff=-30021)
  Step  225: active=322,888 lost=818 (+1) | L0=98.6% L1=0.8% L2=0.3% miss=0.3% | sub-step misses: k1=817 k2=818 k3=818 k4=820 final=818 | SA-L2: 0/1 newly-lost found by standalone | (prev: lost=30,908, diff=-30090)
  Step  226: active=322,882 lost=824 (+6) | L0=98.6% L1=0.9% L2=0.3% miss=0.3% | sub-step misses: k1=818 k2=821 k3=819 k4=825 final=824 | SA-L2: 0/6 newly-lost found by standalone | (prev: lost=30,985, diff=-30161)
  Step  227: active=322,877 lost=829 (+5) | L0=98.6% L1=0.9% L2=0.3% miss=0.3% | sub-step misses: k1=824 k2=828 k3=825 k4=828 final=829 | SA-L2: 0/5 newly-lost found by standalone | (prev: lost=31,091, diff=-30262)
  Step  228: active=322,869 lost=837 (+8) | L0=98.6% L1=0.9% L2=0.2% miss=0.3% | sub-step misses: k1=829 k2=831 k3=830 k4=836 final=837 | SA-L2: 0/8 newly-lost found by standalone | (prev: lost=31,140, diff=-30303)
  Step  229: active=322,866 lost=840 (+3) | L0=98.6% L1=0.9% L2=0.3% miss=0.3% | sub-step misses: k1=837 k2=838 k3=837 k4=843 final=840 | SA-L2: 0/3 newly-lost found by standalone | (prev: lost=31,170, diff=-30330)
  Step  230: active=322,858 lost=848 (+8) | L0=98.6% L1=0.9% L2=0.2% miss=0.3% | sub-step misses: k1=840 k2=845 k3=842 k4=849 final=848 | SA-L2: 0/8 newly-lost found by standalone | (prev: lost=31,222, diff=-30374)
  Step  231: active=322,851 lost=855 (+7) | L0=98.5% L1=0.9% L2=0.3% miss=0.3% | sub-step misses: k1=848 k2=852 k3=849 k4=855 final=855 | SA-L2: 0/7 newly-lost found by standalone | (prev: lost=31,264, diff=-30409)
  Step  232: active=322,847 lost=859 (+4) | L0=98.5% L1=0.9% L2=0.3% miss=0.3% | sub-step misses: k1=855 k2=858 k3=855 k4=860 final=859 | SA-L2: 0/4 newly-lost found by standalone | (prev: lost=31,299, diff=-30440)
  Step  233: active=322,841 lost=865 (+6) | L0=98.6% L1=0.9% L2=0.3% miss=0.3% | sub-step misses: k1=859 k2=864 k3=859 k4=865 final=865 | SA-L2: 0/6 newly-lost found by standalone | (prev: lost=31,347, diff=-30482)
  Step  234: active=322,836 lost=870 (+5) | L0=98.6% L1=0.9% L2=0.3% miss=0.3% | sub-step misses: k1=865 k2=867 k3=868 k4=870 final=870 | SA-L2: 0/5 newly-lost found by standalone | (prev: lost=31,402, diff=-30532)
  Step  235: active=322,828 lost=878 (+8) | L0=98.5% L1=0.9% L2=0.3% miss=0.3% | sub-step misses: k1=870 k2=875 k3=871 k4=876 final=878 | SA-L2: 0/8 newly-lost found by standalone | (prev: lost=31,495, diff=-30617)
  Step  236: active=322,825 lost=881 (+3) | L0=98.6% L1=0.9% L2=0.3% miss=0.3% | sub-step misses: k1=878 k2=881 k3=878 k4=881 final=881 | SA-L2: 0/3 newly-lost found by standalone | (prev: lost=31,567, diff=-30686)
  Step  237: active=322,819 lost=887 (+6) | L0=98.6% L1=0.9% L2=0.3% miss=0.3% | sub-step misses: k1=881 k2=886 k3=882 k4=887 final=887 | SA-L2: 0/6 newly-lost found by standalone | (prev: lost=31,658, diff=-30771)
  Step  238: active=322,811 lost=895 (+8) | L0=98.5% L1=0.9% L2=0.3% miss=0.3% | sub-step misses: k1=887 k2=892 k3=888 k4=896 final=895 | SA-L2: 0/8 newly-lost found by standalone | (prev: lost=31,691, diff=-30796)
  Step  239: active=322,806 lost=900 (+5) | L0=98.5% L1=0.9% L2=0.3% miss=0.3% | sub-step misses: k1=895 k2=899 k3=895 k4=903 final=900 | SA-L2: 0/5 newly-lost found by standalone | (prev: lost=31,738, diff=-30838)
  Step  240: active=322,797 lost=909 (+9) | L0=98.5% L1=1.0% L2=0.3% miss=0.3% | sub-step misses: k1=900 k2=903 k3=900 k4=906 final=909 | SA-L2: 0/9 newly-lost found by standalone | (prev: lost=31,776, diff=-30867)
  Step  241: active=322,795 lost=911 (+2) | L0=98.5% L1=1.0% L2=0.3% miss=0.3% | sub-step misses: k1=909 k2=911 k3=909 k4=912 final=911 | SA-L2: 0/2 newly-lost found by standalone | (prev: lost=31,817, diff=-30906)
  Step  242: active=322,791 lost=915 (+4) | L0=98.5% L1=0.9% L2=0.3% miss=0.3% | sub-step misses: k1=911 k2=913 k3=912 k4=913 final=915 | SA-L2: 0/4 newly-lost found by standalone | (prev: lost=31,860, diff=-30945)
  Step  243: active=322,785 lost=921 (+6) | L0=98.5% L1=0.9% L2=0.3% miss=0.3% | sub-step misses: k1=915 k2=919 k3=916 k4=923 final=921 | SA-L2: 0/6 newly-lost found by standalone | (prev: lost=31,907, diff=-30986)
  Step  244: active=322,778 lost=928 (+7) | L0=98.5% L1=0.9% L2=0.3% miss=0.3% | sub-step misses: k1=921 k2=927 k3=921 k4=929 final=928 | SA-L2: 0/7 newly-lost found by standalone | (prev: lost=31,976, diff=-31048)
  Step  245: active=322,774 lost=932 (+4) | L0=98.5% L1=0.9% L2=0.3% miss=0.3% | sub-step misses: k1=928 k2=931 k3=928 k4=934 final=932 | SA-L2: 0/4 newly-lost found by standalone | (prev: lost=32,057, diff=-31125)
  Step  246: active=322,767 lost=939 (+7) | L0=98.5% L1=0.9% L2=0.3% miss=0.3% | sub-step misses: k1=932 k2=935 k3=934 k4=937 final=939 | SA-L2: 0/7 newly-lost found by standalone | (prev: lost=32,172, diff=-31233)
  Step  247: active=322,759 lost=947 (+8) | L0=98.5% L1=1.0% L2=0.3% miss=0.3% | sub-step misses: k1=939 k2=942 k3=940 k4=944 final=947 | SA-L2: 0/8 newly-lost found by standalone | (prev: lost=32,206, diff=-31259)
  Step  248: active=322,756 lost=950 (+3) | L0=98.5% L1=1.0% L2=0.3% miss=0.3% | sub-step misses: k1=947 k2=947 k3=948 k4=949 final=950 | SA-L2: 0/3 newly-lost found by standalone | (prev: lost=32,252, diff=-31302)
  Step  249: active=322,749 lost=957 (+7) | L0=98.5% L1=1.0% L2=0.3% miss=0.3% | sub-step misses: k1=950 k2=957 k3=950 k4=958 final=957 | SA-L2: 0/7 newly-lost found by standalone | (prev: lost=32,304, diff=-31347)
  Step  250: active=322,743 lost=963 (+6) | L0=98.5% L1=1.0% L2=0.3% miss=0.3% | sub-step misses: k1=957 k2=962 k3=958 k4=963 final=963 | SA-L2: 0/6 newly-lost found by standalone | (prev: lost=32,341, diff=-31378)
  Step  251: active=322,740 lost=966 (+3) | L0=98.5% L1=0.9% L2=0.3% miss=0.3% | sub-step misses: k1=963 k2=966 k3=964 k4=969 final=966 | SA-L2: 0/3 newly-lost found by standalone | (prev: lost=32,375, diff=-31409)
  Step  252: active=322,734 lost=972 (+6) | L0=98.5% L1=0.9% L2=0.3% miss=0.3% | sub-step misses: k1=966 k2=972 k3=966 k4=974 final=972 | SA-L2: 0/6 newly-lost found by standalone | (prev: lost=32,423, diff=-31451)
  Step  253: active=322,726 lost=980 (+8) | L0=98.4% L1=1.0% L2=0.3% miss=0.3% | sub-step misses: k1=972 k2=977 k3=973 k4=982 final=980 | SA-L2: 0/8 newly-lost found by standalone | (prev: lost=32,480, diff=-31500)
  Step  254: active=322,717 lost=989 (+9) | L0=98.5% L1=1.0% L2=0.3% miss=0.3% | sub-step misses: k1=980 k2=984 k3=981 k4=987 final=989 | SA-L2: 0/9 newly-lost found by standalone | (prev: lost=32,569, diff=-31580)
  Step  255: active=322,715 lost=991 (+2) | L0=98.5% L1=1.0% L2=0.3% miss=0.3% | sub-step misses: k1=989 k2=990 k3=989 k4=992 final=991 | SA-L2: 0/2 newly-lost found by standalone | (prev: lost=32,670, diff=-31679)
  Step  256: active=322,711 lost=995 (+4) | L0=98.4% L1=1.0% L2=0.3% miss=0.3% | sub-step misses: k1=991 k2=993 k3=993 k4=993 final=995 | SA-L2: 0/4 newly-lost found by standalone | (prev: lost=32,743, diff=-31748)
  Step  257: active=322,704 lost=1,002 (+7) | L0=98.4% L1=1.0% L2=0.3% miss=0.3% | sub-step misses: k1=995 k2=1000 k3=996 k4=1004 final=1002 | SA-L2: 0/7 newly-lost found by standalone | (prev: lost=32,780, diff=-31778)
  Step  258: active=322,697 lost=1,009 (+7) | L0=98.4% L1=1.0% L2=0.3% miss=0.3% | sub-step misses: k1=1002 k2=1008 k3=1004 k4=1012 final=1009 | SA-L2: 0/7 newly-lost found by standalone | (prev: lost=32,830, diff=-31821)
  Step  259: active=322,691 lost=1,015 (+6) | L0=98.4% L1=1.0% L2=0.3% miss=0.3% | sub-step misses: k1=1009 k2=1015 k3=1011 k4=1016 final=1015 | SA-L2: 0/6 newly-lost found by standalone | (prev: lost=32,878, diff=-31863)
  Step  260: active=322,683 lost=1,023 (+8) | L0=98.5% L1=1.0% L2=0.3% miss=0.3% | sub-step misses: k1=1015 k2=1020 k3=1015 k4=1025 final=1023 | SA-L2: 0/8 newly-lost found by standalone | (prev: lost=32,922, diff=-31899)
  Step  261: active=322,676 lost=1,030 (+7) | L0=98.4% L1=1.0% L2=0.3% miss=0.3% | sub-step misses: k1=1023 k2=1025 k3=1024 k4=1028 final=1030 | SA-L2: 0/7 newly-lost found by standalone | (prev: lost=32,979, diff=-31949)
  Step  262: active=322,673 lost=1,033 (+3) | L0=98.4% L1=1.0% L2=0.3% miss=0.3% | sub-step misses: k1=1030 k2=1032 k3=1030 k4=1037 final=1033 | SA-L2: 0/3 newly-lost found by standalone | (prev: lost=33,021, diff=-31988)
  Step  263: active=322,670 lost=1,036 (+3) | L0=98.4% L1=1.0% L2=0.3% miss=0.3% | sub-step misses: k1=1033 k2=1035 k3=1035 k4=1036 final=1036 | SA-L2: 0/3 newly-lost found by standalone | (prev: lost=33,107, diff=-32071)
  Step  264: active=322,662 lost=1,044 (+8) | L0=98.4% L1=1.0% L2=0.3% miss=0.3% | sub-step misses: k1=1036 k2=1042 k3=1036 k4=1049 final=1044 | SA-L2: 0/8 newly-lost found by standalone | (prev: lost=33,199, diff=-32155)
  Step  265: active=322,655 lost=1,051 (+7) | L0=98.4% L1=1.0% L2=0.3% miss=0.3% | sub-step misses: k1=1044 k2=1049 k3=1045 k4=1052 final=1051 | SA-L2: 0/7 newly-lost found by standalone | (prev: lost=33,298, diff=-32247)
  Step  266: active=322,644 lost=1,062 (+11) | L0=98.4% L1=1.0% L2=0.3% miss=0.3% | sub-step misses: k1=1051 k2=1055 k3=1053 k4=1060 final=1062 | SA-L2: 0/11 newly-lost found by standalone | (prev: lost=33,349, diff=-32287)
  Step  267: active=322,637 lost=1,069 (+7) | L0=98.4% L1=1.0% L2=0.3% miss=0.3% | sub-step misses: k1=1062 k2=1069 k3=1062 k4=1070 final=1069 | SA-L2: 0/7 newly-lost found by standalone | (prev: lost=33,392, diff=-32323)
  Step  268: active=322,626 lost=1,080 (+11) | L0=98.4% L1=1.0% L2=0.3% miss=0.3% | sub-step misses: k1=1069 k2=1076 k3=1071 k4=1078 final=1080 | SA-L2: 0/11 newly-lost found by standalone | (prev: lost=33,444, diff=-32364)
  Step  269: active=322,622 lost=1,084 (+4) | L0=98.4% L1=1.0% L2=0.3% miss=0.3% | sub-step misses: k1=1080 k2=1084 k3=1080 k4=1085 final=1084 | SA-L2: 0/4 newly-lost found by standalone | (prev: lost=33,486, diff=-32402)
  Step  270: active=322,615 lost=1,091 (+7) | L0=98.4% L1=1.0% L2=0.3% miss=0.3% | sub-step misses: k1=1084 k2=1088 k3=1084 k4=1092 final=1091 | SA-L2: 0/7 newly-lost found by standalone | (prev: lost=33,549, diff=-32458)
  Step  271: active=322,610 lost=1,096 (+5) | L0=98.4% L1=1.0% L2=0.3% miss=0.3% | sub-step misses: k1=1091 k2=1093 k3=1093 k4=1094 final=1096 | SA-L2: 0/5 newly-lost found by standalone | (prev: lost=33,593, diff=-32497)
  Step  272: active=322,609 lost=1,097 (+1) | L0=98.3% L1=1.0% L2=0.3% miss=0.3% | sub-step misses: k1=1096 k2=1096 k3=1096 k4=1101 final=1097 | SA-L2: 0/1 newly-lost found by standalone | (prev: lost=33,664, diff=-32567)
  Step  273: active=322,604 lost=1,102 (+5) | L0=98.3% L1=1.0% L2=0.3% miss=0.3% | sub-step misses: k1=1097 k2=1102 k3=1097 k4=1102 final=1102 | SA-L2: 0/5 newly-lost found by standalone | (prev: lost=33,752, diff=-32650)
  Step  274: active=322,596 lost=1,110 (+8) | L0=98.3% L1=1.0% L2=0.3% miss=0.3% | sub-step misses: k1=1102 k2=1106 k3=1104 k4=1110 final=1110 | SA-L2: 0/8 newly-lost found by standalone | (prev: lost=33,852, diff=-32742)
  Step  275: active=322,588 lost=1,118 (+8) | L0=98.3% L1=1.0% L2=0.3% miss=0.3% | sub-step misses: k1=1110 k2=1115 k3=1111 k4=1116 final=1118 | SA-L2: 0/8 newly-lost found by standalone | (prev: lost=33,898, diff=-32780)
  Step  276: active=322,582 lost=1,124 (+6) | L0=98.3% L1=1.0% L2=0.3% miss=0.3% | sub-step misses: k1=1118 k2=1123 k3=1119 k4=1125 final=1124 | SA-L2: 0/6 newly-lost found by standalone | (prev: lost=33,949, diff=-32825)
  Step  277: active=322,577 lost=1,129 (+5) | L0=98.3% L1=1.1% L2=0.3% miss=0.3% | sub-step misses: k1=1124 k2=1126 k3=1125 k4=1129 final=1129 | SA-L2: 0/5 newly-lost found by standalone | (prev: lost=34,006, diff=-32877)
  Step  278: active=322,571 lost=1,135 (+6) | L0=98.3% L1=1.0% L2=0.3% miss=0.3% | sub-step misses: k1=1129 k2=1133 k3=1130 k4=1135 final=1135 | SA-L2: 0/6 newly-lost found by standalone | (prev: lost=34,060, diff=-32925)
  Step  279: active=322,566 lost=1,140 (+5) | L0=98.4% L1=1.0% L2=0.3% miss=0.4% | sub-step misses: k1=1135 k2=1138 k3=1135 k4=1142 final=1140 | SA-L2: 0/5 newly-lost found by standalone | (prev: lost=34,117, diff=-32977)
  Step  280: active=322,559 lost=1,147 (+7) | L0=98.3% L1=1.1% L2=0.3% miss=0.4% | sub-step misses: k1=1140 k2=1146 k3=1140 k4=1151 final=1147 | SA-L2: 0/7 newly-lost found by standalone | (prev: lost=34,178, diff=-33031)
  Step  281: active=322,553 lost=1,153 (+6) | L0=98.3% L1=1.0% L2=0.3% miss=0.4% | sub-step misses: k1=1147 k2=1153 k3=1147 k4=1153 final=1153 | SA-L2: 0/6 newly-lost found by standalone | (prev: lost=34,231, diff=-33078)
  Step  282: active=322,545 lost=1,161 (+8) | L0=98.3% L1=1.1% L2=0.3% miss=0.4% | sub-step misses: k1=1153 k2=1159 k3=1153 k4=1162 final=1161 | SA-L2: 0/8 newly-lost found by standalone | (prev: lost=34,322, diff=-33161)
  Step  283: active=322,537 lost=1,169 (+8) | L0=98.3% L1=1.1% L2=0.3% miss=0.4% | sub-step misses: k1=1161 k2=1165 k3=1163 k4=1169 final=1169 | SA-L2: 0/8 newly-lost found by standalone | (prev: lost=34,389, diff=-33220)
  Step  284: active=322,531 lost=1,175 (+6) | L0=98.3% L1=1.1% L2=0.3% miss=0.4% | sub-step misses: k1=1169 k2=1173 k3=1170 k4=1175 final=1175 | SA-L2: 0/6 newly-lost found by standalone | (prev: lost=34,491, diff=-33316)
  Step  285: active=322,525 lost=1,181 (+6) | L0=98.3% L1=1.1% L2=0.3% miss=0.4% | sub-step misses: k1=1175 k2=1178 k3=1175 k4=1183 final=1181 | SA-L2: 0/6 newly-lost found by standalone | (prev: lost=34,558, diff=-33377)
  Step  286: active=322,515 lost=1,191 (+10) | L0=98.3% L1=1.1% L2=0.3% miss=0.4% | sub-step misses: k1=1181 k2=1188 k3=1181 k4=1192 final=1191 | SA-L2: 0/10 newly-lost found by standalone | (prev: lost=34,608, diff=-33417)
  Step  287: active=322,507 lost=1,199 (+8) | L0=98.3% L1=1.1% L2=0.3% miss=0.4% | sub-step misses: k1=1191 k2=1197 k3=1192 k4=1199 final=1199 | SA-L2: 0/8 newly-lost found by standalone | (prev: lost=34,667, diff=-33468)
  Step  288: active=322,503 lost=1,203 (+4) | L0=98.3% L1=1.0% L2=0.3% miss=0.4% | sub-step misses: k1=1199 k2=1202 k3=1199 k4=1205 final=1203 | SA-L2: 0/4 newly-lost found by standalone | (prev: lost=34,722, diff=-33519)
  Step  289: active=322,498 lost=1,208 (+5) | L0=98.3% L1=1.0% L2=0.3% miss=0.4% | sub-step misses: k1=1203 k2=1206 k3=1204 k4=1212 final=1208 | SA-L2: 0/5 newly-lost found by standalone | (prev: lost=34,795, diff=-33587)
  Step  290: active=322,490 lost=1,216 (+8) | L0=98.2% L1=1.1% L2=0.3% miss=0.4% | sub-step misses: k1=1208 k2=1214 k3=1208 k4=1217 final=1216 | SA-L2: 0/8 newly-lost found by standalone | (prev: lost=34,846, diff=-33630)
  Step  291: active=322,486 lost=1,220 (+4) | L0=98.2% L1=1.1% L2=0.3% miss=0.4% | sub-step misses: k1=1216 k2=1218 k3=1218 k4=1218 final=1220 | SA-L2: 0/4 newly-lost found by standalone | (prev: lost=34,917, diff=-33697)
  Step  292: active=322,480 lost=1,226 (+6) | L0=98.2% L1=1.1% L2=0.3% miss=0.4% | sub-step misses: k1=1220 k2=1225 k3=1221 k4=1227 final=1226 | SA-L2: 0/6 newly-lost found by standalone | (prev: lost=34,989, diff=-33763)
  Step  293: active=322,469 lost=1,237 (+11) | L0=98.2% L1=1.1% L2=0.3% miss=0.4% | sub-step misses: k1=1226 k2=1234 k3=1228 k4=1235 final=1237 | SA-L2: 0/11 newly-lost found by standalone | (prev: lost=35,095, diff=-33858)
  Step  294: active=322,463 lost=1,243 (+6) | L0=98.2% L1=1.1% L2=0.3% miss=0.4% | sub-step misses: k1=1237 k2=1241 k3=1238 k4=1244 final=1243 | SA-L2: 0/6 newly-lost found by standalone | (prev: lost=35,159, diff=-33916)
  Step  295: active=322,454 lost=1,252 (+9) | L0=98.2% L1=1.1% L2=0.3% miss=0.4% | sub-step misses: k1=1243 k2=1249 k3=1244 k4=1251 final=1252 | SA-L2: 0/9 newly-lost found by standalone | (prev: lost=35,213, diff=-33961)
  Step  296: active=322,448 lost=1,258 (+6) | L0=98.2% L1=1.1% L2=0.3% miss=0.4% | sub-step misses: k1=1252 k2=1256 k3=1253 k4=1259 final=1258 | SA-L2: 0/6 newly-lost found by standalone | (prev: lost=35,257, diff=-33999)
  Step  297: active=322,442 lost=1,264 (+6) | L0=98.3% L1=1.1% L2=0.3% miss=0.4% | sub-step misses: k1=1258 k2=1262 k3=1258 k4=1264 final=1264 | SA-L2: 0/6 newly-lost found by standalone | (prev: lost=35,316, diff=-34052)
  Step  298: active=322,439 lost=1,267 (+3) | L0=98.2% L1=1.1% L2=0.3% miss=0.4% | sub-step misses: k1=1264 k2=1265 k3=1265 k4=1268 final=1267 | SA-L2: 0/3 newly-lost found by standalone | (prev: lost=35,368, diff=-34101)
  Step  299: active=322,433 lost=1,273 (+6) | L0=98.2% L1=1.1% L2=0.3% miss=0.4% | sub-step misses: k1=1267 k2=1271 k3=1267 k4=1273 final=1273 | SA-L2: 0/6 newly-lost found by standalone | (prev: lost=35,425, diff=-34152)
  Step  300: active=322,429 lost=1,277 (+4) | L0=98.2% L1=1.1% L2=0.3% miss=0.4% | sub-step misses: k1=1273 k2=1275 k3=1273 k4=1277 final=1277 | SA-L2: 0/4 newly-lost found by standalone | (prev: lost=35,510, diff=-34233)
  Step  301: active=322,421 lost=1,285 (+8) | L0=98.1% L1=1.2% L2=0.3% miss=0.4% | sub-step misses: k1=1277 k2=1284 k3=1278 k4=1286 final=1285 | SA-L2: 0/8 newly-lost found by standalone | (prev: lost=35,577, diff=-34292)
  Step  302: active=322,414 lost=1,292 (+7) | L0=98.2% L1=1.1% L2=0.3% miss=0.4% | sub-step misses: k1=1285 k2=1286 k3=1288 k4=1287 final=1292 | SA-L2: 0/7 newly-lost found by standalone | (prev: lost=35,656, diff=-34364)
  Step  303: active=322,408 lost=1,298 (+6) | L0=98.2% L1=1.1% L2=0.3% miss=0.4% | sub-step misses: k1=1292 k2=1296 k3=1292 k4=1299 final=1298 | SA-L2: 0/6 newly-lost found by standalone | (prev: lost=35,736, diff=-34438)
  Step  304: active=322,398 lost=1,308 (+10) | L0=98.2% L1=1.1% L2=0.3% miss=0.4% | sub-step misses: k1=1298 k2=1301 k3=1300 k4=1305 final=1308 | SA-L2: 0/10 newly-lost found by standalone | (prev: lost=35,814, diff=-34506)
  Step  305: active=322,391 lost=1,315 (+7) | L0=98.2% L1=1.1% L2=0.3% miss=0.4% | sub-step misses: k1=1308 k2=1314 k3=1308 k4=1319 final=1315 | SA-L2: 0/7 newly-lost found by standalone | (prev: lost=35,863, diff=-34548)
  Step  306: active=322,387 lost=1,319 (+4) | L0=98.2% L1=1.1% L2=0.3% miss=0.4% | sub-step misses: k1=1315 k2=1317 k3=1317 k4=1317 final=1319 | SA-L2: 0/4 newly-lost found by standalone | (prev: lost=35,924, diff=-34605)
  Step  307: active=322,383 lost=1,323 (+4) | L0=98.2% L1=1.1% L2=0.3% miss=0.4% | sub-step misses: k1=1319 k2=1319 k3=1322 k4=1321 final=1323 | SA-L2: 0/4 newly-lost found by standalone | (prev: lost=35,978, diff=-34655)
  Step  308: active=322,374 lost=1,332 (+9) | L0=98.1% L1=1.1% L2=0.3% miss=0.4% | sub-step misses: k1=1323 k2=1330 k3=1323 k4=1332 final=1332 | SA-L2: 0/9 newly-lost found by standalone | (prev: lost=36,041, diff=-34709)
  Step  309: active=322,370 lost=1,336 (+4) | L0=98.1% L1=1.1% L2=0.3% miss=0.4% | sub-step misses: k1=1332 k2=1333 k3=1333 k4=1335 final=1336 | SA-L2: 0/4 newly-lost found by standalone | (prev: lost=36,108, diff=-34772)
  Step  310: active=322,366 lost=1,340 (+4) | L0=98.1% L1=1.2% L2=0.3% miss=0.4% | sub-step misses: k1=1336 k2=1338 k3=1336 k4=1341 final=1340 | SA-L2: 0/4 newly-lost found by standalone | (prev: lost=36,189, diff=-34849)
  Step  311: active=322,357 lost=1,349 (+9) | L0=98.1% L1=1.2% L2=0.3% miss=0.4% | sub-step misses: k1=1340 k2=1345 k3=1343 k4=1349 final=1349 | SA-L2: 0/9 newly-lost found by standalone | (prev: lost=36,259, diff=-34910)
  Step  312: active=322,350 lost=1,356 (+7) | L0=98.1% L1=1.1% L2=0.3% miss=0.4% | sub-step misses: k1=1349 k2=1352 k3=1349 k4=1356 final=1356 | SA-L2: 0/7 newly-lost found by standalone | (prev: lost=36,364, diff=-35008)
  Step  313: active=322,342 lost=1,364 (+8) | L0=98.1% L1=1.1% L2=0.3% miss=0.4% | sub-step misses: k1=1356 k2=1361 k3=1356 k4=1366 final=1364 | SA-L2: 0/8 newly-lost found by standalone | (prev: lost=36,440, diff=-35076)
  Step  314: active=322,336 lost=1,370 (+6) | L0=98.1% L1=1.1% L2=0.3% miss=0.4% | sub-step misses: k1=1364 k2=1369 k3=1364 k4=1373 final=1370 | SA-L2: 0/6 newly-lost found by standalone | (prev: lost=36,509, diff=-35139)
  Step  315: active=322,331 lost=1,375 (+5) | L0=98.1% L1=1.1% L2=0.3% miss=0.4% | sub-step misses: k1=1370 k2=1372 k3=1371 k4=1377 final=1375 | SA-L2: 0/5 newly-lost found by standalone | (prev: lost=36,573, diff=-35198)
  Step  316: active=322,319 lost=1,387 (+12) | L0=98.1% L1=1.2% L2=0.3% miss=0.4% | sub-step misses: k1=1375 k2=1381 k3=1375 k4=1388 final=1387 | SA-L2: 0/12 newly-lost found by standalone | (prev: lost=36,639, diff=-35252)
  Step  317: active=322,315 lost=1,391 (+4) | L0=98.1% L1=1.2% L2=0.3% miss=0.4% | sub-step misses: k1=1387 k2=1391 k3=1387 k4=1392 final=1391 | SA-L2: 0/4 newly-lost found by standalone | (prev: lost=36,682, diff=-35291)
  Step  318: active=322,310 lost=1,396 (+5) | L0=98.0% L1=1.2% L2=0.3% miss=0.4% | sub-step misses: k1=1391 k2=1394 k3=1392 k4=1396 final=1396 | SA-L2: 0/5 newly-lost found by standalone | (prev: lost=36,743, diff=-35347)
  Step  319: active=322,305 lost=1,401 (+5) | L0=98.0% L1=1.2% L2=0.3% miss=0.4% | sub-step misses: k1=1396 k2=1398 k3=1396 k4=1400 final=1401 | SA-L2: 0/5 newly-lost found by standalone | (prev: lost=36,824, diff=-35423)
  Step  320: active=322,299 lost=1,407 (+6) | L0=98.0% L1=1.2% L2=0.3% miss=0.4% | sub-step misses: k1=1401 k2=1404 k3=1404 k4=1406 final=1407 | SA-L2: 0/6 newly-lost found by standalone | (prev: lost=36,898, diff=-35491)
  Step  321: active=322,289 lost=1,417 (+10) | L0=98.1% L1=1.2% L2=0.3% miss=0.4% | sub-step misses: k1=1407 k2=1412 k3=1408 k4=1417 final=1417 | SA-L2: 0/10 newly-lost found by standalone | (prev: lost=37,003, diff=-35586)
  Step  322: active=322,284 lost=1,422 (+5) | L0=98.1% L1=1.2% L2=0.3% miss=0.4% | sub-step misses: k1=1417 k2=1420 k3=1418 k4=1421 final=1422 | SA-L2: 0/5 newly-lost found by standalone | (prev: lost=37,059, diff=-35637)
  Step  323: active=322,274 lost=1,432 (+10) | L0=98.1% L1=1.1% L2=0.3% miss=0.4% | sub-step misses: k1=1422 k2=1423 k3=1422 k4=1434 final=1432 | SA-L2: 0/10 newly-lost found by standalone | (prev: lost=37,136, diff=-35704)
  Step  324: active=322,269 lost=1,437 (+5) | L0=98.1% L1=1.1% L2=0.3% miss=0.4% | sub-step misses: k1=1432 k2=1436 k3=1433 k4=1437 final=1437 | SA-L2: 0/5 newly-lost found by standalone | (prev: lost=37,199, diff=-35762)
  Step  325: active=322,263 lost=1,443 (+6) | L0=98.1% L1=1.1% L2=0.3% miss=0.4% | sub-step misses: k1=1437 k2=1440 k3=1439 k4=1441 final=1443 | SA-L2: 0/6 newly-lost found by standalone | (prev: lost=37,275, diff=-35832)
  Step  326: active=322,259 lost=1,447 (+4) | L0=98.0% L1=1.2% L2=0.3% miss=0.4% | sub-step misses: k1=1443 k2=1447 k3=1443 k4=1449 final=1447 | SA-L2: 0/4 newly-lost found by standalone | (prev: lost=37,333, diff=-35886)
  Step  327: active=322,254 lost=1,452 (+5) | L0=98.0% L1=1.2% L2=0.3% miss=0.4% | sub-step misses: k1=1447 k2=1451 k3=1448 k4=1452 final=1452 | SA-L2: 0/5 newly-lost found by standalone | (prev: lost=37,378, diff=-35926)
  Step  328: active=322,245 lost=1,461 (+9) | L0=98.0% L1=1.2% L2=0.3% miss=0.5% | sub-step misses: k1=1452 k2=1459 k3=1452 k4=1461 final=1461 | SA-L2: 0/9 newly-lost found by standalone | (prev: lost=37,464, diff=-36003)
  Step  329: active=322,237 lost=1,469 (+8) | L0=98.0% L1=1.2% L2=0.3% miss=0.5% | sub-step misses: k1=1461 k2=1464 k3=1463 k4=1468 final=1469 | SA-L2: 0/8 newly-lost found by standalone | (prev: lost=37,529, diff=-36060)
  Step  330: active=322,227 lost=1,479 (+10) | L0=98.0% L1=1.2% L2=0.3% miss=0.5% | sub-step misses: k1=1469 k2=1476 k3=1469 k4=1481 final=1479 | SA-L2: 0/10 newly-lost found by standalone | (prev: lost=37,599, diff=-36120)
  Step  331: active=322,221 lost=1,485 (+6) | L0=98.0% L1=1.2% L2=0.3% miss=0.5% | sub-step misses: k1=1479 k2=1482 k3=1479 k4=1488 final=1485 | SA-L2: 0/6 newly-lost found by standalone | (prev: lost=37,690, diff=-36205)
  Step  332: active=322,210 lost=1,496 (+11) | L0=98.0% L1=1.2% L2=0.3% miss=0.5% | sub-step misses: k1=1485 k2=1493 k3=1486 k4=1496 final=1496 | SA-L2: 0/11 newly-lost found by standalone | (prev: lost=37,768, diff=-36272)
  Step  333: active=322,208 lost=1,498 (+2) | L0=98.0% L1=1.2% L2=0.3% miss=0.5% | sub-step misses: k1=1496 k2=1497 k3=1497 k4=1500 final=1498 | SA-L2: 0/2 newly-lost found by standalone | (prev: lost=37,851, diff=-36353)
  Step  334: active=322,203 lost=1,503 (+5) | L0=98.0% L1=1.2% L2=0.3% miss=0.5% | sub-step misses: k1=1498 k2=1501 k3=1498 k4=1507 final=1503 | SA-L2: 0/5 newly-lost found by standalone | (prev: lost=37,910, diff=-36407)
  Step  335: active=322,197 lost=1,509 (+6) | L0=98.0% L1=1.2% L2=0.3% miss=0.5% | sub-step misses: k1=1503 k2=1509 k3=1503 k4=1509 final=1509 | SA-L2: 0/6 newly-lost found by standalone | (prev: lost=37,979, diff=-36470)
  Step  336: active=322,194 lost=1,512 (+3) | L0=98.0% L1=1.2% L2=0.3% miss=0.5% | sub-step misses: k1=1509 k2=1512 k3=1509 k4=1514 final=1512 | SA-L2: 0/3 newly-lost found by standalone | (prev: lost=38,036, diff=-36524)
  Step  337: active=322,186 lost=1,520 (+8) | L0=97.9% L1=1.2% L2=0.4% miss=0.5% | sub-step misses: k1=1512 k2=1518 k3=1513 k4=1520 final=1520 | SA-L2: 0/8 newly-lost found by standalone | (prev: lost=38,105, diff=-36585)
  Step  338: active=322,180 lost=1,526 (+6) | L0=97.9% L1=1.3% L2=0.3% miss=0.5% | sub-step misses: k1=1520 k2=1524 k3=1521 k4=1526 final=1526 | SA-L2: 0/6 newly-lost found by standalone | (prev: lost=38,173, diff=-36647)
  Step  339: active=322,173 lost=1,533 (+7) | L0=98.0% L1=1.2% L2=0.3% miss=0.5% | sub-step misses: k1=1526 k2=1529 k3=1526 k4=1533 final=1533 | SA-L2: 0/7 newly-lost found by standalone | (prev: lost=38,248, diff=-36715)
  Step  340: active=322,165 lost=1,541 (+8) | L0=98.0% L1=1.2% L2=0.3% miss=0.5% | sub-step misses: k1=1533 k2=1537 k3=1535 k4=1542 final=1541 | SA-L2: 0/8 newly-lost found by standalone | (prev: lost=38,353, diff=-36812)
  Step  341: active=322,154 lost=1,552 (+11) | L0=98.0% L1=1.2% L2=0.3% miss=0.5% | sub-step misses: k1=1541 k2=1546 k3=1545 k4=1549 final=1552 | SA-L2: 0/11 newly-lost found by standalone | (prev: lost=38,410, diff=-36858)
  Step  342: active=322,148 lost=1,558 (+6) | L0=98.0% L1=1.2% L2=0.3% miss=0.5% | sub-step misses: k1=1552 k2=1556 k3=1552 k4=1558 final=1558 | SA-L2: 0/6 newly-lost found by standalone | (prev: lost=38,476, diff=-36918)
  Step  343: active=322,139 lost=1,567 (+9) | L0=98.0% L1=1.2% L2=0.3% miss=0.5% | sub-step misses: k1=1558 k2=1563 k3=1559 k4=1566 final=1567 | SA-L2: 0/9 newly-lost found by standalone | (prev: lost=38,551, diff=-36984)
  Step  344: active=322,135 lost=1,571 (+4) | L0=98.0% L1=1.2% L2=0.3% miss=0.5% | sub-step misses: k1=1567 k2=1569 k3=1568 k4=1570 final=1571 | SA-L2: 0/4 newly-lost found by standalone | (prev: lost=38,621, diff=-37050)
  Step  345: active=322,130 lost=1,576 (+5) | L0=97.9% L1=1.2% L2=0.3% miss=0.5% | sub-step misses: k1=1571 k2=1575 k3=1572 k4=1576 final=1576 | SA-L2: 0/5 newly-lost found by standalone | (prev: lost=38,673, diff=-37097)
  Step  346: active=322,127 lost=1,579 (+3) | L0=97.9% L1=1.3% L2=0.3% miss=0.5% | sub-step misses: k1=1576 k2=1578 k3=1576 k4=1580 final=1579 | SA-L2: 0/3 newly-lost found by standalone | (prev: lost=38,742, diff=-37163)
  Step  347: active=322,122 lost=1,584 (+5) | L0=97.9% L1=1.3% L2=0.4% miss=0.5% | sub-step misses: k1=1579 k2=1581 k3=1581 k4=1585 final=1584 | SA-L2: 0/5 newly-lost found by standalone | (prev: lost=38,799, diff=-37215)
  Step  348: active=322,111 lost=1,595 (+11) | L0=97.9% L1=1.2% L2=0.4% miss=0.5% | sub-step misses: k1=1584 k2=1588 k3=1586 k4=1594 final=1595 | SA-L2: 0/11 newly-lost found by standalone | (prev: lost=38,856, diff=-37261)
  Step  349: active=322,101 lost=1,605 (+10) | L0=97.9% L1=1.3% L2=0.3% miss=0.5% | sub-step misses: k1=1595 k2=1600 k3=1596 k4=1605 final=1605 | SA-L2: 0/10 newly-lost found by standalone | (prev: lost=38,928, diff=-37323)
  Step  350: active=322,094 lost=1,612 (+7) | L0=97.9% L1=1.2% L2=0.3% miss=0.5% | sub-step misses: k1=1605 k2=1612 k3=1606 k4=1612 final=1612 | SA-L2: 0/7 newly-lost found by standalone | (prev: lost=39,009, diff=-37397)
  Step  351: active=322,087 lost=1,619 (+7) | L0=97.9% L1=1.2% L2=0.4% miss=0.5% | sub-step misses: k1=1612 k2=1617 k3=1612 k4=1618 final=1619 | SA-L2: 0/7 newly-lost found by standalone | (prev: lost=39,060, diff=-37441)
  Step  352: active=322,079 lost=1,627 (+8) | L0=97.9% L1=1.2% L2=0.4% miss=0.5% | sub-step misses: k1=1619 k2=1622 k3=1619 k4=1627 final=1627 | SA-L2: 0/8 newly-lost found by standalone | (prev: lost=39,139, diff=-37512)
  Step  353: active=322,076 lost=1,630 (+3) | L0=97.9% L1=1.3% L2=0.4% miss=0.5% | sub-step misses: k1=1627 k2=1630 k3=1627 k4=1630 final=1630 | SA-L2: 0/3 newly-lost found by standalone | (prev: lost=39,209, diff=-37579)
  Step  354: active=322,072 lost=1,634 (+4) | L0=97.9% L1=1.3% L2=0.3% miss=0.5% | sub-step misses: k1=1630 k2=1632 k3=1631 k4=1635 final=1634 | SA-L2: 0/4 newly-lost found by standalone | (prev: lost=39,294, diff=-37660)
  Step  355: active=322,066 lost=1,640 (+6) | L0=97.8% L1=1.3% L2=0.4% miss=0.5% | sub-step misses: k1=1634 k2=1638 k3=1634 k4=1641 final=1640 | SA-L2: 0/6 newly-lost found by standalone | (prev: lost=39,365, diff=-37725)
  Step  356: active=322,060 lost=1,646 (+6) | L0=97.8% L1=1.3% L2=0.4% miss=0.5% | sub-step misses: k1=1640 k2=1642 k3=1645 k4=1645 final=1646 | SA-L2: 0/6 newly-lost found by standalone | (prev: lost=39,412, diff=-37766)
  Step  357: active=322,048 lost=1,658 (+12) | L0=97.8% L1=1.3% L2=0.4% miss=0.5% | sub-step misses: k1=1646 k2=1653 k3=1649 k4=1658 final=1658 | SA-L2: 0/12 newly-lost found by standalone | (prev: lost=39,468, diff=-37810)
  Step  358: active=322,040 lost=1,666 (+8) | L0=97.8% L1=1.3% L2=0.4% miss=0.5% | sub-step misses: k1=1658 k2=1662 k3=1659 k4=1666 final=1666 | SA-L2: 0/8 newly-lost found by standalone | (prev: lost=39,549, diff=-37883)
  Step  359: active=322,033 lost=1,673 (+7) | L0=97.8% L1=1.3% L2=0.4% miss=0.5% | sub-step misses: k1=1666 k2=1672 k3=1668 k4=1678 final=1673 | SA-L2: 0/7 newly-lost found by standalone | (prev: lost=39,639, diff=-37966)
  Step  360: active=322,022 lost=1,684 (+11) | L0=97.8% L1=1.3% L2=0.4% miss=0.5% | sub-step misses: k1=1673 k2=1681 k3=1675 k4=1682 final=1684 | SA-L2: 0/11 newly-lost found by standalone | (prev: lost=39,696, diff=-38012)
  Step  361: active=322,018 lost=1,688 (+4) | L0=97.8% L1=1.3% L2=0.4% miss=0.5% | sub-step misses: k1=1684 k2=1685 k3=1686 k4=1687 final=1688 | SA-L2: 0/4 newly-lost found by standalone | (prev: lost=39,772, diff=-38084)
  Step  362: active=322,014 lost=1,692 (+4) | L0=97.8% L1=1.3% L2=0.4% miss=0.5% | sub-step misses: k1=1688 k2=1690 k3=1689 k4=1692 final=1692 | SA-L2: 0/4 newly-lost found by standalone | (prev: lost=39,851, diff=-38159)
  Step  363: active=322,009 lost=1,697 (+5) | L0=97.8% L1=1.3% L2=0.4% miss=0.5% | sub-step misses: k1=1692 k2=1693 k3=1695 k4=1696 final=1697 | SA-L2: 0/5 newly-lost found by standalone | (prev: lost=39,932, diff=-38235)
  Step  364: active=322,002 lost=1,704 (+7) | L0=97.8% L1=1.3% L2=0.4% miss=0.5% | sub-step misses: k1=1697 k2=1703 k3=1698 k4=1703 final=1704 | SA-L2: 0/7 newly-lost found by standalone | (prev: lost=39,996, diff=-38292)
  Step  365: active=321,997 lost=1,709 (+5) | L0=97.8% L1=1.3% L2=0.4% miss=0.5% | sub-step misses: k1=1704 k2=1707 k3=1704 k4=1709 final=1709 | SA-L2: 0/5 newly-lost found by standalone | (prev: lost=40,071, diff=-38362)
  Step  366: active=321,990 lost=1,716 (+7) | L0=97.8% L1=1.3% L2=0.4% miss=0.5% | sub-step misses: k1=1709 k2=1712 k3=1711 k4=1722 final=1716 | SA-L2: 0/7 newly-lost found by standalone | (prev: lost=40,132, diff=-38416)
  Step  367: active=321,974 lost=1,732 (+16) | L0=97.7% L1=1.4% L2=0.4% miss=0.5% | sub-step misses: k1=1716 k2=1728 k3=1718 k4=1731 final=1732 | SA-L2: 0/16 newly-lost found by standalone | (prev: lost=40,191, diff=-38459)
  Step  368: active=321,968 lost=1,738 (+6) | L0=97.8% L1=1.3% L2=0.4% miss=0.5% | sub-step misses: k1=1732 k2=1735 k3=1734 k4=1739 final=1738 | SA-L2: 0/6 newly-lost found by standalone | (prev: lost=40,280, diff=-38542)
  Step  369: active=321,959 lost=1,747 (+9) | L0=97.8% L1=1.3% L2=0.4% miss=0.5% | sub-step misses: k1=1738 k2=1746 k3=1739 k4=1750 final=1747 | SA-L2: 0/9 newly-lost found by standalone | (prev: lost=40,341, diff=-38594)
  Step  370: active=321,950 lost=1,756 (+9) | L0=97.8% L1=1.3% L2=0.4% miss=0.5% | sub-step misses: k1=1747 k2=1751 k3=1748 k4=1755 final=1756 | SA-L2: 0/9 newly-lost found by standalone | (prev: lost=40,393, diff=-38637)
  Step  371: active=321,944 lost=1,762 (+6) | L0=97.7% L1=1.3% L2=0.4% miss=0.5% | sub-step misses: k1=1756 k2=1760 k3=1757 k4=1763 final=1762 | SA-L2: 0/6 newly-lost found by standalone | (prev: lost=40,475, diff=-38713)
  Step  372: active=321,938 lost=1,768 (+6) | L0=97.7% L1=1.3% L2=0.4% miss=0.5% | sub-step misses: k1=1762 k2=1763 k3=1764 k4=1766 final=1768 | SA-L2: 0/6 newly-lost found by standalone | (prev: lost=40,544, diff=-38776)
  Step  373: active=321,935 lost=1,771 (+3) | L0=97.7% L1=1.3% L2=0.4% miss=0.5% | sub-step misses: k1=1768 k2=1770 k3=1768 k4=1771 final=1771 | SA-L2: 0/3 newly-lost found by standalone | (prev: lost=40,610, diff=-38839)
  Step  374: active=321,928 lost=1,778 (+7) | L0=97.7% L1=1.4% L2=0.4% miss=0.5% | sub-step misses: k1=1771 k2=1774 k3=1773 k4=1778 final=1778 | SA-L2: 0/7 newly-lost found by standalone | (prev: lost=40,692, diff=-38914)
  Step  375: active=321,919 lost=1,787 (+9) | L0=97.7% L1=1.4% L2=0.4% miss=0.6% | sub-step misses: k1=1778 k2=1782 k3=1778 k4=1785 final=1787 | SA-L2: 0/9 newly-lost found by standalone | (prev: lost=40,759, diff=-38972)
  Step  376: active=321,912 lost=1,794 (+7) | L0=97.7% L1=1.4% L2=0.4% miss=0.6% | sub-step misses: k1=1787 k2=1789 k3=1788 k4=1794 final=1794 | SA-L2: 0/7 newly-lost found by standalone | (prev: lost=40,815, diff=-39021)
  Step  377: active=321,901 lost=1,805 (+11) | L0=97.7% L1=1.4% L2=0.4% miss=0.6% | sub-step misses: k1=1794 k2=1798 k3=1796 k4=1803 final=1805 | SA-L2: 0/11 newly-lost found by standalone | (prev: lost=40,873, diff=-39068)
  Step  378: active=321,895 lost=1,811 (+6) | L0=97.7% L1=1.4% L2=0.4% miss=0.6% | sub-step misses: k1=1805 k2=1809 k3=1806 k4=1812 final=1811 | SA-L2: 0/6 newly-lost found by standalone | (prev: lost=40,941, diff=-39130)
  Step  379: active=321,887 lost=1,819 (+8) | L0=97.7% L1=1.3% L2=0.4% miss=0.6% | sub-step misses: k1=1811 k2=1814 k3=1813 k4=1819 final=1819 | SA-L2: 0/8 newly-lost found by standalone | (prev: lost=41,004, diff=-39185)
  Step  380: active=321,879 lost=1,827 (+8) | L0=97.7% L1=1.3% L2=0.4% miss=0.6% | sub-step misses: k1=1819 k2=1823 k3=1820 k4=1827 final=1827 | SA-L2: 0/8 newly-lost found by standalone | (prev: lost=41,065, diff=-39238)
  Step  381: active=321,874 lost=1,832 (+5) | L0=97.7% L1=1.4% L2=0.4% miss=0.6% | sub-step misses: k1=1827 k2=1829 k3=1828 k4=1834 final=1832 | SA-L2: 0/5 newly-lost found by standalone | (prev: lost=41,156, diff=-39324)
  Step  382: active=321,871 lost=1,835 (+3) | L0=97.7% L1=1.4% L2=0.4% miss=0.6% | sub-step misses: k1=1832 k2=1833 k3=1833 k4=1840 final=1835 | SA-L2: 0/3 newly-lost found by standalone | (prev: lost=41,241, diff=-39406)
  Step  383: active=321,860 lost=1,846 (+11) | L0=97.7% L1=1.4% L2=0.4% miss=0.6% | sub-step misses: k1=1835 k2=1841 k3=1836 k4=1844 final=1846 | SA-L2: 0/11 newly-lost found by standalone | (prev: lost=41,298, diff=-39452)
  Step  384: active=321,853 lost=1,853 (+7) | L0=97.6% L1=1.4% L2=0.4% miss=0.6% | sub-step misses: k1=1846 k2=1849 k3=1849 k4=1851 final=1853 | SA-L2: 0/7 newly-lost found by standalone | (prev: lost=41,368, diff=-39515)
  Step  385: active=321,842 lost=1,864 (+11) | L0=97.6% L1=1.4% L2=0.4% miss=0.6% | sub-step misses: k1=1853 k2=1858 k3=1856 k4=1861 final=1864 | SA-L2: 0/11 newly-lost found by standalone | (prev: lost=41,440, diff=-39576)
  Step  386: active=321,839 lost=1,867 (+3) | L0=97.6% L1=1.4% L2=0.4% miss=0.6% | sub-step misses: k1=1864 k2=1867 k3=1865 k4=1870 final=1867 | SA-L2: 0/3 newly-lost found by standalone | (prev: lost=41,509, diff=-39642)
  Step  387: active=321,833 lost=1,873 (+6) | L0=97.6% L1=1.4% L2=0.4% miss=0.6% | sub-step misses: k1=1867 k2=1871 k3=1870 k4=1872 final=1873 | SA-L2: 0/6 newly-lost found by standalone | (prev: lost=41,587, diff=-39714)
  Step  388: active=321,825 lost=1,881 (+8) | L0=97.6% L1=1.4% L2=0.4% miss=0.6% | sub-step misses: k1=1873 k2=1876 k3=1876 k4=1882 final=1881 | SA-L2: 0/8 newly-lost found by standalone | (prev: lost=41,647, diff=-39766)
  Step  389: active=321,814 lost=1,892 (+11) | L0=97.6% L1=1.4% L2=0.4% miss=0.6% | sub-step misses: k1=1881 k2=1889 k3=1882 k4=1891 final=1892 | SA-L2: 0/11 newly-lost found by standalone | (prev: lost=41,709, diff=-39817)
  Step  390: active=321,810 lost=1,896 (+4) | L0=97.6% L1=1.4% L2=0.4% miss=0.6% | sub-step misses: k1=1892 k2=1894 k3=1893 k4=1897 final=1896 | SA-L2: 0/4 newly-lost found by standalone | (prev: lost=41,802, diff=-39906)
  Step  391: active=321,807 lost=1,899 (+3) | L0=97.6% L1=1.4% L2=0.4% miss=0.6% | sub-step misses: k1=1896 k2=1898 k3=1897 k4=1901 final=1899 | SA-L2: 0/3 newly-lost found by standalone | (prev: lost=41,883, diff=-39984)
  Step  392: active=321,797 lost=1,909 (+10) | L0=97.6% L1=1.4% L2=0.4% miss=0.6% | sub-step misses: k1=1899 k2=1904 k3=1900 k4=1909 final=1909 | SA-L2: 0/10 newly-lost found by standalone | (prev: lost=41,951, diff=-40042)
  Step  393: active=321,787 lost=1,919 (+10) | L0=97.6% L1=1.4% L2=0.4% miss=0.6% | sub-step misses: k1=1909 k2=1917 k3=1911 k4=1919 final=1919 | SA-L2: 0/10 newly-lost found by standalone | (prev: lost=42,022, diff=-40103)
  Step  394: active=321,781 lost=1,925 (+6) | L0=97.5% L1=1.5% L2=0.4% miss=0.6% | sub-step misses: k1=1919 k2=1922 k3=1920 k4=1925 final=1925 | SA-L2: 0/6 newly-lost found by standalone | (prev: lost=42,090, diff=-40165)
  Step  395: active=321,780 lost=1,926 (+1) | L0=97.6% L1=1.4% L2=0.4% miss=0.6% | sub-step misses: k1=1925 k2=1925 k3=1926 k4=1927 final=1926 | SA-L2: 0/1 newly-lost found by standalone | (prev: lost=42,157, diff=-40231)
  Step  396: active=321,770 lost=1,936 (+10) | L0=97.6% L1=1.4% L2=0.4% miss=0.6% | sub-step misses: k1=1926 k2=1932 k3=1929 k4=1934 final=1936 | SA-L2: 0/10 newly-lost found by standalone | (prev: lost=42,227, diff=-40291)
  Step  397: active=321,762 lost=1,944 (+8) | L0=97.6% L1=1.4% L2=0.4% miss=0.6% | sub-step misses: k1=1936 k2=1940 k3=1937 k4=1947 final=1944 | SA-L2: 0/8 newly-lost found by standalone | (prev: lost=42,293, diff=-40349)
  Step  398: active=321,748 lost=1,958 (+14) | L0=97.6% L1=1.4% L2=0.4% miss=0.6% | sub-step misses: k1=1944 k2=1954 k3=1946 k4=1956 final=1958 | SA-L2: 0/14 newly-lost found by standalone | (prev: lost=42,363, diff=-40405)
  Step  399: active=321,742 lost=1,964 (+6) | L0=97.5% L1=1.4% L2=0.4% miss=0.6% | sub-step misses: k1=1958 k2=1961 k3=1959 k4=1963 final=1964 | SA-L2: 0/6 newly-lost found by standalone | (prev: lost=42,437, diff=-40473)
  Step  400: active=321,736 lost=1,970 (+6) | L0=97.5% L1=1.4% L2=0.4% miss=0.6% | sub-step misses: k1=1964 k2=1968 k3=1964 k4=1971 final=1970 | SA-L2: 0/6 newly-lost found by standalone | (prev: lost=42,521, diff=-40551)
  Step  401: active=321,726 lost=1,980 (+10) | L0=97.5% L1=1.4% L2=0.4% miss=0.6% | sub-step misses: k1=1970 k2=1975 k3=1970 k4=1977 final=1980 | SA-L2: 0/10 newly-lost found by standalone | (prev: lost=42,600, diff=-40620)
  Step  402: active=321,720 lost=1,986 (+6) | L0=97.5% L1=1.4% L2=0.4% miss=0.6% | sub-step misses: k1=1980 k2=1985 k3=1981 k4=1986 final=1986 | SA-L2: 0/6 newly-lost found by standalone | (prev: lost=42,675, diff=-40689)
  Step  403: active=321,710 lost=1,996 (+10) | L0=97.5% L1=1.5% L2=0.4% miss=0.6% | sub-step misses: k1=1986 k2=1987 k3=1988 k4=1995 final=1996 | SA-L2: 0/10 newly-lost found by standalone | (prev: lost=42,748, diff=-40752)
  Step  404: active=321,706 lost=2,000 (+4) | L0=97.5% L1=1.4% L2=0.4% miss=0.6% | sub-step misses: k1=1996 k2=1999 k3=1996 k4=2001 final=2000 | SA-L2: 0/4 newly-lost found by standalone | (prev: lost=42,808, diff=-40808)
  Step  405: active=321,694 lost=2,012 (+12) | L0=97.5% L1=1.5% L2=0.4% miss=0.6% | sub-step misses: k1=2000 k2=2008 k3=2000 k4=2010 final=2012 | SA-L2: 0/12 newly-lost found by standalone | (prev: lost=42,878, diff=-40866)
  Step  406: active=321,691 lost=2,015 (+3) | L0=97.5% L1=1.4% L2=0.4% miss=0.6% | sub-step misses: k1=2012 k2=2012 k3=2013 k4=2017 final=2015 | SA-L2: 0/3 newly-lost found by standalone | (prev: lost=42,952, diff=-40937)
  Step  407: active=321,681 lost=2,025 (+10) | L0=97.5% L1=1.4% L2=0.4% miss=0.6% | sub-step misses: k1=2015 k2=2019 k3=2020 k4=2022 final=2025 | SA-L2: 0/10 newly-lost found by standalone | (prev: lost=43,012, diff=-40987)
  Step  408: active=321,673 lost=2,033 (+8) | L0=97.5% L1=1.5% L2=0.4% miss=0.6% | sub-step misses: k1=2025 k2=2029 k3=2028 k4=2031 final=2033 | SA-L2: 0/8 newly-lost found by standalone | (prev: lost=43,075, diff=-41042)
  Step  409: active=321,667 lost=2,039 (+6) | L0=97.5% L1=1.5% L2=0.4% miss=0.6% | sub-step misses: k1=2033 k2=2038 k3=2033 k4=2041 final=2039 | SA-L2: 0/6 newly-lost found by standalone | (prev: lost=43,158, diff=-41119)
  Step  410: active=321,659 lost=2,047 (+8) | L0=97.4% L1=1.5% L2=0.4% miss=0.6% | sub-step misses: k1=2039 k2=2041 k3=2039 k4=2051 final=2047 | SA-L2: 0/8 newly-lost found by standalone | (prev: lost=43,238, diff=-41191)
  Step  411: active=321,648 lost=2,058 (+11) | L0=97.5% L1=1.5% L2=0.4% miss=0.6% | sub-step misses: k1=2047 k2=2054 k3=2048 k4=2062 final=2058 | SA-L2: 0/11 newly-lost found by standalone | (prev: lost=43,317, diff=-41259)
  Step  412: active=321,636 lost=2,070 (+12) | L0=97.4% L1=1.5% L2=0.4% miss=0.6% | sub-step misses: k1=2058 k2=2064 k3=2060 k4=2069 final=2070 | SA-L2: 0/12 newly-lost found by standalone | (prev: lost=43,390, diff=-41320)
  Step  413: active=321,628 lost=2,078 (+8) | L0=97.4% L1=1.5% L2=0.4% miss=0.6% | sub-step misses: k1=2070 k2=2075 k3=2072 k4=2076 final=2078 | SA-L2: 0/8 newly-lost found by standalone | (prev: lost=43,456, diff=-41378)
  Step  414: active=321,623 lost=2,083 (+5) | L0=97.4% L1=1.5% L2=0.4% miss=0.6% | sub-step misses: k1=2078 k2=2079 k3=2079 k4=2082 final=2083 | SA-L2: 0/5 newly-lost found by standalone | (prev: lost=43,528, diff=-41445)
  Step  415: active=321,618 lost=2,088 (+5) | L0=97.4% L1=1.5% L2=0.4% miss=0.6% | sub-step misses: k1=2083 k2=2086 k3=2084 k4=2089 final=2088 | SA-L2: 0/5 newly-lost found by standalone | (prev: lost=43,613, diff=-41525)
  Step  416: active=321,602 lost=2,104 (+16) | L0=97.4% L1=1.5% L2=0.4% miss=0.6% | sub-step misses: k1=2088 k2=2097 k3=2090 k4=2104 final=2104 | SA-L2: 0/16 newly-lost found by standalone | (prev: lost=43,666, diff=-41562)
  Step  417: active=321,595 lost=2,111 (+7) | L0=97.4% L1=1.5% L2=0.4% miss=0.7% | sub-step misses: k1=2104 k2=2109 k3=2105 k4=2110 final=2111 | SA-L2: 0/7 newly-lost found by standalone | (prev: lost=43,732, diff=-41621)
  Step  418: active=321,594 lost=2,112 (+1) | L0=97.4% L1=1.5% L2=0.4% miss=0.7% | sub-step misses: k1=2111 k2=2112 k3=2112 k4=2116 final=2112 | SA-L2: 0/1 newly-lost found by standalone | (prev: lost=43,809, diff=-41697)
  Step  419: active=321,585 lost=2,121 (+9) | L0=97.4% L1=1.5% L2=0.4% miss=0.7% | sub-step misses: k1=2112 k2=2117 k3=2113 k4=2120 final=2121 | SA-L2: 0/9 newly-lost found by standalone | (prev: lost=43,902, diff=-41781)
  Step  420: active=321,575 lost=2,131 (+10) | L0=97.4% L1=1.5% L2=0.4% miss=0.7% | sub-step misses: k1=2121 k2=2128 k3=2121 k4=2135 final=2131 | SA-L2: 0/10 newly-lost found by standalone | (prev: lost=43,967, diff=-41836)
  Step  421: active=321,566 lost=2,140 (+9) | L0=97.4% L1=1.5% L2=0.4% miss=0.7% | sub-step misses: k1=2131 k2=2136 k3=2132 k4=2140 final=2140 | SA-L2: 0/9 newly-lost found by standalone | (prev: lost=44,050, diff=-41910)
  Step  422: active=321,557 lost=2,149 (+9) | L0=97.4% L1=1.5% L2=0.4% miss=0.7% | sub-step misses: k1=2140 k2=2147 k3=2140 k4=2151 final=2149 | SA-L2: 0/9 newly-lost found by standalone | (prev: lost=44,118, diff=-41969)
  Step  423: active=321,550 lost=2,156 (+7) | L0=97.4% L1=1.5% L2=0.5% miss=0.7% | sub-step misses: k1=2149 k2=2154 k3=2150 k4=2156 final=2156 | SA-L2: 0/7 newly-lost found by standalone | (prev: lost=44,181, diff=-42025)
  Step  424: active=321,543 lost=2,163 (+7) | L0=97.4% L1=1.5% L2=0.4% miss=0.7% | sub-step misses: k1=2156 k2=2161 k3=2156 k4=2165 final=2163 | SA-L2: 0/7 newly-lost found by standalone | (prev: lost=44,244, diff=-42081)
  Step  425: active=321,532 lost=2,174 (+11) | L0=97.4% L1=1.5% L2=0.4% miss=0.7% | sub-step misses: k1=2163 k2=2169 k3=2165 k4=2174 final=2174 | SA-L2: 0/11 newly-lost found by standalone | (prev: lost=44,321, diff=-42147)
  Step  426: active=321,522 lost=2,184 (+10) | L0=97.4% L1=1.5% L2=0.4% miss=0.7% | sub-step misses: k1=2174 k2=2179 k3=2175 k4=2181 final=2184 | SA-L2: 0/10 newly-lost found by standalone | (prev: lost=44,378, diff=-42194)
  Step  427: active=321,519 lost=2,187 (+3) | L0=97.4% L1=1.5% L2=0.4% miss=0.7% | sub-step misses: k1=2184 k2=2187 k3=2184 k4=2187 final=2187 | SA-L2: 0/3 newly-lost found by standalone | (prev: lost=44,443, diff=-42256)
  Step  428: active=321,514 lost=2,192 (+5) | L0=97.3% L1=1.5% L2=0.4% miss=0.7% | sub-step misses: k1=2187 k2=2189 k3=2189 k4=2192 final=2192 | SA-L2: 0/5 newly-lost found by standalone | (prev: lost=44,524, diff=-42332)
  Step  429: active=321,499 lost=2,207 (+15) | L0=97.3% L1=1.5% L2=0.5% miss=0.7% | sub-step misses: k1=2192 k2=2203 k3=2193 k4=2208 final=2207 | SA-L2: 0/15 newly-lost found by standalone | (prev: lost=44,612, diff=-42405)
  Step  430: active=321,488 lost=2,218 (+11) | L0=97.3% L1=1.6% L2=0.4% miss=0.7% | sub-step misses: k1=2207 k2=2214 k3=2209 k4=2218 final=2218 | SA-L2: 0/11 newly-lost found by standalone | (prev: lost=44,692, diff=-42474)
  Step  431: active=321,479 lost=2,227 (+9) | L0=97.3% L1=1.6% L2=0.4% miss=0.7% | sub-step misses: k1=2218 k2=2222 k3=2219 k4=2227 final=2227 | SA-L2: 0/9 newly-lost found by standalone | (prev: lost=44,749, diff=-42522)
  Step  432: active=321,473 lost=2,233 (+6) | L0=97.3% L1=1.6% L2=0.5% miss=0.7% | sub-step misses: k1=2227 k2=2232 k3=2228 k4=2236 final=2233 | SA-L2: 0/6 newly-lost found by standalone | (prev: lost=44,810, diff=-42577)
  Step  433: active=321,464 lost=2,242 (+9) | L0=97.3% L1=1.5% L2=0.5% miss=0.7% | sub-step misses: k1=2233 k2=2240 k3=2233 k4=2244 final=2242 | SA-L2: 0/9 newly-lost found by standalone | (prev: lost=44,889, diff=-42647)
  Step  434: active=321,456 lost=2,250 (+8) | L0=97.3% L1=1.5% L2=0.5% miss=0.7% | sub-step misses: k1=2242 k2=2245 k3=2244 k4=2249 final=2250 | SA-L2: 0/8 newly-lost found by standalone | (prev: lost=44,964, diff=-42714)
  Step  435: active=321,447 lost=2,259 (+9) | L0=97.3% L1=1.5% L2=0.4% miss=0.7% | sub-step misses: k1=2250 k2=2254 k3=2253 k4=2258 final=2259 | SA-L2: 0/9 newly-lost found by standalone | (prev: lost=45,025, diff=-42766)
  Step  436: active=321,439 lost=2,267 (+8) | L0=97.3% L1=1.5% L2=0.4% miss=0.7% | sub-step misses: k1=2259 k2=2267 k3=2259 k4=2269 final=2267 | SA-L2: 0/8 newly-lost found by standalone | (prev: lost=45,101, diff=-42834)
  Step  437: active=321,431 lost=2,275 (+8) | L0=97.3% L1=1.5% L2=0.5% miss=0.7% | sub-step misses: k1=2267 k2=2272 k3=2268 k4=2280 final=2275 | SA-L2: 0/8 newly-lost found by standalone | (prev: lost=45,182, diff=-42907)
  Step  438: active=321,417 lost=2,289 (+14) | L0=97.3% L1=1.5% L2=0.5% miss=0.7% | sub-step misses: k1=2275 k2=2285 k3=2276 k4=2294 final=2289 | SA-L2: 0/14 newly-lost found by standalone | (prev: lost=45,262, diff=-42973)
  Step  439: active=321,406 lost=2,300 (+11) | L0=97.3% L1=1.6% L2=0.5% miss=0.7% | sub-step misses: k1=2289 k2=2297 k3=2292 k4=2300 final=2300 | SA-L2: 0/11 newly-lost found by standalone | (prev: lost=45,347, diff=-43047)
  Step  440: active=321,399 lost=2,307 (+7) | L0=97.2% L1=1.6% L2=0.5% miss=0.7% | sub-step misses: k1=2300 k2=2305 k3=2301 k4=2307 final=2307 | SA-L2: 0/7 newly-lost found by standalone | (prev: lost=45,420, diff=-43113)
  Step  441: active=321,386 lost=2,320 (+13) | L0=97.2% L1=1.6% L2=0.5% miss=0.7% | sub-step misses: k1=2307 k2=2315 k3=2309 k4=2317 final=2320 | SA-L2: 0/13 newly-lost found by standalone | (prev: lost=45,478, diff=-43158)
  Step  442: active=321,375 lost=2,331 (+11) | L0=97.2% L1=1.6% L2=0.5% miss=0.7% | sub-step misses: k1=2320 k2=2325 k3=2322 k4=2330 final=2331 | SA-L2: 0/11 newly-lost found by standalone | (prev: lost=45,541, diff=-43210)
  Step  443: active=321,366 lost=2,340 (+9) | L0=97.2% L1=1.6% L2=0.5% miss=0.7% | sub-step misses: k1=2331 k2=2336 k3=2333 k4=2339 final=2340 | SA-L2: 0/9 newly-lost found by standalone | (prev: lost=45,629, diff=-43289)
  Step  444: active=321,355 lost=2,351 (+11) | L0=97.2% L1=1.6% L2=0.5% miss=0.7% | sub-step misses: k1=2340 k2=2345 k3=2341 k4=2350 final=2351 | SA-L2: 0/11 newly-lost found by standalone | (prev: lost=45,696, diff=-43345)
  Step  445: active=321,348 lost=2,358 (+7) | L0=97.3% L1=1.6% L2=0.5% miss=0.7% | sub-step misses: k1=2351 k2=2352 k3=2355 k4=2355 final=2358 | SA-L2: 0/7 newly-lost found by standalone | (prev: lost=45,784, diff=-43426)
  Step  446: active=321,338 lost=2,368 (+10) | L0=97.2% L1=1.6% L2=0.5% miss=0.7% | sub-step misses: k1=2358 k2=2364 k3=2358 k4=2369 final=2368 | SA-L2: 0/10 newly-lost found by standalone | (prev: lost=45,859, diff=-43491)
  Step  447: active=321,327 lost=2,379 (+11) | L0=97.2% L1=1.6% L2=0.5% miss=0.7% | sub-step misses: k1=2368 k2=2374 k3=2368 k4=2383 final=2379 | SA-L2: 0/11 newly-lost found by standalone | (prev: lost=45,942, diff=-43563)
  Step  448: active=321,314 lost=2,392 (+13) | L0=97.2% L1=1.6% L2=0.5% miss=0.7% | sub-step misses: k1=2379 k2=2387 k3=2382 k4=2390 final=2392 | SA-L2: 0/13 newly-lost found by standalone | (prev: lost=46,024, diff=-43632)
  Step  449: active=321,303 lost=2,403 (+11) | L0=97.2% L1=1.6% L2=0.5% miss=0.7% | sub-step misses: k1=2392 k2=2400 k3=2393 k4=2404 final=2403 | SA-L2: 0/11 newly-lost found by standalone | (prev: lost=46,105, diff=-43702)
  Step  450: active=321,296 lost=2,410 (+7) | L0=97.2% L1=1.6% L2=0.5% miss=0.7% | sub-step misses: k1=2403 k2=2408 k3=2404 k4=2408 final=2410 | SA-L2: 0/7 newly-lost found by standalone | (prev: lost=46,165, diff=-43755)
  Step  451: active=321,284 lost=2,422 (+12) | L0=97.2% L1=1.6% L2=0.5% miss=0.7% | sub-step misses: k1=2410 k2=2415 k3=2415 k4=2419 final=2422 | SA-L2: 0/12 newly-lost found by standalone | (prev: lost=46,247, diff=-43825)
  Step  452: active=321,274 lost=2,432 (+10) | L0=97.2% L1=1.6% L2=0.5% miss=0.7% | sub-step misses: k1=2422 k2=2428 k3=2422 k4=2434 final=2432 | SA-L2: 0/10 newly-lost found by standalone | (prev: lost=46,317, diff=-43885)
  Step  453: active=321,261 lost=2,445 (+13) | L0=97.2% L1=1.6% L2=0.5% miss=0.8% | sub-step misses: k1=2432 k2=2441 k3=2432 k4=2445 final=2445 | SA-L2: 0/13 newly-lost found by standalone | (prev: lost=46,402, diff=-43957)
  Step  454: active=321,252 lost=2,454 (+9) | L0=97.2% L1=1.6% L2=0.5% miss=0.8% | sub-step misses: k1=2445 k2=2447 k3=2448 k4=2456 final=2454 | SA-L2: 0/9 newly-lost found by standalone | (prev: lost=46,480, diff=-44026)
  Step  455: active=321,241 lost=2,465 (+11) | L0=97.2% L1=1.6% L2=0.5% miss=0.8% | sub-step misses: k1=2454 k2=2459 k3=2457 k4=2462 final=2465 | SA-L2: 0/11 newly-lost found by standalone | (prev: lost=46,553, diff=-44088)
  Step  456: active=321,232 lost=2,474 (+9) | L0=97.1% L1=1.6% L2=0.5% miss=0.8% | sub-step misses: k1=2465 k2=2472 k3=2466 k4=2477 final=2474 | SA-L2: 0/9 newly-lost found by standalone | (prev: lost=46,633, diff=-44159)
  Step  457: active=321,218 lost=2,488 (+14) | L0=97.2% L1=1.6% L2=0.5% miss=0.8% | sub-step misses: k1=2474 k2=2481 k3=2477 k4=2488 final=2488 | SA-L2: 0/14 newly-lost found by standalone | (prev: lost=46,715, diff=-44227)
  Step  458: active=321,208 lost=2,498 (+10) | L0=97.2% L1=1.6% L2=0.5% miss=0.8% | sub-step misses: k1=2488 k2=2495 k3=2489 k4=2497 final=2498 | SA-L2: 0/10 newly-lost found by standalone | (prev: lost=46,796, diff=-44298)
  Step  459: active=321,196 lost=2,510 (+12) | L0=97.1% L1=1.6% L2=0.5% miss=0.8% | sub-step misses: k1=2498 k2=2507 k3=2499 k4=2513 final=2510 | SA-L2: 0/12 newly-lost found by standalone | (prev: lost=46,857, diff=-44347)
  Step  460: active=321,180 lost=2,526 (+16) | L0=97.1% L1=1.6% L2=0.5% miss=0.8% | sub-step misses: k1=2510 k2=2521 k3=2512 k4=2525 final=2526 | SA-L2: 0/16 newly-lost found by standalone | (prev: lost=46,926, diff=-44400)
  Step  461: active=321,171 lost=2,535 (+9) | L0=97.1% L1=1.6% L2=0.5% miss=0.8% | sub-step misses: k1=2526 k2=2530 k3=2527 k4=2537 final=2535 | SA-L2: 0/9 newly-lost found by standalone | (prev: lost=47,008, diff=-44473)
  Step  462: active=321,159 lost=2,547 (+12) | L0=97.1% L1=1.6% L2=0.5% miss=0.8% | sub-step misses: k1=2535 k2=2540 k3=2539 k4=2545 final=2547 | SA-L2: 0/12 newly-lost found by standalone | (prev: lost=47,088, diff=-44541)
  Step  463: active=321,153 lost=2,553 (+6) | L0=97.1% L1=1.6% L2=0.5% miss=0.8% | sub-step misses: k1=2547 k2=2551 k3=2547 k4=2555 final=2553 | SA-L2: 0/6 newly-lost found by standalone | (prev: lost=47,164, diff=-44611)
  Step  464: active=321,138 lost=2,568 (+15) | L0=97.1% L1=1.6% L2=0.5% miss=0.8% | sub-step misses: k1=2553 k2=2562 k3=2555 k4=2568 final=2568 | SA-L2: 0/15 newly-lost found by standalone | (prev: lost=47,240, diff=-44672)
  Step  465: active=321,125 lost=2,581 (+13) | L0=97.1% L1=1.6% L2=0.5% miss=0.8% | sub-step misses: k1=2568 k2=2576 k3=2570 k4=2578 final=2581 | SA-L2: 0/13 newly-lost found by standalone | (prev: lost=47,325, diff=-44744)
  Step  466: active=321,119 lost=2,587 (+6) | L0=97.1% L1=1.6% L2=0.5% miss=0.8% | sub-step misses: k1=2581 k2=2583 k3=2581 k4=2588 final=2587 | SA-L2: 0/6 newly-lost found by standalone | (prev: lost=47,428, diff=-44841)
  Step  467: active=321,105 lost=2,601 (+14) | L0=97.1% L1=1.6% L2=0.5% miss=0.8% | sub-step misses: k1=2587 k2=2596 k3=2588 k4=2601 final=2601 | SA-L2: 0/14 newly-lost found by standalone | (prev: lost=47,512, diff=-44911)
  Step  468: active=321,096 lost=2,610 (+9) | L0=97.1% L1=1.7% L2=0.5% miss=0.8% | sub-step misses: k1=2601 k2=2608 k3=2604 k4=2611 final=2610 | SA-L2: 0/9 newly-lost found by standalone | (prev: lost=47,586, diff=-44976)
  Step  469: active=321,080 lost=2,626 (+16) | L0=97.1% L1=1.6% L2=0.5% miss=0.8% | sub-step misses: k1=2610 k2=2618 k3=2612 k4=2625 final=2626 | SA-L2: 0/16 newly-lost found by standalone | (prev: lost=47,659, diff=-45033)
  Step  470: active=321,067 lost=2,639 (+13) | L0=97.0% L1=1.7% L2=0.5% miss=0.8% | sub-step misses: k1=2626 k2=2634 k3=2627 k4=2640 final=2639 | SA-L2: 0/13 newly-lost found by standalone | (prev: lost=47,725, diff=-45086)
  Step  471: active=321,056 lost=2,650 (+11) | L0=97.1% L1=1.6% L2=0.5% miss=0.8% | sub-step misses: k1=2639 k2=2644 k3=2644 k4=2648 final=2650 | SA-L2: 0/11 newly-lost found by standalone | (prev: lost=47,796, diff=-45146)
  Step  472: active=321,048 lost=2,658 (+8) | L0=97.1% L1=1.6% L2=0.5% miss=0.8% | sub-step misses: k1=2650 k2=2658 k3=2650 k4=2661 final=2658 | SA-L2: 0/8 newly-lost found by standalone | (prev: lost=47,875, diff=-45217)
  Step  473: active=321,035 lost=2,671 (+13) | L0=97.1% L1=1.6% L2=0.5% miss=0.8% | sub-step misses: k1=2658 k2=2665 k3=2660 k4=2672 final=2671 | SA-L2: 0/13 newly-lost found by standalone | (prev: lost=47,958, diff=-45287)
  Step  474: active=321,021 lost=2,685 (+14) | L0=97.1% L1=1.6% L2=0.5% miss=0.8% | sub-step misses: k1=2671 k2=2680 k3=2671 k4=2685 final=2685 | SA-L2: 0/14 newly-lost found by standalone | (prev: lost=48,030, diff=-45345)
  Step  475: active=321,012 lost=2,694 (+9) | L0=97.1% L1=1.6% L2=0.5% miss=0.8% | sub-step misses: k1=2685 k2=2689 k3=2687 k4=2693 final=2694 | SA-L2: 0/9 newly-lost found by standalone | (prev: lost=48,126, diff=-45432)
  Step  476: active=321,004 lost=2,702 (+8) | L0=97.1% L1=1.6% L2=0.5% miss=0.8% | sub-step misses: k1=2694 k2=2699 k3=2695 k4=2706 final=2702 | SA-L2: 0/8 newly-lost found by standalone | (prev: lost=48,216, diff=-45514)
  Step  477: active=320,985 lost=2,721 (+19) | L0=97.0% L1=1.7% L2=0.5% miss=0.8% | sub-step misses: k1=2702 k2=2714 k3=2703 k4=2721 final=2721 | SA-L2: 0/19 newly-lost found by standalone | (prev: lost=48,298, diff=-45577)
  Step  478: active=320,976 lost=2,730 (+9) | L0=97.0% L1=1.7% L2=0.5% miss=0.8% | sub-step misses: k1=2721 k2=2726 k3=2722 k4=2733 final=2730 | SA-L2: 0/9 newly-lost found by standalone | (prev: lost=48,362, diff=-45632)
  Step  479: active=320,959 lost=2,747 (+17) | L0=97.0% L1=1.7% L2=0.5% miss=0.8% | sub-step misses: k1=2730 k2=2743 k3=2730 k4=2747 final=2747 | SA-L2: 0/17 newly-lost found by standalone | (prev: lost=48,440, diff=-45693)
  Step  480: active=320,951 lost=2,755 (+8) | L0=97.0% L1=1.7% L2=0.5% miss=0.8% | sub-step misses: k1=2747 k2=2749 k3=2749 k4=2756 final=2755 | SA-L2: 0/8 newly-lost found by standalone | (prev: lost=48,503, diff=-45748)
  Step  481: active=320,943 lost=2,763 (+8) | L0=97.0% L1=1.7% L2=0.5% miss=0.9% | sub-step misses: k1=2755 k2=2761 k3=2755 k4=2765 final=2763 | SA-L2: 0/8 newly-lost found by standalone | (prev: lost=48,584, diff=-45821)
  Step  482: active=320,929 lost=2,777 (+14) | L0=97.0% L1=1.7% L2=0.5% miss=0.9% | sub-step misses: k1=2763 k2=2772 k3=2766 k4=2775 final=2777 | SA-L2: 0/14 newly-lost found by standalone | (prev: lost=48,660, diff=-45883)
  Step  483: active=320,920 lost=2,786 (+9) | L0=97.0% L1=1.7% L2=0.5% miss=0.9% | sub-step misses: k1=2777 k2=2782 k3=2777 k4=2790 final=2786 | SA-L2: 0/9 newly-lost found by standalone | (prev: lost=48,725, diff=-45939)
  Step  484: active=320,906 lost=2,800 (+14) | L0=97.0% L1=1.6% L2=0.5% miss=0.9% | sub-step misses: k1=2786 k2=2797 k3=2787 k4=2804 final=2800 | SA-L2: 0/14 newly-lost found by standalone | (prev: lost=48,821, diff=-46021)
  Step  485: active=320,891 lost=2,815 (+15) | L0=97.0% L1=1.6% L2=0.5% miss=0.9% | sub-step misses: k1=2800 k2=2811 k3=2801 k4=2816 final=2815 | SA-L2: 0/15 newly-lost found by standalone | (prev: lost=48,904, diff=-46089)
  Step  486: active=320,869 lost=2,837 (+22) | L0=97.0% L1=1.7% L2=0.5% miss=0.9% | sub-step misses: k1=2815 k2=2827 k3=2820 k4=2833 final=2837 | SA-L2: 0/22 newly-lost found by standalone | (prev: lost=48,999, diff=-46162)
  Step  487: active=320,856 lost=2,850 (+13) | L0=96.9% L1=1.7% L2=0.5% miss=0.9% | sub-step misses: k1=2837 k2=2846 k3=2838 k4=2852 final=2850 | SA-L2: 0/13 newly-lost found by standalone | (prev: lost=49,084, diff=-46234)
  Step  488: active=320,835 lost=2,871 (+21) | L0=96.9% L1=1.7% L2=0.5% miss=0.9% | sub-step misses: k1=2850 k2=2862 k3=2852 k4=2868 final=2871 | SA-L2: 0/21 newly-lost found by standalone | (prev: lost=49,177, diff=-46306)
  Step  489: active=320,824 lost=2,882 (+11) | L0=96.9% L1=1.7% L2=0.5% miss=0.9% | sub-step misses: k1=2871 k2=2878 k3=2873 k4=2881 final=2882 | SA-L2: 0/11 newly-lost found by standalone | (prev: lost=49,256, diff=-46374)
  Step  490: active=320,807 lost=2,899 (+17) | L0=96.9% L1=1.7% L2=0.5% miss=0.9% | sub-step misses: k1=2882 k2=2894 k3=2884 k4=2898 final=2899 | SA-L2: 0/17 newly-lost found by standalone | (prev: lost=49,339, diff=-46440)
  Step  491: active=320,795 lost=2,911 (+12) | L0=96.9% L1=1.7% L2=0.5% miss=0.9% | sub-step misses: k1=2899 k2=2906 k3=2901 k4=2913 final=2911 | SA-L2: 0/12 newly-lost found by standalone | (prev: lost=49,416, diff=-46505)
  Step  492: active=320,782 lost=2,924 (+13) | L0=96.9% L1=1.7% L2=0.5% miss=0.9% | sub-step misses: k1=2911 k2=2922 k3=2911 k4=2927 final=2924 | SA-L2: 0/13 newly-lost found by standalone | (prev: lost=49,493, diff=-46569)
  Step  493: active=320,766 lost=2,940 (+16) | L0=96.9% L1=1.7% L2=0.5% miss=0.9% | sub-step misses: k1=2924 k2=2933 k3=2926 k4=2942 final=2940 | SA-L2: 0/16 newly-lost found by standalone | (prev: lost=49,589, diff=-46649)
  Step  494: active=320,746 lost=2,960 (+20) | L0=96.9% L1=1.7% L2=0.5% miss=0.9% | sub-step misses: k1=2940 k2=2956 k3=2942 k4=2964 final=2960 | SA-L2: 0/20 newly-lost found by standalone | (prev: lost=49,680, diff=-46720)
  Step  495: active=320,727 lost=2,979 (+19) | L0=96.9% L1=1.7% L2=0.5% miss=0.9% | sub-step misses: k1=2960 k2=2968 k3=2963 k4=2978 final=2979 | SA-L2: 0/19 newly-lost found by standalone | (prev: lost=49,782, diff=-46803)
  Step  496: active=320,716 lost=2,990 (+11) | L0=96.9% L1=1.7% L2=0.5% miss=0.9% | sub-step misses: k1=2979 k2=2988 k3=2979 k4=2995 final=2990 | SA-L2: 0/11 newly-lost found by standalone | (prev: lost=49,874, diff=-46884)
  Step  497: active=320,700 lost=3,006 (+16) | L0=96.9% L1=1.7% L2=0.5% miss=0.9% | sub-step misses: k1=2990 k2=2997 k3=2993 k4=3007 final=3006 | SA-L2: 0/16 newly-lost found by standalone | (prev: lost=49,950, diff=-46944)
  Step  498: active=320,684 lost=3,022 (+16) | L0=96.8% L1=1.7% L2=0.5% miss=0.9% | sub-step misses: k1=3006 k2=3019 k3=3007 k4=3025 final=3022 | SA-L2: 0/16 newly-lost found by standalone | (prev: lost=50,030, diff=-47008)
  Step  499: active=320,664 lost=3,042 (+20) | L0=96.8% L1=1.7% L2=0.5% miss=0.9% | sub-step misses: k1=3022 k2=3034 k3=3025 k4=3040 final=3042 | SA-L2: 0/20 newly-lost found by standalone | (prev: lost=50,111, diff=-47069)
  Step  500: active=320,653 lost=3,053 (+11) | L0=96.9% L1=1.7% L2=0.5% miss=0.9% | sub-step misses: k1=3042 k2=3048 k3=3044 k4=3054 final=3053 | SA-L2: 0/11 newly-lost found by standalone | (prev: lost=50,194, diff=-47141)
  Step  501: active=320,638 lost=3,068 (+15) | L0=96.9% L1=1.7% L2=0.5% miss=0.9% | sub-step misses: k1=3053 k2=3064 k3=3054 k4=3070 final=3068 | SA-L2: 0/15 newly-lost found by standalone | (prev: lost=50,268, diff=-47200)
  Step  502: active=320,622 lost=3,084 (+16) | L0=96.9% L1=1.7% L2=0.5% miss=1.0% | sub-step misses: k1=3068 k2=3076 k3=3069 k4=3085 final=3084 | SA-L2: 0/16 newly-lost found by standalone | (prev: lost=50,342, diff=-47258)
  Step  503: active=320,607 lost=3,099 (+15) | L0=96.9% L1=1.7% L2=0.5% miss=1.0% | sub-step misses: k1=3084 k2=3095 k3=3085 k4=3101 final=3099 | SA-L2: 0/15 newly-lost found by standalone | (prev: lost=50,427, diff=-47328)
  Step  504: active=320,587 lost=3,119 (+20) | L0=96.9% L1=1.7% L2=0.5% miss=1.0% | sub-step misses: k1=3099 k2=3110 k3=3102 k4=3120 final=3119 | SA-L2: 0/20 newly-lost found by standalone | (prev: lost=50,503, diff=-47384)
  Step  505: active=320,573 lost=3,133 (+14) | L0=96.8% L1=1.7% L2=0.5% miss=1.0% | sub-step misses: k1=3119 k2=3129 k3=3120 k4=3135 final=3133 | SA-L2: 0/14 newly-lost found by standalone | (prev: lost=50,599, diff=-47466)
  Step  506: active=320,551 lost=3,155 (+22) | L0=96.8% L1=1.7% L2=0.5% miss=1.0% | sub-step misses: k1=3133 k2=3145 k3=3136 k4=3156 final=3155 | SA-L2: 0/22 newly-lost found by standalone | (prev: lost=50,689, diff=-47534)
  Step  507: active=320,535 lost=3,171 (+16) | L0=96.8% L1=1.7% L2=0.5% miss=1.0% | sub-step misses: k1=3155 k2=3165 k3=3156 k4=3172 final=3171 | SA-L2: 0/16 newly-lost found by standalone | (prev: lost=50,776, diff=-47605)
  Step  508: active=320,517 lost=3,189 (+18) | L0=96.8% L1=1.7% L2=0.5% miss=1.0% | sub-step misses: k1=3171 k2=3181 k3=3174 k4=3189 final=3189 | SA-L2: 0/18 newly-lost found by standalone | (prev: lost=50,865, diff=-47676)
  Step  509: active=320,501 lost=3,205 (+16) | L0=96.8% L1=1.7% L2=0.5% miss=1.0% | sub-step misses: k1=3189 k2=3199 k3=3189 k4=3208 final=3205 | SA-L2: 0/16 newly-lost found by standalone | (prev: lost=50,944, diff=-47739)
  Step  510: active=320,486 lost=3,220 (+15) | L0=96.8% L1=1.7% L2=0.5% miss=1.0% | sub-step misses: k1=3205 k2=3213 k3=3207 k4=3219 final=3220 | SA-L2: 0/15 newly-lost found by standalone | (prev: lost=51,012, diff=-47792)
  Step  511: active=320,472 lost=3,234 (+14) | L0=96.8% L1=1.7% L2=0.5% miss=1.0% | sub-step misses: k1=3220 k2=3226 k3=3221 k4=3235 final=3234 | SA-L2: 0/14 newly-lost found by standalone | (prev: lost=51,094, diff=-47860)
  Step  512: active=320,458 lost=3,248 (+14) | L0=96.8% L1=1.7% L2=0.5% miss=1.0% | sub-step misses: k1=3234 k2=3244 k3=3237 k4=3249 final=3248 | SA-L2: 0/14 newly-lost found by standalone | (prev: lost=51,185, diff=-47937)
  Step  513: active=320,440 lost=3,266 (+18) | L0=96.8% L1=1.7% L2=0.5% miss=1.0% | sub-step misses: k1=3248 k2=3259 k3=3250 k4=3268 final=3266 | SA-L2: 0/18 newly-lost found by standalone | (prev: lost=51,267, diff=-48001)
  Step  514: active=320,419 lost=3,287 (+21) | L0=96.8% L1=1.7% L2=0.5% miss=1.0% | sub-step misses: k1=3266 k2=3280 k3=3268 k4=3287 final=3287 | SA-L2: 0/21 newly-lost found by standalone | (prev: lost=51,359, diff=-48072)
  Step  515: active=320,400 lost=3,306 (+19) | L0=96.7% L1=1.7% L2=0.5% miss=1.0% | sub-step misses: k1=3287 k2=3298 k3=3290 k4=3306 final=3306 | SA-L2: 0/19 newly-lost found by standalone | (prev: lost=51,449, diff=-48143)
  Step  516: active=320,384 lost=3,322 (+16) | L0=96.7% L1=1.7% L2=0.5% miss=1.0% | sub-step misses: k1=3306 k2=3316 k3=3307 k4=3324 final=3322 | SA-L2: 0/16 newly-lost found by standalone | (prev: lost=51,547, diff=-48225)
  Step  517: active=320,364 lost=3,342 (+20) | L0=96.7% L1=1.7% L2=0.5% miss=1.0% | sub-step misses: k1=3322 k2=3330 k3=3325 k4=3344 final=3342 | SA-L2: 0/20 newly-lost found by standalone | (prev: lost=51,636, diff=-48294)
  Step  518: active=320,344 lost=3,362 (+20) | L0=96.7% L1=1.7% L2=0.5% miss=1.0% | sub-step misses: k1=3342 k2=3356 k3=3342 k4=3366 final=3362 | SA-L2: 0/20 newly-lost found by standalone | (prev: lost=51,716, diff=-48354)
  Step  519: active=320,329 lost=3,377 (+15) | L0=96.7% L1=1.7% L2=0.5% miss=1.0% | sub-step misses: k1=3362 k2=3371 k3=3363 k4=3378 final=3377 | SA-L2: 0/15 newly-lost found by standalone | (prev: lost=51,810, diff=-48433)
  Step  520: active=320,316 lost=3,390 (+13) | L0=96.7% L1=1.7% L2=0.5% miss=1.0% | sub-step misses: k1=3377 k2=3386 k3=3378 k4=3391 final=3390 | SA-L2: 0/13 newly-lost found by standalone | (prev: lost=51,900, diff=-48510)
  Step  521: active=320,301 lost=3,405 (+15) | L0=96.7% L1=1.7% L2=0.5% miss=1.1% | sub-step misses: k1=3390 k2=3402 k3=3392 k4=3406 final=3405 | SA-L2: 0/15 newly-lost found by standalone | (prev: lost=51,986, diff=-48581)
  Step  522: active=320,284 lost=3,422 (+17) | L0=96.7% L1=1.7% L2=0.5% miss=1.1% | sub-step misses: k1=3405 k2=3414 k3=3407 k4=3422 final=3422 | SA-L2: 0/17 newly-lost found by standalone | (prev: lost=52,076, diff=-48654)
  Step  523: active=320,264 lost=3,442 (+20) | L0=96.7% L1=1.7% L2=0.5% miss=1.1% | sub-step misses: k1=3422 k2=3435 k3=3424 k4=3445 final=3442 | SA-L2: 0/20 newly-lost found by standalone | (prev: lost=52,179, diff=-48737)
  Step  524: active=320,246 lost=3,460 (+18) | L0=96.7% L1=1.7% L2=0.5% miss=1.1% | sub-step misses: k1=3442 k2=3453 k3=3442 k4=3461 final=3460 | SA-L2: 0/18 newly-lost found by standalone | (prev: lost=52,270, diff=-48810)
  Step  525: active=320,230 lost=3,476 (+16) | L0=96.7% L1=1.7% L2=0.5% miss=1.1% | sub-step misses: k1=3460 k2=3470 k3=3460 k4=3478 final=3476 | SA-L2: 0/16 newly-lost found by standalone | (prev: lost=52,348, diff=-48872)
  Step  526: active=320,207 lost=3,499 (+23) | L0=96.7% L1=1.7% L2=0.5% miss=1.1% | sub-step misses: k1=3476 k2=3493 k3=3478 k4=3499 final=3499 | SA-L2: 0/23 newly-lost found by standalone | (prev: lost=52,439, diff=-48940)
  Step  527: active=320,191 lost=3,515 (+16) | L0=96.6% L1=1.8% L2=0.5% miss=1.1% | sub-step misses: k1=3499 k2=3509 k3=3499 k4=3517 final=3515 | SA-L2: 0/16 newly-lost found by standalone | (prev: lost=52,518, diff=-49003)
  Step  528: active=320,177 lost=3,529 (+14) | L0=96.6% L1=1.7% L2=0.5% miss=1.1% | sub-step misses: k1=3515 k2=3522 k3=3515 k4=3531 final=3529 | SA-L2: 0/14 newly-lost found by standalone | (prev: lost=52,599, diff=-49070)
  Step  529: active=320,162 lost=3,544 (+15) | L0=96.7% L1=1.7% L2=0.5% miss=1.1% | sub-step misses: k1=3529 k2=3537 k3=3529 k4=3545 final=3544 | SA-L2: 0/15 newly-lost found by standalone | (prev: lost=52,683, diff=-49139)
  Step  530: active=320,145 lost=3,561 (+17) | L0=96.6% L1=1.7% L2=0.5% miss=1.1% | sub-step misses: k1=3544 k2=3554 k3=3545 k4=3561 final=3561 | SA-L2: 0/17 newly-lost found by standalone | (prev: lost=52,784, diff=-49223)
  Step  531: active=320,129 lost=3,577 (+16) | L0=96.6% L1=1.7% L2=0.5% miss=1.1% | sub-step misses: k1=3561 k2=3571 k3=3562 k4=3579 final=3577 | SA-L2: 0/16 newly-lost found by standalone | (prev: lost=52,873, diff=-49296)
  Step  532: active=320,108 lost=3,598 (+21) | L0=96.6% L1=1.8% L2=0.5% miss=1.1% | sub-step misses: k1=3577 k2=3595 k3=3578 k4=3602 final=3598 | SA-L2: 0/21 newly-lost found by standalone | (prev: lost=52,967, diff=-49369)
  Step  533: active=320,091 lost=3,615 (+17) | L0=96.6% L1=1.7% L2=0.5% miss=1.1% | sub-step misses: k1=3598 k2=3609 k3=3600 k4=3616 final=3615 | SA-L2: 0/17 newly-lost found by standalone | (prev: lost=53,059, diff=-49444)
  Step  534: active=320,073 lost=3,633 (+18) | L0=96.6% L1=1.8% L2=0.5% miss=1.1% | sub-step misses: k1=3615 k2=3625 k3=3619 k4=3633 final=3633 | SA-L2: 0/18 newly-lost found by standalone | (prev: lost=53,133, diff=-49500)
  Step  535: active=320,057 lost=3,649 (+16) | L0=96.6% L1=1.7% L2=0.5% miss=1.1% | sub-step misses: k1=3633 k2=3646 k3=3633 k4=3654 final=3649 | SA-L2: 0/16 newly-lost found by standalone | (prev: lost=53,230, diff=-49581)
  Step  536: active=320,041 lost=3,665 (+16) | L0=96.6% L1=1.8% L2=0.5% miss=1.1% | sub-step misses: k1=3649 k2=3661 k3=3651 k4=3664 final=3665 | SA-L2: 0/16 newly-lost found by standalone | (prev: lost=53,322, diff=-49657)
  Step  537: active=320,031 lost=3,675 (+10) | L0=96.6% L1=1.7% L2=0.5% miss=1.1% | sub-step misses: k1=3665 k2=3674 k3=3665 k4=3677 final=3675 | SA-L2: 0/10 newly-lost found by standalone | (prev: lost=53,406, diff=-49731)
  Step  538: active=320,019 lost=3,687 (+12) | L0=96.6% L1=1.7% L2=0.5% miss=1.1% | sub-step misses: k1=3675 k2=3681 k3=3677 k4=3687 final=3687 | SA-L2: 0/12 newly-lost found by standalone | (prev: lost=53,489, diff=-49802)
  Step  539: active=320,003 lost=3,703 (+16) | L0=96.6% L1=1.8% L2=0.5% miss=1.1% | sub-step misses: k1=3687 k2=3696 k3=3688 k4=3703 final=3703 | SA-L2: 0/16 newly-lost found by standalone | (prev: lost=53,578, diff=-49875)
  Step  540: active=319,987 lost=3,719 (+16) | L0=96.6% L1=1.8% L2=0.5% miss=1.1% | sub-step misses: k1=3703 k2=3712 k3=3704 k4=3717 final=3719 | SA-L2: 0/16 newly-lost found by standalone | (prev: lost=53,658, diff=-49939)
  Step  541: active=319,972 lost=3,734 (+15) | L0=96.5% L1=1.8% L2=0.5% miss=1.2% | sub-step misses: k1=3719 k2=3727 k3=3720 k4=3737 final=3734 | SA-L2: 0/15 newly-lost found by standalone | (prev: lost=53,742, diff=-50008)
  Step  542: active=319,951 lost=3,755 (+21) | L0=96.6% L1=1.8% L2=0.5% miss=1.2% | sub-step misses: k1=3734 k2=3746 k3=3735 k4=3756 final=3755 | SA-L2: 0/21 newly-lost found by standalone | (prev: lost=53,838, diff=-50083)
  Step  543: active=319,936 lost=3,770 (+15) | L0=96.6% L1=1.7% L2=0.5% miss=1.2% | sub-step misses: k1=3755 k2=3765 k3=3757 k4=3772 final=3770 | SA-L2: 0/15 newly-lost found by standalone | (prev: lost=53,921, diff=-50151)
  Step  544: active=319,920 lost=3,786 (+16) | L0=96.5% L1=1.8% L2=0.5% miss=1.2% | sub-step misses: k1=3770 k2=3781 k3=3770 k4=3788 final=3786 | SA-L2: 0/16 newly-lost found by standalone | (prev: lost=54,020, diff=-50234)
  Step  545: active=319,897 lost=3,809 (+23) | L0=96.5% L1=1.8% L2=0.5% miss=1.2% | sub-step misses: k1=3786 k2=3803 k3=3786 k4=3812 final=3809 | SA-L2: 0/23 newly-lost found by standalone | (prev: lost=54,105, diff=-50296)
  Step  546: active=319,887 lost=3,819 (+10) | L0=96.5% L1=1.8% L2=0.5% miss=1.2% | sub-step misses: k1=3809 k2=3816 k3=3810 k4=3822 final=3819 | SA-L2: 0/10 newly-lost found by standalone | (prev: lost=54,181, diff=-50362)
  Step  547: active=319,871 lost=3,835 (+16) | L0=96.5% L1=1.8% L2=0.5% miss=1.2% | sub-step misses: k1=3819 k2=3828 k3=3820 k4=3835 final=3835 | SA-L2: 0/16 newly-lost found by standalone | (prev: lost=54,248, diff=-50413)
  Step  548: active=319,859 lost=3,847 (+12) | L0=96.5% L1=1.8% L2=0.5% miss=1.2% | sub-step misses: k1=3835 k2=3842 k3=3836 k4=3848 final=3847 | SA-L2: 0/12 newly-lost found by standalone | (prev: lost=54,317, diff=-50470)
  Step  549: active=319,843 lost=3,863 (+16) | L0=96.5% L1=1.8% L2=0.5% miss=1.2% | sub-step misses: k1=3847 k2=3857 k3=3850 k4=3860 final=3863 | SA-L2: 0/16 newly-lost found by standalone | (prev: lost=54,409, diff=-50546)
  Step  550: active=319,826 lost=3,880 (+17) | L0=96.5% L1=1.8% L2=0.5% miss=1.2% | sub-step misses: k1=3863 k2=3875 k3=3865 k4=3880 final=3880 | SA-L2: 0/17 newly-lost found by standalone | (prev: lost=54,497, diff=-50617)
  Step  551: active=319,810 lost=3,896 (+16) | L0=96.5% L1=1.8% L2=0.5% miss=1.2% | sub-step misses: k1=3880 k2=3891 k3=3881 k4=3901 final=3896 | SA-L2: 0/16 newly-lost found by standalone | (prev: lost=54,587, diff=-50691)
  Step  552: active=319,795 lost=3,911 (+15) | L0=96.5% L1=1.8% L2=0.5% miss=1.2% | sub-step misses: k1=3896 k2=3906 k3=3897 k4=3914 final=3911 | SA-L2: 0/15 newly-lost found by standalone | (prev: lost=54,672, diff=-50761)
  Step  553: active=319,779 lost=3,927 (+16) | L0=96.5% L1=1.8% L2=0.5% miss=1.2% | sub-step misses: k1=3911 k2=3922 k3=3912 k4=3931 final=3927 | SA-L2: 0/16 newly-lost found by standalone | (prev: lost=54,745, diff=-50818)
  Step  554: active=319,764 lost=3,942 (+15) | L0=96.5% L1=1.8% L2=0.5% miss=1.2% | sub-step misses: k1=3927 k2=3935 k3=3928 k4=3947 final=3942 | SA-L2: 0/15 newly-lost found by standalone | (prev: lost=54,823, diff=-50881)
  Step  555: active=319,749 lost=3,957 (+15) | L0=96.5% L1=1.8% L2=0.5% miss=1.2% | sub-step misses: k1=3942 k2=3954 k3=3943 k4=3957 final=3957 | SA-L2: 0/15 newly-lost found by standalone | (prev: lost=54,898, diff=-50941)
  Step  556: active=319,738 lost=3,968 (+11) | L0=96.5% L1=1.8% L2=0.5% miss=1.2% | sub-step misses: k1=3957 k2=3965 k3=3958 k4=3970 final=3968 | SA-L2: 0/11 newly-lost found by standalone | (prev: lost=54,983, diff=-51015)
  Step  557: active=319,722 lost=3,984 (+16) | L0=96.5% L1=1.8% L2=0.5% miss=1.2% | sub-step misses: k1=3968 k2=3977 k3=3970 k4=3983 final=3984 | SA-L2: 0/16 newly-lost found by standalone | (prev: lost=55,067, diff=-51083)
  Step  558: active=319,713 lost=3,993 (+9) | L0=96.5% L1=1.8% L2=0.5% miss=1.2% | sub-step misses: k1=3984 k2=3989 k3=3986 k4=3996 final=3993 | SA-L2: 0/9 newly-lost found by standalone | (prev: lost=55,140, diff=-51147)
  Step  559: active=319,697 lost=4,009 (+16) | L0=96.5% L1=1.8% L2=0.5% miss=1.2% | sub-step misses: k1=3993 k2=4006 k3=3993 k4=4013 final=4009 | SA-L2: 0/16 newly-lost found by standalone | (prev: lost=55,213, diff=-51204)
  Step  560: active=319,678 lost=4,028 (+19) | L0=96.4% L1=1.8% L2=0.5% miss=1.2% | sub-step misses: k1=4009 k2=4021 k3=4010 k4=4028 final=4028 | SA-L2: 0/19 newly-lost found by standalone | (prev: lost=55,303, diff=-51275)
  Step  561: active=319,661 lost=4,045 (+17) | L0=96.4% L1=1.8% L2=0.5% miss=1.2% | sub-step misses: k1=4028 k2=4041 k3=4028 k4=4046 final=4045 | SA-L2: 0/17 newly-lost found by standalone | (prev: lost=55,390, diff=-51345)
  Step  562: active=319,647 lost=4,059 (+14) | L0=96.4% L1=1.8% L2=0.5% miss=1.3% | sub-step misses: k1=4045 k2=4055 k3=4045 k4=4063 final=4059 | SA-L2: 0/14 newly-lost found by standalone | (prev: lost=55,463, diff=-51404)
  Step  563: active=319,635 lost=4,071 (+12) | L0=96.4% L1=1.8% L2=0.5% miss=1.3% | sub-step misses: k1=4059 k2=4068 k3=4060 k4=4073 final=4071 | SA-L2: 0/12 newly-lost found by standalone | (prev: lost=55,553, diff=-51482)
  Step  564: active=319,620 lost=4,086 (+15) | L0=96.4% L1=1.8% L2=0.5% miss=1.3% | sub-step misses: k1=4071 k2=4080 k3=4072 k4=4087 final=4086 | SA-L2: 0/15 newly-lost found by standalone | (prev: lost=55,643, diff=-51557)
  Step  565: active=319,610 lost=4,096 (+10) | L0=96.4% L1=1.8% L2=0.5% miss=1.3% | sub-step misses: k1=4086 k2=4091 k3=4087 k4=4097 final=4096 | SA-L2: 0/10 newly-lost found by standalone | (prev: lost=55,717, diff=-51621)
  Step  566: active=319,600 lost=4,106 (+10) | L0=96.4% L1=1.8% L2=0.5% miss=1.3% | sub-step misses: k1=4096 k2=4103 k3=4098 k4=4109 final=4106 | SA-L2: 0/10 newly-lost found by standalone | (prev: lost=55,804, diff=-51698)
  Step  567: active=319,584 lost=4,122 (+16) | L0=96.4% L1=1.8% L2=0.5% miss=1.3% | sub-step misses: k1=4106 k2=4120 k3=4106 k4=4129 final=4122 | SA-L2: 0/16 newly-lost found by standalone | (prev: lost=55,877, diff=-51755)
  Step  568: active=319,569 lost=4,137 (+15) | L0=96.4% L1=1.8% L2=0.5% miss=1.3% | sub-step misses: k1=4122 k2=4131 k3=4124 k4=4139 final=4137 | SA-L2: 0/15 newly-lost found by standalone | (prev: lost=55,966, diff=-51829)
  Step  569: active=319,548 lost=4,158 (+21) | L0=96.4% L1=1.8% L2=0.5% miss=1.3% | sub-step misses: k1=4137 k2=4149 k3=4139 k4=4158 final=4158 | SA-L2: 0/21 newly-lost found by standalone | (prev: lost=56,055, diff=-51897)
  Step  570: active=319,536 lost=4,170 (+12) | L0=96.4% L1=1.8% L2=0.5% miss=1.3% | sub-step misses: k1=4158 k2=4167 k3=4159 k4=4175 final=4170 | SA-L2: 0/12 newly-lost found by standalone | (prev: lost=56,137, diff=-51967)
  Step  571: active=319,522 lost=4,184 (+14) | L0=96.4% L1=1.8% L2=0.5% miss=1.3% | sub-step misses: k1=4170 k2=4177 k3=4170 k4=4185 final=4184 | SA-L2: 0/14 newly-lost found by standalone | (prev: lost=56,214, diff=-52030)
  Step  572: active=319,507 lost=4,199 (+15) | L0=96.4% L1=1.8% L2=0.5% miss=1.3% | sub-step misses: k1=4184 k2=4191 k3=4188 k4=4199 final=4199 | SA-L2: 0/15 newly-lost found by standalone | (prev: lost=56,299, diff=-52100)
  Step  573: active=319,494 lost=4,212 (+13) | L0=96.4% L1=1.8% L2=0.5% miss=1.3% | sub-step misses: k1=4199 k2=4209 k3=4199 k4=4213 final=4212 | SA-L2: 0/13 newly-lost found by standalone | (prev: lost=56,391, diff=-52179)
  Step  574: active=319,486 lost=4,220 (+8) | L0=96.4% L1=1.8% L2=0.5% miss=1.3% | sub-step misses: k1=4212 k2=4217 k3=4212 k4=4221 final=4220 | SA-L2: 0/8 newly-lost found by standalone | (prev: lost=56,471, diff=-52251)
  Step  575: active=319,476 lost=4,230 (+10) | L0=96.4% L1=1.8% L2=0.5% miss=1.3% | sub-step misses: k1=4220 k2=4223 k3=4222 k4=4229 final=4230 | SA-L2: 0/10 newly-lost found by standalone | (prev: lost=56,549, diff=-52319)
  Step  576: active=319,468 lost=4,238 (+8) | L0=96.4% L1=1.8% L2=0.5% miss=1.3% | sub-step misses: k1=4230 k2=4231 k3=4234 k4=4236 final=4238 | SA-L2: 0/8 newly-lost found by standalone | (prev: lost=56,626, diff=-52388)
  Step  577: active=319,454 lost=4,252 (+14) | L0=96.4% L1=1.8% L2=0.5% miss=1.3% | sub-step misses: k1=4238 k2=4247 k3=4241 k4=4251 final=4252 | SA-L2: 0/14 newly-lost found by standalone | (prev: lost=56,694, diff=-52442)
  Step  578: active=319,443 lost=4,263 (+11) | L0=96.4% L1=1.8% L2=0.5% miss=1.3% | sub-step misses: k1=4252 k2=4257 k3=4253 k4=4263 final=4263 | SA-L2: 0/11 newly-lost found by standalone | (prev: lost=56,782, diff=-52519)
  Step  579: active=319,429 lost=4,277 (+14) | L0=96.4% L1=1.8% L2=0.5% miss=1.3% | sub-step misses: k1=4263 k2=4274 k3=4264 k4=4278 final=4277 | SA-L2: 0/14 newly-lost found by standalone | (prev: lost=56,876, diff=-52599)
  Step  580: active=319,422 lost=4,284 (+7) | L0=96.3% L1=1.8% L2=0.5% miss=1.3% | sub-step misses: k1=4277 k2=4280 k3=4279 k4=4282 final=4284 | SA-L2: 0/7 newly-lost found by standalone | (prev: lost=56,956, diff=-52672)
  Step  581: active=319,412 lost=4,294 (+10) | L0=96.3% L1=1.8% L2=0.5% miss=1.3% | sub-step misses: k1=4284 k2=4290 k3=4284 k4=4298 final=4294 | SA-L2: 0/10 newly-lost found by standalone | (prev: lost=57,044, diff=-52750)
  Step  582: active=319,405 lost=4,301 (+7) | L0=96.3% L1=1.8% L2=0.5% miss=1.3% | sub-step misses: k1=4294 k2=4299 k3=4295 k4=4301 final=4301 | SA-L2: 0/7 newly-lost found by standalone | (prev: lost=57,135, diff=-52834)
  Step  583: active=319,401 lost=4,305 (+4) | L0=96.3% L1=1.8% L2=0.5% miss=1.3% | sub-step misses: k1=4301 k2=4304 k3=4301 k4=4309 final=4305 | SA-L2: 0/4 newly-lost found by standalone | (prev: lost=57,207, diff=-52902)
  Step  584: active=319,392 lost=4,314 (+9) | L0=96.4% L1=1.8% L2=0.5% miss=1.3% | sub-step misses: k1=4305 k2=4310 k3=4306 k4=4315 final=4314 | SA-L2: 0/9 newly-lost found by standalone | (prev: lost=57,295, diff=-52981)
  Step  585: active=319,382 lost=4,324 (+10) | L0=96.4% L1=1.8% L2=0.5% miss=1.3% | sub-step misses: k1=4314 k2=4319 k3=4317 k4=4324 final=4324 | SA-L2: 0/10 newly-lost found by standalone | (prev: lost=57,362, diff=-53038)
  Step  586: active=319,371 lost=4,335 (+11) | L0=96.4% L1=1.8% L2=0.5% miss=1.3% | sub-step misses: k1=4324 k2=4331 k3=4324 k4=4336 final=4335 | SA-L2: 0/11 newly-lost found by standalone | (prev: lost=57,452, diff=-53117)
  Step  587: active=319,360 lost=4,346 (+11) | L0=96.4% L1=1.8% L2=0.5% miss=1.3% | sub-step misses: k1=4335 k2=4341 k3=4337 k4=4345 final=4346 | SA-L2: 0/11 newly-lost found by standalone | (prev: lost=57,550, diff=-53204)
  Step  588: active=319,356 lost=4,350 (+4) | L0=96.3% L1=1.8% L2=0.5% miss=1.3% | sub-step misses: k1=4346 k2=4350 k3=4346 k4=4352 final=4350 | SA-L2: 0/4 newly-lost found by standalone | (prev: lost=57,623, diff=-53273)
  Step  589: active=319,347 lost=4,359 (+9) | L0=96.3% L1=1.8% L2=0.5% miss=1.3% | sub-step misses: k1=4350 k2=4355 k3=4353 k4=4358 final=4359 | SA-L2: 0/9 newly-lost found by standalone | (prev: lost=57,714, diff=-53355)
  Step  590: active=319,338 lost=4,368 (+9) | L0=96.3% L1=1.8% L2=0.5% miss=1.3% | sub-step misses: k1=4359 k2=4366 k3=4359 k4=4369 final=4368 | SA-L2: 0/9 newly-lost found by standalone | (prev: lost=57,798, diff=-53430)
  Step  591: active=319,330 lost=4,376 (+8) | L0=96.3% L1=1.8% L2=0.5% miss=1.4% | sub-step misses: k1=4368 k2=4374 k3=4369 k4=4377 final=4376 | SA-L2: 0/8 newly-lost found by standalone | (prev: lost=57,875, diff=-53499)
  Step  592: active=319,321 lost=4,385 (+9) | L0=96.3% L1=1.8% L2=0.5% miss=1.4% | sub-step misses: k1=4376 k2=4382 k3=4376 k4=4386 final=4385 | SA-L2: 0/9 newly-lost found by standalone | (prev: lost=57,960, diff=-53575)
  Step  593: active=319,312 lost=4,394 (+9) | L0=96.3% L1=1.8% L2=0.5% miss=1.4% | sub-step misses: k1=4385 k2=4393 k3=4386 k4=4397 final=4394 | SA-L2: 0/9 newly-lost found by standalone | (prev: lost=58,034, diff=-53640)
  Step  594: active=319,305 lost=4,401 (+7) | L0=96.3% L1=1.8% L2=0.5% miss=1.4% | sub-step misses: k1=4394 k2=4399 k3=4395 k4=4401 final=4401 | SA-L2: 0/7 newly-lost found by standalone | (prev: lost=58,124, diff=-53723)
  Step  595: active=319,297 lost=4,409 (+8) | L0=96.3% L1=1.8% L2=0.5% miss=1.4% | sub-step misses: k1=4401 k2=4406 k3=4402 k4=4409 final=4409 | SA-L2: 0/8 newly-lost found by standalone | (prev: lost=58,197, diff=-53788)
  Step  596: active=319,290 lost=4,416 (+7) | L0=96.3% L1=1.8% L2=0.5% miss=1.4% | sub-step misses: k1=4409 k2=4415 k3=4410 k4=4418 final=4416 | SA-L2: 0/7 newly-lost found by standalone | (prev: lost=58,284, diff=-53868)
  Step  597: active=319,281 lost=4,425 (+9) | L0=96.3% L1=1.8% L2=0.5% miss=1.4% | sub-step misses: k1=4416 k2=4422 k3=4418 k4=4426 final=4425 | SA-L2: 0/9 newly-lost found by standalone | (prev: lost=58,379, diff=-53954)
  Step  598: active=319,270 lost=4,436 (+11) | L0=96.3% L1=1.8% L2=0.5% miss=1.4% | sub-step misses: k1=4425 k2=4431 k3=4426 k4=4437 final=4436 | SA-L2: 0/11 newly-lost found by standalone | (prev: lost=58,476, diff=-54040)
  Step  599: active=319,258 lost=4,448 (+12) | L0=96.3% L1=1.8% L2=0.5% miss=1.4% | sub-step misses: k1=4436 k2=4440 k3=4436 k4=4450 final=4448 | SA-L2: 0/12 newly-lost found by standalone | (prev: lost=58,566, diff=-54118)
  Step  600: active=319,250 lost=4,456 (+8) | L0=96.3% L1=1.8% L2=0.5% miss=1.4% | sub-step misses: k1=4448 k2=4453 k3=4448 k4=4457 final=4456 | SA-L2: 0/8 newly-lost found by standalone | (prev: lost=58,660, diff=-54204)
  Step  601: active=319,246 lost=4,460 (+4) | L0=96.3% L1=1.8% L2=0.5% miss=1.4% | sub-step misses: k1=4456 k2=4458 k3=4456 k4=4462 final=4460 | SA-L2: 0/4 newly-lost found by standalone | (prev: lost=58,742, diff=-54282)
  Step  602: active=319,241 lost=4,465 (+5) | L0=96.3% L1=1.8% L2=0.5% miss=1.4% | sub-step misses: k1=4460 k2=4464 k3=4460 k4=4465 final=4465 | SA-L2: 0/5 newly-lost found by standalone | (prev: lost=58,822, diff=-54357)
  Step  603: active=319,238 lost=4,468 (+3) | L0=96.3% L1=1.8% L2=0.5% miss=1.4% | sub-step misses: k1=4465 k2=4467 k3=4465 k4=4472 final=4468 | SA-L2: 0/3 newly-lost found by standalone | (prev: lost=58,900, diff=-54432)
  Step  604: active=319,220 lost=4,486 (+18) | L0=96.3% L1=1.8% L2=0.5% miss=1.4% | sub-step misses: k1=4468 k2=4480 k3=4469 k4=4486 final=4486 | SA-L2: 0/18 newly-lost found by standalone | (prev: lost=58,973, diff=-54487)
  Step  605: active=319,213 lost=4,493 (+7) | L0=96.3% L1=1.8% L2=0.5% miss=1.4% | sub-step misses: k1=4486 k2=4489 k3=4488 k4=4493 final=4493 | SA-L2: 0/7 newly-lost found by standalone | (prev: lost=59,057, diff=-54564)
  Step  606: active=319,209 lost=4,497 (+4) | L0=96.3% L1=1.8% L2=0.5% miss=1.4% | sub-step misses: k1=4493 k2=4497 k3=4493 k4=4498 final=4497 | SA-L2: 0/4 newly-lost found by standalone | (prev: lost=59,149, diff=-54652)
  Step  607: active=319,201 lost=4,505 (+8) | L0=96.3% L1=1.8% L2=0.5% miss=1.4% | sub-step misses: k1=4497 k2=4503 k3=4498 k4=4505 final=4505 | SA-L2: 0/8 newly-lost found by standalone | (prev: lost=59,235, diff=-54730)
  Step  608: active=319,189 lost=4,517 (+12) | L0=96.3% L1=1.8% L2=0.5% miss=1.4% | sub-step misses: k1=4505 k2=4510 k3=4507 k4=4517 final=4517 | SA-L2: 0/12 newly-lost found by standalone | (prev: lost=59,327, diff=-54810)
  Step  609: active=319,183 lost=4,523 (+6) | L0=96.3% L1=1.8% L2=0.5% miss=1.4% | sub-step misses: k1=4517 k2=4523 k3=4517 k4=4526 final=4523 | SA-L2: 0/6 newly-lost found by standalone | (prev: lost=59,407, diff=-54884)
  Step  610: active=319,175 lost=4,531 (+8) | L0=96.3% L1=1.8% L2=0.5% miss=1.4% | sub-step misses: k1=4523 k2=4528 k3=4524 k4=4532 final=4531 | SA-L2: 0/8 newly-lost found by standalone | (prev: lost=59,500, diff=-54969)
  Step  611: active=319,164 lost=4,542 (+11) | L0=96.3% L1=1.8% L2=0.5% miss=1.4% | sub-step misses: k1=4531 k2=4539 k3=4532 k4=4542 final=4542 | SA-L2: 0/11 newly-lost found by standalone | (prev: lost=59,581, diff=-55039)
  Step  612: active=319,161 lost=4,545 (+3) | L0=96.2% L1=1.8% L2=0.5% miss=1.4% | sub-step misses: k1=4542 k2=4544 k3=4542 k4=4544 final=4545 | SA-L2: 0/3 newly-lost found by standalone | (prev: lost=59,661, diff=-55116)
  Step  613: active=319,152 lost=4,554 (+9) | L0=96.3% L1=1.8% L2=0.5% miss=1.4% | sub-step misses: k1=4545 k2=4551 k3=4547 k4=4554 final=4554 | SA-L2: 0/9 newly-lost found by standalone | (prev: lost=59,741, diff=-55187)
  Step  614: active=319,143 lost=4,563 (+9) | L0=96.3% L1=1.8% L2=0.5% miss=1.4% | sub-step misses: k1=4554 k2=4562 k3=4554 k4=4564 final=4563 | SA-L2: 0/9 newly-lost found by standalone | (prev: lost=59,817, diff=-55254)
  Step  615: active=319,137 lost=4,569 (+6) | L0=96.3% L1=1.8% L2=0.5% miss=1.4% | sub-step misses: k1=4563 k2=4567 k3=4563 k4=4572 final=4569 | SA-L2: 0/6 newly-lost found by standalone | (prev: lost=59,922, diff=-55353)
  Step  616: active=319,124 lost=4,582 (+13) | L0=96.2% L1=1.8% L2=0.5% miss=1.4% | sub-step misses: k1=4569 k2=4575 k3=4570 k4=4584 final=4582 | SA-L2: 0/13 newly-lost found by standalone | (prev: lost=60,009, diff=-55427)
  Step  617: active=319,119 lost=4,587 (+5) | L0=96.3% L1=1.8% L2=0.5% miss=1.4% | sub-step misses: k1=4582 k2=4587 k3=4582 k4=4588 final=4587 | SA-L2: 0/5 newly-lost found by standalone | (prev: lost=60,102, diff=-55515)
  Step  618: active=319,111 lost=4,595 (+8) | L0=96.3% L1=1.8% L2=0.5% miss=1.4% | sub-step misses: k1=4587 k2=4593 k3=4587 k4=4597 final=4595 | SA-L2: 0/8 newly-lost found by standalone | (prev: lost=60,177, diff=-55582)
  Step  619: active=319,106 lost=4,600 (+5) | L0=96.2% L1=1.8% L2=0.5% miss=1.4% | sub-step misses: k1=4595 k2=4599 k3=4595 k4=4602 final=4600 | SA-L2: 0/5 newly-lost found by standalone | (prev: lost=60,260, diff=-55660)
  Step  620: active=319,098 lost=4,608 (+8) | L0=96.2% L1=1.8% L2=0.5% miss=1.4% | sub-step misses: k1=4600 k2=4605 k3=4600 k4=4609 final=4608 | SA-L2: 0/8 newly-lost found by standalone | (prev: lost=60,338, diff=-55730)
  Step  621: active=319,092 lost=4,614 (+6) | L0=96.3% L1=1.8% L2=0.5% miss=1.4% | sub-step misses: k1=4608 k2=4610 k3=4610 k4=4612 final=4614 | SA-L2: 0/6 newly-lost found by standalone | (prev: lost=60,419, diff=-55805)
  Step  622: active=319,082 lost=4,624 (+10) | L0=96.3% L1=1.8% L2=0.5% miss=1.4% | sub-step misses: k1=4614 k2=4620 k3=4614 k4=4625 final=4624 | SA-L2: 0/10 newly-lost found by standalone | (prev: lost=60,506, diff=-55882)
  Step  623: active=319,080 lost=4,626 (+2) | L0=96.3% L1=1.8% L2=0.5% miss=1.4% | sub-step misses: k1=4624 k2=4626 k3=4624 k4=4626 final=4626 | SA-L2: 0/2 newly-lost found by standalone | (prev: lost=60,581, diff=-55955)
  Step  624: active=319,072 lost=4,634 (+8) | L0=96.3% L1=1.8% L2=0.5% miss=1.4% | sub-step misses: k1=4626 k2=4631 k3=4626 k4=4637 final=4634 | SA-L2: 0/8 newly-lost found by standalone | (prev: lost=60,681, diff=-56047)
  Step  625: active=319,066 lost=4,640 (+6) | L0=96.3% L1=1.8% L2=0.5% miss=1.4% | sub-step misses: k1=4634 k2=4639 k3=4634 k4=4640 final=4640 | SA-L2: 0/6 newly-lost found by standalone | (prev: lost=60,757, diff=-56117)
  Step  626: active=319,059 lost=4,647 (+7) | L0=96.2% L1=1.8% L2=0.5% miss=1.4% | sub-step misses: k1=4640 k2=4645 k3=4641 k4=4647 final=4647 | SA-L2: 0/7 newly-lost found by standalone | (prev: lost=60,861, diff=-56214)
  Step  627: active=319,054 lost=4,652 (+5) | L0=96.3% L1=1.8% L2=0.5% miss=1.4% | sub-step misses: k1=4647 k2=4650 k3=4647 k4=4653 final=4652 | SA-L2: 0/5 newly-lost found by standalone | (prev: lost=60,936, diff=-56284)
  Step  628: active=319,046 lost=4,660 (+8) | L0=96.2% L1=1.8% L2=0.5% miss=1.4% | sub-step misses: k1=4652 k2=4657 k3=4652 k4=4660 final=4660 | SA-L2: 0/8 newly-lost found by standalone | (prev: lost=61,018, diff=-56358)
  Step  629: active=319,044 lost=4,662 (+2) | L0=96.2% L1=1.8% L2=0.5% miss=1.4% | sub-step misses: k1=4660 k2=4661 k3=4661 k4=4661 final=4662 | SA-L2: 0/2 newly-lost found by standalone | (prev: lost=61,102, diff=-56440)
  Step  630: active=319,038 lost=4,668 (+6) | L0=96.2% L1=1.8% L2=0.5% miss=1.4% | sub-step misses: k1=4662 k2=4664 k3=4663 k4=4668 final=4668 | SA-L2: 0/6 newly-lost found by standalone | (prev: lost=61,197, diff=-56529)
  Step  631: active=319,031 lost=4,675 (+7) | L0=96.2% L1=1.8% L2=0.5% miss=1.4% | sub-step misses: k1=4668 k2=4675 k3=4668 k4=4676 final=4675 | SA-L2: 0/7 newly-lost found by standalone | (prev: lost=61,284, diff=-56609)
  Step  632: active=319,029 lost=4,677 (+2) | L0=96.2% L1=1.8% L2=0.5% miss=1.4% | sub-step misses: k1=4675 k2=4677 k3=4675 k4=4678 final=4677 | SA-L2: 0/2 newly-lost found by standalone | (prev: lost=61,367, diff=-56690)
  Step  633: active=319,023 lost=4,683 (+6) | L0=96.3% L1=1.8% L2=0.5% miss=1.4% | sub-step misses: k1=4677 k2=4680 k3=4677 k4=4685 final=4683 | SA-L2: 0/6 newly-lost found by standalone | (prev: lost=61,457, diff=-56774)
  Step  634: active=319,016 lost=4,690 (+7) | L0=96.3% L1=1.8% L2=0.5% miss=1.4% | sub-step misses: k1=4683 k2=4687 k3=4684 k4=4690 final=4690 | SA-L2: 0/7 newly-lost found by standalone | (prev: lost=61,541, diff=-56851)
  Step  635: active=319,008 lost=4,698 (+8) | L0=96.2% L1=1.8% L2=0.5% miss=1.5% | sub-step misses: k1=4690 k2=4693 k3=4692 k4=4697 final=4698 | SA-L2: 0/8 newly-lost found by standalone | (prev: lost=61,626, diff=-56928)
  Step  636: active=319,006 lost=4,700 (+2) | L0=96.2% L1=1.8% L2=0.5% miss=1.5% | sub-step misses: k1=4698 k2=4700 k3=4698 k4=4702 final=4700 | SA-L2: 0/2 newly-lost found by standalone | (prev: lost=61,700, diff=-57000)
  Step  637: active=319,001 lost=4,705 (+5) | L0=96.2% L1=1.8% L2=0.5% miss=1.5% | sub-step misses: k1=4700 k2=4704 k3=4701 k4=4705 final=4705 | SA-L2: 0/5 newly-lost found by standalone | (prev: lost=61,771, diff=-57066)
  Step  638: active=318,999 lost=4,707 (+2) | L0=96.2% L1=1.8% L2=0.5% miss=1.5% | sub-step misses: k1=4705 k2=4707 k3=4705 k4=4708 final=4707 | SA-L2: 0/2 newly-lost found by standalone | (prev: lost=61,862, diff=-57155)
  Step  639: active=318,992 lost=4,714 (+7) | L0=96.2% L1=1.8% L2=0.5% miss=1.5% | sub-step misses: k1=4707 k2=4711 k3=4707 k4=4716 final=4714 | SA-L2: 0/7 newly-lost found by standalone | (prev: lost=61,955, diff=-57241)
  Step  640: active=318,986 lost=4,720 (+6) | L0=96.2% L1=1.8% L2=0.5% miss=1.5% | sub-step misses: k1=4714 k2=4720 k3=4714 k4=4721 final=4720 | SA-L2: 0/6 newly-lost found by standalone | (prev: lost=62,045, diff=-57325)
  Step  641: active=318,982 lost=4,724 (+4) | L0=96.3% L1=1.8% L2=0.5% miss=1.5% | sub-step misses: k1=4720 k2=4724 k3=4720 k4=4725 final=4724 | SA-L2: 0/4 newly-lost found by standalone | (prev: lost=62,129, diff=-57405)
  Step  642: active=318,978 lost=4,728 (+4) | L0=96.2% L1=1.8% L2=0.5% miss=1.5% | sub-step misses: k1=4724 k2=4726 k3=4724 k4=4730 final=4728 | SA-L2: 0/4 newly-lost found by standalone | (prev: lost=62,207, diff=-57479)
  Step  643: active=318,973 lost=4,733 (+5) | L0=96.3% L1=1.8% L2=0.5% miss=1.5% | sub-step misses: k1=4728 k2=4730 k3=4729 k4=4733 final=4733 | SA-L2: 0/5 newly-lost found by standalone | (prev: lost=62,296, diff=-57563)
  Step  644: active=318,969 lost=4,737 (+4) | L0=96.2% L1=1.8% L2=0.5% miss=1.5% | sub-step misses: k1=4733 k2=4735 k3=4733 k4=4738 final=4737 | SA-L2: 0/4 newly-lost found by standalone | (prev: lost=62,392, diff=-57655)
  Step  645: active=318,961 lost=4,745 (+8) | L0=96.2% L1=1.8% L2=0.5% miss=1.5% | sub-step misses: k1=4737 k2=4740 k3=4738 k4=4744 final=4745 | SA-L2: 0/8 newly-lost found by standalone | (prev: lost=62,471, diff=-57726)
  Step  646: active=318,959 lost=4,747 (+2) | L0=96.2% L1=1.8% L2=0.5% miss=1.5% | sub-step misses: k1=4745 k2=4746 k3=4746 k4=4746 final=4747 | SA-L2: 0/2 newly-lost found by standalone | (prev: lost=62,558, diff=-57811)
  Step  647: active=318,957 lost=4,749 (+2) | L0=96.2% L1=1.8% L2=0.5% miss=1.5% | sub-step misses: k1=4747 k2=4748 k3=4747 k4=4751 final=4749 | SA-L2: 0/2 newly-lost found by standalone | (prev: lost=62,643, diff=-57894)
  Step  648: active=318,952 lost=4,754 (+5) | L0=96.2% L1=1.8% L2=0.5% miss=1.5% | sub-step misses: k1=4749 k2=4752 k3=4749 k4=4754 final=4754 | SA-L2: 0/5 newly-lost found by standalone | (prev: lost=62,725, diff=-57971)
  Step  649: active=318,948 lost=4,758 (+4) | L0=96.2% L1=1.8% L2=0.5% miss=1.5% | sub-step misses: k1=4754 k2=4756 k3=4754 k4=4758 final=4758 | SA-L2: 0/4 newly-lost found by standalone | (prev: lost=62,822, diff=-58064)
  Step  650: active=318,944 lost=4,762 (+4) | L0=96.3% L1=1.8% L2=0.5% miss=1.5% | sub-step misses: k1=4758 k2=4758 k3=4759 k4=4762 final=4762 | SA-L2: 0/4 newly-lost found by standalone | (prev: lost=62,901, diff=-58139)
  Step  651: active=318,938 lost=4,768 (+6) | L0=96.2% L1=1.8% L2=0.5% miss=1.5% | sub-step misses: k1=4762 k2=4768 k3=4762 k4=4768 final=4768 | SA-L2: 0/6 newly-lost found by standalone | (prev: lost=62,995, diff=-58227)
  Step  652: active=318,934 lost=4,772 (+4) | L0=96.2% L1=1.8% L2=0.5% miss=1.5% | sub-step misses: k1=4768 k2=4771 k3=4769 k4=4772 final=4772 | SA-L2: 0/4 newly-lost found by standalone | (prev: lost=63,078, diff=-58306)
  Step  653: active=318,927 lost=4,779 (+7) | L0=96.2% L1=1.8% L2=0.5% miss=1.5% | sub-step misses: k1=4772 k2=4775 k3=4772 k4=4779 final=4779 | SA-L2: 0/7 newly-lost found by standalone | (prev: lost=63,167, diff=-58388)
  Step  654: active=318,926 lost=4,780 (+1) | L0=96.2% L1=1.8% L2=0.5% miss=1.5% | sub-step misses: k1=4779 k2=4779 k3=4779 k4=4780 final=4780 | SA-L2: 0/1 newly-lost found by standalone | (prev: lost=63,236, diff=-58456)
  Step  655: active=318,922 lost=4,784 (+4) | L0=96.2% L1=1.8% L2=0.5% miss=1.5% | sub-step misses: k1=4780 k2=4782 k3=4780 k4=4784 final=4784 | SA-L2: 0/4 newly-lost found by standalone | (prev: lost=63,333, diff=-58549)
  Step  656: active=318,916 lost=4,790 (+6) | L0=96.2% L1=1.8% L2=0.5% miss=1.5% | sub-step misses: k1=4784 k2=4785 k3=4785 k4=4789 final=4790 | SA-L2: 0/6 newly-lost found by standalone | (prev: lost=63,403, diff=-58613)
  Step  657: active=318,915 lost=4,791 (+1) | L0=96.2% L1=1.8% L2=0.5% miss=1.5% | sub-step misses: k1=4790 k2=4791 k3=4790 k4=4791 final=4791 | SA-L2: 0/1 newly-lost found by standalone | (prev: lost=63,475, diff=-58684)
  Step  658: active=318,912 lost=4,794 (+3) | L0=96.2% L1=1.8% L2=0.5% miss=1.5% | sub-step misses: k1=4791 k2=4794 k3=4791 k4=4794 final=4794 | SA-L2: 0/3 newly-lost found by standalone | (prev: lost=63,558, diff=-58764)
  Step  659: active=318,905 lost=4,801 (+7) | L0=96.2% L1=1.8% L2=0.5% miss=1.5% | sub-step misses: k1=4794 k2=4799 k3=4795 k4=4802 final=4801 | SA-L2: 0/7 newly-lost found by standalone | (prev: lost=63,646, diff=-58845)
  Step  660: active=318,902 lost=4,804 (+3) | L0=96.2% L1=1.8% L2=0.5% miss=1.5% | sub-step misses: k1=4801 k2=4803 k3=4802 k4=4804 final=4804 | SA-L2: 0/3 newly-lost found by standalone | (prev: lost=63,724, diff=-58920)
  Step  661: active=318,900 lost=4,806 (+2) | L0=96.2% L1=1.8% L2=0.5% miss=1.5% | sub-step misses: k1=4804 k2=4805 k3=4804 k4=4806 final=4806 | SA-L2: 0/2 newly-lost found by standalone | (prev: lost=63,812, diff=-59006)
  Step  662: active=318,897 lost=4,809 (+3) | L0=96.2% L1=1.8% L2=0.5% miss=1.5% | sub-step misses: k1=4806 k2=4807 k3=4806 k4=4808 final=4809 | SA-L2: 0/3 newly-lost found by standalone | (prev: lost=63,894, diff=-59085)
  Step  663: active=318,894 lost=4,812 (+3) | L0=96.2% L1=1.8% L2=0.5% miss=1.5% | sub-step misses: k1=4809 k2=4810 k3=4809 k4=4810 final=4812 | SA-L2: 0/3 newly-lost found by standalone | (prev: lost=63,974, diff=-59162)
  Step  664: active=318,890 lost=4,816 (+4) | L0=96.2% L1=1.8% L2=0.5% miss=1.5% | sub-step misses: k1=4812 k2=4815 k3=4812 k4=4816 final=4816 | SA-L2: 0/4 newly-lost found by standalone | (prev: lost=64,066, diff=-59250)
  Step  665: active=318,887 lost=4,819 (+3) | L0=96.2% L1=1.8% L2=0.5% miss=1.5% | sub-step misses: k1=4816 k2=4818 k3=4816 k4=4820 final=4819 | SA-L2: 0/3 newly-lost found by standalone | (prev: lost=64,137, diff=-59318)
  Step  666: active=318,884 lost=4,822 (+3) | L0=96.2% L1=1.8% L2=0.5% miss=1.5% | sub-step misses: k1=4819 k2=4821 k3=4820 k4=4821 final=4822 | SA-L2: 0/3 newly-lost found by standalone | (prev: lost=64,215, diff=-59393)
  Step  667: active=318,880 lost=4,826 (+4) | L0=96.2% L1=1.8% L2=0.5% miss=1.5% | sub-step misses: k1=4822 k2=4825 k3=4822 k4=4826 final=4826 | SA-L2: 0/4 newly-lost found by standalone | (prev: lost=64,303, diff=-59477)
  Step  668: active=318,879 lost=4,827 (+1) | L0=96.2% L1=1.8% L2=0.5% miss=1.5% | sub-step misses: k1=4826 k2=4827 k3=4826 k4=4827 final=4827 | SA-L2: 0/1 newly-lost found by standalone | (prev: lost=64,385, diff=-59558)
  Step  669: active=318,877 lost=4,829 (+2) | L0=96.3% L1=1.8% L2=0.5% miss=1.5% | sub-step misses: k1=4827 k2=4829 k3=4827 k4=4831 final=4829 | SA-L2: 0/2 newly-lost found by standalone | (prev: lost=64,467, diff=-59638)
  Step  670: active=318,873 lost=4,833 (+4) | L0=96.2% L1=1.8% L2=0.5% miss=1.5% | sub-step misses: k1=4829 k2=4832 k3=4829 k4=4833 final=4833 | SA-L2: 0/4 newly-lost found by standalone | (prev: lost=64,537, diff=-59704)
  Step  671: active=318,870 lost=4,836 (+3) | L0=96.3% L1=1.8% L2=0.5% miss=1.5% | sub-step misses: k1=4833 k2=4834 k3=4833 k4=4836 final=4836 | SA-L2: 0/3 newly-lost found by standalone | (prev: lost=64,619, diff=-59783)
  Step  672: active=318,869 lost=4,837 (+1) | L0=96.2% L1=1.8% L2=0.5% miss=1.5% | sub-step misses: k1=4836 k2=4836 k3=4837 k4=4836 final=4837 | SA-L2: 0/1 newly-lost found by standalone | (prev: lost=64,704, diff=-59867)
  Step  673: active=318,866 lost=4,840 (+3) | L0=96.3% L1=1.8% L2=0.5% miss=1.5% | sub-step misses: k1=4837 k2=4838 k3=4837 k4=4840 final=4840 | SA-L2: 0/3 newly-lost found by standalone | (prev: lost=64,795, diff=-59955)
  Step  674: active=318,862 lost=4,844 (+4) | L0=96.2% L1=1.8% L2=0.5% miss=1.5% | sub-step misses: k1=4840 k2=4843 k3=4840 k4=4844 final=4844 | SA-L2: 0/4 newly-lost found by standalone | (prev: lost=64,869, diff=-60025)
  Step  675: active=318,860 lost=4,846 (+2) | L0=96.3% L1=1.8% L2=0.5% miss=1.5% | sub-step misses: k1=4844 k2=4845 k3=4844 k4=4845 final=4846 | SA-L2: 0/2 newly-lost found by standalone | (prev: lost=64,938, diff=-60092)
  Step  676: active=318,858 lost=4,848 (+2) | L0=96.2% L1=1.8% L2=0.5% miss=1.5% | sub-step misses: k1=4846 k2=4846 k3=4846 k4=4848 final=4848 | SA-L2: 0/2 newly-lost found by standalone | (prev: lost=65,017, diff=-60169)
  Step  677: active=318,855 lost=4,851 (+3) | L0=96.2% L1=1.8% L2=0.5% miss=1.5% | sub-step misses: k1=4848 k2=4851 k3=4848 k4=4852 final=4851 | SA-L2: 0/3 newly-lost found by standalone | (prev: lost=65,105, diff=-60254)
  Step  678: active=318,851 lost=4,855 (+4) | L0=96.2% L1=1.8% L2=0.5% miss=1.5% | sub-step misses: k1=4851 k2=4851 k3=4851 k4=4855 final=4855 | SA-L2: 0/4 newly-lost found by standalone | (prev: lost=65,192, diff=-60337)
  Step  679: active=318,850 lost=4,856 (+1) | L0=96.3% L1=1.8% L2=0.5% miss=1.5% | sub-step misses: k1=4855 k2=4855 k3=4855 k4=4856 final=4856 | SA-L2: 0/1 newly-lost found by standalone | (prev: lost=65,268, diff=-60412)
  Step  680: active=318,846 lost=4,860 (+4) | L0=96.2% L1=1.8% L2=0.5% miss=1.5% | sub-step misses: k1=4856 k2=4859 k3=4856 k4=4860 final=4860 | SA-L2: 0/4 newly-lost found by standalone | (prev: lost=65,350, diff=-60490)
  Step  681: active=318,843 lost=4,863 (+3) | L0=96.3% L1=1.8% L2=0.5% miss=1.5% | sub-step misses: k1=4860 k2=4861 k3=4861 k4=4863 final=4863 | SA-L2: 0/3 newly-lost found by standalone | (prev: lost=65,420, diff=-60557)
  Step  682: active=318,839 lost=4,867 (+4) | L0=96.2% L1=1.8% L2=0.5% miss=1.5% | sub-step misses: k1=4863 k2=4865 k3=4863 k4=4867 final=4867 | SA-L2: 0/4 newly-lost found by standalone | (prev: lost=65,498, diff=-60631)
  Step  683: active=318,838 lost=4,868 (+1) | L0=96.3% L1=1.8% L2=0.5% miss=1.5% | sub-step misses: k1=4867 k2=4868 k3=4867 k4=4868 final=4868 | SA-L2: 0/1 newly-lost found by standalone | (prev: lost=65,581, diff=-60713)
  Step  684: active=318,835 lost=4,871 (+3) | L0=96.2% L1=1.8% L2=0.5% miss=1.5% | sub-step misses: k1=4868 k2=4870 k3=4868 k4=4871 final=4871 | SA-L2: 0/3 newly-lost found by standalone | (prev: lost=65,660, diff=-60789)
  Step  685: active=318,830 lost=4,876 (+5) | L0=96.2% L1=1.8% L2=0.5% miss=1.5% | sub-step misses: k1=4871 k2=4873 k3=4872 k4=4876 final=4876 | SA-L2: 0/5 newly-lost found by standalone | (prev: lost=65,732, diff=-60856)
  Step  686: active=318,829 lost=4,877 (+1) | L0=96.3% L1=1.8% L2=0.5% miss=1.5% | sub-step misses: k1=4876 k2=4877 k3=4876 k4=4879 final=4877 | SA-L2: 0/1 newly-lost found by standalone | (prev: lost=65,825, diff=-60948)
  Step  687: active=318,824 lost=4,882 (+5) | L0=96.3% L1=1.8% L2=0.5% miss=1.5% | sub-step misses: k1=4877 k2=4879 k3=4877 k4=4882 final=4882 | SA-L2: 0/5 newly-lost found by standalone | (prev: lost=65,906, diff=-61024)
  Step  688: active=318,823 lost=4,883 (+1) | L0=96.3% L1=1.8% L2=0.5% miss=1.5% | sub-step misses: k1=4882 k2=4883 k3=4882 k4=4884 final=4883 | SA-L2: 0/1 newly-lost found by standalone | (prev: lost=65,990, diff=-61107)
  Step  689: active=318,816 lost=4,890 (+7) | L0=96.2% L1=1.8% L2=0.5% miss=1.5% | sub-step misses: k1=4883 k2=4888 k3=4884 k4=4889 final=4890 | SA-L2: 0/7 newly-lost found by standalone | (prev: lost=66,067, diff=-61177)
  Step  690: active=318,813 lost=4,893 (+3) | L0=96.3% L1=1.8% L2=0.5% miss=1.5% | sub-step misses: k1=4890 k2=4890 k3=4891 k4=4892 final=4893 | SA-L2: 0/3 newly-lost found by standalone | (prev: lost=66,147, diff=-61254)
  Step  691: active=318,808 lost=4,898 (+5) | L0=96.3% L1=1.8% L2=0.5% miss=1.5% | sub-step misses: k1=4893 k2=4896 k3=4893 k4=4899 final=4898 | SA-L2: 0/5 newly-lost found by standalone | (prev: lost=66,227, diff=-61329)
  Step  692: active=318,805 lost=4,901 (+3) | L0=96.2% L1=1.8% L2=0.5% miss=1.5% | sub-step misses: k1=4898 k2=4899 k3=4899 k4=4901 final=4901 | SA-L2: 0/3 newly-lost found by standalone | (prev: lost=66,300, diff=-61399)
  Step  693: active=318,802 lost=4,904 (+3) | L0=96.3% L1=1.8% L2=0.5% miss=1.5% | sub-step misses: k1=4901 k2=4903 k3=4902 k4=4903 final=4904 | SA-L2: 0/3 newly-lost found by standalone | (prev: lost=66,382, diff=-61478)
  Step  694: active=318,794 lost=4,912 (+8) | L0=96.2% L1=1.8% L2=0.5% miss=1.5% | sub-step misses: k1=4904 k2=4908 k3=4905 k4=4911 final=4912 | SA-L2: 0/8 newly-lost found by standalone | (prev: lost=66,446, diff=-61534)
  Step  695: active=318,792 lost=4,914 (+2) | L0=96.2% L1=1.8% L2=0.5% miss=1.5% | sub-step misses: k1=4912 k2=4912 k3=4912 k4=4914 final=4914 | SA-L2: 0/2 newly-lost found by standalone | (prev: lost=66,545, diff=-61631)
  Step  696: active=318,792 lost=4,914 (+0) | L0=96.3% L1=1.8% L2=0.5% miss=1.5% | (prev: lost=66,635, diff=-61721)
  Step  697: active=318,784 lost=4,922 (+8) | L0=96.2% L1=1.8% L2=0.5% miss=1.5% | sub-step misses: k1=4914 k2=4920 k3=4915 k4=4921 final=4922 | SA-L2: 0/8 newly-lost found by standalone | (prev: lost=66,711, diff=-61789)
  Step  698: active=318,781 lost=4,925 (+3) | L0=96.2% L1=1.8% L2=0.5% miss=1.5% | sub-step misses: k1=4922 k2=4924 k3=4922 k4=4926 final=4925 | SA-L2: 0/3 newly-lost found by standalone | (prev: lost=66,787, diff=-61862)
  Step  699: active=318,778 lost=4,928 (+3) | L0=96.2% L1=1.8% L2=0.5% miss=1.5% | sub-step misses: k1=4925 k2=4928 k3=4926 k4=4928 final=4928 | SA-L2: 0/3 newly-lost found by standalone | (prev: lost=66,870, diff=-61942)
  Step  700: active=318,773 lost=4,933 (+5) | L0=96.3% L1=1.7% L2=0.5% miss=1.5% | sub-step misses: k1=4928 k2=4930 k3=4928 k4=4934 final=4933 | SA-L2: 0/5 newly-lost found by standalone | (prev: lost=66,950, diff=-62017)
  Step  701: active=318,771 lost=4,935 (+2) | L0=96.2% L1=1.8% L2=0.5% miss=1.5% | sub-step misses: k1=4933 k2=4935 k3=4933 k4=4935 final=4935 | SA-L2: 0/2 newly-lost found by standalone | (prev: lost=67,017, diff=-62082)
  Step  702: active=318,765 lost=4,941 (+6) | L0=96.2% L1=1.8% L2=0.5% miss=1.5% | sub-step misses: k1=4935 k2=4940 k3=4935 k4=4941 final=4941 | SA-L2: 0/6 newly-lost found by standalone | (prev: lost=67,099, diff=-62158)
  Step  703: active=318,763 lost=4,943 (+2) | L0=96.2% L1=1.8% L2=0.5% miss=1.5% | sub-step misses: k1=4941 k2=4942 k3=4942 k4=4942 final=4943 | SA-L2: 0/2 newly-lost found by standalone | (prev: lost=67,171, diff=-62228)
  Step  704: active=318,760 lost=4,946 (+3) | L0=96.2% L1=1.8% L2=0.5% miss=1.5% | sub-step misses: k1=4943 k2=4945 k3=4943 k4=4947 final=4946 | SA-L2: 0/3 newly-lost found by standalone | (prev: lost=67,249, diff=-62303)
  Step  705: active=318,756 lost=4,950 (+4) | L0=96.2% L1=1.8% L2=0.5% miss=1.5% | sub-step misses: k1=4946 k2=4947 k3=4948 k4=4950 final=4950 | SA-L2: 0/4 newly-lost found by standalone | (prev: lost=67,332, diff=-62382)
  Step  706: active=318,750 lost=4,956 (+6) | L0=96.2% L1=1.8% L2=0.5% miss=1.5% | sub-step misses: k1=4950 k2=4954 k3=4951 k4=4955 final=4956 | SA-L2: 0/6 newly-lost found by standalone | (prev: lost=67,413, diff=-62457)
  Step  707: active=318,745 lost=4,961 (+5) | L0=96.2% L1=1.8% L2=0.5% miss=1.5% | sub-step misses: k1=4956 k2=4959 k3=4956 k4=4961 final=4961 | SA-L2: 0/5 newly-lost found by standalone | (prev: lost=67,483, diff=-62522)
  Step  708: active=318,745 lost=4,961 (+0) | L0=96.2% L1=1.8% L2=0.5% miss=1.5% | (prev: lost=67,576, diff=-62615)
  Step  709: active=318,744 lost=4,962 (+1) | L0=96.2% L1=1.7% L2=0.5% miss=1.5% | sub-step misses: k1=4961 k2=4962 k3=4961 k4=4962 final=4962 | SA-L2: 0/1 newly-lost found by standalone | (prev: lost=67,649, diff=-62687)
  Step  710: active=318,737 lost=4,969 (+7) | L0=96.2% L1=1.8% L2=0.5% miss=1.5% | sub-step misses: k1=4962 k2=4965 k3=4963 k4=4968 final=4969 | SA-L2: 0/7 newly-lost found by standalone | (prev: lost=67,711, diff=-62742)
  Step  711: active=318,735 lost=4,971 (+2) | L0=96.3% L1=1.8% L2=0.5% miss=1.5% | sub-step misses: k1=4969 k2=4971 k3=4969 k4=4973 final=4971 | SA-L2: 0/2 newly-lost found by standalone | (prev: lost=67,789, diff=-62818)
  Step  712: active=318,731 lost=4,975 (+4) | L0=96.2% L1=1.8% L2=0.5% miss=1.5% | sub-step misses: k1=4971 k2=4973 k3=4973 k4=4973 final=4975 | SA-L2: 0/4 newly-lost found by standalone | (prev: lost=67,872, diff=-62897)
  Step  713: active=318,724 lost=4,982 (+7) | L0=96.2% L1=1.8% L2=0.5% miss=1.5% | sub-step misses: k1=4975 k2=4978 k3=4975 k4=4982 final=4982 | SA-L2: 0/7 newly-lost found by standalone | (prev: lost=67,942, diff=-62960)
  Step  714: active=318,721 lost=4,985 (+3) | L0=96.2% L1=1.8% L2=0.5% miss=1.5% | sub-step misses: k1=4982 k2=4982 k3=4982 k4=4982 final=4985 | SA-L2: 0/3 newly-lost found by standalone | (prev: lost=68,027, diff=-63042)
  Step  715: active=318,719 lost=4,987 (+2) | L0=96.3% L1=1.8% L2=0.4% miss=1.5% | sub-step misses: k1=4985 k2=4986 k3=4985 k4=4986 final=4987 | SA-L2: 0/2 newly-lost found by standalone | (prev: lost=68,104, diff=-63117)
  Step  716: active=318,716 lost=4,990 (+3) | L0=96.2% L1=1.8% L2=0.5% miss=1.5% | sub-step misses: k1=4987 k2=4988 k3=4987 k4=4990 final=4990 | SA-L2: 0/3 newly-lost found by standalone | (prev: lost=68,180, diff=-63190)
  Step  717: active=318,711 lost=4,995 (+5) | L0=96.2% L1=1.8% L2=0.5% miss=1.5% | sub-step misses: k1=4990 k2=4993 k3=4992 k4=4995 final=4995 | SA-L2: 0/5 newly-lost found by standalone | (prev: lost=68,258, diff=-63263)
  Step  718: active=318,709 lost=4,997 (+2) | L0=96.3% L1=1.7% L2=0.5% miss=1.5% | sub-step misses: k1=4995 k2=4996 k3=4996 k4=4996 final=4997 | SA-L2: 0/2 newly-lost found by standalone | (prev: lost=68,319, diff=-63322)
  Step  719: active=318,705 lost=5,001 (+4) | L0=96.2% L1=1.7% L2=0.5% miss=1.5% | sub-step misses: k1=4997 k2=4999 k3=4997 k4=5002 final=5001 | SA-L2: 0/4 newly-lost found by standalone | (prev: lost=68,388, diff=-63387)
  Step  720: active=318,701 lost=5,005 (+4) | L0=96.3% L1=1.7% L2=0.5% miss=1.5% | sub-step misses: k1=5001 k2=5004 k3=5001 k4=5004 final=5005 | SA-L2: 0/4 newly-lost found by standalone | (prev: lost=68,465, diff=-63460)
  Step  721: active=318,697 lost=5,009 (+4) | L0=96.3% L1=1.7% L2=0.5% miss=1.5% | sub-step misses: k1=5005 k2=5007 k3=5005 k4=5011 final=5009 | SA-L2: 0/4 newly-lost found by standalone | (prev: lost=68,538, diff=-63529)
  Step  722: active=318,690 lost=5,016 (+7) | L0=96.3% L1=1.7% L2=0.5% miss=1.5% | sub-step misses: k1=5009 k2=5014 k3=5009 k4=5016 final=5016 | SA-L2: 0/7 newly-lost found by standalone | (prev: lost=68,606, diff=-63590)
  Step  723: active=318,685 lost=5,021 (+5) | L0=96.3% L1=1.7% L2=0.4% miss=1.6% | sub-step misses: k1=5016 k2=5018 k3=5018 k4=5020 final=5021 | SA-L2: 0/5 newly-lost found by standalone | (prev: lost=68,684, diff=-63663)
  Step  724: active=318,684 lost=5,022 (+1) | L0=96.2% L1=1.8% L2=0.4% miss=1.6% | sub-step misses: k1=5021 k2=5022 k3=5021 k4=5022 final=5022 | SA-L2: 0/1 newly-lost found by standalone | (prev: lost=68,757, diff=-63735)
  Step  725: active=318,682 lost=5,024 (+2) | L0=96.2% L1=1.8% L2=0.4% miss=1.6% | sub-step misses: k1=5022 k2=5023 k3=5023 k4=5024 final=5024 | SA-L2: 0/2 newly-lost found by standalone | (prev: lost=68,849, diff=-63825)
  Step  726: active=318,679 lost=5,027 (+3) | L0=96.2% L1=1.8% L2=0.5% miss=1.6% | sub-step misses: k1=5024 k2=5025 k3=5026 k4=5025 final=5027 | SA-L2: 0/3 newly-lost found by standalone | (prev: lost=68,934, diff=-63907)
  Step  727: active=318,674 lost=5,032 (+5) | L0=96.3% L1=1.7% L2=0.5% miss=1.6% | sub-step misses: k1=5027 k2=5030 k3=5027 k4=5031 final=5032 | SA-L2: 0/5 newly-lost found by standalone | (prev: lost=69,007, diff=-63975)
  Step  728: active=318,672 lost=5,034 (+2) | L0=96.3% L1=1.7% L2=0.4% miss=1.6% | sub-step misses: k1=5032 k2=5033 k3=5032 k4=5033 final=5034 | SA-L2: 0/2 newly-lost found by standalone | (prev: lost=69,087, diff=-64053)
  Step  729: active=318,667 lost=5,039 (+5) | L0=96.3% L1=1.7% L2=0.5% miss=1.6% | sub-step misses: k1=5034 k2=5037 k3=5034 k4=5041 final=5039 | SA-L2: 0/5 newly-lost found by standalone | (prev: lost=69,163, diff=-64124)
  Step  730: active=318,664 lost=5,042 (+3) | L0=96.2% L1=1.7% L2=0.5% miss=1.6% | sub-step misses: k1=5039 k2=5041 k3=5039 k4=5044 final=5042 | SA-L2: 0/3 newly-lost found by standalone | (prev: lost=69,230, diff=-64188)
  Step  731: active=318,661 lost=5,045 (+3) | L0=96.2% L1=1.7% L2=0.5% miss=1.6% | sub-step misses: k1=5042 k2=5044 k3=5043 k4=5045 final=5045 | SA-L2: 0/3 newly-lost found by standalone | (prev: lost=69,322, diff=-64277)
  Step  732: active=318,655 lost=5,051 (+6) | L0=96.3% L1=1.7% L2=0.4% miss=1.6% | sub-step misses: k1=5045 k2=5049 k3=5046 k4=5050 final=5051 | SA-L2: 0/6 newly-lost found by standalone | (prev: lost=69,402, diff=-64351)
  Step  733: active=318,654 lost=5,052 (+1) | L0=96.3% L1=1.7% L2=0.4% miss=1.6% | sub-step misses: k1=5051 k2=5051 k3=5051 k4=5053 final=5052 | SA-L2: 0/1 newly-lost found by standalone | (prev: lost=69,474, diff=-64422)
  Step  734: active=318,652 lost=5,054 (+2) | L0=96.2% L1=1.8% L2=0.5% miss=1.6% | sub-step misses: k1=5052 k2=5054 k3=5052 k4=5054 final=5054 | SA-L2: 0/2 newly-lost found by standalone | (prev: lost=69,554, diff=-64500)
  Step  735: active=318,647 lost=5,059 (+5) | L0=96.3% L1=1.7% L2=0.4% miss=1.6% | sub-step misses: k1=5054 k2=5058 k3=5055 k4=5058 final=5059 | SA-L2: 0/5 newly-lost found by standalone | (prev: lost=69,645, diff=-64586)
  Step  736: active=318,645 lost=5,061 (+2) | L0=96.3% L1=1.7% L2=0.4% miss=1.6% | sub-step misses: k1=5059 k2=5061 k3=5059 k4=5064 final=5061 | SA-L2: 0/2 newly-lost found by standalone | (prev: lost=69,729, diff=-64668)
  Step  737: active=318,640 lost=5,066 (+5) | L0=96.2% L1=1.7% L2=0.4% miss=1.6% | sub-step misses: k1=5061 k2=5064 k3=5061 k4=5066 final=5066 | SA-L2: 0/5 newly-lost found by standalone | (prev: lost=69,815, diff=-64749)
  Step  738: active=318,635 lost=5,071 (+5) | L0=96.3% L1=1.7% L2=0.4% miss=1.6% | sub-step misses: k1=5066 k2=5070 k3=5066 k4=5071 final=5071 | SA-L2: 0/5 newly-lost found by standalone | (prev: lost=69,890, diff=-64819)
  Step  739: active=318,635 lost=5,071 (+0) | L0=96.3% L1=1.7% L2=0.4% miss=1.6% | (prev: lost=69,965, diff=-64894)
  Step  740: active=318,630 lost=5,076 (+5) | L0=96.3% L1=1.7% L2=0.4% miss=1.6% | sub-step misses: k1=5071 k2=5072 k3=5071 k4=5075 final=5076 | SA-L2: 0/5 newly-lost found by standalone | (prev: lost=70,033, diff=-64957)
  Step  741: active=318,627 lost=5,079 (+3) | L0=96.3% L1=1.7% L2=0.4% miss=1.6% | sub-step misses: k1=5076 k2=5078 k3=5077 k4=5078 final=5079 | SA-L2: 0/3 newly-lost found by standalone | (prev: lost=70,096, diff=-65017)
  Step  742: active=318,625 lost=5,081 (+2) | L0=96.2% L1=1.8% L2=0.4% miss=1.6% | sub-step misses: k1=5079 k2=5080 k3=5079 k4=5082 final=5081 | SA-L2: 0/2 newly-lost found by standalone | (prev: lost=70,187, diff=-65106)
  Step  743: active=318,620 lost=5,086 (+5) | L0=96.2% L1=1.7% L2=0.4% miss=1.6% | sub-step misses: k1=5081 k2=5086 k3=5081 k4=5087 final=5086 | SA-L2: 0/5 newly-lost found by standalone | (prev: lost=70,260, diff=-65174)
  Step  744: active=318,615 lost=5,091 (+5) | L0=96.2% L1=1.7% L2=0.4% miss=1.6% | sub-step misses: k1=5086 k2=5088 k3=5088 k4=5090 final=5091 | SA-L2: 0/5 newly-lost found by standalone | (prev: lost=70,341, diff=-65250)
  Step  745: active=318,612 lost=5,094 (+3) | L0=96.2% L1=1.7% L2=0.5% miss=1.6% | sub-step misses: k1=5091 k2=5093 k3=5091 k4=5094 final=5094 | SA-L2: 0/3 newly-lost found by standalone | (prev: lost=70,435, diff=-65341)
  Step  746: active=318,607 lost=5,099 (+5) | L0=96.3% L1=1.7% L2=0.4% miss=1.6% | sub-step misses: k1=5094 k2=5097 k3=5094 k4=5099 final=5099 | SA-L2: 0/5 newly-lost found by standalone | (prev: lost=70,513, diff=-65414)
  Step  747: active=318,603 lost=5,103 (+4) | L0=96.3% L1=1.7% L2=0.4% miss=1.6% | sub-step misses: k1=5099 k2=5099 k3=5100 k4=5102 final=5103 | SA-L2: 0/4 newly-lost found by standalone | (prev: lost=70,590, diff=-65487)
  Step  748: active=318,601 lost=5,105 (+2) | L0=96.3% L1=1.7% L2=0.4% miss=1.6% | sub-step misses: k1=5103 k2=5104 k3=5104 k4=5104 final=5105 | SA-L2: 0/2 newly-lost found by standalone | (prev: lost=70,669, diff=-65564)
  Step  749: active=318,595 lost=5,111 (+6) | L0=96.3% L1=1.7% L2=0.4% miss=1.6% | sub-step misses: k1=5105 k2=5109 k3=5107 k4=5113 final=5111 | SA-L2: 0/6 newly-lost found by standalone | (prev: lost=70,738, diff=-65627)
  Step  750: active=318,590 lost=5,116 (+5) | L0=96.3% L1=1.7% L2=0.4% miss=1.6% | sub-step misses: k1=5111 k2=5115 k3=5112 k4=5115 final=5116 | SA-L2: 0/5 newly-lost found by standalone | (prev: lost=70,823, diff=-65707)
  Step  751: active=318,587 lost=5,119 (+3) | L0=96.3% L1=1.7% L2=0.4% miss=1.6% | sub-step misses: k1=5116 k2=5118 k3=5116 k4=5121 final=5119 | SA-L2: 0/3 newly-lost found by standalone | (prev: lost=70,895, diff=-65776)
  Step  752: active=318,584 lost=5,122 (+3) | L0=96.3% L1=1.7% L2=0.4% miss=1.6% | sub-step misses: k1=5119 k2=5121 k3=5119 k4=5121 final=5122 | SA-L2: 0/3 newly-lost found by standalone | (prev: lost=70,965, diff=-65843)
  Step  753: active=318,580 lost=5,126 (+4) | L0=96.3% L1=1.7% L2=0.4% miss=1.6% | sub-step misses: k1=5122 k2=5124 k3=5122 k4=5128 final=5126 | SA-L2: 0/4 newly-lost found by standalone | (prev: lost=71,051, diff=-65925)
  Step  754: active=318,572 lost=5,134 (+8) | L0=96.3% L1=1.7% L2=0.4% miss=1.6% | sub-step misses: k1=5126 k2=5133 k3=5126 k4=5134 final=5134 | SA-L2: 0/8 newly-lost found by standalone | (prev: lost=71,135, diff=-66001)
  Step  755: active=318,569 lost=5,137 (+3) | L0=96.3% L1=1.7% L2=0.4% miss=1.6% | sub-step misses: k1=5134 k2=5135 k3=5134 k4=5139 final=5137 | SA-L2: 0/3 newly-lost found by standalone | (prev: lost=71,234, diff=-66097)
  Step  756: active=318,563 lost=5,143 (+6) | L0=96.3% L1=1.7% L2=0.4% miss=1.6% | sub-step misses: k1=5137 k2=5141 k3=5137 k4=5142 final=5143 | SA-L2: 0/6 newly-lost found by standalone | (prev: lost=71,305, diff=-66162)
  Step  757: active=318,559 lost=5,147 (+4) | L0=96.3% L1=1.7% L2=0.4% miss=1.6% | sub-step misses: k1=5143 k2=5146 k3=5144 k4=5146 final=5147 | SA-L2: 0/4 newly-lost found by standalone | (prev: lost=71,379, diff=-66232)
  Step  758: active=318,555 lost=5,151 (+4) | L0=96.3% L1=1.7% L2=0.4% miss=1.6% | sub-step misses: k1=5147 k2=5150 k3=5148 k4=5150 final=5151 | SA-L2: 0/4 newly-lost found by standalone | (prev: lost=71,451, diff=-66300)
  Step  759: active=318,553 lost=5,153 (+2) | L0=96.3% L1=1.7% L2=0.4% miss=1.6% | sub-step misses: k1=5151 k2=5152 k3=5151 k4=5153 final=5153 | SA-L2: 0/2 newly-lost found by standalone | (prev: lost=71,528, diff=-66375)
  Step  760: active=318,550 lost=5,156 (+3) | L0=96.3% L1=1.7% L2=0.4% miss=1.6% | sub-step misses: k1=5153 k2=5154 k3=5154 k4=5158 final=5156 | SA-L2: 0/3 newly-lost found by standalone | (prev: lost=71,587, diff=-66431)
  Step  761: active=318,543 lost=5,163 (+7) | L0=96.3% L1=1.7% L2=0.4% miss=1.6% | sub-step misses: k1=5156 k2=5162 k3=5157 k4=5164 final=5163 | SA-L2: 0/7 newly-lost found by standalone | (prev: lost=71,663, diff=-66500)
  Step  762: active=318,535 lost=5,171 (+8) | L0=96.3% L1=1.7% L2=0.4% miss=1.6% | sub-step misses: k1=5163 k2=5168 k3=5164 k4=5172 final=5171 | SA-L2: 0/8 newly-lost found by standalone | (prev: lost=71,755, diff=-66584)
  Step  763: active=318,531 lost=5,175 (+4) | L0=96.3% L1=1.7% L2=0.4% miss=1.6% | sub-step misses: k1=5171 k2=5173 k3=5171 k4=5180 final=5175 | SA-L2: 0/4 newly-lost found by standalone | (prev: lost=71,825, diff=-66650)
  Step  764: active=318,522 lost=5,184 (+9) | L0=96.3% L1=1.7% L2=0.4% miss=1.6% | sub-step misses: k1=5175 k2=5182 k3=5175 k4=5184 final=5184 | SA-L2: 0/9 newly-lost found by standalone | (prev: lost=71,911, diff=-66727)
  Step  765: active=318,515 lost=5,191 (+7) | L0=96.3% L1=1.7% L2=0.4% miss=1.6% | sub-step misses: k1=5184 k2=5189 k3=5184 k4=5193 final=5191 | SA-L2: 0/7 newly-lost found by standalone | (prev: lost=71,995, diff=-66804)
  Step  766: active=318,509 lost=5,197 (+6) | L0=96.3% L1=1.7% L2=0.4% miss=1.6% | sub-step misses: k1=5191 k2=5195 k3=5191 k4=5198 final=5197 | SA-L2: 0/6 newly-lost found by standalone | (prev: lost=72,070, diff=-66873)
  Step  767: active=318,504 lost=5,202 (+5) | L0=96.3% L1=1.7% L2=0.4% miss=1.6% | sub-step misses: k1=5197 k2=5199 k3=5197 k4=5202 final=5202 | SA-L2: 0/5 newly-lost found by standalone | (prev: lost=72,144, diff=-66942)
  Step  768: active=318,499 lost=5,207 (+5) | L0=96.3% L1=1.7% L2=0.4% miss=1.6% | sub-step misses: k1=5202 k2=5203 k3=5202 k4=5208 final=5207 | SA-L2: 0/5 newly-lost found by standalone | (prev: lost=72,217, diff=-67010)
  Step  769: active=318,494 lost=5,212 (+5) | L0=96.3% L1=1.7% L2=0.4% miss=1.6% | sub-step misses: k1=5207 k2=5208 k3=5207 k4=5214 final=5212 | SA-L2: 0/5 newly-lost found by standalone | (prev: lost=72,289, diff=-67077)
  Step  770: active=318,490 lost=5,216 (+4) | L0=96.3% L1=1.7% L2=0.4% miss=1.6% | sub-step misses: k1=5212 k2=5215 k3=5213 k4=5215 final=5216 | SA-L2: 0/4 newly-lost found by standalone | (prev: lost=72,374, diff=-67158)
  Step  771: active=318,485 lost=5,221 (+5) | L0=96.3% L1=1.7% L2=0.4% miss=1.6% | sub-step misses: k1=5216 k2=5218 k3=5216 k4=5219 final=5221 | SA-L2: 0/5 newly-lost found by standalone | (prev: lost=72,470, diff=-67249)
  Step  772: active=318,481 lost=5,225 (+4) | L0=96.3% L1=1.7% L2=0.4% miss=1.6% | sub-step misses: k1=5221 k2=5225 k3=5221 k4=5225 final=5225 | SA-L2: 0/4 newly-lost found by standalone | (prev: lost=72,549, diff=-67324)
  Step  773: active=318,479 lost=5,227 (+2) | L0=96.3% L1=1.7% L2=0.4% miss=1.6% | sub-step misses: k1=5225 k2=5226 k3=5225 k4=5226 final=5227 | SA-L2: 0/2 newly-lost found by standalone | (prev: lost=72,629, diff=-67402)
  Step  774: active=318,474 lost=5,232 (+5) | L0=96.3% L1=1.7% L2=0.4% miss=1.6% | sub-step misses: k1=5227 k2=5230 k3=5227 k4=5235 final=5232 | SA-L2: 0/5 newly-lost found by standalone | (prev: lost=72,709, diff=-67477)
  Step  775: active=318,469 lost=5,237 (+5) | L0=96.3% L1=1.7% L2=0.4% miss=1.6% | sub-step misses: k1=5232 k2=5235 k3=5232 k4=5238 final=5237 | SA-L2: 0/5 newly-lost found by standalone | (prev: lost=72,771, diff=-67534)
  Step  776: active=318,464 lost=5,242 (+5) | L0=96.3% L1=1.7% L2=0.4% miss=1.6% | sub-step misses: k1=5237 k2=5239 k3=5237 k4=5242 final=5242 | SA-L2: 0/5 newly-lost found by standalone | (prev: lost=72,841, diff=-67599)
  Step  777: active=318,462 lost=5,244 (+2) | L0=96.3% L1=1.6% L2=0.4% miss=1.6% | sub-step misses: k1=5242 k2=5244 k3=5242 k4=5246 final=5244 | SA-L2: 0/2 newly-lost found by standalone | (prev: lost=72,921, diff=-67677)
  Step  778: active=318,455 lost=5,251 (+7) | L0=96.3% L1=1.7% L2=0.4% miss=1.6% | sub-step misses: k1=5244 k2=5248 k3=5245 k4=5251 final=5251 | SA-L2: 0/7 newly-lost found by standalone | (prev: lost=73,007, diff=-67756)
  Step  779: active=318,451 lost=5,255 (+4) | L0=96.3% L1=1.7% L2=0.4% miss=1.6% | sub-step misses: k1=5251 k2=5254 k3=5251 k4=5255 final=5255 | SA-L2: 0/4 newly-lost found by standalone | (prev: lost=73,098, diff=-67843)
  Step  780: active=318,447 lost=5,259 (+4) | L0=96.3% L1=1.7% L2=0.4% miss=1.6% | sub-step misses: k1=5255 k2=5258 k3=5255 k4=5259 final=5259 | SA-L2: 0/4 newly-lost found by standalone | (prev: lost=73,203, diff=-67944)
  Step  781: active=318,443 lost=5,263 (+4) | L0=96.3% L1=1.7% L2=0.4% miss=1.6% | sub-step misses: k1=5259 k2=5260 k3=5260 k4=5261 final=5263 | SA-L2: 0/4 newly-lost found by standalone | (prev: lost=73,289, diff=-68026)
  Step  782: active=318,437 lost=5,269 (+6) | L0=96.3% L1=1.7% L2=0.4% miss=1.6% | sub-step misses: k1=5263 k2=5267 k3=5263 k4=5269 final=5269 | SA-L2: 0/6 newly-lost found by standalone | (prev: lost=73,357, diff=-68088)
  Step  783: active=318,436 lost=5,270 (+1) | L0=96.3% L1=1.7% L2=0.4% miss=1.6% | sub-step misses: k1=5269 k2=5269 k3=5269 k4=5270 final=5270 | SA-L2: 0/1 newly-lost found by standalone | (prev: lost=73,437, diff=-68167)
  Step  784: active=318,431 lost=5,275 (+5) | L0=96.3% L1=1.7% L2=0.4% miss=1.6% | sub-step misses: k1=5270 k2=5272 k3=5270 k4=5275 final=5275 | SA-L2: 0/5 newly-lost found by standalone | (prev: lost=73,512, diff=-68237)
  Step  785: active=318,426 lost=5,280 (+5) | L0=96.3% L1=1.7% L2=0.4% miss=1.6% | sub-step misses: k1=5275 k2=5276 k3=5275 k4=5279 final=5280 | SA-L2: 0/5 newly-lost found by standalone | (prev: lost=73,582, diff=-68302)
  Step  786: active=318,421 lost=5,285 (+5) | L0=96.3% L1=1.6% L2=0.4% miss=1.6% | sub-step misses: k1=5280 k2=5283 k3=5280 k4=5285 final=5285 | SA-L2: 0/5 newly-lost found by standalone | (prev: lost=73,664, diff=-68379)
  Step  787: active=318,416 lost=5,290 (+5) | L0=96.3% L1=1.7% L2=0.4% miss=1.6% | sub-step misses: k1=5285 k2=5287 k3=5286 k4=5289 final=5290 | SA-L2: 0/5 newly-lost found by standalone | (prev: lost=73,751, diff=-68461)
  Step  788: active=318,414 lost=5,292 (+2) | L0=96.3% L1=1.7% L2=0.4% miss=1.6% | sub-step misses: k1=5290 k2=5291 k3=5290 k4=5293 final=5292 | SA-L2: 0/2 newly-lost found by standalone | (prev: lost=73,823, diff=-68531)
  Step  789: active=318,409 lost=5,297 (+5) | L0=96.3% L1=1.7% L2=0.4% miss=1.6% | sub-step misses: k1=5292 k2=5297 k3=5292 k4=5298 final=5297 | SA-L2: 0/5 newly-lost found by standalone | (prev: lost=73,913, diff=-68616)
  Step  790: active=318,403 lost=5,303 (+6) | L0=96.3% L1=1.7% L2=0.4% miss=1.6% | sub-step misses: k1=5297 k2=5299 k3=5299 k4=5301 final=5303 | SA-L2: 0/6 newly-lost found by standalone | (prev: lost=74,008, diff=-68705)
  Step  791: active=318,399 lost=5,307 (+4) | L0=96.3% L1=1.7% L2=0.4% miss=1.6% | sub-step misses: k1=5303 k2=5307 k3=5303 k4=5307 final=5307 | SA-L2: 0/4 newly-lost found by standalone | (prev: lost=74,073, diff=-68766)
  Step  792: active=318,396 lost=5,310 (+3) | L0=96.3% L1=1.7% L2=0.4% miss=1.6% | sub-step misses: k1=5307 k2=5310 k3=5307 k4=5310 final=5310 | SA-L2: 0/3 newly-lost found by standalone | (prev: lost=74,166, diff=-68856)
  Step  793: active=318,394 lost=5,312 (+2) | L0=96.3% L1=1.7% L2=0.4% miss=1.6% | sub-step misses: k1=5310 k2=5311 k3=5311 k4=5312 final=5312 | SA-L2: 0/2 newly-lost found by standalone | (prev: lost=74,243, diff=-68931)
  Step  794: active=318,389 lost=5,317 (+5) | L0=96.3% L1=1.6% L2=0.4% miss=1.6% | sub-step misses: k1=5312 k2=5314 k3=5313 k4=5318 final=5317 | SA-L2: 0/5 newly-lost found by standalone | (prev: lost=74,309, diff=-68992)
  Step  795: active=318,385 lost=5,321 (+4) | L0=96.3% L1=1.6% L2=0.4% miss=1.6% | sub-step misses: k1=5317 k2=5321 k3=5317 k4=5323 final=5321 | SA-L2: 0/4 newly-lost found by standalone | (prev: lost=74,390, diff=-69069)
  Step  796: active=318,383 lost=5,323 (+2) | L0=96.3% L1=1.6% L2=0.4% miss=1.6% | sub-step misses: k1=5321 k2=5323 k3=5321 k4=5324 final=5323 | SA-L2: 0/2 newly-lost found by standalone | (prev: lost=74,466, diff=-69143)
  Step  797: active=318,378 lost=5,328 (+5) | L0=96.3% L1=1.7% L2=0.4% miss=1.6% | sub-step misses: k1=5323 k2=5327 k3=5323 k4=5330 final=5328 | SA-L2: 0/5 newly-lost found by standalone | (prev: lost=74,557, diff=-69229)
  Step  798: active=318,373 lost=5,333 (+5) | L0=96.3% L1=1.7% L2=0.4% miss=1.6% | sub-step misses: k1=5328 k2=5332 k3=5328 k4=5333 final=5333 | SA-L2: 0/5 newly-lost found by standalone | (prev: lost=74,642, diff=-69309)
  Step  799: active=318,370 lost=5,336 (+3) | L0=96.3% L1=1.6% L2=0.4% miss=1.6% | sub-step misses: k1=5333 k2=5335 k3=5333 k4=5336 final=5336 | SA-L2: 0/3 newly-lost found by standalone | (prev: lost=74,724, diff=-69388)
  Step  800: active=318,367 lost=5,339 (+3) | L0=96.3% L1=1.7% L2=0.4% miss=1.6% | sub-step misses: k1=5336 k2=5338 k3=5336 k4=5341 final=5339 | SA-L2: 0/3 newly-lost found by standalone | (prev: lost=74,793, diff=-69454)
  Step  801: active=318,361 lost=5,345 (+6) | L0=96.3% L1=1.7% L2=0.4% miss=1.7% | sub-step misses: k1=5339 k2=5343 k3=5339 k4=5345 final=5345 | SA-L2: 0/6 newly-lost found by standalone | (prev: lost=74,864, diff=-69519)
  Step  802: active=318,358 lost=5,348 (+3) | L0=96.2% L1=1.7% L2=0.4% miss=1.7% | sub-step misses: k1=5345 k2=5347 k3=5345 k4=5348 final=5348 | SA-L2: 0/3 newly-lost found by standalone | (prev: lost=74,945, diff=-69597)
  Step  803: active=318,355 lost=5,351 (+3) | L0=96.3% L1=1.6% L2=0.4% miss=1.7% | sub-step misses: k1=5348 k2=5350 k3=5349 k4=5351 final=5351 | SA-L2: 0/3 newly-lost found by standalone | (prev: lost=75,018, diff=-69667)
  Step  804: active=318,351 lost=5,355 (+4) | L0=96.3% L1=1.6% L2=0.4% miss=1.7% | sub-step misses: k1=5351 k2=5354 k3=5351 k4=5355 final=5355 | SA-L2: 0/4 newly-lost found by standalone | (prev: lost=75,085, diff=-69730)
  Step  805: active=318,348 lost=5,358 (+3) | L0=96.3% L1=1.6% L2=0.4% miss=1.7% | sub-step misses: k1=5355 k2=5358 k3=5355 k4=5359 final=5358 | SA-L2: 0/3 newly-lost found by standalone | (prev: lost=75,166, diff=-69808)
  Step  806: active=318,343 lost=5,363 (+5) | L0=96.3% L1=1.6% L2=0.4% miss=1.7% | sub-step misses: k1=5358 k2=5361 k3=5358 k4=5363 final=5363 | SA-L2: 0/5 newly-lost found by standalone | (prev: lost=75,247, diff=-69884)
  Step  807: active=318,339 lost=5,367 (+4) | L0=96.3% L1=1.6% L2=0.4% miss=1.7% | sub-step misses: k1=5363 k2=5366 k3=5363 k4=5367 final=5367 | SA-L2: 0/4 newly-lost found by standalone | (prev: lost=75,327, diff=-69960)
  Step  808: active=318,333 lost=5,373 (+6) | L0=96.3% L1=1.6% L2=0.4% miss=1.7% | sub-step misses: k1=5367 k2=5370 k3=5368 k4=5372 final=5373 | SA-L2: 0/6 newly-lost found by standalone | (prev: lost=75,402, diff=-70029)
  Step  809: active=318,330 lost=5,376 (+3) | L0=96.3% L1=1.6% L2=0.4% miss=1.7% | sub-step misses: k1=5373 k2=5374 k3=5373 k4=5376 final=5376 | SA-L2: 0/3 newly-lost found by standalone | (prev: lost=75,484, diff=-70108)
  Step  810: active=318,330 lost=5,376 (+0) | L0=96.3% L1=1.6% L2=0.4% miss=1.7% | (prev: lost=75,568, diff=-70192)
  Step  811: active=318,329 lost=5,377 (+1) | L0=96.3% L1=1.6% L2=0.4% miss=1.7% | sub-step misses: k1=5376 k2=5377 k3=5376 k4=5379 final=5377 | SA-L2: 0/1 newly-lost found by standalone | (prev: lost=75,644, diff=-70267)
  Step  812: active=318,320 lost=5,386 (+9) | L0=96.3% L1=1.6% L2=0.4% miss=1.7% | sub-step misses: k1=5377 k2=5384 k3=5377 k4=5385 final=5386 | SA-L2: 0/9 newly-lost found by standalone | (prev: lost=75,710, diff=-70324)
  Step  813: active=318,313 lost=5,393 (+7) | L0=96.3% L1=1.6% L2=0.4% miss=1.7% | sub-step misses: k1=5386 k2=5390 k3=5387 k4=5392 final=5393 | SA-L2: 0/7 newly-lost found by standalone | (prev: lost=75,805, diff=-70412)
  Step  814: active=318,306 lost=5,400 (+7) | L0=96.3% L1=1.6% L2=0.4% miss=1.7% | sub-step misses: k1=5393 k2=5395 k3=5394 k4=5400 final=5400 | SA-L2: 0/7 newly-lost found by standalone | (prev: lost=75,887, diff=-70487)
  Step  815: active=318,301 lost=5,405 (+5) | L0=96.3% L1=1.6% L2=0.4% miss=1.7% | sub-step misses: k1=5400 k2=5403 k3=5400 k4=5405 final=5405 | SA-L2: 0/5 newly-lost found by standalone | (prev: lost=75,979, diff=-70574)
  Step  816: active=318,297 lost=5,409 (+4) | L0=96.3% L1=1.6% L2=0.4% miss=1.7% | sub-step misses: k1=5405 k2=5407 k3=5406 k4=5409 final=5409 | SA-L2: 0/4 newly-lost found by standalone | (prev: lost=76,070, diff=-70661)
  Step  817: active=318,294 lost=5,412 (+3) | L0=96.3% L1=1.6% L2=0.4% miss=1.7% | sub-step misses: k1=5409 k2=5411 k3=5410 k4=5412 final=5412 | SA-L2: 0/3 newly-lost found by standalone | (prev: lost=76,147, diff=-70735)
  Step  818: active=318,281 lost=5,425 (+13) | L0=96.3% L1=1.6% L2=0.4% miss=1.7% | sub-step misses: k1=5412 k2=5413 k3=5413 k4=5424 final=5425 | SA-L2: 0/13 newly-lost found by standalone | (prev: lost=76,224, diff=-70799)
  Step  819: active=318,277 lost=5,429 (+4) | L0=96.3% L1=1.6% L2=0.4% miss=1.7% | sub-step misses: k1=5425 k2=5427 k3=5425 k4=5430 final=5429 | SA-L2: 0/4 newly-lost found by standalone | (prev: lost=76,305, diff=-70876)
  Step  820: active=318,271 lost=5,435 (+6) | L0=96.3% L1=1.6% L2=0.4% miss=1.7% | sub-step misses: k1=5429 k2=5435 k3=5429 k4=5437 final=5435 | SA-L2: 0/6 newly-lost found by standalone | (prev: lost=76,382, diff=-70947)
  Step  821: active=318,264 lost=5,442 (+7) | L0=96.3% L1=1.6% L2=0.4% miss=1.7% | sub-step misses: k1=5435 k2=5440 k3=5435 k4=5442 final=5442 | SA-L2: 0/7 newly-lost found by standalone | (prev: lost=76,468, diff=-71026)
  Step  822: active=318,262 lost=5,444 (+2) | L0=96.3% L1=1.6% L2=0.4% miss=1.7% | sub-step misses: k1=5442 k2=5444 k3=5442 k4=5445 final=5444 | SA-L2: 0/2 newly-lost found by standalone | (prev: lost=76,552, diff=-71108)
  Step  823: active=318,245 lost=5,461 (+17) | L0=96.3% L1=1.6% L2=0.4% miss=1.7% | sub-step misses: k1=5444 k2=5447 k3=5444 k4=5463 final=5461 | SA-L2: 0/17 newly-lost found by standalone | (prev: lost=76,631, diff=-71170)
  Step  824: active=318,235 lost=5,471 (+10) | L0=96.3% L1=1.6% L2=0.4% miss=1.7% | sub-step misses: k1=5461 k2=5469 k3=5461 k4=5470 final=5471 | SA-L2: 0/10 newly-lost found by standalone | (prev: lost=76,722, diff=-71251)
  Step  825: active=318,230 lost=5,476 (+5) | L0=96.3% L1=1.6% L2=0.4% miss=1.7% | sub-step misses: k1=5471 k2=5474 k3=5471 k4=5477 final=5476 | SA-L2: 0/5 newly-lost found by standalone | (prev: lost=76,821, diff=-71345)
  Step  826: active=318,222 lost=5,484 (+8) | L0=96.3% L1=1.6% L2=0.4% miss=1.7% | sub-step misses: k1=5476 k2=5481 k3=5476 k4=5485 final=5484 | SA-L2: 0/8 newly-lost found by standalone | (prev: lost=76,920, diff=-71436)
  Step  827: active=318,216 lost=5,490 (+6) | L0=96.3% L1=1.6% L2=0.4% miss=1.7% | sub-step misses: k1=5484 k2=5487 k3=5484 k4=5490 final=5490 | SA-L2: 0/6 newly-lost found by standalone | (prev: lost=76,997, diff=-71507)
  Step  828: active=318,210 lost=5,496 (+6) | L0=96.3% L1=1.6% L2=0.4% miss=1.7% | sub-step misses: k1=5490 k2=5494 k3=5490 k4=5498 final=5496 | SA-L2: 0/6 newly-lost found by standalone | (prev: lost=77,072, diff=-71576)
  Step  829: active=318,203 lost=5,503 (+7) | L0=96.3% L1=1.6% L2=0.4% miss=1.7% | sub-step misses: k1=5496 k2=5503 k3=5496 k4=5505 final=5503 | SA-L2: 0/7 newly-lost found by standalone | (prev: lost=77,148, diff=-71645)
  Step  830: active=318,193 lost=5,513 (+10) | L0=96.3% L1=1.6% L2=0.4% miss=1.7% | sub-step misses: k1=5503 k2=5508 k3=5503 k4=5514 final=5513 | SA-L2: 0/10 newly-lost found by standalone | (prev: lost=77,233, diff=-71720)
  Step  831: active=318,177 lost=5,529 (+16) | L0=96.3% L1=1.6% L2=0.4% miss=1.7% | sub-step misses: k1=5513 k2=5522 k3=5515 k4=5529 final=5529 | SA-L2: 0/16 newly-lost found by standalone | (prev: lost=77,325, diff=-71796)
  Step  832: active=318,165 lost=5,541 (+12) | L0=96.3% L1=1.6% L2=0.4% miss=1.7% | sub-step misses: k1=5529 k2=5535 k3=5529 k4=5541 final=5541 | SA-L2: 0/12 newly-lost found by standalone | (prev: lost=77,411, diff=-71870)
  Step  833: active=318,157 lost=5,549 (+8) | L0=96.3% L1=1.6% L2=0.4% miss=1.7% | sub-step misses: k1=5541 k2=5547 k3=5542 k4=5551 final=5549 | SA-L2: 0/8 newly-lost found by standalone | (prev: lost=77,502, diff=-71953)
  Step  834: active=318,146 lost=5,560 (+11) | L0=96.3% L1=1.6% L2=0.4% miss=1.7% | sub-step misses: k1=5549 k2=5559 k3=5549 k4=5561 final=5560 | SA-L2: 0/11 newly-lost found by standalone | (prev: lost=77,598, diff=-72038)
  Step  835: active=318,138 lost=5,568 (+8) | L0=96.3% L1=1.6% L2=0.4% miss=1.7% | sub-step misses: k1=5560 k2=5565 k3=5561 k4=5568 final=5568 | SA-L2: 0/8 newly-lost found by standalone | (prev: lost=77,687, diff=-72119)
  Step  836: active=318,133 lost=5,573 (+5) | L0=96.3% L1=1.6% L2=0.4% miss=1.7% | sub-step misses: k1=5568 k2=5573 k3=5568 k4=5575 final=5573 | SA-L2: 0/5 newly-lost found by standalone | (prev: lost=77,769, diff=-72196)
  Step  837: active=318,127 lost=5,579 (+6) | L0=96.3% L1=1.6% L2=0.4% miss=1.7% | sub-step misses: k1=5573 k2=5577 k3=5574 k4=5579 final=5579 | SA-L2: 0/6 newly-lost found by standalone | (prev: lost=77,853, diff=-72274)
  Step  838: active=318,121 lost=5,585 (+6) | L0=96.3% L1=1.6% L2=0.4% miss=1.7% | sub-step misses: k1=5579 k2=5582 k3=5580 k4=5586 final=5585 | SA-L2: 0/6 newly-lost found by standalone | (prev: lost=77,929, diff=-72344)
  Step  839: active=318,111 lost=5,595 (+10) | L0=96.3% L1=1.6% L2=0.4% miss=1.7% | sub-step misses: k1=5585 k2=5591 k3=5585 k4=5596 final=5595 | SA-L2: 0/10 newly-lost found by standalone | (prev: lost=78,004, diff=-72409)
  Step  840: active=318,103 lost=5,603 (+8) | L0=96.3% L1=1.6% L2=0.4% miss=1.7% | sub-step misses: k1=5595 k2=5600 k3=5595 k4=5604 final=5603 | SA-L2: 0/8 newly-lost found by standalone | (prev: lost=78,106, diff=-72503)
  Step  841: active=318,098 lost=5,608 (+5) | L0=96.3% L1=1.6% L2=0.4% miss=1.7% | sub-step misses: k1=5603 k2=5606 k3=5603 k4=5610 final=5608 | SA-L2: 0/5 newly-lost found by standalone | (prev: lost=78,186, diff=-72578)
  Step  842: active=318,091 lost=5,615 (+7) | L0=96.2% L1=1.6% L2=0.4% miss=1.7% | sub-step misses: k1=5608 k2=5613 k3=5608 k4=5617 final=5615 | SA-L2: 0/7 newly-lost found by standalone | (prev: lost=78,269, diff=-72654)
  Step  843: active=318,082 lost=5,624 (+9) | L0=96.3% L1=1.6% L2=0.4% miss=1.7% | sub-step misses: k1=5615 k2=5621 k3=5615 k4=5626 final=5624 | SA-L2: 0/9 newly-lost found by standalone | (prev: lost=78,353, diff=-72729)
  Step  844: active=318,074 lost=5,632 (+8) | L0=96.3% L1=1.5% L2=0.4% miss=1.7% | sub-step misses: k1=5624 k2=5631 k3=5624 k4=5633 final=5632 | SA-L2: 0/8 newly-lost found by standalone | (prev: lost=78,453, diff=-72821)
  Step  845: active=318,068 lost=5,638 (+6) | L0=96.3% L1=1.6% L2=0.4% miss=1.7% | sub-step misses: k1=5632 k2=5635 k3=5632 k4=5639 final=5638 | SA-L2: 0/6 newly-lost found by standalone | (prev: lost=78,550, diff=-72912)
  Step  846: active=318,063 lost=5,643 (+5) | L0=96.3% L1=1.5% L2=0.4% miss=1.7% | sub-step misses: k1=5638 k2=5642 k3=5638 k4=5645 final=5643 | SA-L2: 0/5 newly-lost found by standalone | (prev: lost=78,621, diff=-72978)
  Step  847: active=318,054 lost=5,652 (+9) | L0=96.3% L1=1.6% L2=0.4% miss=1.7% | sub-step misses: k1=5643 k2=5649 k3=5643 k4=5654 final=5652 | SA-L2: 0/9 newly-lost found by standalone | (prev: lost=78,708, diff=-73056)
  Step  848: active=318,047 lost=5,659 (+7) | L0=96.3% L1=1.6% L2=0.4% miss=1.7% | sub-step misses: k1=5652 k2=5657 k3=5653 k4=5660 final=5659 | SA-L2: 0/7 newly-lost found by standalone | (prev: lost=78,798, diff=-73139)
  Step  849: active=318,042 lost=5,664 (+5) | L0=96.3% L1=1.6% L2=0.4% miss=1.7% | sub-step misses: k1=5659 k2=5663 k3=5659 k4=5665 final=5664 | SA-L2: 0/5 newly-lost found by standalone | (prev: lost=78,893, diff=-73229)
  Step  850: active=318,037 lost=5,669 (+5) | L0=96.3% L1=1.6% L2=0.4% miss=1.8% | sub-step misses: k1=5664 k2=5665 k3=5664 k4=5670 final=5669 | SA-L2: 0/5 newly-lost found by standalone | (prev: lost=78,972, diff=-73303)
  Step  851: active=318,030 lost=5,676 (+7) | L0=96.3% L1=1.6% L2=0.4% miss=1.8% | sub-step misses: k1=5669 k2=5674 k3=5669 k4=5678 final=5676 | SA-L2: 0/7 newly-lost found by standalone | (prev: lost=79,044, diff=-73368)
  Step  852: active=318,021 lost=5,685 (+9) | L0=96.3% L1=1.5% L2=0.4% miss=1.8% | sub-step misses: k1=5676 k2=5682 k3=5677 k4=5685 final=5685 | SA-L2: 0/9 newly-lost found by standalone | (prev: lost=79,123, diff=-73438)
  Step  853: active=318,015 lost=5,691 (+6) | L0=96.3% L1=1.5% L2=0.4% miss=1.8% | sub-step misses: k1=5685 k2=5688 k3=5686 k4=5690 final=5691 | SA-L2: 0/6 newly-lost found by standalone | (prev: lost=79,204, diff=-73513)
  Step  854: active=318,005 lost=5,701 (+10) | L0=96.3% L1=1.5% L2=0.4% miss=1.8% | sub-step misses: k1=5691 k2=5698 k3=5692 k4=5703 final=5701 | SA-L2: 0/10 newly-lost found by standalone | (prev: lost=79,294, diff=-73593)
  Step  855: active=317,998 lost=5,708 (+7) | L0=96.3% L1=1.5% L2=0.4% miss=1.8% | sub-step misses: k1=5701 k2=5707 k3=5701 k4=5710 final=5708 | SA-L2: 0/7 newly-lost found by standalone | (prev: lost=79,373, diff=-73665)
  Step  856: active=317,990 lost=5,716 (+8) | L0=96.3% L1=1.5% L2=0.4% miss=1.8% | sub-step misses: k1=5708 k2=5714 k3=5709 k4=5718 final=5716 | SA-L2: 0/8 newly-lost found by standalone | (prev: lost=79,462, diff=-73746)
  Step  857: active=317,981 lost=5,725 (+9) | L0=96.3% L1=1.5% L2=0.4% miss=1.8% | sub-step misses: k1=5716 k2=5725 k3=5716 k4=5727 final=5725 | SA-L2: 0/9 newly-lost found by standalone | (prev: lost=79,547, diff=-73822)
  Step  858: active=317,969 lost=5,737 (+12) | L0=96.3% L1=1.5% L2=0.4% miss=1.8% | sub-step misses: k1=5725 k2=5734 k3=5726 k4=5736 final=5737 | SA-L2: 0/12 newly-lost found by standalone | (prev: lost=79,636, diff=-73899)
  Step  859: active=317,965 lost=5,741 (+4) | L0=96.3% L1=1.5% L2=0.4% miss=1.8% | sub-step misses: k1=5737 k2=5739 k3=5737 k4=5742 final=5741 | SA-L2: 0/4 newly-lost found by standalone | (prev: lost=79,719, diff=-73978)
  Step  860: active=317,958 lost=5,748 (+7) | L0=96.3% L1=1.5% L2=0.4% miss=1.8% | sub-step misses: k1=5741 k2=5747 k3=5741 k4=5749 final=5748 | SA-L2: 0/7 newly-lost found by standalone | (prev: lost=79,794, diff=-74046)
  Step  861: active=317,953 lost=5,753 (+5) | L0=96.3% L1=1.5% L2=0.4% miss=1.8% | sub-step misses: k1=5748 k2=5752 k3=5748 k4=5753 final=5753 | SA-L2: 0/5 newly-lost found by standalone | (prev: lost=79,869, diff=-74116)
  Step  862: active=317,950 lost=5,756 (+3) | L0=96.3% L1=1.5% L2=0.4% miss=1.8% | sub-step misses: k1=5753 k2=5755 k3=5753 k4=5759 final=5756 | SA-L2: 0/3 newly-lost found by standalone | (prev: lost=79,947, diff=-74191)
  Step  863: active=317,942 lost=5,764 (+8) | L0=96.3% L1=1.5% L2=0.4% miss=1.8% | sub-step misses: k1=5756 k2=5763 k3=5756 k4=5764 final=5764 | SA-L2: 0/8 newly-lost found by standalone | (prev: lost=80,021, diff=-74257)
  Step  864: active=317,935 lost=5,771 (+7) | L0=96.3% L1=1.5% L2=0.4% miss=1.8% | sub-step misses: k1=5764 k2=5768 k3=5764 k4=5771 final=5771 | SA-L2: 0/7 newly-lost found by standalone | (prev: lost=80,097, diff=-74326)
  Step  865: active=317,929 lost=5,777 (+6) | L0=96.3% L1=1.5% L2=0.4% miss=1.8% | sub-step misses: k1=5771 k2=5775 k3=5771 k4=5777 final=5777 | SA-L2: 0/6 newly-lost found by standalone | (prev: lost=80,189, diff=-74412)
  Step  866: active=317,923 lost=5,783 (+6) | L0=96.3% L1=1.5% L2=0.4% miss=1.8% | sub-step misses: k1=5777 k2=5783 k3=5777 k4=5784 final=5783 | SA-L2: 0/6 newly-lost found by standalone | (prev: lost=80,285, diff=-74502)
  Step  867: active=317,916 lost=5,790 (+7) | L0=96.3% L1=1.5% L2=0.4% miss=1.8% | sub-step misses: k1=5783 k2=5786 k3=5783 k4=5791 final=5790 | SA-L2: 0/7 newly-lost found by standalone | (prev: lost=80,371, diff=-74581)
  Step  868: active=317,909 lost=5,797 (+7) | L0=96.3% L1=1.5% L2=0.4% miss=1.8% | sub-step misses: k1=5790 k2=5795 k3=5790 k4=5800 final=5797 | SA-L2: 0/7 newly-lost found by standalone | (prev: lost=80,451, diff=-74654)
  Step  869: active=317,900 lost=5,806 (+9) | L0=96.3% L1=1.5% L2=0.4% miss=1.8% | sub-step misses: k1=5797 k2=5803 k3=5797 k4=5807 final=5806 | SA-L2: 0/9 newly-lost found by standalone | (prev: lost=80,517, diff=-74711)
  Step  870: active=317,892 lost=5,814 (+8) | L0=96.3% L1=1.5% L2=0.4% miss=1.8% | sub-step misses: k1=5806 k2=5808 k3=5806 k4=5816 final=5814 | SA-L2: 0/8 newly-lost found by standalone | (prev: lost=80,604, diff=-74790)
  Step  871: active=317,886 lost=5,820 (+6) | L0=96.3% L1=1.5% L2=0.4% miss=1.8% | sub-step misses: k1=5814 k2=5818 k3=5814 k4=5821 final=5820 | SA-L2: 0/6 newly-lost found by standalone | (prev: lost=80,683, diff=-74863)
  Step  872: active=317,878 lost=5,828 (+8) | L0=96.3% L1=1.5% L2=0.4% miss=1.8% | sub-step misses: k1=5820 k2=5827 k3=5820 k4=5829 final=5828 | SA-L2: 0/8 newly-lost found by standalone | (prev: lost=80,775, diff=-74947)
  Step  873: active=317,873 lost=5,833 (+5) | L0=96.3% L1=1.5% L2=0.4% miss=1.8% | sub-step misses: k1=5828 k2=5832 k3=5828 k4=5836 final=5833 | SA-L2: 0/5 newly-lost found by standalone | (prev: lost=80,858, diff=-75025)
  Step  874: active=317,866 lost=5,840 (+7) | L0=96.3% L1=1.5% L2=0.4% miss=1.8% | sub-step misses: k1=5833 k2=5837 k3=5834 k4=5839 final=5840 | SA-L2: 0/7 newly-lost found by standalone | (prev: lost=80,941, diff=-75101)
  Step  875: active=317,861 lost=5,845 (+5) | L0=96.3% L1=1.5% L2=0.4% miss=1.8% | sub-step misses: k1=5840 k2=5845 k3=5840 k4=5848 final=5845 | SA-L2: 0/5 newly-lost found by standalone | (prev: lost=81,037, diff=-75192)
  Step  876: active=317,853 lost=5,853 (+8) | L0=96.3% L1=1.5% L2=0.4% miss=1.8% | sub-step misses: k1=5845 k2=5848 k3=5845 k4=5857 final=5853 | SA-L2: 0/8 newly-lost found by standalone | (prev: lost=81,124, diff=-75271)
  Step  877: active=317,837 lost=5,869 (+16) | L0=96.3% L1=1.5% L2=0.4% miss=1.8% | sub-step misses: k1=5853 k2=5868 k3=5853 k4=5869 final=5869 | SA-L2: 0/16 newly-lost found by standalone | (prev: lost=81,206, diff=-75337)
  Step  878: active=317,831 lost=5,875 (+6) | L0=96.3% L1=1.5% L2=0.4% miss=1.8% | sub-step misses: k1=5869 k2=5873 k3=5869 k4=5875 final=5875 | SA-L2: 0/6 newly-lost found by standalone | (prev: lost=81,274, diff=-75399)
  Step  879: active=317,827 lost=5,879 (+4) | L0=96.3% L1=1.5% L2=0.4% miss=1.8% | sub-step misses: k1=5875 k2=5878 k3=5875 k4=5883 final=5879 | SA-L2: 0/4 newly-lost found by standalone | (prev: lost=81,362, diff=-75483)
  Step  880: active=317,814 lost=5,892 (+13) | L0=96.3% L1=1.5% L2=0.4% miss=1.8% | sub-step misses: k1=5879 k2=5888 k3=5880 k4=5892 final=5892 | SA-L2: 0/13 newly-lost found by standalone | (prev: lost=81,453, diff=-75561)
  Step  881: active=317,809 lost=5,897 (+5) | L0=96.3% L1=1.5% L2=0.4% miss=1.8% | sub-step misses: k1=5892 k2=5895 k3=5892 k4=5898 final=5897 | SA-L2: 0/5 newly-lost found by standalone | (prev: lost=81,527, diff=-75630)
  Step  882: active=317,802 lost=5,904 (+7) | L0=96.3% L1=1.5% L2=0.4% miss=1.8% | sub-step misses: k1=5897 k2=5902 k3=5897 k4=5905 final=5904 | SA-L2: 0/7 newly-lost found by standalone | (prev: lost=81,595, diff=-75691)
  Step  883: active=317,795 lost=5,911 (+7) | L0=96.3% L1=1.5% L2=0.4% miss=1.8% | sub-step misses: k1=5904 k2=5909 k3=5904 k4=5911 final=5911 | SA-L2: 0/7 newly-lost found by standalone | (prev: lost=81,686, diff=-75775)
  Step  884: active=317,792 lost=5,914 (+3) | L0=96.3% L1=1.5% L2=0.4% miss=1.8% | sub-step misses: k1=5911 k2=5913 k3=5912 k4=5916 final=5914 | SA-L2: 0/3 newly-lost found by standalone | (prev: lost=81,768, diff=-75854)
  Step  885: active=317,781 lost=5,925 (+11) | L0=96.3% L1=1.5% L2=0.4% miss=1.8% | sub-step misses: k1=5914 k2=5923 k3=5914 k4=5925 final=5925 | SA-L2: 0/11 newly-lost found by standalone | (prev: lost=81,856, diff=-75931)
  Step  886: active=317,779 lost=5,927 (+2) | L0=96.3% L1=1.5% L2=0.4% miss=1.8% | sub-step misses: k1=5925 k2=5925 k3=5925 k4=5929 final=5927 | SA-L2: 0/2 newly-lost found by standalone | (prev: lost=81,941, diff=-76014)
  Step  887: active=317,771 lost=5,935 (+8) | L0=96.3% L1=1.5% L2=0.4% miss=1.8% | sub-step misses: k1=5927 k2=5932 k3=5927 k4=5936 final=5935 | SA-L2: 0/8 newly-lost found by standalone | (prev: lost=82,018, diff=-76083)
  Step  888: active=317,766 lost=5,940 (+5) | L0=96.3% L1=1.5% L2=0.4% miss=1.8% | sub-step misses: k1=5935 k2=5939 k3=5935 k4=5941 final=5940 | SA-L2: 0/5 newly-lost found by standalone | (prev: lost=82,097, diff=-76157)
  Step  889: active=317,763 lost=5,943 (+3) | L0=96.3% L1=1.5% L2=0.4% miss=1.8% | sub-step misses: k1=5940 k2=5942 k3=5940 k4=5944 final=5943 | SA-L2: 0/3 newly-lost found by standalone | (prev: lost=82,190, diff=-76247)
  Step  890: active=317,752 lost=5,954 (+11) | L0=96.3% L1=1.5% L2=0.4% miss=1.8% | sub-step misses: k1=5943 k2=5948 k3=5943 k4=5955 final=5954 | SA-L2: 0/11 newly-lost found by standalone | (prev: lost=82,266, diff=-76312)
  Step  891: active=317,747 lost=5,959 (+5) | L0=96.3% L1=1.5% L2=0.4% miss=1.8% | sub-step misses: k1=5954 k2=5957 k3=5954 k4=5959 final=5959 | SA-L2: 0/5 newly-lost found by standalone | (prev: lost=82,346, diff=-76387)
  Step  892: active=317,744 lost=5,962 (+3) | L0=96.3% L1=1.4% L2=0.4% miss=1.8% | sub-step misses: k1=5959 k2=5961 k3=5960 k4=5962 final=5962 | SA-L2: 0/3 newly-lost found by standalone | (prev: lost=82,445, diff=-76483)
  Step  893: active=317,739 lost=5,967 (+5) | L0=96.3% L1=1.5% L2=0.4% miss=1.8% | sub-step misses: k1=5962 k2=5964 k3=5964 k4=5965 final=5967 | SA-L2: 0/5 newly-lost found by standalone | (prev: lost=82,522, diff=-76555)
  Step  894: active=317,738 lost=5,968 (+1) | L0=96.3% L1=1.5% L2=0.4% miss=1.8% | sub-step misses: k1=5967 k2=5968 k3=5967 k4=5968 final=5968 | SA-L2: 0/1 newly-lost found by standalone | (prev: lost=82,615, diff=-76647)
  Step  895: active=317,733 lost=5,973 (+5) | L0=96.3% L1=1.5% L2=0.4% miss=1.8% | sub-step misses: k1=5968 k2=5970 k3=5968 k4=5973 final=5973 | SA-L2: 0/5 newly-lost found by standalone | (prev: lost=82,680, diff=-76707)
  Step  896: active=317,729 lost=5,977 (+4) | L0=96.3% L1=1.4% L2=0.4% miss=1.8% | sub-step misses: k1=5973 k2=5975 k3=5974 k4=5977 final=5977 | SA-L2: 0/4 newly-lost found by standalone | (prev: lost=82,762, diff=-76785)
  Step  897: active=317,723 lost=5,983 (+6) | L0=96.3% L1=1.5% L2=0.4% miss=1.8% | sub-step misses: k1=5977 k2=5981 k3=5977 k4=5983 final=5983 | SA-L2: 0/6 newly-lost found by standalone | (prev: lost=82,850, diff=-76867)
  Step  898: active=317,720 lost=5,986 (+3) | L0=96.3% L1=1.4% L2=0.4% miss=1.8% | sub-step misses: k1=5983 k2=5986 k3=5983 k4=5986 final=5986 | SA-L2: 0/3 newly-lost found by standalone | (prev: lost=82,933, diff=-76947)
  Step  899: active=317,718 lost=5,988 (+2) | L0=96.3% L1=1.4% L2=0.4% miss=1.8% | sub-step misses: k1=5986 k2=5986 k3=5986 k4=5988 final=5988 | SA-L2: 0/2 newly-lost found by standalone | (prev: lost=83,015, diff=-77027)
  Step  900: active=317,714 lost=5,992 (+4) | L0=96.3% L1=1.4% L2=0.4% miss=1.9% | sub-step misses: k1=5988 k2=5992 k3=5988 k4=5993 final=5992 | SA-L2: 0/4 newly-lost found by standalone | (prev: lost=83,100, diff=-77108)
  Step  901: active=317,710 lost=5,996 (+4) | L0=96.3% L1=1.4% L2=0.4% miss=1.9% | sub-step misses: k1=5992 k2=5995 k3=5992 k4=5998 final=5996 | SA-L2: 0/4 newly-lost found by standalone | (prev: lost=83,182, diff=-77186)
  Step  902: active=317,702 lost=6,004 (+8) | L0=96.3% L1=1.5% L2=0.4% miss=1.9% | sub-step misses: k1=5996 k2=6003 k3=5996 k4=6004 final=6004 | SA-L2: 0/8 newly-lost found by standalone | (prev: lost=83,268, diff=-77264)
  Step  903: active=317,700 lost=6,006 (+2) | L0=96.3% L1=1.4% L2=0.4% miss=1.9% | sub-step misses: k1=6004 k2=6006 k3=6004 k4=6007 final=6006 | SA-L2: 0/2 newly-lost found by standalone | (prev: lost=83,353, diff=-77347)
  Step  904: active=317,695 lost=6,011 (+5) | L0=96.3% L1=1.4% L2=0.4% miss=1.9% | sub-step misses: k1=6006 k2=6009 k3=6006 k4=6011 final=6011 | SA-L2: 0/5 newly-lost found by standalone | (prev: lost=83,451, diff=-77440)
  Step  905: active=317,692 lost=6,014 (+3) | L0=96.3% L1=1.4% L2=0.4% miss=1.9% | sub-step misses: k1=6011 k2=6014 k3=6011 k4=6014 final=6014 | SA-L2: 0/3 newly-lost found by standalone | (prev: lost=83,532, diff=-77518)
  Step  906: active=317,687 lost=6,019 (+5) | L0=96.3% L1=1.4% L2=0.4% miss=1.9% | sub-step misses: k1=6014 k2=6017 k3=6014 k4=6019 final=6019 | SA-L2: 0/5 newly-lost found by standalone | (prev: lost=83,615, diff=-77596)
  Step  907: active=317,686 lost=6,020 (+1) | L0=96.3% L1=1.4% L2=0.4% miss=1.9% | sub-step misses: k1=6019 k2=6020 k3=6019 k4=6022 final=6020 | SA-L2: 0/1 newly-lost found by standalone | (prev: lost=83,696, diff=-77676)
  Step  908: active=317,681 lost=6,025 (+5) | L0=96.3% L1=1.4% L2=0.4% miss=1.9% | sub-step misses: k1=6020 k2=6025 k3=6020 k4=6025 final=6025 | SA-L2: 0/5 newly-lost found by standalone | (prev: lost=83,773, diff=-77748)
  Step  909: active=317,679 lost=6,027 (+2) | L0=96.3% L1=1.4% L2=0.4% miss=1.9% | sub-step misses: k1=6025 k2=6027 k3=6025 k4=6027 final=6027 | SA-L2: 0/2 newly-lost found by standalone | (prev: lost=83,853, diff=-77826)
  Step  910: active=317,677 lost=6,029 (+2) | L0=96.3% L1=1.4% L2=0.4% miss=1.9% | sub-step misses: k1=6027 k2=6029 k3=6027 k4=6030 final=6029 | SA-L2: 0/2 newly-lost found by standalone | (prev: lost=83,942, diff=-77913)
  Step  911: active=317,675 lost=6,031 (+2) | L0=96.3% L1=1.4% L2=0.4% miss=1.9% | sub-step misses: k1=6029 k2=6031 k3=6029 k4=6031 final=6031 | SA-L2: 0/2 newly-lost found by standalone | (prev: lost=84,027, diff=-77996)
  Step  912: active=317,672 lost=6,034 (+3) | L0=96.3% L1=1.4% L2=0.4% miss=1.9% | sub-step misses: k1=6031 k2=6033 k3=6031 k4=6034 final=6034 | SA-L2: 0/3 newly-lost found by standalone | (prev: lost=84,115, diff=-78081)
  Step  913: active=317,670 lost=6,036 (+2) | L0=96.3% L1=1.4% L2=0.4% miss=1.9% | sub-step misses: k1=6034 k2=6035 k3=6034 k4=6036 final=6036 | SA-L2: 0/2 newly-lost found by standalone | (prev: lost=84,194, diff=-78158)
  Step  914: active=317,668 lost=6,038 (+2) | L0=96.3% L1=1.4% L2=0.4% miss=1.9% | sub-step misses: k1=6036 k2=6037 k3=6036 k4=6037 final=6038 | SA-L2: 0/2 newly-lost found by standalone | (prev: lost=84,291, diff=-78253)
  Step  915: active=317,668 lost=6,038 (+0) | L0=96.3% L1=1.4% L2=0.4% miss=1.9% | (prev: lost=84,386, diff=-78348)
  Step  916: active=317,665 lost=6,041 (+3) | L0=96.3% L1=1.4% L2=0.4% miss=1.9% | sub-step misses: k1=6038 k2=6040 k3=6038 k4=6041 final=6041 | SA-L2: 0/3 newly-lost found by standalone | (prev: lost=84,483, diff=-78442)
  Step  917: active=317,662 lost=6,044 (+3) | L0=96.4% L1=1.4% L2=0.4% miss=1.9% | sub-step misses: k1=6041 k2=6043 k3=6041 k4=6045 final=6044 | SA-L2: 0/3 newly-lost found by standalone | (prev: lost=84,552, diff=-78508)
  Step  918: active=317,660 lost=6,046 (+2) | L0=96.3% L1=1.4% L2=0.4% miss=1.9% | sub-step misses: k1=6044 k2=6046 k3=6044 k4=6046 final=6046 | SA-L2: 0/2 newly-lost found by standalone | (prev: lost=84,634, diff=-78588)
  Step  919: active=317,657 lost=6,049 (+3) | L0=96.4% L1=1.4% L2=0.4% miss=1.9% | sub-step misses: k1=6046 k2=6049 k3=6046 k4=6049 final=6049 | SA-L2: 0/3 newly-lost found by standalone | (prev: lost=84,719, diff=-78670)
  Step  920: active=317,656 lost=6,050 (+1) | L0=96.3% L1=1.4% L2=0.4% miss=1.9% | sub-step misses: k1=6049 k2=6049 k3=6049 k4=6050 final=6050 | SA-L2: 0/1 newly-lost found by standalone | (prev: lost=84,803, diff=-78753)
  Step  921: active=317,655 lost=6,051 (+1) | L0=96.3% L1=1.4% L2=0.4% miss=1.9% | sub-step misses: k1=6050 k2=6051 k3=6050 k4=6051 final=6051 | SA-L2: 0/1 newly-lost found by standalone | (prev: lost=84,890, diff=-78839)
  Step  922: active=317,655 lost=6,051 (+0) | L0=96.4% L1=1.4% L2=0.4% miss=1.9% | (prev: lost=84,969, diff=-78918)
  Step  923: active=317,651 lost=6,055 (+4) | L0=96.4% L1=1.4% L2=0.4% miss=1.9% | sub-step misses: k1=6051 k2=6053 k3=6051 k4=6055 final=6055 | SA-L2: 0/4 newly-lost found by standalone | (prev: lost=85,062, diff=-79007)
  Step  924: active=317,650 lost=6,056 (+1) | L0=96.4% L1=1.4% L2=0.4% miss=1.9% | sub-step misses: k1=6055 k2=6056 k3=6055 k4=6056 final=6056 | SA-L2: 0/1 newly-lost found by standalone | (prev: lost=85,156, diff=-79100)
  Step  925: active=317,648 lost=6,058 (+2) | L0=96.4% L1=1.4% L2=0.4% miss=1.9% | sub-step misses: k1=6056 k2=6057 k3=6056 k4=6059 final=6058 | SA-L2: 0/2 newly-lost found by standalone | (prev: lost=85,243, diff=-79185)
  Step  926: active=317,647 lost=6,059 (+1) | L0=96.4% L1=1.4% L2=0.4% miss=1.9% | sub-step misses: k1=6058 k2=6059 k3=6058 k4=6059 final=6059 | SA-L2: 0/1 newly-lost found by standalone | (prev: lost=85,328, diff=-79269)
  Step  927: active=317,647 lost=6,059 (+0) | L0=96.4% L1=1.4% L2=0.4% miss=1.9% | (prev: lost=85,429, diff=-79370)
  Step  928: active=317,643 lost=6,063 (+4) | L0=96.4% L1=1.4% L2=0.4% miss=1.9% | sub-step misses: k1=6059 k2=6062 k3=6060 k4=6062 final=6063 | SA-L2: 0/4 newly-lost found by standalone | (prev: lost=85,511, diff=-79448)
  Step  929: active=317,643 lost=6,063 (+0) | L0=96.4% L1=1.4% L2=0.4% miss=1.9% | (prev: lost=85,593, diff=-79530)
  Step  930: active=317,641 lost=6,065 (+2) | L0=96.4% L1=1.4% L2=0.4% miss=1.9% | sub-step misses: k1=6063 k2=6064 k3=6063 k4=6066 final=6065 | SA-L2: 0/2 newly-lost found by standalone | (prev: lost=85,666, diff=-79601)
  Step  931: active=317,640 lost=6,066 (+1) | L0=96.4% L1=1.4% L2=0.4% miss=1.9% | sub-step misses: k1=6065 k2=6066 k3=6065 k4=6066 final=6066 | SA-L2: 0/1 newly-lost found by standalone | (prev: lost=85,758, diff=-79692)
  Step  932: active=317,640 lost=6,066 (+0) | L0=96.4% L1=1.4% L2=0.4% miss=1.9% | (prev: lost=85,833, diff=-79767)
  Step  933: active=317,637 lost=6,069 (+3) | L0=96.4% L1=1.4% L2=0.4% miss=1.9% | sub-step misses: k1=6066 k2=6067 k3=6066 k4=6069 final=6069 | SA-L2: 0/3 newly-lost found by standalone | (prev: lost=85,918, diff=-79849)
  Step  934: active=317,637 lost=6,069 (+0) | L0=96.4% L1=1.4% L2=0.4% miss=1.9% | (prev: lost=85,991, diff=-79922)
  Step  935: active=317,636 lost=6,070 (+1) | L0=96.4% L1=1.3% L2=0.4% miss=1.9% | sub-step misses: k1=6069 k2=6069 k3=6069 k4=6070 final=6070 | SA-L2: 0/1 newly-lost found by standalone | (prev: lost=86,090, diff=-80020)
  Step  936: active=317,635 lost=6,071 (+1) | L0=96.4% L1=1.4% L2=0.4% miss=1.9% | sub-step misses: k1=6070 k2=6071 k3=6070 k4=6071 final=6071 | SA-L2: 0/1 newly-lost found by standalone | (prev: lost=86,179, diff=-80108)
  Step  937: active=317,634 lost=6,072 (+1) | L0=96.4% L1=1.4% L2=0.4% miss=1.9% | sub-step misses: k1=6071 k2=6072 k3=6071 k4=6072 final=6072 | SA-L2: 0/1 newly-lost found by standalone | (prev: lost=86,264, diff=-80192)
  Step  938: active=317,634 lost=6,072 (+0) | L0=96.4% L1=1.3% L2=0.4% miss=1.9% | (prev: lost=86,342, diff=-80270)
  Step  939: active=317,629 lost=6,077 (+5) | L0=96.4% L1=1.3% L2=0.4% miss=1.9% | sub-step misses: k1=6072 k2=6075 k3=6073 k4=6076 final=6077 | SA-L2: 0/5 newly-lost found by standalone | (prev: lost=86,415, diff=-80338)
  Step  940: active=317,629 lost=6,077 (+0) | L0=96.4% L1=1.3% L2=0.4% miss=1.9% | (prev: lost=86,498, diff=-80421)
  Step  941: active=317,627 lost=6,079 (+2) | L0=96.4% L1=1.3% L2=0.4% miss=1.9% | sub-step misses: k1=6077 k2=6079 k3=6077 k4=6079 final=6079 | SA-L2: 0/2 newly-lost found by standalone | (prev: lost=86,574, diff=-80495)
  Step  942: active=317,626 lost=6,080 (+1) | L0=96.4% L1=1.3% L2=0.4% miss=1.9% | sub-step misses: k1=6079 k2=6079 k3=6079 k4=6080 final=6080 | SA-L2: 0/1 newly-lost found by standalone | (prev: lost=86,660, diff=-80580)
  Step  943: active=317,626 lost=6,080 (+0) | L0=96.4% L1=1.3% L2=0.4% miss=1.9% | (prev: lost=86,761, diff=-80681)
  Step  944: active=317,625 lost=6,081 (+1) | L0=96.4% L1=1.3% L2=0.4% miss=1.9% | sub-step misses: k1=6080 k2=6080 k3=6080 k4=6081 final=6081 | SA-L2: 0/1 newly-lost found by standalone | (prev: lost=86,852, diff=-80771)
  Step  945: active=317,624 lost=6,082 (+1) | L0=96.4% L1=1.3% L2=0.4% miss=1.9% | sub-step misses: k1=6081 k2=6082 k3=6081 k4=6082 final=6082 | SA-L2: 0/1 newly-lost found by standalone | (prev: lost=86,932, diff=-80850)
  Step  946: active=317,624 lost=6,082 (+0) | L0=96.4% L1=1.3% L2=0.4% miss=1.9% | (prev: lost=87,023, diff=-80941)
  Step  947: active=317,623 lost=6,083 (+1) | L0=96.4% L1=1.3% L2=0.4% miss=1.9% | sub-step misses: k1=6082 k2=6083 k3=6082 k4=6084 final=6083 | SA-L2: 0/1 newly-lost found by standalone | (prev: lost=87,098, diff=-81015)
  Step  948: active=317,620 lost=6,086 (+3) | L0=96.4% L1=1.3% L2=0.4% miss=1.9% | sub-step misses: k1=6083 k2=6084 k3=6085 k4=6084 final=6086 | SA-L2: 0/3 newly-lost found by standalone | (prev: lost=87,187, diff=-81101)
  Step  949: active=317,620 lost=6,086 (+0) | L0=96.4% L1=1.3% L2=0.4% miss=1.9% | (prev: lost=87,281, diff=-81195)
  Step  950: active=317,617 lost=6,089 (+3) | L0=96.4% L1=1.3% L2=0.4% miss=1.9% | sub-step misses: k1=6086 k2=6089 k3=6086 k4=6090 final=6089 | SA-L2: 0/3 newly-lost found by standalone | (prev: lost=87,362, diff=-81273)
  Step  951: active=317,616 lost=6,090 (+1) | L0=96.4% L1=1.3% L2=0.4% miss=1.9% | sub-step misses: k1=6089 k2=6090 k3=6089 k4=6090 final=6090 | SA-L2: 0/1 newly-lost found by standalone | (prev: lost=87,455, diff=-81365)
  Step  952: active=317,615 lost=6,091 (+1) | L0=96.4% L1=1.3% L2=0.4% miss=1.9% | sub-step misses: k1=6090 k2=6090 k3=6090 k4=6091 final=6091 | SA-L2: 0/1 newly-lost found by standalone | (prev: lost=87,557, diff=-81466)
  Step  953: active=317,615 lost=6,091 (+0) | L0=96.5% L1=1.3% L2=0.4% miss=1.9% | (prev: lost=87,650, diff=-81559)
  Step  954: active=317,614 lost=6,092 (+1) | L0=96.5% L1=1.3% L2=0.3% miss=1.9% | sub-step misses: k1=6091 k2=6092 k3=6091 k4=6092 final=6092 | SA-L2: 0/1 newly-lost found by standalone | (prev: lost=87,733, diff=-81641)
  Step  955: active=317,613 lost=6,093 (+1) | L0=96.5% L1=1.3% L2=0.4% miss=1.9% | sub-step misses: k1=6092 k2=6093 k3=6092 k4=6093 final=6093 | SA-L2: 0/1 newly-lost found by standalone | (prev: lost=87,827, diff=-81734)
  Step  956: active=317,612 lost=6,094 (+1) | L0=96.5% L1=1.3% L2=0.4% miss=1.9% | sub-step misses: k1=6093 k2=6093 k3=6093 k4=6094 final=6094 | SA-L2: 0/1 newly-lost found by standalone | (prev: lost=87,910, diff=-81816)
  Step  957: active=317,610 lost=6,096 (+2) | L0=96.5% L1=1.3% L2=0.4% miss=1.9% | sub-step misses: k1=6094 k2=6095 k3=6095 k4=6095 final=6096 | SA-L2: 0/2 newly-lost found by standalone | (prev: lost=88,008, diff=-81912)
  Step  958: active=317,609 lost=6,097 (+1) | L0=96.5% L1=1.3% L2=0.4% miss=1.9% | sub-step misses: k1=6096 k2=6097 k3=6096 k4=6097 final=6097 | SA-L2: 0/1 newly-lost found by standalone | (prev: lost=88,096, diff=-81999)
  Step  959: active=317,608 lost=6,098 (+1) | L0=96.5% L1=1.3% L2=0.4% miss=1.9% | sub-step misses: k1=6097 k2=6097 k3=6097 k4=6098 final=6098 | SA-L2: 0/1 newly-lost found by standalone | (prev: lost=88,183, diff=-82085)
  Step  960: active=317,606 lost=6,100 (+2) | L0=96.5% L1=1.3% L2=0.4% miss=1.9% | sub-step misses: k1=6098 k2=6099 k3=6098 k4=6100 final=6100 | SA-L2: 0/2 newly-lost found by standalone | (prev: lost=88,282, diff=-82182)
  Step  961: active=317,604 lost=6,102 (+2) | L0=96.5% L1=1.3% L2=0.4% miss=1.9% | sub-step misses: k1=6100 k2=6101 k3=6100 k4=6102 final=6102 | SA-L2: 0/2 newly-lost found by standalone | (prev: lost=88,374, diff=-82272)
  Step  962: active=317,603 lost=6,103 (+1) | L0=96.5% L1=1.2% L2=0.3% miss=1.9% | sub-step misses: k1=6102 k2=6102 k3=6102 k4=6103 final=6103 | SA-L2: 0/1 newly-lost found by standalone | (prev: lost=88,466, diff=-82363)
  Step  963: active=317,603 lost=6,103 (+0) | L0=96.5% L1=1.3% L2=0.4% miss=1.9% | (prev: lost=88,555, diff=-82452)
  Step  964: active=317,601 lost=6,105 (+2) | L0=96.5% L1=1.3% L2=0.4% miss=1.9% | sub-step misses: k1=6103 k2=6105 k3=6103 k4=6106 final=6105 | SA-L2: 0/2 newly-lost found by standalone | (prev: lost=88,632, diff=-82527)
  Step  965: active=317,600 lost=6,106 (+1) | L0=96.5% L1=1.3% L2=0.3% miss=1.9% | sub-step misses: k1=6105 k2=6106 k3=6105 k4=6107 final=6106 | SA-L2: 0/1 newly-lost found by standalone | (prev: lost=88,733, diff=-82627)
  Step  966: active=317,597 lost=6,109 (+3) | L0=96.5% L1=1.3% L2=0.4% miss=1.9% | sub-step misses: k1=6106 k2=6108 k3=6106 k4=6110 final=6109 | SA-L2: 0/3 newly-lost found by standalone | (prev: lost=88,831, diff=-82722)
  Step  967: active=317,596 lost=6,110 (+1) | L0=96.5% L1=1.3% L2=0.4% miss=1.9% | sub-step misses: k1=6109 k2=6109 k3=6110 k4=6109 final=6110 | SA-L2: 0/1 newly-lost found by standalone | (prev: lost=88,934, diff=-82824)
  Step  968: active=317,595 lost=6,111 (+1) | L0=96.5% L1=1.3% L2=0.4% miss=1.9% | sub-step misses: k1=6110 k2=6111 k3=6110 k4=6111 final=6111 | SA-L2: 0/1 newly-lost found by standalone | (prev: lost=89,023, diff=-82912)
  Step  969: active=317,595 lost=6,111 (+0) | L0=96.5% L1=1.2% L2=0.4% miss=1.9% | (prev: lost=89,133, diff=-83022)
  Step  970: active=317,594 lost=6,112 (+1) | L0=96.5% L1=1.2% L2=0.4% miss=1.9% | sub-step misses: k1=6111 k2=6112 k3=6111 k4=6112 final=6112 | SA-L2: 0/1 newly-lost found by standalone | (prev: lost=89,241, diff=-83129)
  Step  971: active=317,592 lost=6,114 (+2) | L0=96.5% L1=1.2% L2=0.3% miss=1.9% | sub-step misses: k1=6112 k2=6113 k3=6112 k4=6114 final=6114 | SA-L2: 0/2 newly-lost found by standalone | (prev: lost=89,323, diff=-83209)
  Step  972: active=317,591 lost=6,115 (+1) | L0=96.5% L1=1.2% L2=0.3% miss=1.9% | sub-step misses: k1=6114 k2=6115 k3=6114 k4=6116 final=6115 | SA-L2: 0/1 newly-lost found by standalone | (prev: lost=89,424, diff=-83309)
  Step  973: active=317,590 lost=6,116 (+1) | L0=96.5% L1=1.2% L2=0.4% miss=1.9% | sub-step misses: k1=6115 k2=6116 k3=6115 k4=6117 final=6116 | SA-L2: 0/1 newly-lost found by standalone | (prev: lost=89,509, diff=-83393)
  Step  974: active=317,589 lost=6,117 (+1) | L0=96.5% L1=1.2% L2=0.4% miss=1.9% | sub-step misses: k1=6116 k2=6117 k3=6116 k4=6117 final=6117 | SA-L2: 0/1 newly-lost found by standalone | (prev: lost=89,604, diff=-83487)
  Step  975: active=317,587 lost=6,119 (+2) | L0=96.5% L1=1.2% L2=0.3% miss=1.9% | sub-step misses: k1=6117 k2=6117 k3=6117 k4=6118 final=6119 | SA-L2: 0/2 newly-lost found by standalone | (prev: lost=89,719, diff=-83600)
  Step  976: active=317,587 lost=6,119 (+0) | L0=96.5% L1=1.2% L2=0.4% miss=1.9% | (prev: lost=89,811, diff=-83692)
  Step  977: active=317,586 lost=6,120 (+1) | L0=96.5% L1=1.2% L2=0.3% miss=1.9% | sub-step misses: k1=6119 k2=6119 k3=6119 k4=6120 final=6120 | SA-L2: 0/1 newly-lost found by standalone | (prev: lost=89,909, diff=-83789)
  Step  978: active=317,586 lost=6,120 (+0) | L0=96.5% L1=1.2% L2=0.3% miss=1.9% | (prev: lost=89,999, diff=-83879)
  Step  979: active=317,585 lost=6,121 (+1) | L0=96.6% L1=1.2% L2=0.3% miss=1.9% | sub-step misses: k1=6120 k2=6121 k3=6120 k4=6121 final=6121 | SA-L2: 0/1 newly-lost found by standalone | (prev: lost=90,114, diff=-83993)
  Step  980: active=317,585 lost=6,121 (+0) | L0=96.6% L1=1.2% L2=0.4% miss=1.9% | (prev: lost=90,193, diff=-84072)
  Step  981: active=317,583 lost=6,123 (+2) | L0=96.6% L1=1.2% L2=0.3% miss=1.9% | sub-step misses: k1=6121 k2=6122 k3=6122 k4=6122 final=6123 | SA-L2: 0/2 newly-lost found by standalone | (prev: lost=90,305, diff=-84182)
  Step  982: active=317,581 lost=6,125 (+2) | L0=96.6% L1=1.2% L2=0.4% miss=1.9% | sub-step misses: k1=6123 k2=6125 k3=6123 k4=6125 final=6125 | SA-L2: 0/2 newly-lost found by standalone | (prev: lost=90,387, diff=-84262)
  Step  983: active=317,580 lost=6,126 (+1) | L0=96.6% L1=1.2% L2=0.3% miss=1.9% | sub-step misses: k1=6125 k2=6125 k3=6125 k4=6126 final=6126 | SA-L2: 0/1 newly-lost found by standalone | (prev: lost=90,490, diff=-84364)
  Step  984: active=317,580 lost=6,126 (+0) | L0=96.5% L1=1.2% L2=0.3% miss=1.9% | (prev: lost=90,599, diff=-84473)
  Step  985: active=317,579 lost=6,127 (+1) | L0=96.5% L1=1.2% L2=0.3% miss=1.9% | sub-step misses: k1=6126 k2=6127 k3=6126 k4=6127 final=6127 | SA-L2: 0/1 newly-lost found by standalone | (prev: lost=90,688, diff=-84561)
  Step  986: active=317,579 lost=6,127 (+0) | L0=96.6% L1=1.2% L2=0.3% miss=1.9% | (prev: lost=90,773, diff=-84646)
  Step  987: active=317,577 lost=6,129 (+2) | L0=96.6% L1=1.2% L2=0.4% miss=1.9% | sub-step misses: k1=6127 k2=6129 k3=6127 k4=6129 final=6129 | SA-L2: 0/2 newly-lost found by standalone | (prev: lost=90,865, diff=-84736)
  Step  988: active=317,576 lost=6,130 (+1) | L0=96.6% L1=1.2% L2=0.3% miss=1.9% | sub-step misses: k1=6129 k2=6130 k3=6129 k4=6130 final=6130 | SA-L2: 0/1 newly-lost found by standalone | (prev: lost=90,965, diff=-84835)
  Step  989: active=317,576 lost=6,130 (+0) | L0=96.6% L1=1.2% L2=0.3% miss=1.9% | (prev: lost=91,064, diff=-84934)
  Step  990: active=317,576 lost=6,130 (+0) | L0=96.6% L1=1.2% L2=0.3% miss=1.9% | (prev: lost=91,170, diff=-85040)
  Step  991: active=317,574 lost=6,132 (+2) | L0=96.6% L1=1.2% L2=0.3% miss=1.9% | sub-step misses: k1=6130 k2=6131 k3=6130 k4=6133 final=6132 | SA-L2: 0/2 newly-lost found by standalone | (prev: lost=91,278, diff=-85146)
  Step  992: active=317,572 lost=6,134 (+2) | L0=96.6% L1=1.2% L2=0.3% miss=1.9% | sub-step misses: k1=6132 k2=6132 k3=6132 k4=6134 final=6134 | SA-L2: 0/2 newly-lost found by standalone | (prev: lost=91,371, diff=-85237)
  Step  993: active=317,572 lost=6,134 (+0) | L0=96.6% L1=1.2% L2=0.3% miss=1.9% | (prev: lost=91,479, diff=-85345)
  Step  994: active=317,572 lost=6,134 (+0) | L0=96.6% L1=1.2% L2=0.3% miss=1.9% | (prev: lost=91,583, diff=-85449)
  Step  995: active=317,572 lost=6,134 (+0) | L0=96.6% L1=1.2% L2=0.3% miss=1.9% | (prev: lost=91,685, diff=-85551)
  Step  996: active=317,570 lost=6,136 (+2) | L0=96.6% L1=1.2% L2=0.3% miss=1.9% | sub-step misses: k1=6134 k2=6135 k3=6134 k4=6136 final=6136 | SA-L2: 0/2 newly-lost found by standalone | (prev: lost=91,763, diff=-85627)
  Step  997: active=317,570 lost=6,136 (+0) | L0=96.6% L1=1.2% L2=0.3% miss=1.9% | (prev: lost=91,866, diff=-85730)
  Step  998: active=317,570 lost=6,136 (+0) | L0=96.6% L1=1.2% L2=0.3% miss=1.9% | (prev: lost=91,957, diff=-85821)
  Step  999: active=317,570 lost=6,136 (+0) | L0=96.6% L1=1.2% L2=0.3% miss=1.9% | (prev: lost=92,046, diff=-85910)
  Step 1000: active=317,569 lost=6,137 (+1) | L0=96.6% L1=1.2% L2=0.3% miss=1.9% | sub-step misses: k1=6136 k2=6136 k3=6137 k4=6136 final=6137 | SA-L2: 0/1 newly-lost found by standalone | (prev: lost=92,147, diff=-86010)
  Step 1001: active=317,568 lost=6,138 (+1) | L0=96.6% L1=1.2% L2=0.3% miss=1.9% | sub-step misses: k1=6137 k2=6138 k3=6137 k4=6138 final=6138 | SA-L2: 0/1 newly-lost found by standalone | (prev: lost=92,251, diff=-86113)
  Step 1002: active=317,567 lost=6,139 (+1) | L0=96.6% L1=1.2% L2=0.3% miss=1.9% | sub-step misses: k1=6138 k2=6138 k3=6138 k4=6140 final=6139 | SA-L2: 0/1 newly-lost found by standalone | (prev: lost=92,364, diff=-86225)
  Step 1003: active=317,566 lost=6,140 (+1) | L0=96.6% L1=1.2% L2=0.3% miss=1.9% | sub-step misses: k1=6139 k2=6140 k3=6139 k4=6140 final=6140 | SA-L2: 0/1 newly-lost found by standalone | (prev: lost=92,468, diff=-86328)
  Step 1004: active=317,565 lost=6,141 (+1) | L0=96.6% L1=1.2% L2=0.3% miss=1.9% | sub-step misses: k1=6140 k2=6141 k3=6140 k4=6141 final=6141 | SA-L2: 0/1 newly-lost found by standalone | (prev: lost=92,572, diff=-86431)
  Step 1005: active=317,565 lost=6,141 (+0) | L0=96.6% L1=1.2% L2=0.3% miss=1.9% | (prev: lost=92,671, diff=-86530)
  Step 1006: active=317,564 lost=6,142 (+1) | L0=96.6% L1=1.1% L2=0.3% miss=1.9% | sub-step misses: k1=6141 k2=6142 k3=6141 k4=6142 final=6142 | SA-L2: 0/1 newly-lost found by standalone | (prev: lost=92,759, diff=-86617)
  Step 1007: active=317,564 lost=6,142 (+0) | L0=96.6% L1=1.2% L2=0.3% miss=1.9% | (prev: lost=92,858, diff=-86716)
  Step 1008: active=317,564 lost=6,142 (+0) | L0=96.6% L1=1.1% L2=0.3% miss=1.9% | (prev: lost=92,957, diff=-86815)
  Step 1009: active=317,563 lost=6,143 (+1) | L0=96.6% L1=1.1% L2=0.3% miss=1.9% | sub-step misses: k1=6142 k2=6143 k3=6142 k4=6143 final=6143 | SA-L2: 0/1 newly-lost found by standalone | (prev: lost=93,059, diff=-86916)
  Step 1010: active=317,563 lost=6,143 (+0) | L0=96.6% L1=1.1% L2=0.3% miss=1.9% | (prev: lost=93,136, diff=-86993)
  Step 1011: active=317,563 lost=6,143 (+0) | L0=96.6% L1=1.1% L2=0.3% miss=1.9% | (prev: lost=93,255, diff=-87112)
  Step 1012: active=317,561 lost=6,145 (+2) | L0=96.6% L1=1.1% L2=0.3% miss=1.9% | sub-step misses: k1=6143 k2=6145 k3=6143 k4=6146 final=6145 | SA-L2: 0/2 newly-lost found by standalone | (prev: lost=93,356, diff=-87211)
  Step 1013: active=317,560 lost=6,146 (+1) | L0=96.6% L1=1.1% L2=0.3% miss=1.9% | sub-step misses: k1=6145 k2=6146 k3=6145 k4=6147 final=6146 | SA-L2: 0/1 newly-lost found by standalone | (prev: lost=93,449, diff=-87303)
  Step 1014: active=317,559 lost=6,147 (+1) | L0=96.6% L1=1.1% L2=0.3% miss=1.9% | sub-step misses: k1=6146 k2=6146 k3=6147 k4=6146 final=6147 | SA-L2: 0/1 newly-lost found by standalone | (prev: lost=93,538, diff=-87391)
  Step 1015: active=317,559 lost=6,147 (+0) | L0=96.6% L1=1.1% L2=0.3% miss=1.9% | (prev: lost=93,635, diff=-87488)
  Step 1016: active=317,559 lost=6,147 (+0) | L0=96.6% L1=1.1% L2=0.3% miss=1.9% | (prev: lost=93,728, diff=-87581)
  Step 1017: active=317,559 lost=6,147 (+0) | L0=96.6% L1=1.1% L2=0.3% miss=1.9% | (prev: lost=93,847, diff=-87700)
  Step 1018: active=317,559 lost=6,147 (+0) | L0=96.7% L1=1.1% L2=0.3% miss=1.9% | (prev: lost=93,943, diff=-87796)
  Step 1019: active=317,559 lost=6,147 (+0) | L0=96.6% L1=1.1% L2=0.3% miss=1.9% | (prev: lost=94,033, diff=-87886)
  Step 1020: active=317,558 lost=6,148 (+1) | L0=96.7% L1=1.1% L2=0.3% miss=1.9% | sub-step misses: k1=6147 k2=6147 k3=6148 k4=6147 final=6148 | SA-L2: 0/1 newly-lost found by standalone | (prev: lost=94,125, diff=-87977)
  Step 1021: active=317,558 lost=6,148 (+0) | L0=96.7% L1=1.1% L2=0.3% miss=1.9% | (prev: lost=94,238, diff=-88090)
  Step 1022: active=317,558 lost=6,148 (+0) | L0=96.7% L1=1.1% L2=0.3% miss=1.9% | (prev: lost=94,320, diff=-88172)
  Step 1023: active=317,558 lost=6,148 (+0) | L0=96.7% L1=1.1% L2=0.3% miss=1.9% | (prev: lost=94,420, diff=-88272)
  Step 1024: active=317,558 lost=6,148 (+0) | L0=96.7% L1=1.1% L2=0.3% miss=1.9% | (prev: lost=94,513, diff=-88365)
  Step 1025: active=317,558 lost=6,148 (+0) | L0=96.7% L1=1.1% L2=0.3% miss=1.9% | (prev: lost=94,624, diff=-88476)
  Step 1026: active=317,558 lost=6,148 (+0) | L0=96.7% L1=1.1% L2=0.3% miss=1.9% | (prev: lost=94,729, diff=-88581)
  Step 1027: active=317,555 lost=6,151 (+3) | L0=96.7% L1=1.1% L2=0.3% miss=1.9% | sub-step misses: k1=6148 k2=6151 k3=6148 k4=6151 final=6151 | SA-L2: 0/3 newly-lost found by standalone | (prev: lost=94,830, diff=-88679)
  Step 1028: active=317,555 lost=6,151 (+0) | L0=96.7% L1=1.1% L2=0.3% miss=1.9% | (prev: lost=94,934, diff=-88783)
  Step 1029: active=317,555 lost=6,151 (+0) | L0=96.7% L1=1.1% L2=0.3% miss=1.9% | (prev: lost=95,027, diff=-88876)
  Step 1030: active=317,554 lost=6,152 (+1) | L0=96.7% L1=1.1% L2=0.3% miss=1.9% | sub-step misses: k1=6151 k2=6152 k3=6151 k4=6152 final=6152 | SA-L2: 0/1 newly-lost found by standalone | (prev: lost=95,119, diff=-88967)
  Step 1031: active=317,554 lost=6,152 (+0) | L0=96.7% L1=1.1% L2=0.3% miss=1.9% | (prev: lost=95,213, diff=-89061)
  Step 1032: active=317,554 lost=6,152 (+0) | L0=96.7% L1=1.1% L2=0.3% miss=1.9% | (prev: lost=95,319, diff=-89167)
  Step 1033: active=317,554 lost=6,152 (+0) | L0=96.7% L1=1.1% L2=0.3% miss=1.9% | (prev: lost=95,418, diff=-89266)
  Step 1034: active=317,554 lost=6,152 (+0) | L0=96.7% L1=1.1% L2=0.3% miss=1.9% | (prev: lost=95,520, diff=-89368)
  Step 1035: active=317,553 lost=6,153 (+1) | L0=96.7% L1=1.1% L2=0.3% miss=1.9% | sub-step misses: k1=6152 k2=6153 k3=6152 k4=6153 final=6153 | SA-L2: 0/1 newly-lost found by standalone | (prev: lost=95,636, diff=-89483)
  Step 1036: active=317,553 lost=6,153 (+0) | L0=96.7% L1=1.1% L2=0.3% miss=1.9% | (prev: lost=95,742, diff=-89589)
  Step 1037: active=317,553 lost=6,153 (+0) | L0=96.7% L1=1.1% L2=0.3% miss=1.9% | (prev: lost=95,834, diff=-89681)
  Step 1038: active=317,553 lost=6,153 (+0) | L0=96.7% L1=1.1% L2=0.3% miss=1.9% | (prev: lost=95,949, diff=-89796)
  Step 1039: active=317,552 lost=6,154 (+1) | L0=96.7% L1=1.1% L2=0.3% miss=1.9% | sub-step misses: k1=6153 k2=6154 k3=6153 k4=6154 final=6154 | SA-L2: 0/1 newly-lost found by standalone | (prev: lost=96,048, diff=-89894)
  Step 1040: active=317,552 lost=6,154 (+0) | L0=96.7% L1=1.1% L2=0.3% miss=1.9% | (prev: lost=96,146, diff=-89992)
  Step 1041: active=317,552 lost=6,154 (+0) | L0=96.7% L1=1.0% L2=0.3% miss=1.9% | (prev: lost=96,249, diff=-90095)
  Step 1042: active=317,552 lost=6,154 (+0) | L0=96.7% L1=1.1% L2=0.3% miss=1.9% | (prev: lost=96,343, diff=-90189)
  Step 1043: active=317,552 lost=6,154 (+0) | L0=96.7% L1=1.0% L2=0.3% miss=1.9% | (prev: lost=96,458, diff=-90304)
  Step 1044: active=317,551 lost=6,155 (+1) | L0=96.7% L1=1.1% L2=0.3% miss=1.9% | sub-step misses: k1=6154 k2=6155 k3=6154 k4=6155 final=6155 | SA-L2: 0/1 newly-lost found by standalone | (prev: lost=96,584, diff=-90429)
  Step 1045: active=317,551 lost=6,155 (+0) | L0=96.7% L1=1.1% L2=0.3% miss=1.9% | (prev: lost=96,666, diff=-90511)
  Step 1046: active=317,551 lost=6,155 (+0) | L0=96.7% L1=1.1% L2=0.3% miss=1.9% | (prev: lost=96,752, diff=-90597)
  Step 1047: active=317,551 lost=6,155 (+0) | L0=96.7% L1=1.1% L2=0.3% miss=1.9% | (prev: lost=96,858, diff=-90703)
  Step 1048: active=317,550 lost=6,156 (+1) | L0=96.7% L1=1.1% L2=0.3% miss=1.9% | sub-step misses: k1=6155 k2=6156 k3=6155 k4=6157 final=6156 | SA-L2: 0/1 newly-lost found by standalone | (prev: lost=96,970, diff=-90814)
  Step 1049: active=317,549 lost=6,157 (+1) | L0=96.7% L1=1.1% L2=0.3% miss=1.9% | sub-step misses: k1=6156 k2=6157 k3=6156 k4=6157 final=6157 | SA-L2: 0/1 newly-lost found by standalone | (prev: lost=97,073, diff=-90916)
  Step 1050: active=317,549 lost=6,157 (+0) | L0=96.7% L1=1.1% L2=0.3% miss=1.9% | (prev: lost=97,166, diff=-91009)
  Step 1051: active=317,547 lost=6,159 (+2) | L0=96.7% L1=1.0% L2=0.3% miss=1.9% | sub-step misses: k1=6157 k2=6158 k3=6157 k4=6159 final=6159 | SA-L2: 0/2 newly-lost found by standalone | (prev: lost=97,262, diff=-91103)
  Step 1052: active=317,547 lost=6,159 (+0) | L0=96.7% L1=1.0% L2=0.3% miss=1.9% | (prev: lost=97,360, diff=-91201)
  Step 1053: active=317,547 lost=6,159 (+0) | L0=96.7% L1=1.0% L2=0.3% miss=1.9% | (prev: lost=97,467, diff=-91308)
  Step 1054: active=317,547 lost=6,159 (+0) | L0=96.7% L1=1.0% L2=0.3% miss=1.9% | (prev: lost=97,582, diff=-91423)
  Step 1055: active=317,547 lost=6,159 (+0) | L0=96.7% L1=1.1% L2=0.3% miss=1.9% | (prev: lost=97,676, diff=-91517)
  Step 1056: active=317,547 lost=6,159 (+0) | L0=96.7% L1=1.1% L2=0.3% miss=1.9% | (prev: lost=97,778, diff=-91619)
  Step 1057: active=317,547 lost=6,159 (+0) | L0=96.7% L1=1.0% L2=0.3% miss=1.9% | (prev: lost=97,892, diff=-91733)
  Step 1058: active=317,546 lost=6,160 (+1) | L0=96.7% L1=1.0% L2=0.3% miss=1.9% | sub-step misses: k1=6159 k2=6159 k3=6159 k4=6159 final=6160 | SA-L2: 0/1 newly-lost found by standalone | (prev: lost=97,982, diff=-91822)
  Step 1059: active=317,546 lost=6,160 (+0) | L0=96.7% L1=1.0% L2=0.3% miss=1.9% | (prev: lost=98,087, diff=-91927)
  Step 1060: active=317,546 lost=6,160 (+0) | L0=96.8% L1=1.0% L2=0.3% miss=1.9% | (prev: lost=98,183, diff=-92023)
  Step 1061: active=317,546 lost=6,160 (+0) | L0=96.7% L1=1.0% L2=0.3% miss=1.9% | (prev: lost=98,277, diff=-92117)
  Step 1062: active=317,546 lost=6,160 (+0) | L0=96.8% L1=1.0% L2=0.3% miss=1.9% | (prev: lost=98,375, diff=-92215)
  Step 1063: active=317,546 lost=6,160 (+0) | L0=96.7% L1=1.0% L2=0.3% miss=1.9% | (prev: lost=98,483, diff=-92323)
  Step 1064: active=317,545 lost=6,161 (+1) | L0=96.7% L1=1.0% L2=0.3% miss=1.9% | sub-step misses: k1=6160 k2=6160 k3=6160 k4=6160 final=6161 | SA-L2: 0/1 newly-lost found by standalone | (prev: lost=98,586, diff=-92425)
  Step 1065: active=317,545 lost=6,161 (+0) | L0=96.8% L1=1.0% L2=0.3% miss=1.9% | (prev: lost=98,679, diff=-92518)
  Step 1066: active=317,545 lost=6,161 (+0) | L0=96.7% L1=1.0% L2=0.3% miss=1.9% | (prev: lost=98,788, diff=-92627)
  Step 1067: active=317,545 lost=6,161 (+0) | L0=96.7% L1=1.0% L2=0.3% miss=1.9% | (prev: lost=98,878, diff=-92717)
  Step 1068: active=317,544 lost=6,162 (+1) | L0=96.8% L1=1.0% L2=0.3% miss=1.9% | sub-step misses: k1=6161 k2=6161 k3=6161 k4=6162 final=6162 | SA-L2: 0/1 newly-lost found by standalone | (prev: lost=98,975, diff=-92813)
  Step 1069: active=317,543 lost=6,163 (+1) | L0=96.8% L1=1.0% L2=0.3% miss=1.9% | sub-step misses: k1=6162 k2=6163 k3=6162 k4=6163 final=6163 | SA-L2: 0/1 newly-lost found by standalone | (prev: lost=99,061, diff=-92898)
  Step 1070: active=317,543 lost=6,163 (+0) | L0=96.8% L1=1.0% L2=0.3% miss=1.9% | (prev: lost=99,166, diff=-93003)
  Step 1071: active=317,543 lost=6,163 (+0) | L0=96.7% L1=1.0% L2=0.3% miss=1.9% | (prev: lost=99,264, diff=-93101)
  Step 1072: active=317,543 lost=6,163 (+0) | L0=96.8% L1=1.0% L2=0.3% miss=1.9% | (prev: lost=99,376, diff=-93213)
  Step 1073: active=317,542 lost=6,164 (+1) | L0=96.8% L1=1.0% L2=0.3% miss=1.9% | sub-step misses: k1=6163 k2=6164 k3=6163 k4=6164 final=6164 | SA-L2: 0/1 newly-lost found by standalone | (prev: lost=99,464, diff=-93300)
  Step 1074: active=317,542 lost=6,164 (+0) | L0=96.8% L1=1.0% L2=0.3% miss=1.9% | (prev: lost=99,578, diff=-93414)
  Step 1075: active=317,542 lost=6,164 (+0) | L0=96.8% L1=1.0% L2=0.3% miss=1.9% | (prev: lost=99,674, diff=-93510)
  Step 1076: active=317,542 lost=6,164 (+0) | L0=96.8% L1=1.0% L2=0.3% miss=1.9% | (prev: lost=99,761, diff=-93597)
  Step 1077: active=317,540 lost=6,166 (+2) | L0=96.8% L1=1.0% L2=0.3% miss=1.9% | sub-step misses: k1=6164 k2=6166 k3=6164 k4=6166 final=6166 | SA-L2: 0/2 newly-lost found by standalone | (prev: lost=99,873, diff=-93707)
  Step 1078: active=317,540 lost=6,166 (+0) | L0=96.8% L1=1.0% L2=0.3% miss=1.9% | (prev: lost=99,967, diff=-93801)
  Step 1079: active=317,540 lost=6,166 (+0) | L0=96.8% L1=1.0% L2=0.3% miss=1.9% | (prev: lost=100,054, diff=-93888)
  Step 1080: active=317,540 lost=6,166 (+0) | L0=96.8% L1=1.0% L2=0.3% miss=1.9% | (prev: lost=100,166, diff=-94000)
  Step 1081: active=317,540 lost=6,166 (+0) | L0=96.8% L1=1.0% L2=0.3% miss=1.9% | (prev: lost=100,272, diff=-94106)
  Step 1082: active=317,540 lost=6,166 (+0) | L0=96.8% L1=1.0% L2=0.3% miss=1.9% | (prev: lost=100,364, diff=-94198)
  Step 1083: active=317,540 lost=6,166 (+0) | L0=96.8% L1=1.0% L2=0.3% miss=1.9% | (prev: lost=100,483, diff=-94317)
  Step 1084: active=317,540 lost=6,166 (+0) | L0=96.8% L1=1.0% L2=0.3% miss=1.9% | (prev: lost=100,593, diff=-94427)
  Step 1085: active=317,540 lost=6,166 (+0) | L0=96.8% L1=1.0% L2=0.3% miss=1.9% | (prev: lost=100,681, diff=-94515)
  Step 1086: active=317,540 lost=6,166 (+0) | L0=96.8% L1=1.0% L2=0.3% miss=1.9% | (prev: lost=100,792, diff=-94626)
  Step 1087: active=317,540 lost=6,166 (+0) | L0=96.8% L1=1.0% L2=0.3% miss=1.9% | (prev: lost=100,891, diff=-94725)
  Step 1088: active=317,540 lost=6,166 (+0) | L0=96.8% L1=1.0% L2=0.3% miss=1.9% | (prev: lost=101,002, diff=-94836)
  Step 1089: active=317,540 lost=6,166 (+0) | L0=96.8% L1=1.0% L2=0.3% miss=1.9% | (prev: lost=101,090, diff=-94924)
  Step 1090: active=317,539 lost=6,167 (+1) | L0=96.8% L1=1.0% L2=0.3% miss=1.9% | sub-step misses: k1=6166 k2=6167 k3=6166 k4=6167 final=6167 | SA-L2: 0/1 newly-lost found by standalone | (prev: lost=101,179, diff=-95012)
  Step 1091: active=317,539 lost=6,167 (+0) | L0=96.8% L1=1.0% L2=0.3% miss=1.9% | (prev: lost=101,280, diff=-95113)
  Step 1092: active=317,538 lost=6,168 (+1) | L0=96.8% L1=1.0% L2=0.3% miss=1.9% | sub-step misses: k1=6167 k2=6167 k3=6168 k4=6167 final=6168 | SA-L2: 0/1 newly-lost found by standalone | (prev: lost=101,383, diff=-95215)
  Step 1093: active=317,537 lost=6,169 (+1) | L0=96.8% L1=1.0% L2=0.3% miss=1.9% | sub-step misses: k1=6168 k2=6169 k3=6168 k4=6169 final=6169 | SA-L2: 0/1 newly-lost found by standalone | (prev: lost=101,495, diff=-95326)
  Step 1094: active=317,537 lost=6,169 (+0) | L0=96.8% L1=1.0% L2=0.3% miss=1.9% | (prev: lost=101,599, diff=-95430)
  Step 1095: active=317,537 lost=6,169 (+0) | L0=96.8% L1=1.0% L2=0.3% miss=1.9% | (prev: lost=101,698, diff=-95529)
  Step 1096: active=317,536 lost=6,170 (+1) | L0=96.8% L1=1.0% L2=0.3% miss=1.9% | sub-step misses: k1=6169 k2=6170 k3=6169 k4=6170 final=6170 | SA-L2: 0/1 newly-lost found by standalone | (prev: lost=101,804, diff=-95634)
  Step 1097: active=317,536 lost=6,170 (+0) | L0=96.8% L1=1.0% L2=0.3% miss=1.9% | (prev: lost=101,897, diff=-95727)
  Step 1098: active=317,536 lost=6,170 (+0) | L0=96.8% L1=1.0% L2=0.3% miss=1.9% | (prev: lost=101,988, diff=-95818)
  Step 1099: active=317,536 lost=6,170 (+0) | L0=96.8% L1=1.0% L2=0.3% miss=1.9% | (prev: lost=102,079, diff=-95909)
  Step 1100: active=317,534 lost=6,172 (+2) | L0=96.8% L1=1.0% L2=0.3% miss=1.9% | sub-step misses: k1=6170 k2=6171 k3=6171 k4=6171 final=6172 | SA-L2: 0/2 newly-lost found by standalone | (prev: lost=102,197, diff=-96025)
  Step 1101: active=317,534 lost=6,172 (+0) | L0=96.8% L1=1.0% L2=0.3% miss=1.9% | (prev: lost=102,296, diff=-96124)
  Step 1102: active=317,534 lost=6,172 (+0) | L0=96.8% L1=1.0% L2=0.3% miss=1.9% | (prev: lost=102,411, diff=-96239)
  Step 1103: active=317,534 lost=6,172 (+0) | L0=96.8% L1=1.0% L2=0.3% miss=1.9% | (prev: lost=102,519, diff=-96347)
  Step 1104: active=317,534 lost=6,172 (+0) | L0=96.8% L1=0.9% L2=0.3% miss=1.9% | (prev: lost=102,636, diff=-96464)
  Step 1105: active=317,532 lost=6,174 (+2) | L0=96.8% L1=1.0% L2=0.3% miss=1.9% | sub-step misses: k1=6172 k2=6173 k3=6173 k4=6173 final=6174 | SA-L2: 0/2 newly-lost found by standalone | (prev: lost=102,728, diff=-96554)
  Step 1106: active=317,532 lost=6,174 (+0) | L0=96.8% L1=1.0% L2=0.3% miss=1.9% | (prev: lost=102,822, diff=-96648)
  Step 1107: active=317,532 lost=6,174 (+0) | L0=96.8% L1=1.0% L2=0.3% miss=1.9% | (prev: lost=102,915, diff=-96741)
  Step 1108: active=317,532 lost=6,174 (+0) | L0=96.8% L1=0.9% L2=0.3% miss=1.9% | (prev: lost=103,007, diff=-96833)
  Step 1109: active=317,532 lost=6,174 (+0) | L0=96.8% L1=1.0% L2=0.3% miss=1.9% | (prev: lost=103,120, diff=-96946)
  Step 1110: active=317,532 lost=6,174 (+0) | L0=96.8% L1=1.0% L2=0.3% miss=1.9% | (prev: lost=103,240, diff=-97066)
  Step 1111: active=317,532 lost=6,174 (+0) | L0=96.8% L1=1.0% L2=0.3% miss=1.9% | (prev: lost=103,352, diff=-97178)
  Step 1112: active=317,532 lost=6,174 (+0) | L0=96.8% L1=0.9% L2=0.3% miss=1.9% | (prev: lost=103,463, diff=-97289)
  Step 1113: active=317,532 lost=6,174 (+0) | L0=96.8% L1=0.9% L2=0.3% miss=1.9% | (prev: lost=103,562, diff=-97388)
  Step 1114: active=317,531 lost=6,175 (+1) | L0=96.8% L1=0.9% L2=0.3% miss=1.9% | sub-step misses: k1=6174 k2=6175 k3=6174 k4=6175 final=6175 | SA-L2: 0/1 newly-lost found by standalone | (prev: lost=103,657, diff=-97482)
  Step 1115: active=317,531 lost=6,175 (+0) | L0=96.8% L1=0.9% L2=0.3% miss=1.9% | (prev: lost=103,738, diff=-97563)
  Step 1116: active=317,531 lost=6,175 (+0) | L0=96.8% L1=0.9% L2=0.3% miss=1.9% | (prev: lost=103,830, diff=-97655)
  Step 1117: active=317,531 lost=6,175 (+0) | L0=96.8% L1=0.9% L2=0.3% miss=1.9% | (prev: lost=103,928, diff=-97753)
  Step 1118: active=317,531 lost=6,175 (+0) | L0=96.8% L1=1.0% L2=0.3% miss=1.9% | (prev: lost=104,032, diff=-97857)
  Step 1119: active=317,531 lost=6,175 (+0) | L0=96.8% L1=1.0% L2=0.3% miss=1.9% | (prev: lost=104,145, diff=-97970)
  Step 1120: active=317,531 lost=6,175 (+0) | L0=96.9% L1=0.9% L2=0.3% miss=1.9% | (prev: lost=104,255, diff=-98080)
  Step 1121: active=317,531 lost=6,175 (+0) | L0=96.8% L1=0.9% L2=0.3% miss=1.9% | (prev: lost=104,364, diff=-98189)
  Step 1122: active=317,531 lost=6,175 (+0) | L0=96.8% L1=0.9% L2=0.3% miss=1.9% | (prev: lost=104,478, diff=-98303)
  Step 1123: active=317,531 lost=6,175 (+0) | L0=96.9% L1=0.9% L2=0.3% miss=1.9% | (prev: lost=104,593, diff=-98418)
  Step 1124: active=317,531 lost=6,175 (+0) | L0=96.9% L1=0.9% L2=0.3% miss=1.9% | (prev: lost=104,681, diff=-98506)
  Step 1125: active=317,531 lost=6,175 (+0) | L0=96.8% L1=0.9% L2=0.3% miss=1.9% | (prev: lost=104,788, diff=-98613)
  Step 1126: active=317,531 lost=6,175 (+0) | L0=96.9% L1=0.9% L2=0.3% miss=1.9% | (prev: lost=104,881, diff=-98706)
  Step 1127: active=317,530 lost=6,176 (+1) | L0=96.8% L1=0.9% L2=0.3% miss=1.9% | sub-step misses: k1=6175 k2=6176 k3=6175 k4=6176 final=6176 | SA-L2: 0/1 newly-lost found by standalone | (prev: lost=104,981, diff=-98805)
  Step 1128: active=317,530 lost=6,176 (+0) | L0=96.8% L1=0.9% L2=0.3% miss=1.9% | (prev: lost=105,111, diff=-98935)
  Step 1129: active=317,530 lost=6,176 (+0) | L0=96.9% L1=0.9% L2=0.3% miss=1.9% | (prev: lost=105,207, diff=-99031)
  Step 1130: active=317,530 lost=6,176 (+0) | L0=96.9% L1=0.9% L2=0.3% miss=1.9% | (prev: lost=105,330, diff=-99154)
  Step 1131: active=317,530 lost=6,176 (+0) | L0=96.9% L1=0.9% L2=0.3% miss=1.9% | (prev: lost=105,436, diff=-99260)
  Step 1132: active=317,530 lost=6,176 (+0) | L0=96.9% L1=0.9% L2=0.3% miss=1.9% | (prev: lost=105,547, diff=-99371)
  Step 1133: active=317,530 lost=6,176 (+0) | L0=96.9% L1=0.9% L2=0.3% miss=1.9% | (prev: lost=105,652, diff=-99476)
  Step 1134: active=317,530 lost=6,176 (+0) | L0=96.9% L1=0.9% L2=0.3% miss=1.9% | (prev: lost=105,760, diff=-99584)
  Step 1135: active=317,530 lost=6,176 (+0) | L0=96.9% L1=0.9% L2=0.3% miss=1.9% | (prev: lost=105,852, diff=-99676)
  Step 1136: active=317,530 lost=6,176 (+0) | L0=96.9% L1=0.9% L2=0.3% miss=1.9% | (prev: lost=105,972, diff=-99796)
  Step 1137: active=317,530 lost=6,176 (+0) | L0=96.9% L1=0.9% L2=0.3% miss=1.9% | (prev: lost=106,101, diff=-99925)
  Step 1138: active=317,530 lost=6,176 (+0) | L0=96.9% L1=0.9% L2=0.3% miss=1.9% | (prev: lost=106,200, diff=-100024)
  Step 1139: active=317,530 lost=6,176 (+0) | L0=96.9% L1=0.9% L2=0.3% miss=1.9% | (prev: lost=106,300, diff=-100124)
  Step 1140: active=317,530 lost=6,176 (+0) | L0=96.9% L1=0.9% L2=0.3% miss=1.9% | (prev: lost=106,407, diff=-100231)
  Step 1141: active=317,530 lost=6,176 (+0) | L0=96.9% L1=0.9% L2=0.3% miss=1.9% | (prev: lost=106,511, diff=-100335)
  Step 1142: active=317,530 lost=6,176 (+0) | L0=96.9% L1=0.9% L2=0.3% miss=1.9% | (prev: lost=106,614, diff=-100438)
  Step 1143: active=317,530 lost=6,176 (+0) | L0=96.9% L1=0.9% L2=0.3% miss=1.9% | (prev: lost=106,720, diff=-100544)
  Step 1144: active=317,530 lost=6,176 (+0) | L0=96.9% L1=0.9% L2=0.3% miss=1.9% | (prev: lost=106,823, diff=-100647)
  Step 1145: active=317,530 lost=6,176 (+0) | L0=96.9% L1=0.9% L2=0.3% miss=1.9% | (prev: lost=106,947, diff=-100771)
  Step 1146: active=317,530 lost=6,176 (+0) | L0=96.9% L1=0.9% L2=0.3% miss=1.9% | (prev: lost=107,066, diff=-100890)
  Step 1147: active=317,529 lost=6,177 (+1) | L0=96.9% L1=0.9% L2=0.3% miss=1.9% | sub-step misses: k1=6176 k2=6177 k3=6176 k4=6177 final=6177 | SA-L2: 0/1 newly-lost found by standalone | (prev: lost=107,166, diff=-100989)
  Step 1148: active=317,529 lost=6,177 (+0) | L0=96.9% L1=0.9% L2=0.3% miss=1.9% | (prev: lost=107,275, diff=-101098)
  Step 1149: active=317,529 lost=6,177 (+0) | L0=96.9% L1=0.9% L2=0.3% miss=1.9% | (prev: lost=107,384, diff=-101207)
  Step 1150: active=317,529 lost=6,177 (+0) | L0=96.9% L1=0.9% L2=0.3% miss=1.9% | (prev: lost=107,470, diff=-101293)
  Step 1151: active=317,527 lost=6,179 (+2) | L0=96.9% L1=0.9% L2=0.3% miss=1.9% | sub-step misses: k1=6177 k2=6177 k3=6178 k4=6177 final=6179 | SA-L2: 0/2 newly-lost found by standalone | (prev: lost=107,582, diff=-101403)
  Step 1152: active=317,527 lost=6,179 (+0) | L0=96.9% L1=0.9% L2=0.3% miss=1.9% | (prev: lost=107,680, diff=-101501)
  Step 1153: active=317,527 lost=6,179 (+0) | L0=96.9% L1=0.9% L2=0.3% miss=1.9% | (prev: lost=107,795, diff=-101616)
  Step 1154: active=317,527 lost=6,179 (+0) | L0=96.9% L1=0.9% L2=0.3% miss=1.9% | (prev: lost=107,945, diff=-101766)
  Step 1155: active=317,527 lost=6,179 (+0) | L0=96.9% L1=0.9% L2=0.3% miss=1.9% | (prev: lost=108,065, diff=-101886)
  Step 1156: active=317,527 lost=6,179 (+0) | L0=96.9% L1=0.9% L2=0.3% miss=1.9% | (prev: lost=108,170, diff=-101991)
  Step 1157: active=317,527 lost=6,179 (+0) | L0=96.9% L1=0.9% L2=0.3% miss=1.9% | (prev: lost=108,269, diff=-102090)
  Step 1158: active=317,527 lost=6,179 (+0) | L0=96.9% L1=0.9% L2=0.3% miss=1.9% | (prev: lost=108,380, diff=-102201)
  Step 1159: active=317,527 lost=6,179 (+0) | L0=96.9% L1=0.9% L2=0.3% miss=1.9% | (prev: lost=108,474, diff=-102295)
  Step 1160: active=317,527 lost=6,179 (+0) | L0=96.9% L1=0.9% L2=0.3% miss=1.9% | (prev: lost=108,587, diff=-102408)
  Step 1161: active=317,527 lost=6,179 (+0) | L0=96.9% L1=0.8% L2=0.3% miss=1.9% | (prev: lost=108,677, diff=-102498)
  Step 1162: active=317,527 lost=6,179 (+0) | L0=96.9% L1=0.9% L2=0.3% miss=1.9% | (prev: lost=108,810, diff=-102631)
  Step 1163: active=317,527 lost=6,179 (+0) | L0=96.9% L1=0.9% L2=0.3% miss=1.9% | (prev: lost=108,932, diff=-102753)
  Step 1164: active=317,527 lost=6,179 (+0) | L0=96.9% L1=0.9% L2=0.3% miss=1.9% | (prev: lost=109,055, diff=-102876)
  Step 1165: active=317,527 lost=6,179 (+0) | L0=96.9% L1=0.9% L2=0.3% miss=1.9% | (prev: lost=109,156, diff=-102977)
  Step 1166: active=317,527 lost=6,179 (+0) | L0=96.9% L1=0.9% L2=0.3% miss=1.9% | (prev: lost=109,261, diff=-103082)
  Step 1167: active=317,527 lost=6,179 (+0) | L0=96.9% L1=0.9% L2=0.3% miss=1.9% | (prev: lost=109,367, diff=-103188)
  Step 1168: active=317,527 lost=6,179 (+0) | L0=96.9% L1=0.8% L2=0.3% miss=1.9% | (prev: lost=109,444, diff=-103265)
  Step 1169: active=317,526 lost=6,180 (+1) | L0=97.0% L1=0.8% L2=0.3% miss=1.9% | sub-step misses: k1=6179 k2=6179 k3=6180 k4=6179 final=6180 | SA-L2: 0/1 newly-lost found by standalone | (prev: lost=109,555, diff=-103375)
  Step 1170: active=317,526 lost=6,180 (+0) | L0=97.0% L1=0.8% L2=0.3% miss=1.9% | (prev: lost=109,671, diff=-103491)
  Step 1171: active=317,526 lost=6,180 (+0) | L0=97.0% L1=0.8% L2=0.3% miss=1.9% | (prev: lost=109,811, diff=-103631)
  Step 1172: active=317,526 lost=6,180 (+0) | L0=96.9% L1=0.8% L2=0.3% miss=1.9% | (prev: lost=109,910, diff=-103730)
  Step 1173: active=317,526 lost=6,180 (+0) | L0=96.9% L1=0.9% L2=0.3% miss=1.9% | (prev: lost=110,033, diff=-103853)
  Step 1174: active=317,526 lost=6,180 (+0) | L0=97.0% L1=0.8% L2=0.3% miss=1.9% | (prev: lost=110,146, diff=-103966)
  Step 1175: active=317,526 lost=6,180 (+0) | L0=97.0% L1=0.8% L2=0.3% miss=1.9% | (prev: lost=110,252, diff=-104072)
  Step 1176: active=317,526 lost=6,180 (+0) | L0=96.9% L1=0.9% L2=0.3% miss=1.9% | (prev: lost=110,356, diff=-104176)
  Step 1177: active=317,526 lost=6,180 (+0) | L0=97.0% L1=0.8% L2=0.3% miss=1.9% | (prev: lost=110,461, diff=-104281)
  Step 1178: active=317,526 lost=6,180 (+0) | L0=97.0% L1=0.8% L2=0.3% miss=1.9% | (prev: lost=110,572, diff=-104392)
  Step 1179: active=317,526 lost=6,180 (+0) | L0=97.0% L1=0.8% L2=0.3% miss=1.9% | (prev: lost=110,684, diff=-104504)
  Step 1180: active=317,526 lost=6,180 (+0) | L0=97.0% L1=0.8% L2=0.3% miss=1.9% | (prev: lost=110,833, diff=-104653)
  Step 1181: active=317,526 lost=6,180 (+0) | L0=97.0% L1=0.8% L2=0.3% miss=1.9% | (prev: lost=110,932, diff=-104752)
  Step 1182: active=317,526 lost=6,180 (+0) | L0=97.0% L1=0.8% L2=0.3% miss=1.9% | (prev: lost=111,046, diff=-104866)
  Step 1183: active=317,526 lost=6,180 (+0) | L0=97.0% L1=0.8% L2=0.3% miss=1.9% | (prev: lost=111,157, diff=-104977)
  Step 1184: active=317,525 lost=6,181 (+1) | L0=97.0% L1=0.8% L2=0.3% miss=1.9% | sub-step misses: k1=6180 k2=6181 k3=6180 k4=6181 final=6181 | SA-L2: 0/1 newly-lost found by standalone | (prev: lost=111,262, diff=-105081)
  Step 1185: active=317,525 lost=6,181 (+0) | L0=97.0% L1=0.8% L2=0.3% miss=1.9% | (prev: lost=111,373, diff=-105192)
  Step 1186: active=317,525 lost=6,181 (+0) | L0=97.0% L1=0.8% L2=0.3% miss=1.9% | (prev: lost=111,473, diff=-105292)
  Step 1187: active=317,525 lost=6,181 (+0) | L0=97.0% L1=0.8% L2=0.3% miss=1.9% | (prev: lost=111,573, diff=-105392)
  Step 1188: active=317,525 lost=6,181 (+0) | L0=97.0% L1=0.8% L2=0.3% miss=1.9% | (prev: lost=111,721, diff=-105540)
  Step 1189: active=317,524 lost=6,182 (+1) | L0=97.0% L1=0.8% L2=0.3% miss=1.9% | sub-step misses: k1=6181 k2=6182 k3=6181 k4=6182 final=6182 | SA-L2: 0/1 newly-lost found by standalone | (prev: lost=111,855, diff=-105673)
  Step 1190: active=317,523 lost=6,183 (+1) | L0=97.0% L1=0.8% L2=0.3% miss=1.9% | sub-step misses: k1=6182 k2=6182 k3=6182 k4=6183 final=6183 | SA-L2: 0/1 newly-lost found by standalone | (prev: lost=111,962, diff=-105779)
  Step 1191: active=317,522 lost=6,184 (+1) | L0=97.0% L1=0.8% L2=0.3% miss=1.9% | sub-step misses: k1=6183 k2=6184 k3=6183 k4=6184 final=6184 | SA-L2: 0/1 newly-lost found by standalone | (prev: lost=112,073, diff=-105889)
  Step 1192: active=317,522 lost=6,184 (+0) | L0=97.0% L1=0.8% L2=0.3% miss=1.9% | (prev: lost=112,171, diff=-105987)
  Step 1193: active=317,521 lost=6,185 (+1) | L0=97.0% L1=0.8% L2=0.3% miss=1.9% | sub-step misses: k1=6184 k2=6185 k3=6184 k4=6185 final=6185 | SA-L2: 0/1 newly-lost found by standalone | (prev: lost=112,269, diff=-106084)
  Step 1194: active=317,521 lost=6,185 (+0) | L0=97.0% L1=0.8% L2=0.3% miss=1.9% | (prev: lost=112,385, diff=-106200)
  Step 1195: active=317,519 lost=6,187 (+2) | L0=97.0% L1=0.8% L2=0.3% miss=1.9% | sub-step misses: k1=6185 k2=6187 k3=6185 k4=6187 final=6187 | SA-L2: 0/2 newly-lost found by standalone | (prev: lost=112,500, diff=-106313)
  Step 1196: active=317,519 lost=6,187 (+0) | L0=97.0% L1=0.8% L2=0.3% miss=1.9% | (prev: lost=112,595, diff=-106408)
  Step 1197: active=317,518 lost=6,188 (+1) | L0=97.0% L1=0.8% L2=0.3% miss=1.9% | sub-step misses: k1=6187 k2=6188 k3=6187 k4=6188 final=6188 | SA-L2: 0/1 newly-lost found by standalone | (prev: lost=112,737, diff=-106549)
  Step 1198: active=317,517 lost=6,189 (+1) | L0=97.0% L1=0.8% L2=0.3% miss=1.9% | sub-step misses: k1=6188 k2=6189 k3=6188 k4=6189 final=6189 | SA-L2: 0/1 newly-lost found by standalone | (prev: lost=112,867, diff=-106678)
  Step 1199: active=317,517 lost=6,189 (+0) | L0=97.0% L1=0.8% L2=0.3% miss=1.9% | (prev: lost=112,985, diff=-106796)
  Step 1200: active=317,516 lost=6,190 (+1) | L0=97.0% L1=0.8% L2=0.3% miss=1.9% | sub-step misses: k1=6189 k2=6190 k3=6189 k4=6190 final=6190 | SA-L2: 0/1 newly-lost found by standalone | (prev: lost=113,095, diff=-106905)
  Step 1201: active=317,516 lost=6,190 (+0) | L0=97.0% L1=0.8% L2=0.3% miss=1.9% | (prev: lost=113,209, diff=-107019)
  Step 1202: active=317,516 lost=6,190 (+0) | L0=97.0% L1=0.8% L2=0.3% miss=1.9% | (prev: lost=113,315, diff=-107125)
  Step 1203: active=317,516 lost=6,190 (+0) | L0=97.0% L1=0.8% L2=0.3% miss=1.9% | (prev: lost=113,416, diff=-107226)
  Step 1204: active=317,516 lost=6,190 (+0) | L0=97.0% L1=0.8% L2=0.3% miss=1.9% | (prev: lost=113,530, diff=-107340)
  Step 1205: active=317,515 lost=6,191 (+1) | L0=97.0% L1=0.8% L2=0.3% miss=1.9% | sub-step misses: k1=6190 k2=6191 k3=6190 k4=6191 final=6191 | SA-L2: 0/1 newly-lost found by standalone | (prev: lost=113,664, diff=-107473)
  Step 1206: active=317,514 lost=6,192 (+1) | L0=97.0% L1=0.8% L2=0.3% miss=1.9% | sub-step misses: k1=6191 k2=6192 k3=6191 k4=6192 final=6192 | SA-L2: 0/1 newly-lost found by standalone | (prev: lost=113,797, diff=-107605)
  Step 1207: active=317,514 lost=6,192 (+0) | L0=97.0% L1=0.8% L2=0.3% miss=1.9% | (prev: lost=113,916, diff=-107724)
  Step 1208: active=317,513 lost=6,193 (+1) | L0=97.0% L1=0.8% L2=0.3% miss=1.9% | sub-step misses: k1=6192 k2=6193 k3=6192 k4=6193 final=6193 | SA-L2: 0/1 newly-lost found by standalone | (prev: lost=114,050, diff=-107857)
  Step 1209: active=317,512 lost=6,194 (+1) | L0=97.0% L1=0.8% L2=0.3% miss=1.9% | sub-step misses: k1=6193 k2=6193 k3=6193 k4=6193 final=6194 | SA-L2: 0/1 newly-lost found by standalone | (prev: lost=114,166, diff=-107972)
  Step 1210: active=317,512 lost=6,194 (+0) | L0=97.0% L1=0.8% L2=0.3% miss=1.9% | (prev: lost=114,268, diff=-108074)
  Step 1211: active=317,510 lost=6,196 (+2) | L0=97.0% L1=0.8% L2=0.3% miss=1.9% | sub-step misses: k1=6194 k2=6195 k3=6194 k4=6196 final=6196 | SA-L2: 0/2 newly-lost found by standalone | (prev: lost=114,387, diff=-108191)
  Step 1212: active=317,510 lost=6,196 (+0) | L0=97.0% L1=0.8% L2=0.3% miss=1.9% | (prev: lost=114,491, diff=-108295)
  Step 1213: active=317,510 lost=6,196 (+0) | L0=97.0% L1=0.8% L2=0.3% miss=1.9% | (prev: lost=114,624, diff=-108428)
  Step 1214: active=317,510 lost=6,196 (+0) | L0=97.0% L1=0.8% L2=0.3% miss=1.9% | (prev: lost=114,777, diff=-108581)
  Step 1215: active=317,509 lost=6,197 (+1) | L0=97.0% L1=0.8% L2=0.3% miss=1.9% | sub-step misses: k1=6196 k2=6196 k3=6196 k4=6197 final=6197 | SA-L2: 0/1 newly-lost found by standalone | (prev: lost=114,876, diff=-108679)
  Step 1216: active=317,509 lost=6,197 (+0) | L0=97.0% L1=0.8% L2=0.3% miss=1.9% | (prev: lost=114,996, diff=-108799)
  Step 1217: active=317,508 lost=6,198 (+1) | L0=97.0% L1=0.8% L2=0.3% miss=1.9% | sub-step misses: k1=6197 k2=6198 k3=6197 k4=6198 final=6198 | SA-L2: 0/1 newly-lost found by standalone | (prev: lost=115,118, diff=-108920)
  Step 1218: active=317,508 lost=6,198 (+0) | L0=97.0% L1=0.8% L2=0.3% miss=1.9% | (prev: lost=115,225, diff=-109027)
  Step 1219: active=317,508 lost=6,198 (+0) | L0=97.0% L1=0.8% L2=0.3% miss=1.9% | (prev: lost=115,337, diff=-109139)
  Step 1220: active=317,508 lost=6,198 (+0) | L0=97.0% L1=0.8% L2=0.3% miss=1.9% | (prev: lost=115,457, diff=-109259)
  Step 1221: active=317,508 lost=6,198 (+0) | L0=97.0% L1=0.8% L2=0.3% miss=1.9% | (prev: lost=115,557, diff=-109359)
  Step 1222: active=317,508 lost=6,198 (+0) | L0=97.0% L1=0.8% L2=0.3% miss=1.9% | (prev: lost=115,683, diff=-109485)
  Step 1223: active=317,508 lost=6,198 (+0) | L0=97.0% L1=0.8% L2=0.3% miss=1.9% | (prev: lost=115,843, diff=-109645)
  Step 1224: active=317,508 lost=6,198 (+0) | L0=97.0% L1=0.8% L2=0.3% miss=1.9% | (prev: lost=115,960, diff=-109762)
  Step 1225: active=317,508 lost=6,198 (+0) | L0=97.0% L1=0.8% L2=0.3% miss=1.9% | (prev: lost=116,082, diff=-109884)
  Step 1226: active=317,508 lost=6,198 (+0) | L0=97.0% L1=0.8% L2=0.3% miss=1.9% | (prev: lost=116,211, diff=-110013)
  Step 1227: active=317,508 lost=6,198 (+0) | L0=97.0% L1=0.8% L2=0.3% miss=1.9% | (prev: lost=116,326, diff=-110128)
  Step 1228: active=317,508 lost=6,198 (+0) | L0=97.0% L1=0.8% L2=0.3% miss=1.9% | (prev: lost=116,433, diff=-110235)
  Step 1229: active=317,508 lost=6,198 (+0) | L0=97.0% L1=0.8% L2=0.3% miss=1.9% | (prev: lost=116,560, diff=-110362)
  Step 1230: active=317,508 lost=6,198 (+0) | L0=97.0% L1=0.8% L2=0.3% miss=1.9% | (prev: lost=116,680, diff=-110482)
  Step 1231: active=317,508 lost=6,198 (+0) | L0=97.0% L1=0.8% L2=0.3% miss=1.9% | (prev: lost=116,834, diff=-110636)
  Step 1232: active=317,508 lost=6,198 (+0) | L0=97.0% L1=0.8% L2=0.3% miss=1.9% | (prev: lost=116,967, diff=-110769)
  Step 1233: active=317,508 lost=6,198 (+0) | L0=97.0% L1=0.8% L2=0.3% miss=1.9% | (prev: lost=117,106, diff=-110908)
  Step 1234: active=317,507 lost=6,199 (+1) | L0=97.0% L1=0.8% L2=0.3% miss=1.9% | sub-step misses: k1=6198 k2=6198 k3=6199 k4=6198 final=6199 | SA-L2: 0/1 newly-lost found by standalone | (prev: lost=117,210, diff=-111011)
  Step 1235: active=317,507 lost=6,199 (+0) | L0=97.0% L1=0.8% L2=0.3% miss=1.9% | (prev: lost=117,340, diff=-111141)
  Step 1236: active=317,507 lost=6,199 (+0) | L0=97.0% L1=0.8% L2=0.3% miss=1.9% | (prev: lost=117,443, diff=-111244)
  Step 1237: active=317,507 lost=6,199 (+0) | L0=97.0% L1=0.8% L2=0.3% miss=1.9% | (prev: lost=117,566, diff=-111367)
  Step 1238: active=317,507 lost=6,199 (+0) | L0=97.0% L1=0.8% L2=0.3% miss=1.9% | (prev: lost=117,698, diff=-111499)
  Step 1239: active=317,507 lost=6,199 (+0) | L0=97.1% L1=0.7% L2=0.3% miss=1.9% | (prev: lost=117,806, diff=-111607)
  Step 1240: active=317,507 lost=6,199 (+0) | L0=97.0% L1=0.8% L2=0.3% miss=1.9% | (prev: lost=117,960, diff=-111761)
  Step 1241: active=317,507 lost=6,199 (+0) | L0=97.0% L1=0.8% L2=0.3% miss=1.9% | (prev: lost=118,092, diff=-111893)
  Step 1242: active=317,507 lost=6,199 (+0) | L0=97.0% L1=0.7% L2=0.3% miss=1.9% | (prev: lost=118,216, diff=-112017)
  Step 1243: active=317,507 lost=6,199 (+0) | L0=97.1% L1=0.7% L2=0.3% miss=1.9% | (prev: lost=118,346, diff=-112147)
  Step 1244: active=317,507 lost=6,199 (+0) | L0=97.1% L1=0.7% L2=0.3% miss=1.9% | (prev: lost=118,472, diff=-112273)
  Step 1245: active=317,507 lost=6,199 (+0) | L0=97.1% L1=0.7% L2=0.3% miss=1.9% | (prev: lost=118,589, diff=-112390)
  Step 1246: active=317,506 lost=6,200 (+1) | L0=97.1% L1=0.7% L2=0.3% miss=1.9% | sub-step misses: k1=6199 k2=6199 k3=6200 k4=6199 final=6200 | SA-L2: 0/1 newly-lost found by standalone | (prev: lost=118,697, diff=-112497)
  Step 1247: active=317,506 lost=6,200 (+0) | L0=97.1% L1=0.7% L2=0.3% miss=1.9% | (prev: lost=118,833, diff=-112633)
  Step 1248: active=317,506 lost=6,200 (+0) | L0=97.1% L1=0.7% L2=0.3% miss=1.9% | (prev: lost=118,952, diff=-112752)
  Step 1249: active=317,506 lost=6,200 (+0) | L0=97.1% L1=0.7% L2=0.3% miss=1.9% | (prev: lost=119,099, diff=-112899)
  Step 1250: active=317,506 lost=6,200 (+0) | L0=97.0% L1=0.8% L2=0.3% miss=1.9% | (prev: lost=119,223, diff=-113023)
  Step 1251: active=317,506 lost=6,200 (+0) | L0=97.1% L1=0.7% L2=0.3% miss=1.9% | (prev: lost=119,359, diff=-113159)
  Step 1252: active=317,506 lost=6,200 (+0) | L0=97.1% L1=0.7% L2=0.3% miss=1.9% | (prev: lost=119,494, diff=-113294)
  Step 1253: active=317,506 lost=6,200 (+0) | L0=97.1% L1=0.8% L2=0.3% miss=1.9% | (prev: lost=119,629, diff=-113429)
  Step 1254: active=317,506 lost=6,200 (+0) | L0=97.1% L1=0.7% L2=0.3% miss=1.9% | (prev: lost=119,754, diff=-113554)
  Step 1255: active=317,506 lost=6,200 (+0) | L0=97.1% L1=0.7% L2=0.3% miss=1.9% | (prev: lost=119,876, diff=-113676)
  Step 1256: active=317,506 lost=6,200 (+0) | L0=97.1% L1=0.7% L2=0.3% miss=1.9% | (prev: lost=120,020, diff=-113820)
  Step 1257: active=317,506 lost=6,200 (+0) | L0=97.1% L1=0.7% L2=0.3% miss=1.9% | (prev: lost=120,169, diff=-113969)
  Step 1258: active=317,506 lost=6,200 (+0) | L0=97.1% L1=0.7% L2=0.3% miss=1.9% | (prev: lost=120,289, diff=-114089)
  Step 1259: active=317,506 lost=6,200 (+0) | L0=97.1% L1=0.7% L2=0.3% miss=1.9% | (prev: lost=120,408, diff=-114208)
  Step 1260: active=317,506 lost=6,200 (+0) | L0=97.1% L1=0.7% L2=0.3% miss=1.9% | (prev: lost=120,535, diff=-114335)
  Step 1261: active=317,506 lost=6,200 (+0) | L0=97.1% L1=0.7% L2=0.3% miss=1.9% | (prev: lost=120,669, diff=-114469)
  Step 1262: active=317,506 lost=6,200 (+0) | L0=97.1% L1=0.7% L2=0.3% miss=1.9% | (prev: lost=120,805, diff=-114605)
  Step 1263: active=317,506 lost=6,200 (+0) | L0=97.1% L1=0.7% L2=0.3% miss=1.9% | (prev: lost=120,934, diff=-114734)
  Step 1264: active=317,506 lost=6,200 (+0) | L0=97.1% L1=0.7% L2=0.3% miss=1.9% | (prev: lost=121,075, diff=-114875)
  Step 1265: active=317,506 lost=6,200 (+0) | L0=97.1% L1=0.7% L2=0.3% miss=1.9% | (prev: lost=121,223, diff=-115023)
  Step 1266: active=317,506 lost=6,200 (+0) | L0=97.1% L1=0.7% L2=0.3% miss=1.9% | (prev: lost=121,375, diff=-115175)
  Step 1267: active=317,506 lost=6,200 (+0) | L0=97.1% L1=0.7% L2=0.3% miss=1.9% | (prev: lost=121,503, diff=-115303)
  Step 1268: active=317,506 lost=6,200 (+0) | L0=97.1% L1=0.7% L2=0.3% miss=1.9% | (prev: lost=121,616, diff=-115416)
  Step 1269: active=317,506 lost=6,200 (+0) | L0=97.1% L1=0.7% L2=0.3% miss=1.9% | (prev: lost=121,733, diff=-115533)
  Step 1270: active=317,506 lost=6,200 (+0) | L0=97.1% L1=0.7% L2=0.3% miss=1.9% | (prev: lost=121,863, diff=-115663)
  Step 1271: active=317,506 lost=6,200 (+0) | L0=97.1% L1=0.7% L2=0.3% miss=1.9% | (prev: lost=122,008, diff=-115808)
  Step 1272: active=317,506 lost=6,200 (+0) | L0=97.1% L1=0.7% L2=0.3% miss=1.9% | (prev: lost=122,138, diff=-115938)
  Step 1273: active=317,506 lost=6,200 (+0) | L0=97.1% L1=0.7% L2=0.3% miss=1.9% | (prev: lost=122,278, diff=-116078)
  Step 1274: active=317,506 lost=6,200 (+0) | L0=97.1% L1=0.7% L2=0.3% miss=1.9% | (prev: lost=122,465, diff=-116265)
  Step 1275: active=317,506 lost=6,200 (+0) | L0=97.1% L1=0.7% L2=0.3% miss=1.9% | (prev: lost=122,602, diff=-116402)
  Step 1276: active=317,506 lost=6,200 (+0) | L0=97.1% L1=0.7% L2=0.3% miss=1.9% | (prev: lost=122,707, diff=-116507)
  Step 1277: active=317,506 lost=6,200 (+0) | L0=97.1% L1=0.7% L2=0.3% miss=1.9% | (prev: lost=122,814, diff=-116614)
  Step 1278: active=317,506 lost=6,200 (+0) | L0=97.1% L1=0.7% L2=0.3% miss=1.9% | (prev: lost=122,945, diff=-116745)
  Step 1279: active=317,506 lost=6,200 (+0) | L0=97.1% L1=0.7% L2=0.3% miss=1.9% | (prev: lost=123,073, diff=-116873)
  Step 1280: active=317,506 lost=6,200 (+0) | L0=97.1% L1=0.7% L2=0.3% miss=1.9% | (prev: lost=123,206, diff=-117006)
  Step 1281: active=317,506 lost=6,200 (+0) | L0=97.1% L1=0.7% L2=0.3% miss=1.9% | (prev: lost=123,337, diff=-117137)
  Step 1282: active=317,506 lost=6,200 (+0) | L0=97.1% L1=0.7% L2=0.3% miss=1.9% | (prev: lost=123,488, diff=-117288)
  Step 1283: active=317,506 lost=6,200 (+0) | L0=97.1% L1=0.7% L2=0.3% miss=1.9% | (prev: lost=123,674, diff=-117474)
  Step 1284: active=317,506 lost=6,200 (+0) | L0=97.1% L1=0.7% L2=0.3% miss=1.9% | (prev: lost=123,816, diff=-117616)
  Step 1285: active=317,506 lost=6,200 (+0) | L0=97.1% L1=0.7% L2=0.3% miss=1.9% | (prev: lost=123,938, diff=-117738)
  Step 1286: active=317,506 lost=6,200 (+0) | L0=97.1% L1=0.7% L2=0.3% miss=1.9% | (prev: lost=124,054, diff=-117854)
  Step 1287: active=317,506 lost=6,200 (+0) | L0=97.1% L1=0.7% L2=0.3% miss=1.9% | (prev: lost=124,171, diff=-117971)
  Step 1288: active=317,506 lost=6,200 (+0) | L0=97.1% L1=0.7% L2=0.3% miss=1.9% | (prev: lost=124,300, diff=-118100)
  Step 1289: active=317,506 lost=6,200 (+0) | L0=97.1% L1=0.7% L2=0.3% miss=1.9% | (prev: lost=124,430, diff=-118230)
  Step 1290: active=317,506 lost=6,200 (+0) | L0=97.1% L1=0.7% L2=0.3% miss=1.9% | (prev: lost=124,560, diff=-118360)
  Step 1291: active=317,506 lost=6,200 (+0) | L0=97.1% L1=0.7% L2=0.3% miss=1.9% | (prev: lost=124,708, diff=-118508)
  Step 1292: active=317,506 lost=6,200 (+0) | L0=97.1% L1=0.7% L2=0.3% miss=1.9% | (prev: lost=124,887, diff=-118687)
  Step 1293: active=317,506 lost=6,200 (+0) | L0=97.1% L1=0.7% L2=0.3% miss=1.9% | (prev: lost=125,041, diff=-118841)
  Step 1294: active=317,506 lost=6,200 (+0) | L0=97.1% L1=0.7% L2=0.3% miss=1.9% | (prev: lost=125,186, diff=-118986)
  Step 1295: active=317,506 lost=6,200 (+0) | L0=97.1% L1=0.7% L2=0.3% miss=1.9% | (prev: lost=125,296, diff=-119096)
  Step 1296: active=317,506 lost=6,200 (+0) | L0=97.1% L1=0.7% L2=0.3% miss=1.9% | (prev: lost=125,420, diff=-119220)
  Step 1297: active=317,506 lost=6,200 (+0) | L0=97.1% L1=0.7% L2=0.3% miss=1.9% | (prev: lost=125,549, diff=-119349)
  Step 1298: active=317,506 lost=6,200 (+0) | L0=97.1% L1=0.7% L2=0.3% miss=1.9% | (prev: lost=125,671, diff=-119471)
  Step 1299: active=317,506 lost=6,200 (+0) | L0=97.1% L1=0.7% L2=0.3% miss=1.9% | (prev: lost=125,800, diff=-119600)
  Step 1300: active=317,506 lost=6,200 (+0) | L0=97.1% L1=0.7% L2=0.3% miss=1.9% | (prev: lost=125,948, diff=-119748)
  Step 1301: active=317,506 lost=6,200 (+0) | L0=97.1% L1=0.7% L2=0.3% miss=1.9% | (prev: lost=126,114, diff=-119914)
  Step 1302: active=317,506 lost=6,200 (+0) | L0=97.1% L1=0.7% L2=0.3% miss=1.9% | (prev: lost=126,267, diff=-120067)
  Step 1303: active=317,506 lost=6,200 (+0) | L0=97.1% L1=0.7% L2=0.3% miss=1.9% | (prev: lost=126,407, diff=-120207)
  Step 1304: active=317,506 lost=6,200 (+0) | L0=97.1% L1=0.7% L2=0.3% miss=1.9% | (prev: lost=126,547, diff=-120347)
  Step 1305: active=317,506 lost=6,200 (+0) | L0=97.1% L1=0.7% L2=0.3% miss=1.9% | (prev: lost=126,665, diff=-120465)
  Step 1306: active=317,506 lost=6,200 (+0) | L0=97.1% L1=0.7% L2=0.3% miss=1.9% | (prev: lost=126,787, diff=-120587)
  Step 1307: active=317,505 lost=6,201 (+1) | L0=97.1% L1=0.7% L2=0.3% miss=1.9% | sub-step misses: k1=6200 k2=6200 k3=6200 k4=6201 final=6201 | SA-L2: 0/1 newly-lost found by standalone | (prev: lost=126,910, diff=-120709)
  Step 1308: active=317,504 lost=6,202 (+1) | L0=97.1% L1=0.7% L2=0.3% miss=1.9% | sub-step misses: k1=6201 k2=6201 k3=6202 k4=6201 final=6202 | SA-L2: 0/1 newly-lost found by standalone | (prev: lost=127,043, diff=-120841)
  Step 1309: active=317,504 lost=6,202 (+0) | L0=97.1% L1=0.7% L2=0.3% miss=1.9% | (prev: lost=127,209, diff=-121007)
  Step 1310: active=317,504 lost=6,202 (+0) | L0=97.1% L1=0.7% L2=0.3% miss=1.9% | (prev: lost=127,367, diff=-121165)
  Step 1311: active=317,504 lost=6,202 (+0) | L0=97.1% L1=0.7% L2=0.3% miss=1.9% | (prev: lost=127,522, diff=-121320)
  Step 1312: active=317,504 lost=6,202 (+0) | L0=97.1% L1=0.7% L2=0.3% miss=1.9% | (prev: lost=127,654, diff=-121452)
  Step 1313: active=317,504 lost=6,202 (+0) | L0=97.1% L1=0.7% L2=0.3% miss=1.9% | (prev: lost=127,809, diff=-121607)
  Step 1314: active=317,504 lost=6,202 (+0) | L0=97.1% L1=0.7% L2=0.3% miss=1.9% | (prev: lost=127,944, diff=-121742)
  Step 1315: active=317,504 lost=6,202 (+0) | L0=97.1% L1=0.7% L2=0.3% miss=1.9% | (prev: lost=128,059, diff=-121857)
  Step 1316: active=317,504 lost=6,202 (+0) | L0=97.1% L1=0.7% L2=0.3% miss=1.9% | (prev: lost=128,199, diff=-121997)
  Step 1317: active=317,504 lost=6,202 (+0) | L0=97.1% L1=0.7% L2=0.3% miss=1.9% | (prev: lost=128,330, diff=-122128)
  Step 1318: active=317,504 lost=6,202 (+0) | L0=97.1% L1=0.7% L2=0.3% miss=1.9% | (prev: lost=128,493, diff=-122291)
  Step 1319: active=317,504 lost=6,202 (+0) | L0=97.1% L1=0.7% L2=0.3% miss=1.9% | (prev: lost=128,637, diff=-122435)
  Step 1320: active=317,504 lost=6,202 (+0) | L0=97.1% L1=0.7% L2=0.3% miss=1.9% | (prev: lost=128,794, diff=-122592)
  Step 1321: active=317,504 lost=6,202 (+0) | L0=97.1% L1=0.7% L2=0.3% miss=1.9% | (prev: lost=128,925, diff=-122723)
  Step 1322: active=317,504 lost=6,202 (+0) | L0=97.1% L1=0.7% L2=0.3% miss=1.9% | (prev: lost=129,051, diff=-122849)
  Step 1323: active=317,504 lost=6,202 (+0) | L0=97.1% L1=0.7% L2=0.3% miss=1.9% | (prev: lost=129,200, diff=-122998)
  Step 1324: active=317,504 lost=6,202 (+0) | L0=97.1% L1=0.7% L2=0.3% miss=1.9% | (prev: lost=129,339, diff=-123137)
  Step 1325: active=317,504 lost=6,202 (+0) | L0=97.1% L1=0.7% L2=0.3% miss=1.9% | (prev: lost=129,482, diff=-123280)
  Step 1326: active=317,504 lost=6,202 (+0) | L0=97.1% L1=0.7% L2=0.3% miss=1.9% | (prev: lost=129,620, diff=-123418)
  Step 1327: active=317,504 lost=6,202 (+0) | L0=97.1% L1=0.7% L2=0.3% miss=1.9% | (prev: lost=129,793, diff=-123591)
  Step 1328: active=317,504 lost=6,202 (+0) | L0=97.1% L1=0.7% L2=0.3% miss=1.9% | (prev: lost=129,939, diff=-123737)
  Step 1329: active=317,504 lost=6,202 (+0) | L0=97.1% L1=0.7% L2=0.3% miss=1.9% | (prev: lost=130,093, diff=-123891)
  Step 1330: active=317,504 lost=6,202 (+0) | L0=97.1% L1=0.7% L2=0.3% miss=1.9% | (prev: lost=130,229, diff=-124027)
  Step 1331: active=317,504 lost=6,202 (+0) | L0=97.1% L1=0.7% L2=0.3% miss=1.9% | (prev: lost=130,352, diff=-124150)
  Step 1332: active=317,504 lost=6,202 (+0) | L0=97.1% L1=0.7% L2=0.3% miss=1.9% | (prev: lost=130,470, diff=-124268)
  Step 1333: active=317,504 lost=6,202 (+0) | L0=97.1% L1=0.7% L2=0.3% miss=1.9% | (prev: lost=130,618, diff=-124416)
  Step 1334: active=317,504 lost=6,202 (+0) | L0=97.1% L1=0.7% L2=0.3% miss=1.9% | (prev: lost=130,761, diff=-124559)
  Step 1335: active=317,504 lost=6,202 (+0) | L0=97.1% L1=0.7% L2=0.3% miss=1.9% | (prev: lost=130,902, diff=-124700)
  Step 1336: active=317,504 lost=6,202 (+0) | L0=97.1% L1=0.7% L2=0.3% miss=1.9% | (prev: lost=131,073, diff=-124871)
  Step 1337: active=317,504 lost=6,202 (+0) | L0=97.1% L1=0.7% L2=0.3% miss=1.9% | (prev: lost=131,225, diff=-125023)
  Step 1338: active=317,504 lost=6,202 (+0) | L0=97.1% L1=0.7% L2=0.3% miss=1.9% | (prev: lost=131,361, diff=-125159)
  Step 1339: active=317,504 lost=6,202 (+0) | L0=97.1% L1=0.7% L2=0.3% miss=1.9% | (prev: lost=131,493, diff=-125291)
  Step 1340: active=317,504 lost=6,202 (+0) | L0=97.1% L1=0.7% L2=0.3% miss=1.9% | (prev: lost=131,624, diff=-125422)
  Step 1341: active=317,504 lost=6,202 (+0) | L0=97.1% L1=0.7% L2=0.3% miss=1.9% | (prev: lost=131,729, diff=-125527)
  Step 1342: active=317,504 lost=6,202 (+0) | L0=97.1% L1=0.7% L2=0.3% miss=1.9% | (prev: lost=131,867, diff=-125665)
  Step 1343: active=317,504 lost=6,202 (+0) | L0=97.1% L1=0.6% L2=0.3% miss=1.9% | (prev: lost=132,000, diff=-125798)
  Step 1344: active=317,504 lost=6,202 (+0) | L0=97.1% L1=0.6% L2=0.3% miss=1.9% | (prev: lost=132,158, diff=-125956)
  Step 1345: active=317,504 lost=6,202 (+0) | L0=97.1% L1=0.7% L2=0.3% miss=1.9% | (prev: lost=132,340, diff=-126138)
  Step 1346: active=317,504 lost=6,202 (+0) | L0=97.1% L1=0.7% L2=0.3% miss=1.9% | (prev: lost=132,489, diff=-126287)
  Step 1347: active=317,504 lost=6,202 (+0) | L0=97.2% L1=0.6% L2=0.3% miss=1.9% | (prev: lost=132,635, diff=-126433)
  Step 1348: active=317,504 lost=6,202 (+0) | L0=97.1% L1=0.6% L2=0.3% miss=1.9% | (prev: lost=132,756, diff=-126554)
  Step 1349: active=317,504 lost=6,202 (+0) | L0=97.1% L1=0.6% L2=0.3% miss=1.9% | (prev: lost=132,880, diff=-126678)
  Step 1350: active=317,504 lost=6,202 (+0) | L0=97.1% L1=0.6% L2=0.3% miss=1.9% | (prev: lost=133,001, diff=-126799)
  Step 1351: active=317,504 lost=6,202 (+0) | L0=97.1% L1=0.6% L2=0.3% miss=1.9% | (prev: lost=133,108, diff=-126906)
  Step 1352: active=317,504 lost=6,202 (+0) | L0=97.1% L1=0.6% L2=0.3% miss=1.9% | (prev: lost=133,238, diff=-127036)
  Step 1353: active=317,504 lost=6,202 (+0) | L0=97.2% L1=0.6% L2=0.3% miss=1.9% | (prev: lost=133,396, diff=-127194)
  Step 1354: active=317,504 lost=6,202 (+0) | L0=97.1% L1=0.7% L2=0.3% miss=1.9% | (prev: lost=133,574, diff=-127372)
  Step 1355: active=317,504 lost=6,202 (+0) | L0=97.2% L1=0.6% L2=0.3% miss=1.9% | (prev: lost=133,747, diff=-127545)
  Step 1356: active=317,503 lost=6,203 (+1) | L0=97.1% L1=0.6% L2=0.3% miss=1.9% | sub-step misses: k1=6202 k2=6203 k3=6202 k4=6203 final=6203 | SA-L2: 0/1 newly-lost found by standalone | (prev: lost=133,894, diff=-127691)
  Step 1357: active=317,503 lost=6,203 (+0) | L0=97.2% L1=0.6% L2=0.3% miss=1.9% | (prev: lost=134,022, diff=-127819)
  Step 1358: active=317,501 lost=6,205 (+2) | L0=97.2% L1=0.6% L2=0.3% miss=1.9% | sub-step misses: k1=6203 k2=6205 k3=6203 k4=6205 final=6205 | SA-L2: 0/2 newly-lost found by standalone | (prev: lost=134,133, diff=-127928)
  Step 1359: active=317,501 lost=6,205 (+0) | L0=97.2% L1=0.6% L2=0.3% miss=1.9% | (prev: lost=134,251, diff=-128046)
  Step 1360: active=317,501 lost=6,205 (+0) | L0=97.2% L1=0.6% L2=0.3% miss=1.9% | (prev: lost=134,375, diff=-128170)
  Step 1361: active=317,501 lost=6,205 (+0) | L0=97.2% L1=0.6% L2=0.3% miss=1.9% | (prev: lost=134,505, diff=-128300)
  Step 1362: active=317,501 lost=6,205 (+0) | L0=97.2% L1=0.6% L2=0.3% miss=1.9% | (prev: lost=134,658, diff=-128453)
  Step 1363: active=317,500 lost=6,206 (+1) | L0=97.2% L1=0.6% L2=0.3% miss=1.9% | sub-step misses: k1=6205 k2=6206 k3=6205 k4=6206 final=6206 | SA-L2: 0/1 newly-lost found by standalone | (prev: lost=134,819, diff=-128613)
  Step 1364: active=317,499 lost=6,207 (+1) | L0=97.2% L1=0.6% L2=0.3% miss=1.9% | sub-step misses: k1=6206 k2=6207 k3=6206 k4=6207 final=6207 | SA-L2: 0/1 newly-lost found by standalone | (prev: lost=134,993, diff=-128786)
  Step 1365: active=317,499 lost=6,207 (+0) | L0=97.2% L1=0.6% L2=0.3% miss=1.9% | (prev: lost=135,127, diff=-128920)
  Step 1366: active=317,498 lost=6,208 (+1) | L0=97.2% L1=0.6% L2=0.3% miss=1.9% | sub-step misses: k1=6207 k2=6207 k3=6207 k4=6208 final=6208 | SA-L2: 0/1 newly-lost found by standalone | (prev: lost=135,264, diff=-129056)
  Step 1367: active=317,497 lost=6,209 (+1) | L0=97.2% L1=0.6% L2=0.3% miss=1.9% | sub-step misses: k1=6208 k2=6208 k3=6208 k4=6208 final=6209 | SA-L2: 0/1 newly-lost found by standalone | (prev: lost=135,387, diff=-129178)
  Step 1368: active=317,497 lost=6,209 (+0) | L0=97.2% L1=0.6% L2=0.3% miss=1.9% | (prev: lost=135,505, diff=-129296)
  Step 1369: active=317,496 lost=6,210 (+1) | L0=97.2% L1=0.6% L2=0.3% miss=1.9% | sub-step misses: k1=6209 k2=6210 k3=6209 k4=6210 final=6210 | SA-L2: 0/1 newly-lost found by standalone | (prev: lost=135,624, diff=-129414)
  Step 1370: active=317,495 lost=6,211 (+1) | L0=97.2% L1=0.6% L2=0.3% miss=1.9% | sub-step misses: k1=6210 k2=6210 k3=6210 k4=6212 final=6211 | SA-L2: 0/1 newly-lost found by standalone | (prev: lost=135,758, diff=-129547)
  Step 1371: active=317,494 lost=6,212 (+1) | L0=97.2% L1=0.6% L2=0.3% miss=1.9% | sub-step misses: k1=6211 k2=6212 k3=6211 k4=6212 final=6212 | SA-L2: 0/1 newly-lost found by standalone | (prev: lost=135,893, diff=-129681)
  Step 1372: active=317,492 lost=6,214 (+2) | L0=97.2% L1=0.6% L2=0.3% miss=1.9% | sub-step misses: k1=6212 k2=6213 k3=6213 k4=6214 final=6214 | SA-L2: 0/2 newly-lost found by standalone | (prev: lost=136,040, diff=-129826)
  Step 1373: active=317,489 lost=6,217 (+3) | L0=97.2% L1=0.6% L2=0.3% miss=1.9% | sub-step misses: k1=6214 k2=6215 k3=6214 k4=6218 final=6217 | SA-L2: 0/3 newly-lost found by standalone | (prev: lost=136,196, diff=-129979)
  Step 1374: active=317,486 lost=6,220 (+3) | L0=97.2% L1=0.6% L2=0.3% miss=1.9% | sub-step misses: k1=6217 k2=6219 k3=6217 k4=6220 final=6220 | SA-L2: 0/3 newly-lost found by standalone | (prev: lost=136,345, diff=-130125)
  Step 1375: active=317,485 lost=6,221 (+1) | L0=97.2% L1=0.6% L2=0.3% miss=1.9% | sub-step misses: k1=6220 k2=6221 k3=6220 k4=6222 final=6221 | SA-L2: 0/1 newly-lost found by standalone | (prev: lost=136,476, diff=-130255)
  Step 1376: active=317,483 lost=6,223 (+2) | L0=97.2% L1=0.6% L2=0.3% miss=1.9% | sub-step misses: k1=6221 k2=6222 k3=6221 k4=6223 final=6223 | SA-L2: 0/2 newly-lost found by standalone | (prev: lost=136,601, diff=-130378)
  Step 1377: active=317,483 lost=6,223 (+0) | L0=97.2% L1=0.6% L2=0.3% miss=1.9% | (prev: lost=136,725, diff=-130502)
  Step 1378: active=317,480 lost=6,226 (+3) | L0=97.2% L1=0.6% L2=0.3% miss=1.9% | sub-step misses: k1=6223 k2=6224 k3=6223 k4=6226 final=6226 | SA-L2: 0/3 newly-lost found by standalone | (prev: lost=136,844, diff=-130618)
  Step 1379: active=317,480 lost=6,226 (+0) | L0=97.2% L1=0.6% L2=0.3% miss=1.9% | (prev: lost=136,967, diff=-130741)
  Step 1380: active=317,477 lost=6,229 (+3) | L0=97.2% L1=0.6% L2=0.3% miss=1.9% | sub-step misses: k1=6226 k2=6228 k3=6226 k4=6229 final=6229 | SA-L2: 0/3 newly-lost found by standalone | (prev: lost=137,120, diff=-130891)
  Step 1381: active=317,476 lost=6,230 (+1) | L0=97.2% L1=0.6% L2=0.3% miss=1.9% | sub-step misses: k1=6229 k2=6230 k3=6229 k4=6230 final=6230 | SA-L2: 0/1 newly-lost found by standalone | (prev: lost=137,256, diff=-131026)
  Step 1382: active=317,475 lost=6,231 (+1) | L0=97.2% L1=0.6% L2=0.3% miss=1.9% | sub-step misses: k1=6230 k2=6231 k3=6230 k4=6231 final=6231 | SA-L2: 0/1 newly-lost found by standalone | (prev: lost=137,410, diff=-131179)
  Step 1383: active=317,471 lost=6,235 (+4) | L0=97.2% L1=0.6% L2=0.3% miss=1.9% | sub-step misses: k1=6231 k2=6232 k3=6231 k4=6235 final=6235 | SA-L2: 0/4 newly-lost found by standalone | (prev: lost=137,536, diff=-131301)
  Step 1384: active=317,469 lost=6,237 (+2) | L0=97.2% L1=0.6% L2=0.3% miss=1.9% | sub-step misses: k1=6235 k2=6237 k3=6235 k4=6237 final=6237 | SA-L2: 0/2 newly-lost found by standalone | (prev: lost=137,666, diff=-131429)
  Step 1385: active=317,469 lost=6,237 (+0) | L0=97.2% L1=0.6% L2=0.3% miss=1.9% | (prev: lost=137,787, diff=-131550)
  Step 1386: active=317,468 lost=6,238 (+1) | L0=97.2% L1=0.6% L2=0.3% miss=1.9% | sub-step misses: k1=6237 k2=6238 k3=6237 k4=6239 final=6238 | SA-L2: 0/1 newly-lost found by standalone | (prev: lost=137,913, diff=-131675)
  Step 1387: active=317,464 lost=6,242 (+4) | L0=97.2% L1=0.6% L2=0.3% miss=1.9% | sub-step misses: k1=6238 k2=6240 k3=6238 k4=6242 final=6242 | SA-L2: 0/4 newly-lost found by standalone | (prev: lost=138,034, diff=-131792)
  Step 1388: active=317,462 lost=6,244 (+2) | L0=97.2% L1=0.6% L2=0.3% miss=1.9% | sub-step misses: k1=6242 k2=6243 k3=6242 k4=6244 final=6244 | SA-L2: 0/2 newly-lost found by standalone | (prev: lost=138,164, diff=-131920)
  Step 1389: active=317,461 lost=6,245 (+1) | L0=97.2% L1=0.6% L2=0.3% miss=1.9% | sub-step misses: k1=6244 k2=6244 k3=6244 k4=6245 final=6245 | SA-L2: 0/1 newly-lost found by standalone | (prev: lost=138,311, diff=-132066)
  Step 1390: active=317,459 lost=6,247 (+2) | L0=97.2% L1=0.6% L2=0.3% miss=1.9% | sub-step misses: k1=6245 k2=6245 k3=6245 k4=6247 final=6247 | SA-L2: 0/2 newly-lost found by standalone | (prev: lost=138,461, diff=-132214)
  Step 1391: active=317,457 lost=6,249 (+2) | L0=97.2% L1=0.6% L2=0.3% miss=1.9% | sub-step misses: k1=6247 k2=6248 k3=6247 k4=6250 final=6249 | SA-L2: 0/2 newly-lost found by standalone | (prev: lost=138,592, diff=-132343)
  Step 1392: active=317,455 lost=6,251 (+2) | L0=97.2% L1=0.6% L2=0.3% miss=1.9% | sub-step misses: k1=6249 k2=6250 k3=6249 k4=6251 final=6251 | SA-L2: 0/2 newly-lost found by standalone | (prev: lost=138,726, diff=-132475)
  Step 1393: active=317,454 lost=6,252 (+1) | L0=97.2% L1=0.6% L2=0.3% miss=1.9% | sub-step misses: k1=6251 k2=6252 k3=6251 k4=6252 final=6252 | SA-L2: 0/1 newly-lost found by standalone | (prev: lost=138,846, diff=-132594)
  Step 1394: active=317,454 lost=6,252 (+0) | L0=97.2% L1=0.6% L2=0.3% miss=1.9% | (prev: lost=138,963, diff=-132711)
  Step 1395: active=317,454 lost=6,252 (+0) | L0=97.2% L1=0.6% L2=0.3% miss=1.9% | (prev: lost=139,083, diff=-132831)
  Step 1396: active=317,452 lost=6,254 (+2) | L0=97.2% L1=0.6% L2=0.3% miss=1.9% | sub-step misses: k1=6252 k2=6253 k3=6252 k4=6254 final=6254 | SA-L2: 0/2 newly-lost found by standalone | (prev: lost=139,215, diff=-132961)
  Step 1397: active=317,449 lost=6,257 (+3) | L0=97.2% L1=0.6% L2=0.3% miss=1.9% | sub-step misses: k1=6254 k2=6257 k3=6254 k4=6257 final=6257 | SA-L2: 0/3 newly-lost found by standalone | (prev: lost=139,330, diff=-133073)
  Step 1398: active=317,448 lost=6,258 (+1) | L0=97.2% L1=0.6% L2=0.3% miss=1.9% | sub-step misses: k1=6257 k2=6258 k3=6257 k4=6258 final=6258 | SA-L2: 0/1 newly-lost found by standalone | (prev: lost=139,475, diff=-133217)
  Step 1399: active=317,447 lost=6,259 (+1) | L0=97.2% L1=0.6% L2=0.3% miss=1.9% | sub-step misses: k1=6258 k2=6259 k3=6258 k4=6259 final=6259 | SA-L2: 0/1 newly-lost found by standalone | (prev: lost=139,619, diff=-133360)
  Step 1400: active=317,445 lost=6,261 (+2) | L0=97.2% L1=0.6% L2=0.3% miss=1.9% | sub-step misses: k1=6259 k2=6261 k3=6259 k4=6261 final=6261 | SA-L2: 0/2 newly-lost found by standalone | (prev: lost=139,754, diff=-133493)
  Step 1401: active=317,442 lost=6,264 (+3) | L0=97.2% L1=0.6% L2=0.3% miss=1.9% | sub-step misses: k1=6261 k2=6262 k3=6261 k4=6265 final=6264 | SA-L2: 0/3 newly-lost found by standalone | (prev: lost=139,872, diff=-133608)
  Step 1402: active=317,438 lost=6,268 (+4) | L0=97.2% L1=0.6% L2=0.3% miss=1.9% | sub-step misses: k1=6264 k2=6268 k3=6264 k4=6268 final=6268 | SA-L2: 0/4 newly-lost found by standalone | (prev: lost=139,982, diff=-133714)
  Step 1403: active=317,436 lost=6,270 (+2) | L0=97.2% L1=0.6% L2=0.3% miss=1.9% | sub-step misses: k1=6268 k2=6270 k3=6268 k4=6270 final=6270 | SA-L2: 0/2 newly-lost found by standalone | (prev: lost=140,082, diff=-133812)
  Step 1404: active=317,435 lost=6,271 (+1) | L0=97.2% L1=0.6% L2=0.3% miss=1.9% | sub-step misses: k1=6270 k2=6271 k3=6270 k4=6272 final=6271 | SA-L2: 0/1 newly-lost found by standalone | (prev: lost=140,203, diff=-133932)
  Step 1405: active=317,431 lost=6,275 (+4) | L0=97.2% L1=0.6% L2=0.3% miss=1.9% | sub-step misses: k1=6271 k2=6274 k3=6272 k4=6274 final=6275 | SA-L2: 0/4 newly-lost found by standalone | (prev: lost=140,329, diff=-134054)
  Step 1406: active=317,428 lost=6,278 (+3) | L0=97.2% L1=0.6% L2=0.3% miss=1.9% | sub-step misses: k1=6275 k2=6277 k3=6275 k4=6278 final=6278 | SA-L2: 0/3 newly-lost found by standalone | (prev: lost=140,478, diff=-134200)
  Step 1407: active=317,427 lost=6,279 (+1) | L0=97.2% L1=0.6% L2=0.3% miss=1.9% | sub-step misses: k1=6278 k2=6279 k3=6278 k4=6280 final=6279 | SA-L2: 0/1 newly-lost found by standalone | (prev: lost=140,622, diff=-134343)
  Step 1408: active=317,426 lost=6,280 (+1) | L0=97.2% L1=0.6% L2=0.3% miss=1.9% | sub-step misses: k1=6279 k2=6280 k3=6279 k4=6280 final=6280 | SA-L2: 0/1 newly-lost found by standalone | (prev: lost=140,751, diff=-134471)
  Step 1409: active=317,424 lost=6,282 (+2) | L0=97.2% L1=0.6% L2=0.3% miss=1.9% | sub-step misses: k1=6280 k2=6280 k3=6280 k4=6282 final=6282 | SA-L2: 0/2 newly-lost found by standalone | (prev: lost=140,889, diff=-134607)
  Step 1410: active=317,420 lost=6,286 (+4) | L0=97.2% L1=0.6% L2=0.3% miss=1.9% | sub-step misses: k1=6282 k2=6284 k3=6282 k4=6286 final=6286 | SA-L2: 0/4 newly-lost found by standalone | (prev: lost=141,012, diff=-134726)
  Step 1411: active=317,415 lost=6,291 (+5) | L0=97.2% L1=0.6% L2=0.3% miss=1.9% | sub-step misses: k1=6286 k2=6287 k3=6286 k4=6291 final=6291 | SA-L2: 0/5 newly-lost found by standalone | (prev: lost=141,124, diff=-134833)
  Step 1412: active=317,412 lost=6,294 (+3) | L0=97.2% L1=0.6% L2=0.3% miss=1.9% | sub-step misses: k1=6291 k2=6294 k3=6291 k4=6295 final=6294 | SA-L2: 0/3 newly-lost found by standalone | (prev: lost=141,217, diff=-134923)
  Step 1413: active=317,408 lost=6,298 (+4) | L0=97.2% L1=0.6% L2=0.3% miss=1.9% | sub-step misses: k1=6294 k2=6297 k3=6294 k4=6299 final=6298 | SA-L2: 0/4 newly-lost found by standalone | (prev: lost=141,318, diff=-135020)
  Step 1414: active=317,404 lost=6,302 (+4) | L0=97.2% L1=0.6% L2=0.3% miss=1.9% | sub-step misses: k1=6298 k2=6300 k3=6298 k4=6302 final=6302 | SA-L2: 0/4 newly-lost found by standalone | (prev: lost=141,447, diff=-135145)
  Step 1415: active=317,403 lost=6,303 (+1) | L0=97.2% L1=0.6% L2=0.3% miss=1.9% | sub-step misses: k1=6302 k2=6303 k3=6302 k4=6303 final=6303 | SA-L2: 0/1 newly-lost found by standalone | (prev: lost=141,577, diff=-135274)
  Step 1416: active=317,402 lost=6,304 (+1) | L0=97.2% L1=0.6% L2=0.3% miss=1.9% | sub-step misses: k1=6303 k2=6303 k3=6303 k4=6305 final=6304 | SA-L2: 0/1 newly-lost found by standalone | (prev: lost=141,741, diff=-135437)
  Step 1417: active=317,394 lost=6,312 (+8) | L0=97.2% L1=0.6% L2=0.3% miss=1.9% | sub-step misses: k1=6304 k2=6307 k3=6304 k4=6313 final=6312 | SA-L2: 0/8 newly-lost found by standalone | (prev: lost=141,873, diff=-135561)
  Step 1418: active=317,388 lost=6,318 (+6) | L0=97.2% L1=0.6% L2=0.3% miss=2.0% | sub-step misses: k1=6312 k2=6315 k3=6312 k4=6319 final=6318 | SA-L2: 0/6 newly-lost found by standalone | (prev: lost=142,015, diff=-135697)
  Step 1419: active=317,382 lost=6,324 (+6) | L0=97.2% L1=0.6% L2=0.3% miss=2.0% | sub-step misses: k1=6318 k2=6323 k3=6318 k4=6324 final=6324 | SA-L2: 0/6 newly-lost found by standalone | (prev: lost=142,123, diff=-135799)
  Step 1420: active=317,379 lost=6,327 (+3) | L0=97.2% L1=0.6% L2=0.3% miss=2.0% | sub-step misses: k1=6324 k2=6325 k3=6324 k4=6328 final=6327 | SA-L2: 0/3 newly-lost found by standalone | (prev: lost=142,247, diff=-135920)
  Step 1421: active=317,373 lost=6,333 (+6) | L0=97.2% L1=0.6% L2=0.3% miss=2.0% | sub-step misses: k1=6327 k2=6333 k3=6327 k4=6333 final=6333 | SA-L2: 0/6 newly-lost found by standalone | (prev: lost=142,326, diff=-135993)
  Step 1422: active=317,372 lost=6,334 (+1) | L0=97.2% L1=0.6% L2=0.3% miss=2.0% | sub-step misses: k1=6333 k2=6334 k3=6333 k4=6334 final=6334 | SA-L2: 0/1 newly-lost found by standalone | (prev: lost=142,428, diff=-136094)
  Step 1423: active=317,367 lost=6,339 (+5) | L0=97.2% L1=0.6% L2=0.3% miss=2.0% | sub-step misses: k1=6334 k2=6336 k3=6334 k4=6341 final=6339 | SA-L2: 0/5 newly-lost found by standalone | (prev: lost=142,548, diff=-136209)
  Step 1424: active=317,361 lost=6,345 (+6) | L0=97.2% L1=0.6% L2=0.3% miss=2.0% | sub-step misses: k1=6339 k2=6342 k3=6339 k4=6346 final=6345 | SA-L2: 0/6 newly-lost found by standalone | (prev: lost=142,667, diff=-136322)
  Step 1425: active=317,354 lost=6,352 (+7) | L0=97.2% L1=0.6% L2=0.3% miss=2.0% | sub-step misses: k1=6345 k2=6349 k3=6345 k4=6353 final=6352 | SA-L2: 0/7 newly-lost found by standalone | (prev: lost=142,816, diff=-136464)
  Step 1426: active=317,352 lost=6,354 (+2) | L0=97.2% L1=0.6% L2=0.3% miss=2.0% | sub-step misses: k1=6352 k2=6354 k3=6352 k4=6354 final=6354 | SA-L2: 0/2 newly-lost found by standalone | (prev: lost=142,967, diff=-136613)
  Step 1427: active=317,350 lost=6,356 (+2) | L0=97.2% L1=0.6% L2=0.3% miss=2.0% | sub-step misses: k1=6354 k2=6355 k3=6354 k4=6357 final=6356 | SA-L2: 0/2 newly-lost found by standalone | (prev: lost=143,096, diff=-136740)
  Step 1428: active=317,349 lost=6,357 (+1) | L0=97.2% L1=0.6% L2=0.3% miss=2.0% | sub-step misses: k1=6356 k2=6357 k3=6356 k4=6357 final=6357 | SA-L2: 0/1 newly-lost found by standalone | (prev: lost=143,211, diff=-136854)
  Step 1429: active=317,347 lost=6,359 (+2) | L0=97.2% L1=0.6% L2=0.3% miss=2.0% | sub-step misses: k1=6357 k2=6359 k3=6357 k4=6360 final=6359 | SA-L2: 0/2 newly-lost found by standalone | (prev: lost=143,328, diff=-136969)
  Step 1430: active=317,339 lost=6,367 (+8) | L0=97.2% L1=0.6% L2=0.3% miss=2.0% | sub-step misses: k1=6359 k2=6366 k3=6359 k4=6368 final=6367 | SA-L2: 0/8 newly-lost found by standalone | (prev: lost=143,421, diff=-137054)
  Step 1431: active=317,333 lost=6,373 (+6) | L0=97.2% L1=0.6% L2=0.3% miss=2.0% | sub-step misses: k1=6367 k2=6372 k3=6367 k4=6375 final=6373 | SA-L2: 0/6 newly-lost found by standalone | (prev: lost=143,520, diff=-137147)
  Step 1432: active=317,327 lost=6,379 (+6) | L0=97.2% L1=0.6% L2=0.3% miss=2.0% | sub-step misses: k1=6373 k2=6376 k3=6373 k4=6379 final=6379 | SA-L2: 0/6 newly-lost found by standalone | (prev: lost=143,632, diff=-137253)
  Step 1433: active=317,323 lost=6,383 (+4) | L0=97.2% L1=0.6% L2=0.3% miss=2.0% | sub-step misses: k1=6379 k2=6382 k3=6379 k4=6384 final=6383 | SA-L2: 0/4 newly-lost found by standalone | (prev: lost=143,742, diff=-137359)
  Step 1434: active=317,321 lost=6,385 (+2) | L0=97.2% L1=0.6% L2=0.3% miss=2.0% | sub-step misses: k1=6383 k2=6385 k3=6383 k4=6386 final=6385 | SA-L2: 0/2 newly-lost found by standalone | (prev: lost=143,885, diff=-137500)
  Step 1435: active=317,313 lost=6,393 (+8) | L0=97.2% L1=0.6% L2=0.3% miss=2.0% | sub-step misses: k1=6385 k2=6389 k3=6385 k4=6393 final=6393 | SA-L2: 0/8 newly-lost found by standalone | (prev: lost=144,025, diff=-137632)
  Step 1436: active=317,311 lost=6,395 (+2) | L0=97.2% L1=0.6% L2=0.3% miss=2.0% | sub-step misses: k1=6393 k2=6394 k3=6393 k4=6396 final=6395 | SA-L2: 0/2 newly-lost found by standalone | (prev: lost=144,172, diff=-137777)
  Step 1437: active=317,306 lost=6,400 (+5) | L0=97.2% L1=0.6% L2=0.3% miss=2.0% | sub-step misses: k1=6395 k2=6399 k3=6395 k4=6400 final=6400 | SA-L2: 0/5 newly-lost found by standalone | (prev: lost=144,297, diff=-137897)
  Step 1438: active=317,303 lost=6,403 (+3) | L0=97.2% L1=0.6% L2=0.3% miss=2.0% | sub-step misses: k1=6400 k2=6402 k3=6400 k4=6404 final=6403 | SA-L2: 0/3 newly-lost found by standalone | (prev: lost=144,402, diff=-137999)
  Step 1439: active=317,299 lost=6,407 (+4) | L0=97.2% L1=0.6% L2=0.3% miss=2.0% | sub-step misses: k1=6403 k2=6406 k3=6403 k4=6408 final=6407 | SA-L2: 0/4 newly-lost found by standalone | (prev: lost=144,496, diff=-138089)
  Step 1440: active=317,294 lost=6,412 (+5) | L0=97.2% L1=0.6% L2=0.3% miss=2.0% | sub-step misses: k1=6407 k2=6411 k3=6407 k4=6414 final=6412 | SA-L2: 0/5 newly-lost found by standalone | (prev: lost=144,588, diff=-138176)
  Step 1441: active=317,288 lost=6,418 (+6) | L0=97.2% L1=0.6% L2=0.3% miss=2.0% | sub-step misses: k1=6412 k2=6417 k3=6412 k4=6418 final=6418 | SA-L2: 0/6 newly-lost found by standalone | (prev: lost=144,699, diff=-138281)
  Step 1442: active=317,287 lost=6,419 (+1) | L0=97.2% L1=0.6% L2=0.3% miss=2.0% | sub-step misses: k1=6418 k2=6419 k3=6418 k4=6420 final=6419 | SA-L2: 0/1 newly-lost found by standalone | (prev: lost=144,811, diff=-138392)
  Step 1443: active=317,284 lost=6,422 (+3) | L0=97.2% L1=0.6% L2=0.3% miss=2.0% | sub-step misses: k1=6419 k2=6421 k3=6419 k4=6422 final=6422 | SA-L2: 0/3 newly-lost found by standalone | (prev: lost=144,953, diff=-138531)
  Step 1444: active=317,282 lost=6,424 (+2) | L0=97.2% L1=0.6% L2=0.3% miss=2.0% | sub-step misses: k1=6422 k2=6423 k3=6422 k4=6426 final=6424 | SA-L2: 0/2 newly-lost found by standalone | (prev: lost=145,083, diff=-138659)
  Step 1445: active=317,276 lost=6,430 (+6) | L0=97.2% L1=0.6% L2=0.3% miss=2.0% | sub-step misses: k1=6424 k2=6428 k3=6424 k4=6431 final=6430 | SA-L2: 0/6 newly-lost found by standalone | (prev: lost=145,218, diff=-138788)
  Step 1446: active=317,272 lost=6,434 (+4) | L0=97.2% L1=0.6% L2=0.3% miss=2.0% | sub-step misses: k1=6430 k2=6434 k3=6430 k4=6435 final=6434 | SA-L2: 0/4 newly-lost found by standalone | (prev: lost=145,338, diff=-138904)
  Step 1447: active=317,265 lost=6,441 (+7) | L0=97.2% L1=0.6% L2=0.3% miss=2.0% | sub-step misses: k1=6434 k2=6438 k3=6434 k4=6441 final=6441 | SA-L2: 0/7 newly-lost found by standalone | (prev: lost=145,454, diff=-139013)
  Step 1448: active=317,256 lost=6,450 (+9) | L0=97.2% L1=0.6% L2=0.3% miss=2.0% | sub-step misses: k1=6441 k2=6446 k3=6441 k4=6452 final=6450 | SA-L2: 0/9 newly-lost found by standalone | (prev: lost=145,544, diff=-139094)
  Step 1449: active=317,247 lost=6,459 (+9) | L0=97.2% L1=0.6% L2=0.3% miss=2.0% | sub-step misses: k1=6450 k2=6456 k3=6450 k4=6461 final=6459 | SA-L2: 0/9 newly-lost found by standalone | (prev: lost=145,644, diff=-139185)
  Step 1450: active=317,243 lost=6,463 (+4) | L0=97.2% L1=0.6% L2=0.3% miss=2.0% | sub-step misses: k1=6459 k2=6462 k3=6459 k4=6465 final=6463 | SA-L2: 0/4 newly-lost found by standalone | (prev: lost=145,756, diff=-139293)
  Step 1451: active=317,236 lost=6,470 (+7) | L0=97.2% L1=0.6% L2=0.3% miss=2.0% | sub-step misses: k1=6463 k2=6469 k3=6463 k4=6472 final=6470 | SA-L2: 0/7 newly-lost found by standalone | (prev: lost=145,871, diff=-139401)
  Step 1452: active=317,229 lost=6,477 (+7) | L0=97.2% L1=0.6% L2=0.3% miss=2.0% | sub-step misses: k1=6470 k2=6473 k3=6470 k4=6477 final=6477 | SA-L2: 0/7 newly-lost found by standalone | (prev: lost=146,012, diff=-139535)
  Step 1453: active=317,227 lost=6,479 (+2) | L0=97.2% L1=0.6% L2=0.3% miss=2.0% | sub-step misses: k1=6477 k2=6479 k3=6477 k4=6480 final=6479 | SA-L2: 0/2 newly-lost found by standalone | (prev: lost=146,130, diff=-139651)
  Step 1454: active=317,222 lost=6,484 (+5) | L0=97.2% L1=0.6% L2=0.3% miss=2.0% | sub-step misses: k1=6479 k2=6482 k3=6479 k4=6485 final=6484 | SA-L2: 0/5 newly-lost found by standalone | (prev: lost=146,243, diff=-139759)
  Step 1455: active=317,215 lost=6,491 (+7) | L0=97.2% L1=0.6% L2=0.3% miss=2.0% | sub-step misses: k1=6484 k2=6486 k3=6484 k4=6491 final=6491 | SA-L2: 0/7 newly-lost found by standalone | (prev: lost=146,375, diff=-139884)
  Step 1456: active=317,210 lost=6,496 (+5) | L0=97.2% L1=0.6% L2=0.3% miss=2.0% | sub-step misses: k1=6491 k2=6495 k3=6491 k4=6498 final=6496 | SA-L2: 0/5 newly-lost found by standalone | (prev: lost=146,505, diff=-140009)
  Step 1457: active=317,206 lost=6,500 (+4) | L0=97.2% L1=0.5% L2=0.3% miss=2.0% | sub-step misses: k1=6496 k2=6500 k3=6496 k4=6501 final=6500 | SA-L2: 0/4 newly-lost found by standalone | (prev: lost=146,605, diff=-140105)
  Step 1458: active=317,201 lost=6,505 (+5) | L0=97.2% L1=0.6% L2=0.3% miss=2.0% | sub-step misses: k1=6500 k2=6503 k3=6500 k4=6506 final=6505 | SA-L2: 0/5 newly-lost found by standalone | (prev: lost=146,681, diff=-140176)
  Step 1459: active=317,196 lost=6,510 (+5) | L0=97.2% L1=0.6% L2=0.3% miss=2.0% | sub-step misses: k1=6505 k2=6508 k3=6505 k4=6513 final=6510 | SA-L2: 0/5 newly-lost found by standalone | (prev: lost=146,806, diff=-140296)
  Step 1460: active=317,190 lost=6,516 (+6) | L0=97.2% L1=0.6% L2=0.3% miss=2.0% | sub-step misses: k1=6510 k2=6514 k3=6510 k4=6516 final=6516 | SA-L2: 0/6 newly-lost found by standalone | (prev: lost=146,914, diff=-140398)
  Step 1461: active=317,185 lost=6,521 (+5) | L0=97.2% L1=0.6% L2=0.3% miss=2.0% | sub-step misses: k1=6516 k2=6520 k3=6516 k4=6521 final=6521 | SA-L2: 0/5 newly-lost found by standalone | (prev: lost=147,046, diff=-140525)
  Step 1462: active=317,182 lost=6,524 (+3) | L0=97.2% L1=0.6% L2=0.3% miss=2.0% | sub-step misses: k1=6521 k2=6524 k3=6521 k4=6525 final=6524 | SA-L2: 0/3 newly-lost found by standalone | (prev: lost=147,170, diff=-140646)
  Step 1463: active=317,179 lost=6,527 (+3) | L0=97.2% L1=0.6% L2=0.3% miss=2.0% | sub-step misses: k1=6524 k2=6526 k3=6524 k4=6528 final=6527 | SA-L2: 0/3 newly-lost found by standalone | (prev: lost=147,278, diff=-140751)
  Step 1464: active=317,175 lost=6,531 (+4) | L0=97.1% L1=0.6% L2=0.3% miss=2.0% | sub-step misses: k1=6527 k2=6529 k3=6527 k4=6532 final=6531 | SA-L2: 0/4 newly-lost found by standalone | (prev: lost=147,396, diff=-140865)
  Step 1465: active=317,171 lost=6,535 (+4) | L0=97.2% L1=0.6% L2=0.3% miss=2.0% | sub-step misses: k1=6531 k2=6534 k3=6531 k4=6538 final=6535 | SA-L2: 0/4 newly-lost found by standalone | (prev: lost=147,518, diff=-140983)
  Step 1466: active=317,166 lost=6,540 (+5) | L0=97.2% L1=0.5% L2=0.3% miss=2.0% | sub-step misses: k1=6535 k2=6540 k3=6535 k4=6541 final=6540 | SA-L2: 0/5 newly-lost found by standalone | (prev: lost=147,635, diff=-141095)
  Step 1467: active=317,158 lost=6,548 (+8) | L0=97.1% L1=0.5% L2=0.3% miss=2.0% | sub-step misses: k1=6540 k2=6544 k3=6540 k4=6548 final=6548 | SA-L2: 0/8 newly-lost found by standalone | (prev: lost=147,717, diff=-141169)
  Step 1468: active=317,151 lost=6,555 (+7) | L0=97.2% L1=0.5% L2=0.3% miss=2.0% | sub-step misses: k1=6548 k2=6552 k3=6548 k4=6556 final=6555 | SA-L2: 0/7 newly-lost found by standalone | (prev: lost=147,836, diff=-141281)
  Step 1469: active=317,142 lost=6,564 (+9) | L0=97.1% L1=0.5% L2=0.3% miss=2.0% | sub-step misses: k1=6555 k2=6559 k3=6555 k4=6565 final=6564 | SA-L2: 0/9 newly-lost found by standalone | (prev: lost=147,952, diff=-141388)
  Step 1470: active=317,135 lost=6,571 (+7) | L0=97.1% L1=0.5% L2=0.3% miss=2.0% | sub-step misses: k1=6564 k2=6567 k3=6564 k4=6572 final=6571 | SA-L2: 0/7 newly-lost found by standalone | (prev: lost=148,074, diff=-141503)
  Step 1471: active=317,130 lost=6,576 (+5) | L0=97.1% L1=0.6% L2=0.3% miss=2.0% | sub-step misses: k1=6571 k2=6575 k3=6571 k4=6576 final=6576 | SA-L2: 0/5 newly-lost found by standalone | (prev: lost=148,184, diff=-141608)
  Step 1472: active=317,129 lost=6,577 (+1) | L0=97.1% L1=0.6% L2=0.3% miss=2.0% | sub-step misses: k1=6576 k2=6577 k3=6576 k4=6577 final=6577 | SA-L2: 0/1 newly-lost found by standalone | (prev: lost=148,304, diff=-141727)
  Step 1473: active=317,126 lost=6,580 (+3) | L0=97.1% L1=0.5% L2=0.3% miss=2.0% | sub-step misses: k1=6577 k2=6580 k3=6577 k4=6580 final=6580 | SA-L2: 0/3 newly-lost found by standalone | (prev: lost=148,418, diff=-141838)
  Step 1474: active=317,124 lost=6,582 (+2) | L0=97.1% L1=0.6% L2=0.3% miss=2.0% | sub-step misses: k1=6580 k2=6581 k3=6580 k4=6583 final=6582 | SA-L2: 0/2 newly-lost found by standalone | (prev: lost=148,514, diff=-141932)
  Step 1475: active=317,119 lost=6,587 (+5) | L0=97.1% L1=0.5% L2=0.3% miss=2.0% | sub-step misses: k1=6582 k2=6586 k3=6582 k4=6589 final=6587 | SA-L2: 0/5 newly-lost found by standalone | (prev: lost=148,622, diff=-142035)
  Step 1476: active=317,112 lost=6,594 (+7) | L0=97.1% L1=0.5% L2=0.3% miss=2.0% | sub-step misses: k1=6587 k2=6591 k3=6587 k4=6594 final=6594 | SA-L2: 0/7 newly-lost found by standalone | (prev: lost=148,729, diff=-142135)
  Step 1477: active=317,109 lost=6,597 (+3) | L0=97.1% L1=0.6% L2=0.3% miss=2.0% | sub-step misses: k1=6594 k2=6594 k3=6594 k4=6598 final=6597 | SA-L2: 0/3 newly-lost found by standalone | (prev: lost=148,845, diff=-142248)
  Step 1478: active=317,102 lost=6,604 (+7) | L0=97.1% L1=0.5% L2=0.3% miss=2.0% | sub-step misses: k1=6597 k2=6601 k3=6597 k4=6605 final=6604 | SA-L2: 0/7 newly-lost found by standalone | (prev: lost=148,957, diff=-142353)
  Step 1479: active=317,096 lost=6,610 (+6) | L0=97.1% L1=0.5% L2=0.3% miss=2.0% | sub-step misses: k1=6604 k2=6609 k3=6604 k4=6612 final=6610 | SA-L2: 0/6 newly-lost found by standalone | (prev: lost=149,066, diff=-142456)
  Step 1480: active=317,089 lost=6,617 (+7) | L0=97.1% L1=0.6% L2=0.3% miss=2.0% | sub-step misses: k1=6610 k2=6616 k3=6610 k4=6617 final=6617 | SA-L2: 0/7 newly-lost found by standalone | (prev: lost=149,172, diff=-142555)
  Step 1481: active=317,087 lost=6,619 (+2) | L0=97.1% L1=0.6% L2=0.3% miss=2.0% | sub-step misses: k1=6617 k2=6619 k3=6617 k4=6619 final=6619 | SA-L2: 0/2 newly-lost found by standalone | (prev: lost=149,280, diff=-142661)
  Step 1482: active=317,085 lost=6,621 (+2) | L0=97.1% L1=0.6% L2=0.3% miss=2.0% | sub-step misses: k1=6619 k2=6620 k3=6619 k4=6621 final=6621 | SA-L2: 0/2 newly-lost found by standalone | (prev: lost=149,396, diff=-142775)
  Step 1483: active=317,083 lost=6,623 (+2) | L0=97.1% L1=0.5% L2=0.3% miss=2.0% | sub-step misses: k1=6621 k2=6622 k3=6621 k4=6624 final=6623 | SA-L2: 0/2 newly-lost found by standalone | (prev: lost=149,492, diff=-142869)
  Step 1484: active=317,077 lost=6,629 (+6) | L0=97.1% L1=0.5% L2=0.3% miss=2.0% | sub-step misses: k1=6623 k2=6627 k3=6623 k4=6630 final=6629 | SA-L2: 0/6 newly-lost found by standalone | (prev: lost=149,582, diff=-142953)
  Step 1485: active=317,068 lost=6,638 (+9) | L0=97.1% L1=0.6% L2=0.3% miss=2.0% | sub-step misses: k1=6629 k2=6637 k3=6629 k4=6638 final=6638 | SA-L2: 0/9 newly-lost found by standalone | (prev: lost=149,674, diff=-143036)
  Step 1486: active=317,061 lost=6,645 (+7) | L0=97.1% L1=0.5% L2=0.3% miss=2.1% | sub-step misses: k1=6638 k2=6643 k3=6638 k4=6648 final=6645 | SA-L2: 0/7 newly-lost found by standalone | (prev: lost=149,787, diff=-143142)
  Step 1487: active=317,054 lost=6,652 (+7) | L0=97.1% L1=0.6% L2=0.3% miss=2.1% | sub-step misses: k1=6645 k2=6650 k3=6645 k4=6654 final=6652 | SA-L2: 0/7 newly-lost found by standalone | (prev: lost=149,912, diff=-143260)
  Step 1488: active=317,045 lost=6,661 (+9) | L0=97.1% L1=0.5% L2=0.3% miss=2.1% | sub-step misses: k1=6652 k2=6659 k3=6652 k4=6663 final=6661 | SA-L2: 0/9 newly-lost found by standalone | (prev: lost=150,023, diff=-143362)
  Step 1489: active=317,040 lost=6,666 (+5) | L0=97.1% L1=0.5% L2=0.3% miss=2.1% | sub-step misses: k1=6661 k2=6665 k3=6661 k4=6669 final=6666 | SA-L2: 0/5 newly-lost found by standalone | (prev: lost=150,133, diff=-143467)
  Step 1490: active=317,034 lost=6,672 (+6) | L0=97.1% L1=0.5% L2=0.3% miss=2.1% | sub-step misses: k1=6666 k2=6671 k3=6666 k4=6673 final=6672 | SA-L2: 0/6 newly-lost found by standalone | (prev: lost=150,229, diff=-143557)
  Step 1491: active=317,030 lost=6,676 (+4) | L0=97.1% L1=0.5% L2=0.3% miss=2.1% | sub-step misses: k1=6672 k2=6674 k3=6672 k4=6679 final=6676 | SA-L2: 0/4 newly-lost found by standalone | (prev: lost=150,336, diff=-143660)
  Step 1492: active=317,022 lost=6,684 (+8) | L0=97.1% L1=0.5% L2=0.3% miss=2.1% | sub-step misses: k1=6676 k2=6682 k3=6676 k4=6684 final=6684 | SA-L2: 0/8 newly-lost found by standalone | (prev: lost=150,421, diff=-143737)
  Step 1493: active=317,020 lost=6,686 (+2) | L0=97.1% L1=0.5% L2=0.3% miss=2.1% | sub-step misses: k1=6684 k2=6685 k3=6684 k4=6688 final=6686 | SA-L2: 0/2 newly-lost found by standalone | (prev: lost=150,533, diff=-143847)
  Step 1494: active=317,014 lost=6,692 (+6) | L0=97.1% L1=0.5% L2=0.3% miss=2.1% | sub-step misses: k1=6686 k2=6690 k3=6686 k4=6693 final=6692 | SA-L2: 0/6 newly-lost found by standalone | (prev: lost=150,626, diff=-143934)
  Step 1495: active=317,007 lost=6,699 (+7) | L0=97.1% L1=0.5% L2=0.3% miss=2.1% | sub-step misses: k1=6692 k2=6698 k3=6692 k4=6699 final=6699 | SA-L2: 0/7 newly-lost found by standalone | (prev: lost=150,727, diff=-144028)
  Step 1496: active=317,000 lost=6,706 (+7) | L0=97.1% L1=0.5% L2=0.3% miss=2.1% | sub-step misses: k1=6699 k2=6704 k3=6699 k4=6710 final=6706 | SA-L2: 0/7 newly-lost found by standalone | (prev: lost=150,871, diff=-144165)
  Step 1497: active=316,987 lost=6,719 (+13) | L0=97.1% L1=0.5% L2=0.3% miss=2.1% | sub-step misses: k1=6706 k2=6716 k3=6706 k4=6719 final=6719 | SA-L2: 0/13 newly-lost found by standalone | (prev: lost=150,987, diff=-144268)
  Step 1498: active=316,984 lost=6,722 (+3) | L0=97.1% L1=0.5% L2=0.3% miss=2.1% | sub-step misses: k1=6719 k2=6722 k3=6719 k4=6722 final=6722 | SA-L2: 0/3 newly-lost found by standalone | (prev: lost=151,084, diff=-144362)
  Step 1499: active=316,980 lost=6,726 (+4) | L0=97.1% L1=0.5% L2=0.3% miss=2.1% | sub-step misses: k1=6722 k2=6726 k3=6722 k4=6726 final=6726 | SA-L2: 0/4 newly-lost found by standalone | (prev: lost=151,181, diff=-144455)
  Step 1500: active=316,974 lost=6,732 (+6) | L0=97.1% L1=0.5% L2=0.3% miss=2.1% | sub-step misses: k1=6726 k2=6731 k3=6726 k4=6733 final=6732 | SA-L2: 0/6 newly-lost found by standalone | (prev: lost=151,280, diff=-144548)
  Step 1501: active=316,967 lost=6,739 (+7) | L0=97.1% L1=0.5% L2=0.3% miss=2.1% | sub-step misses: k1=6732 k2=6737 k3=6732 k4=6741 final=6739 | SA-L2: 0/7 newly-lost found by standalone | (prev: lost=151,366, diff=-144627)
  Step 1502: active=316,961 lost=6,745 (+6) | L0=97.1% L1=0.5% L2=0.3% miss=2.1% | sub-step misses: k1=6739 k2=6744 k3=6739 k4=6747 final=6745 | SA-L2: 0/6 newly-lost found by standalone | (prev: lost=151,471, diff=-144726)
  Step 1503: active=316,955 lost=6,751 (+6) | L0=97.1% L1=0.5% L2=0.3% miss=2.1% | sub-step misses: k1=6745 k2=6751 k3=6745 k4=6751 final=6751 | SA-L2: 0/6 newly-lost found by standalone | (prev: lost=151,556, diff=-144805)
  Step 1504: active=316,952 lost=6,754 (+3) | L0=97.1% L1=0.5% L2=0.3% miss=2.1% | sub-step misses: k1=6751 k2=6753 k3=6751 k4=6755 final=6754 | SA-L2: 0/3 newly-lost found by standalone | (prev: lost=151,671, diff=-144917)
  Step 1505: active=316,943 lost=6,763 (+9) | L0=97.1% L1=0.5% L2=0.3% miss=2.1% | sub-step misses: k1=6754 k2=6760 k3=6754 k4=6763 final=6763 | SA-L2: 0/9 newly-lost found by standalone | (prev: lost=151,784, diff=-145021)
  Step 1506: active=316,934 lost=6,772 (+9) | L0=97.1% L1=0.5% L2=0.3% miss=2.1% | sub-step misses: k1=6763 k2=6772 k3=6763 k4=6773 final=6772 | SA-L2: 0/9 newly-lost found by standalone | (prev: lost=151,921, diff=-145149)
  Step 1507: active=316,925 lost=6,781 (+9) | L0=97.1% L1=0.5% L2=0.3% miss=2.1% | sub-step misses: k1=6772 k2=6777 k3=6772 k4=6782 final=6781 | SA-L2: 0/9 newly-lost found by standalone | (prev: lost=152,019, diff=-145238)
  Step 1508: active=316,921 lost=6,785 (+4) | L0=97.1% L1=0.5% L2=0.3% miss=2.1% | sub-step misses: k1=6781 k2=6782 k3=6781 k4=6785 final=6785 | SA-L2: 0/4 newly-lost found by standalone | (prev: lost=152,111, diff=-145326)
  Step 1509: active=316,916 lost=6,790 (+5) | L0=97.1% L1=0.5% L2=0.3% miss=2.1% | sub-step misses: k1=6785 k2=6789 k3=6785 k4=6791 final=6790 | SA-L2: 0/5 newly-lost found by standalone | (prev: lost=152,206, diff=-145416)
  Step 1510: active=316,909 lost=6,797 (+7) | L0=97.1% L1=0.5% L2=0.3% miss=2.1% | sub-step misses: k1=6790 k2=6794 k3=6790 k4=6799 final=6797 | SA-L2: 0/7 newly-lost found by standalone | (prev: lost=152,294, diff=-145497)
  Step 1511: active=316,896 lost=6,810 (+13) | L0=97.1% L1=0.5% L2=0.3% miss=2.1% | sub-step misses: k1=6797 k2=6804 k3=6797 k4=6812 final=6810 | SA-L2: 0/13 newly-lost found by standalone | (prev: lost=152,386, diff=-145576)
  Step 1512: active=316,891 lost=6,815 (+5) | L0=97.1% L1=0.5% L2=0.3% miss=2.1% | sub-step misses: k1=6810 k2=6815 k3=6810 k4=6815 final=6815 | SA-L2: 0/5 newly-lost found by standalone | (prev: lost=152,487, diff=-145672)
  Step 1513: active=316,888 lost=6,818 (+3) | L0=97.1% L1=0.5% L2=0.3% miss=2.1% | sub-step misses: k1=6815 k2=6816 k3=6815 k4=6818 final=6818 | SA-L2: 0/3 newly-lost found by standalone | (prev: lost=152,589, diff=-145771)
  Step 1514: active=316,884 lost=6,822 (+4) | L0=97.1% L1=0.5% L2=0.3% miss=2.1% | sub-step misses: k1=6818 k2=6820 k3=6818 k4=6826 final=6822 | SA-L2: 0/4 newly-lost found by standalone | (prev: lost=152,709, diff=-145887)
  Step 1515: active=316,871 lost=6,835 (+13) | L0=97.1% L1=0.5% L2=0.3% miss=2.1% | sub-step misses: k1=6822 k2=6830 k3=6822 k4=6837 final=6835 | SA-L2: 0/13 newly-lost found by standalone | (prev: lost=152,827, diff=-145992)
  Step 1516: active=316,862 lost=6,844 (+9) | L0=97.1% L1=0.5% L2=0.3% miss=2.1% | sub-step misses: k1=6835 k2=6842 k3=6835 k4=6849 final=6844 | SA-L2: 0/9 newly-lost found by standalone | (prev: lost=152,947, diff=-146103)
  Step 1517: active=316,854 lost=6,852 (+8) | L0=97.1% L1=0.5% L2=0.3% miss=2.1% | sub-step misses: k1=6844 k2=6850 k3=6844 k4=6855 final=6852 | SA-L2: 0/8 newly-lost found by standalone | (prev: lost=153,046, diff=-146194)
  Step 1518: active=316,849 lost=6,857 (+5) | L0=97.1% L1=0.5% L2=0.3% miss=2.1% | sub-step misses: k1=6852 k2=6856 k3=6852 k4=6859 final=6857 | SA-L2: 0/5 newly-lost found by standalone | (prev: lost=153,135, diff=-146278)
  Step 1519: active=316,840 lost=6,866 (+9) | L0=97.1% L1=0.5% L2=0.3% miss=2.1% | sub-step misses: k1=6857 k2=6864 k3=6857 k4=6869 final=6866 | SA-L2: 0/9 newly-lost found by standalone | (prev: lost=153,219, diff=-146353)
  Step 1520: active=316,832 lost=6,874 (+8) | L0=97.1% L1=0.5% L2=0.3% miss=2.1% | sub-step misses: k1=6866 k2=6872 k3=6866 k4=6875 final=6874 | SA-L2: 0/8 newly-lost found by standalone | (prev: lost=153,304, diff=-146430)
  Step 1521: active=316,825 lost=6,881 (+7) | L0=97.1% L1=0.5% L2=0.3% miss=2.1% | sub-step misses: k1=6874 k2=6876 k3=6874 k4=6884 final=6881 | SA-L2: 0/7 newly-lost found by standalone | (prev: lost=153,400, diff=-146519)
  Step 1522: active=316,812 lost=6,894 (+13) | L0=97.1% L1=0.5% L2=0.3% miss=2.1% | sub-step misses: k1=6881 k2=6892 k3=6881 k4=6894 final=6894 | SA-L2: 0/13 newly-lost found by standalone | (prev: lost=153,515, diff=-146621)
  Step 1523: active=316,804 lost=6,902 (+8) | L0=97.1% L1=0.5% L2=0.3% miss=2.1% | sub-step misses: k1=6894 k2=6896 k3=6894 k4=6905 final=6902 | SA-L2: 0/8 newly-lost found by standalone | (prev: lost=153,618, diff=-146716)
  Step 1524: active=316,798 lost=6,908 (+6) | L0=97.1% L1=0.5% L2=0.3% miss=2.1% | sub-step misses: k1=6902 k2=6906 k3=6902 k4=6908 final=6908 | SA-L2: 0/6 newly-lost found by standalone | (prev: lost=153,720, diff=-146812)
  Step 1525: active=316,793 lost=6,913 (+5) | L0=97.1% L1=0.5% L2=0.3% miss=2.1% | sub-step misses: k1=6908 k2=6911 k3=6908 k4=6913 final=6913 | SA-L2: 0/5 newly-lost found by standalone | (prev: lost=153,837, diff=-146924)
  Step 1526: active=316,786 lost=6,920 (+7) | L0=97.1% L1=0.5% L2=0.3% miss=2.1% | sub-step misses: k1=6913 k2=6919 k3=6913 k4=6921 final=6920 | SA-L2: 0/7 newly-lost found by standalone | (prev: lost=153,945, diff=-147025)
  Step 1527: active=316,778 lost=6,928 (+8) | L0=97.1% L1=0.5% L2=0.3% miss=2.1% | sub-step misses: k1=6920 k2=6927 k3=6920 k4=6930 final=6928 | SA-L2: 0/8 newly-lost found by standalone | (prev: lost=154,044, diff=-147116)
  Step 1528: active=316,771 lost=6,935 (+7) | L0=97.1% L1=0.5% L2=0.3% miss=2.1% | sub-step misses: k1=6928 k2=6935 k3=6928 k4=6936 final=6935 | SA-L2: 0/7 newly-lost found by standalone | (prev: lost=154,123, diff=-147188)
  Step 1529: active=316,762 lost=6,944 (+9) | L0=97.1% L1=0.5% L2=0.3% miss=2.1% | sub-step misses: k1=6935 k2=6942 k3=6935 k4=6945 final=6944 | SA-L2: 0/9 newly-lost found by standalone | (prev: lost=154,193, diff=-147249)
  Step 1530: active=316,749 lost=6,957 (+13) | L0=97.1% L1=0.5% L2=0.3% miss=2.1% | sub-step misses: k1=6944 k2=6952 k3=6944 k4=6958 final=6957 | SA-L2: 0/13 newly-lost found by standalone | (prev: lost=154,298, diff=-147341)
  Step 1531: active=316,742 lost=6,964 (+7) | L0=97.1% L1=0.5% L2=0.3% miss=2.2% | sub-step misses: k1=6957 k2=6961 k3=6957 k4=6964 final=6964 | SA-L2: 0/7 newly-lost found by standalone | (prev: lost=154,403, diff=-147439)
  Step 1532: active=316,736 lost=6,970 (+6) | L0=97.1% L1=0.5% L2=0.3% miss=2.2% | sub-step misses: k1=6964 k2=6968 k3=6964 k4=6973 final=6970 | SA-L2: 0/6 newly-lost found by standalone | (prev: lost=154,519, diff=-147549)
  Step 1533: active=316,727 lost=6,979 (+9) | L0=97.1% L1=0.5% L2=0.3% miss=2.2% | sub-step misses: k1=6970 k2=6975 k3=6970 k4=6980 final=6979 | SA-L2: 0/9 newly-lost found by standalone | (prev: lost=154,615, diff=-147636)
  Step 1534: active=316,715 lost=6,991 (+12) | L0=97.1% L1=0.5% L2=0.3% miss=2.2% | sub-step misses: k1=6979 k2=6986 k3=6979 k4=6992 final=6991 | SA-L2: 0/12 newly-lost found by standalone | (prev: lost=154,711, diff=-147720)
  Step 1535: active=316,705 lost=7,001 (+10) | L0=97.1% L1=0.5% L2=0.3% miss=2.2% | sub-step misses: k1=6991 k2=6995 k3=6991 k4=7001 final=7001 | SA-L2: 0/10 newly-lost found by standalone | (prev: lost=154,827, diff=-147826)
  Step 1536: active=316,696 lost=7,010 (+9) | L0=97.1% L1=0.5% L2=0.3% miss=2.2% | sub-step misses: k1=7001 k2=7007 k3=7001 k4=7012 final=7010 | SA-L2: 0/9 newly-lost found by standalone | (prev: lost=154,919, diff=-147909)
  Step 1537: active=316,687 lost=7,019 (+9) | L0=97.1% L1=0.5% L2=0.3% miss=2.2% | sub-step misses: k1=7010 k2=7016 k3=7010 k4=7019 final=7019 | SA-L2: 0/9 newly-lost found by standalone | (prev: lost=155,022, diff=-148003)
  Step 1538: active=316,670 lost=7,036 (+17) | L0=97.1% L1=0.5% L2=0.3% miss=2.2% | sub-step misses: k1=7019 k2=7030 k3=7019 k4=7039 final=7036 | SA-L2: 0/17 newly-lost found by standalone | (prev: lost=155,099, diff=-148063)
  Step 1539: active=316,656 lost=7,050 (+14) | L0=97.1% L1=0.5% L2=0.3% miss=2.2% | sub-step misses: k1=7036 k2=7047 k3=7036 k4=7053 final=7050 | SA-L2: 0/14 newly-lost found by standalone | (prev: lost=155,188, diff=-148138)
  Step 1540: active=316,646 lost=7,060 (+10) | L0=97.1% L1=0.5% L2=0.3% miss=2.2% | sub-step misses: k1=7050 k2=7057 k3=7050 k4=7061 final=7060 | SA-L2: 0/10 newly-lost found by standalone | (prev: lost=155,302, diff=-148242)
  Step 1541: active=316,640 lost=7,066 (+6) | L0=97.0% L1=0.5% L2=0.3% miss=2.2% | sub-step misses: k1=7060 k2=7065 k3=7060 k4=7068 final=7066 | SA-L2: 0/6 newly-lost found by standalone | (prev: lost=155,408, diff=-148342)
  Step 1542: active=316,631 lost=7,075 (+9) | L0=97.1% L1=0.5% L2=0.3% miss=2.2% | sub-step misses: k1=7066 k2=7074 k3=7066 k4=7076 final=7075 | SA-L2: 0/9 newly-lost found by standalone | (prev: lost=155,505, diff=-148430)
  Step 1543: active=316,616 lost=7,090 (+15) | L0=97.0% L1=0.5% L2=0.3% miss=2.2% | sub-step misses: k1=7075 k2=7085 k3=7075 k4=7092 final=7090 | SA-L2: 0/15 newly-lost found by standalone | (prev: lost=155,603, diff=-148513)
  Step 1544: active=316,601 lost=7,105 (+15) | L0=97.0% L1=0.5% L2=0.3% miss=2.2% | sub-step misses: k1=7090 k2=7102 k3=7090 k4=7105 final=7105 | SA-L2: 0/15 newly-lost found by standalone | (prev: lost=155,700, diff=-148595)
  Step 1545: active=316,592 lost=7,114 (+9) | L0=97.0% L1=0.5% L2=0.3% miss=2.2% | sub-step misses: k1=7105 k2=7107 k3=7105 k4=7116 final=7114 | SA-L2: 0/9 newly-lost found by standalone | (prev: lost=155,795, diff=-148681)
  Step 1546: active=316,587 lost=7,119 (+5) | L0=97.0% L1=0.5% L2=0.3% miss=2.2% | sub-step misses: k1=7114 k2=7119 k3=7114 k4=7121 final=7119 | SA-L2: 0/5 newly-lost found by standalone | (prev: lost=155,909, diff=-148790)
  Step 1547: active=316,573 lost=7,133 (+14) | L0=97.0% L1=0.5% L2=0.3% miss=2.2% | sub-step misses: k1=7119 k2=7126 k3=7119 k4=7133 final=7133 | SA-L2: 0/14 newly-lost found by standalone | (prev: lost=155,989, diff=-148856)
  Step 1548: active=316,563 lost=7,143 (+10) | L0=97.0% L1=0.5% L2=0.3% miss=2.2% | sub-step misses: k1=7133 k2=7139 k3=7133 k4=7146 final=7143 | SA-L2: 0/10 newly-lost found by standalone | (prev: lost=156,091, diff=-148948)
  Step 1549: active=316,553 lost=7,153 (+10) | L0=97.0% L1=0.5% L2=0.3% miss=2.2% | sub-step misses: k1=7143 k2=7150 k3=7143 k4=7156 final=7153 | SA-L2: 0/10 newly-lost found by standalone | (prev: lost=156,202, diff=-149049)
  Step 1550: active=316,540 lost=7,166 (+13) | L0=97.0% L1=0.5% L2=0.3% miss=2.2% | sub-step misses: k1=7153 k2=7163 k3=7153 k4=7166 final=7166 | SA-L2: 0/13 newly-lost found by standalone | (prev: lost=156,294, diff=-149128)
  Step 1551: active=316,526 lost=7,180 (+14) | L0=97.0% L1=0.5% L2=0.3% miss=2.2% | sub-step misses: k1=7166 k2=7175 k3=7166 k4=7183 final=7180 | SA-L2: 0/14 newly-lost found by standalone | (prev: lost=156,389, diff=-149209)
  Step 1552: active=316,515 lost=7,191 (+11) | L0=97.0% L1=0.5% L2=0.2% miss=2.2% | sub-step misses: k1=7180 k2=7188 k3=7180 k4=7191 final=7191 | SA-L2: 0/11 newly-lost found by standalone | (prev: lost=156,477, diff=-149286)
  Step 1553: active=316,509 lost=7,197 (+6) | L0=97.0% L1=0.5% L2=0.3% miss=2.2% | sub-step misses: k1=7191 k2=7194 k3=7191 k4=7202 final=7197 | SA-L2: 0/6 newly-lost found by standalone | (prev: lost=156,575, diff=-149378)
  Step 1554: active=316,492 lost=7,214 (+17) | L0=97.0% L1=0.5% L2=0.3% miss=2.2% | sub-step misses: k1=7197 k2=7210 k3=7197 k4=7216 final=7214 | SA-L2: 0/17 newly-lost found by standalone | (prev: lost=156,661, diff=-149447)
  Step 1555: active=316,481 lost=7,225 (+11) | L0=97.0% L1=0.5% L2=0.3% miss=2.2% | sub-step misses: k1=7214 k2=7220 k3=7214 k4=7228 final=7225 | SA-L2: 0/11 newly-lost found by standalone | (prev: lost=156,748, diff=-149523)
  Step 1556: active=316,470 lost=7,236 (+11) | L0=97.0% L1=0.5% L2=0.3% miss=2.2% | sub-step misses: k1=7225 k2=7234 k3=7225 k4=7240 final=7236 | SA-L2: 0/11 newly-lost found by standalone | (prev: lost=156,851, diff=-149615)
  Step 1557: active=316,455 lost=7,251 (+15) | L0=97.0% L1=0.5% L2=0.2% miss=2.2% | sub-step misses: k1=7236 k2=7246 k3=7236 k4=7252 final=7251 | SA-L2: 0/15 newly-lost found by standalone | (prev: lost=156,941, diff=-149690)
  Step 1558: active=316,445 lost=7,261 (+10) | L0=97.0% L1=0.5% L2=0.3% miss=2.2% | sub-step misses: k1=7251 k2=7260 k3=7251 k4=7262 final=7261 | SA-L2: 0/10 newly-lost found by standalone | (prev: lost=157,071, diff=-149810)
  Step 1559: active=316,430 lost=7,276 (+15) | L0=97.0% L1=0.5% L2=0.3% miss=2.2% | sub-step misses: k1=7261 k2=7268 k3=7261 k4=7279 final=7276 | SA-L2: 0/15 newly-lost found by standalone | (prev: lost=157,163, diff=-149887)
  Step 1560: active=316,417 lost=7,289 (+13) | L0=97.0% L1=0.5% L2=0.2% miss=2.3% | sub-step misses: k1=7276 k2=7285 k3=7276 k4=7291 final=7289 | SA-L2: 0/13 newly-lost found by standalone | (prev: lost=157,245, diff=-149956)
  Step 1561: active=316,404 lost=7,302 (+13) | L0=97.0% L1=0.5% L2=0.3% miss=2.3% | sub-step misses: k1=7289 k2=7300 k3=7289 k4=7302 final=7302 | SA-L2: 0/13 newly-lost found by standalone | (prev: lost=157,331, diff=-150029)
  Step 1562: active=316,393 lost=7,313 (+11) | L0=97.0% L1=0.5% L2=0.3% miss=2.3% | sub-step misses: k1=7302 k2=7308 k3=7302 k4=7315 final=7313 | SA-L2: 0/11 newly-lost found by standalone | (prev: lost=157,411, diff=-150098)
  Step 1563: active=316,381 lost=7,325 (+12) | L0=97.0% L1=0.5% L2=0.3% miss=2.3% | sub-step misses: k1=7313 k2=7321 k3=7313 k4=7327 final=7325 | SA-L2: 0/12 newly-lost found by standalone | (prev: lost=157,510, diff=-150185)
  Step 1564: active=316,367 lost=7,339 (+14) | L0=97.0% L1=0.5% L2=0.3% miss=2.3% | sub-step misses: k1=7325 k2=7330 k3=7325 k4=7340 final=7339 | SA-L2: 0/14 newly-lost found by standalone | (prev: lost=157,594, diff=-150255)
  Step 1565: active=316,355 lost=7,351 (+12) | L0=97.0% L1=0.5% L2=0.3% miss=2.3% | sub-step misses: k1=7339 k2=7348 k3=7339 k4=7351 final=7351 | SA-L2: 0/12 newly-lost found by standalone | (prev: lost=157,684, diff=-150333)
  Step 1566: active=316,345 lost=7,361 (+10) | L0=97.0% L1=0.5% L2=0.3% miss=2.3% | sub-step misses: k1=7351 k2=7359 k3=7351 k4=7366 final=7361 | SA-L2: 0/10 newly-lost found by standalone | (prev: lost=157,789, diff=-150428)
  Step 1567: active=316,332 lost=7,374 (+13) | L0=97.0% L1=0.5% L2=0.3% miss=2.3% | sub-step misses: k1=7361 k2=7368 k3=7361 k4=7379 final=7374 | SA-L2: 0/13 newly-lost found by standalone | (prev: lost=157,917, diff=-150543)
  Step 1568: active=316,322 lost=7,384 (+10) | L0=97.0% L1=0.5% L2=0.3% miss=2.3% | sub-step misses: k1=7374 k2=7383 k3=7374 k4=7388 final=7384 | SA-L2: 0/10 newly-lost found by standalone | (prev: lost=158,019, diff=-150635)
  Step 1569: active=316,306 lost=7,400 (+16) | L0=97.0% L1=0.5% L2=0.3% miss=2.3% | sub-step misses: k1=7384 k2=7396 k3=7384 k4=7400 final=7400 | SA-L2: 0/16 newly-lost found by standalone | (prev: lost=158,097, diff=-150697)
  Step 1570: active=316,298 lost=7,408 (+8) | L0=97.0% L1=0.5% L2=0.3% miss=2.3% | sub-step misses: k1=7400 k2=7404 k3=7400 k4=7408 final=7408 | SA-L2: 0/8 newly-lost found by standalone | (prev: lost=158,178, diff=-150770)
  Step 1571: active=316,291 lost=7,415 (+7) | L0=97.0% L1=0.5% L2=0.3% miss=2.3% | sub-step misses: k1=7408 k2=7412 k3=7408 k4=7416 final=7415 | SA-L2: 0/7 newly-lost found by standalone | (prev: lost=158,256, diff=-150841)
  Step 1572: active=316,277 lost=7,429 (+14) | L0=97.0% L1=0.5% L2=0.3% miss=2.3% | sub-step misses: k1=7415 k2=7423 k3=7415 k4=7429 final=7429 | SA-L2: 0/14 newly-lost found by standalone | (prev: lost=158,328, diff=-150899)
  Step 1573: active=316,267 lost=7,439 (+10) | L0=97.0% L1=0.5% L2=0.2% miss=2.3% | sub-step misses: k1=7429 k2=7436 k3=7429 k4=7441 final=7439 | SA-L2: 0/10 newly-lost found by standalone | (prev: lost=158,419, diff=-150980)
  Step 1574: active=316,252 lost=7,454 (+15) | L0=97.0% L1=0.5% L2=0.3% miss=2.3% | sub-step misses: k1=7439 k2=7446 k3=7439 k4=7458 final=7454 | SA-L2: 0/15 newly-lost found by standalone | (prev: lost=158,517, diff=-151063)
  Step 1575: active=316,238 lost=7,468 (+14) | L0=97.0% L1=0.5% L2=0.3% miss=2.3% | sub-step misses: k1=7454 k2=7465 k3=7454 k4=7470 final=7468 | SA-L2: 0/14 newly-lost found by standalone | (prev: lost=158,599, diff=-151131)
  Step 1576: active=316,226 lost=7,480 (+12) | L0=97.0% L1=0.5% L2=0.3% miss=2.3% | sub-step misses: k1=7468 k2=7476 k3=7468 k4=7481 final=7480 | SA-L2: 0/12 newly-lost found by standalone | (prev: lost=158,745, diff=-151265)
  Step 1577: active=316,219 lost=7,487 (+7) | L0=96.9% L1=0.5% L2=0.3% miss=2.3% | sub-step misses: k1=7480 k2=7484 k3=7480 k4=7491 final=7487 | SA-L2: 0/7 newly-lost found by standalone | (prev: lost=158,853, diff=-151366)
  Step 1578: active=316,207 lost=7,499 (+12) | L0=96.9% L1=0.5% L2=0.3% miss=2.3% | sub-step misses: k1=7487 k2=7494 k3=7487 k4=7501 final=7499 | SA-L2: 0/12 newly-lost found by standalone | (prev: lost=158,932, diff=-151433)
  Step 1579: active=316,196 lost=7,510 (+11) | L0=96.9% L1=0.5% L2=0.3% miss=2.3% | sub-step misses: k1=7499 k2=7507 k3=7499 k4=7514 final=7510 | SA-L2: 0/11 newly-lost found by standalone | (prev: lost=159,009, diff=-151499)
  Step 1580: active=316,185 lost=7,521 (+11) | L0=96.9% L1=0.5% L2=0.3% miss=2.3% | sub-step misses: k1=7510 k2=7520 k3=7510 k4=7524 final=7521 | SA-L2: 0/11 newly-lost found by standalone | (prev: lost=159,076, diff=-151555)
  Step 1581: active=316,177 lost=7,529 (+8) | L0=96.9% L1=0.5% L2=0.3% miss=2.3% | sub-step misses: k1=7521 k2=7527 k3=7521 k4=7530 final=7529 | SA-L2: 0/8 newly-lost found by standalone | (prev: lost=159,163, diff=-151634)
  Step 1582: active=316,161 lost=7,545 (+16) | L0=96.9% L1=0.5% L2=0.3% miss=2.3% | sub-step misses: k1=7529 k2=7539 k3=7529 k4=7546 final=7545 | SA-L2: 0/16 newly-lost found by standalone | (prev: lost=159,239, diff=-151694)
  Step 1583: active=316,147 lost=7,559 (+14) | L0=96.9% L1=0.5% L2=0.3% miss=2.3% | sub-step misses: k1=7545 k2=7556 k3=7545 k4=7563 final=7559 | SA-L2: 0/14 newly-lost found by standalone | (prev: lost=159,321, diff=-151762)
  Step 1584: active=316,130 lost=7,576 (+17) | L0=96.9% L1=0.5% L2=0.3% miss=2.3% | sub-step misses: k1=7559 k2=7572 k3=7559 k4=7576 final=7576 | SA-L2: 0/17 newly-lost found by standalone | (prev: lost=159,419, diff=-151843)
  Step 1585: active=316,117 lost=7,589 (+13) | L0=96.9% L1=0.5% L2=0.3% miss=2.3% | sub-step misses: k1=7576 k2=7585 k3=7576 k4=7592 final=7589 | SA-L2: 0/13 newly-lost found by standalone | (prev: lost=159,525, diff=-151936)
  Step 1586: active=316,110 lost=7,596 (+7) | L0=96.9% L1=0.5% L2=0.3% miss=2.3% | sub-step misses: k1=7589 k2=7595 k3=7589 k4=7599 final=7596 | SA-L2: 0/7 newly-lost found by standalone | (prev: lost=159,655, diff=-152059)
  Step 1587: active=316,100 lost=7,606 (+10) | L0=96.9% L1=0.5% L2=0.3% miss=2.3% | sub-step misses: k1=7596 k2=7603 k3=7596 k4=7609 final=7606 | SA-L2: 0/10 newly-lost found by standalone | (prev: lost=159,752, diff=-152146)
  Step 1588: active=316,083 lost=7,623 (+17) | L0=96.9% L1=0.5% L2=0.3% miss=2.4% | sub-step misses: k1=7606 k2=7618 k3=7606 k4=7624 final=7623 | SA-L2: 0/17 newly-lost found by standalone | (prev: lost=159,829, diff=-152206)
  Step 1589: active=316,072 lost=7,634 (+11) | L0=96.9% L1=0.5% L2=0.2% miss=2.4% | sub-step misses: k1=7623 k2=7631 k3=7623 k4=7634 final=7634 | SA-L2: 0/11 newly-lost found by standalone | (prev: lost=159,900, diff=-152266)
  Step 1590: active=316,062 lost=7,644 (+10) | L0=96.9% L1=0.5% L2=0.2% miss=2.4% | sub-step misses: k1=7634 k2=7640 k3=7634 k4=7644 final=7644 | SA-L2: 0/10 newly-lost found by standalone | (prev: lost=159,972, diff=-152328)
  Step 1591: active=316,046 lost=7,660 (+16) | L0=96.9% L1=0.5% L2=0.3% miss=2.4% | sub-step misses: k1=7644 k2=7653 k3=7645 k4=7665 final=7660 | SA-L2: 0/16 newly-lost found by standalone | (prev: lost=160,050, diff=-152390)
  Step 1592: active=316,028 lost=7,678 (+18) | L0=96.9% L1=0.5% L2=0.2% miss=2.4% | sub-step misses: k1=7660 k2=7673 k3=7660 k4=7679 final=7678 | SA-L2: 0/18 newly-lost found by standalone | (prev: lost=160,131, diff=-152453)
  Step 1593: active=316,015 lost=7,691 (+13) | L0=96.9% L1=0.5% L2=0.3% miss=2.4% | sub-step misses: k1=7678 k2=7686 k3=7678 k4=7696 final=7691 | SA-L2: 0/13 newly-lost found by standalone | (prev: lost=160,208, diff=-152517)
  Step 1594: active=316,001 lost=7,705 (+14) | L0=96.9% L1=0.5% L2=0.2% miss=2.4% | sub-step misses: k1=7691 k2=7700 k3=7691 k4=7707 final=7705 | SA-L2: 0/14 newly-lost found by standalone | (prev: lost=160,330, diff=-152625)
  Step 1595: active=315,993 lost=7,713 (+8) | L0=96.9% L1=0.5% L2=0.3% miss=2.4% | sub-step misses: k1=7705 k2=7710 k3=7705 k4=7715 final=7713 | SA-L2: 0/8 newly-lost found by standalone | (prev: lost=160,434, diff=-152721)
  Step 1596: active=315,986 lost=7,720 (+7) | L0=96.9% L1=0.5% L2=0.3% miss=2.4% | sub-step misses: k1=7713 k2=7719 k3=7713 k4=7723 final=7720 | SA-L2: 0/7 newly-lost found by standalone | (prev: lost=160,545, diff=-152825)
  Step 1597: active=315,968 lost=7,738 (+18) | L0=96.9% L1=0.5% L2=0.3% miss=2.4% | sub-step misses: k1=7720 k2=7733 k3=7720 k4=7743 final=7738 | SA-L2: 0/18 newly-lost found by standalone | (prev: lost=160,635, diff=-152897)
  Step 1598: active=315,952 lost=7,754 (+16) | L0=96.9% L1=0.5% L2=0.3% miss=2.4% | sub-step misses: k1=7738 k2=7750 k3=7738 k4=7756 final=7754 | SA-L2: 0/16 newly-lost found by standalone | (prev: lost=160,700, diff=-152946)
  Step 1599: active=315,934 lost=7,772 (+18) | L0=96.9% L1=0.5% L2=0.2% miss=2.4% | sub-step misses: k1=7754 k2=7766 k3=7754 k4=7777 final=7772 | SA-L2: 0/18 newly-lost found by standalone | (prev: lost=160,771, diff=-152999)
  Step 1600: active=315,918 lost=7,788 (+16) | L0=96.9% L1=0.5% L2=0.3% miss=2.4% | sub-step misses: k1=7772 k2=7786 k3=7772 k4=7791 final=7788 | SA-L2: 0/16 newly-lost found by standalone | (prev: lost=160,841, diff=-153053)
  Step 1601: active=315,905 lost=7,801 (+13) | L0=96.9% L1=0.5% L2=0.2% miss=2.4% | sub-step misses: k1=7788 k2=7795 k3=7788 k4=7801 final=7801 | SA-L2: 0/13 newly-lost found by standalone | (prev: lost=160,932, diff=-153131)
  Step 1602: active=315,892 lost=7,814 (+13) | L0=96.9% L1=0.5% L2=0.3% miss=2.4% | sub-step misses: k1=7801 k2=7805 k3=7801 k4=7817 final=7814 | SA-L2: 0/13 newly-lost found by standalone | (prev: lost=161,025, diff=-153211)
  Step 1603: active=315,882 lost=7,824 (+10) | L0=96.8% L1=0.5% L2=0.3% miss=2.4% | sub-step misses: k1=7814 k2=7822 k3=7814 k4=7829 final=7824 | SA-L2: 0/10 newly-lost found by standalone | (prev: lost=161,116, diff=-153292)
  Step 1604: active=315,869 lost=7,837 (+13) | L0=96.8% L1=0.5% L2=0.3% miss=2.4% | sub-step misses: k1=7824 k2=7832 k3=7824 k4=7839 final=7837 | SA-L2: 0/13 newly-lost found by standalone | (prev: lost=161,221, diff=-153384)
  Step 1605: active=315,857 lost=7,849 (+12) | L0=96.8% L1=0.5% L2=0.3% miss=2.4% | sub-step misses: k1=7837 k2=7843 k3=7837 k4=7852 final=7849 | SA-L2: 0/12 newly-lost found by standalone | (prev: lost=161,314, diff=-153465)
  Step 1606: active=315,840 lost=7,866 (+17) | L0=96.9% L1=0.5% L2=0.3% miss=2.4% | sub-step misses: k1=7849 k2=7858 k3=7849 k4=7868 final=7866 | SA-L2: 0/17 newly-lost found by standalone | (prev: lost=161,411, diff=-153545)
  Step 1607: active=315,827 lost=7,879 (+13) | L0=96.8% L1=0.5% L2=0.3% miss=2.4% | sub-step misses: k1=7866 k2=7874 k3=7866 k4=7881 final=7879 | SA-L2: 0/13 newly-lost found by standalone | (prev: lost=161,484, diff=-153605)
  Step 1608: active=315,819 lost=7,887 (+8) | L0=96.8% L1=0.5% L2=0.3% miss=2.4% | sub-step misses: k1=7879 k2=7886 k3=7879 k4=7889 final=7887 | SA-L2: 0/8 newly-lost found by standalone | (prev: lost=161,549, diff=-153662)
  Step 1609: active=315,799 lost=7,907 (+20) | L0=96.8% L1=0.5% L2=0.3% miss=2.4% | sub-step misses: k1=7887 k2=7900 k3=7887 k4=7908 final=7907 | SA-L2: 0/20 newly-lost found by standalone | (prev: lost=161,624, diff=-153717)
  Step 1610: active=315,792 lost=7,914 (+7) | L0=96.8% L1=0.5% L2=0.3% miss=2.4% | sub-step misses: k1=7907 k2=7910 k3=7907 k4=7916 final=7914 | SA-L2: 0/7 newly-lost found by standalone | (prev: lost=161,713, diff=-153799)
  Step 1611: active=315,778 lost=7,928 (+14) | L0=96.8% L1=0.5% L2=0.3% miss=2.4% | sub-step misses: k1=7914 k2=7926 k3=7914 k4=7930 final=7928 | SA-L2: 0/14 newly-lost found by standalone | (prev: lost=161,804, diff=-153876)
  Step 1612: active=315,755 lost=7,951 (+23) | L0=96.8% L1=0.5% L2=0.3% miss=2.5% | sub-step misses: k1=7928 k2=7940 k3=7928 k4=7956 final=7951 | SA-L2: 0/23 newly-lost found by standalone | (prev: lost=161,908, diff=-153957)
  Step 1613: active=315,741 lost=7,965 (+14) | L0=96.8% L1=0.5% L2=0.3% miss=2.5% | sub-step misses: k1=7951 k2=7964 k3=7951 k4=7965 final=7965 | SA-L2: 0/14 newly-lost found by standalone | (prev: lost=162,004, diff=-154039)
  Step 1614: active=315,732 lost=7,974 (+9) | L0=96.8% L1=0.5% L2=0.3% miss=2.5% | sub-step misses: k1=7965 k2=7970 k3=7965 k4=7977 final=7974 | SA-L2: 0/9 newly-lost found by standalone | (prev: lost=162,082, diff=-154108)
  Step 1615: active=315,719 lost=7,987 (+13) | L0=96.8% L1=0.5% L2=0.2% miss=2.5% | sub-step misses: k1=7974 k2=7983 k3=7974 k4=7990 final=7987 | SA-L2: 0/13 newly-lost found by standalone | (prev: lost=162,170, diff=-154183)
  Step 1616: active=315,706 lost=8,000 (+13) | L0=96.8% L1=0.5% L2=0.3% miss=2.5% | sub-step misses: k1=7987 k2=7997 k3=7987 k4=8002 final=8000 | SA-L2: 0/13 newly-lost found by standalone | (prev: lost=162,248, diff=-154248)
  Step 1617: active=315,686 lost=8,020 (+20) | L0=96.8% L1=0.5% L2=0.3% miss=2.5% | sub-step misses: k1=8000 k2=8012 k3=8000 k4=8024 final=8020 | SA-L2: 0/20 newly-lost found by standalone | (prev: lost=162,326, diff=-154306)
  Step 1618: active=315,670 lost=8,036 (+16) | L0=96.8% L1=0.5% L2=0.2% miss=2.5% | sub-step misses: k1=8020 k2=8035 k3=8020 k4=8040 final=8036 | SA-L2: 0/16 newly-lost found by standalone | (prev: lost=162,398, diff=-154362)
  Step 1619: active=315,657 lost=8,049 (+13) | L0=96.8% L1=0.5% L2=0.3% miss=2.5% | sub-step misses: k1=8036 k2=8043 k3=8036 k4=8052 final=8049 | SA-L2: 0/13 newly-lost found by standalone | (prev: lost=162,478, diff=-154429)
  Step 1620: active=315,639 lost=8,067 (+18) | L0=96.8% L1=0.5% L2=0.2% miss=2.5% | sub-step misses: k1=8049 k2=8061 k3=8049 k4=8070 final=8067 | SA-L2: 0/18 newly-lost found by standalone | (prev: lost=162,574, diff=-154507)
  Step 1621: active=315,624 lost=8,082 (+15) | L0=96.8% L1=0.5% L2=0.3% miss=2.5% | sub-step misses: k1=8067 k2=8075 k3=8067 k4=8086 final=8082 | SA-L2: 0/15 newly-lost found by standalone | (prev: lost=162,666, diff=-154584)
  Step 1622: active=315,604 lost=8,102 (+20) | L0=96.8% L1=0.5% L2=0.3% miss=2.5% | sub-step misses: k1=8082 k2=8095 k3=8082 k4=8105 final=8102 | SA-L2: 0/20 newly-lost found by standalone | (prev: lost=162,759, diff=-154657)
  Step 1623: active=315,583 lost=8,123 (+21) | L0=96.8% L1=0.5% L2=0.3% miss=2.5% | sub-step misses: k1=8102 k2=8113 k3=8102 k4=8125 final=8123 | SA-L2: 0/21 newly-lost found by standalone | (prev: lost=162,847, diff=-154724)
  Step 1624: active=315,572 lost=8,134 (+11) | L0=96.8% L1=0.5% L2=0.3% miss=2.5% | sub-step misses: k1=8123 k2=8130 k3=8123 k4=8136 final=8134 | SA-L2: 0/11 newly-lost found by standalone | (prev: lost=162,929, diff=-154795)
  Step 1625: active=315,558 lost=8,148 (+14) | L0=96.7% L1=0.5% L2=0.2% miss=2.5% | sub-step misses: k1=8134 k2=8143 k3=8134 k4=8149 final=8148 | SA-L2: 0/14 newly-lost found by standalone | (prev: lost=163,002, diff=-154854)
  Step 1626: active=315,546 lost=8,160 (+12) | L0=96.8% L1=0.5% L2=0.2% miss=2.5% | sub-step misses: k1=8148 k2=8156 k3=8148 k4=8161 final=8160 | SA-L2: 0/12 newly-lost found by standalone | (prev: lost=163,071, diff=-154911)
  Step 1627: active=315,528 lost=8,178 (+18) | L0=96.7% L1=0.5% L2=0.3% miss=2.5% | sub-step misses: k1=8160 k2=8169 k3=8160 k4=8179 final=8178 | SA-L2: 0/18 newly-lost found by standalone | (prev: lost=163,146, diff=-154968)
  Step 1628: active=315,514 lost=8,192 (+14) | L0=96.7% L1=0.5% L2=0.3% miss=2.5% | sub-step misses: k1=8178 k2=8187 k3=8178 k4=8194 final=8192 | SA-L2: 0/14 newly-lost found by standalone | (prev: lost=163,236, diff=-155044)
  Step 1629: active=315,502 lost=8,204 (+12) | L0=96.7% L1=0.5% L2=0.2% miss=2.5% | sub-step misses: k1=8192 k2=8200 k3=8192 k4=8205 final=8204 | SA-L2: 0/12 newly-lost found by standalone | (prev: lost=163,331, diff=-155127)
  Step 1630: active=315,495 lost=8,211 (+7) | L0=96.7% L1=0.5% L2=0.3% miss=2.5% | sub-step misses: k1=8204 k2=8208 k3=8204 k4=8214 final=8211 | SA-L2: 0/7 newly-lost found by standalone | (prev: lost=163,426, diff=-155215)
  Step 1631: active=315,478 lost=8,228 (+17) | L0=96.7% L1=0.5% L2=0.3% miss=2.5% | sub-step misses: k1=8211 k2=8224 k3=8211 k4=8230 final=8228 | SA-L2: 0/17 newly-lost found by standalone | (prev: lost=163,514, diff=-155286)
  Step 1632: active=315,461 lost=8,245 (+17) | L0=96.7% L1=0.5% L2=0.3% miss=2.5% | sub-step misses: k1=8228 k2=8242 k3=8228 k4=8246 final=8245 | SA-L2: 0/17 newly-lost found by standalone | (prev: lost=163,590, diff=-155345)
  Step 1633: active=315,450 lost=8,256 (+11) | L0=96.7% L1=0.5% L2=0.3% miss=2.5% | sub-step misses: k1=8245 k2=8254 k3=8245 k4=8259 final=8256 | SA-L2: 0/11 newly-lost found by standalone | (prev: lost=163,669, diff=-155413)
  Step 1634: active=315,438 lost=8,268 (+12) | L0=96.7% L1=0.5% L2=0.2% miss=2.6% | sub-step misses: k1=8256 k2=8265 k3=8256 k4=8270 final=8268 | SA-L2: 0/12 newly-lost found by standalone | (prev: lost=163,734, diff=-155466)
  Step 1635: active=315,420 lost=8,286 (+18) | L0=96.7% L1=0.5% L2=0.3% miss=2.6% | sub-step misses: k1=8268 k2=8276 k3=8268 k4=8288 final=8286 | SA-L2: 0/18 newly-lost found by standalone | (prev: lost=163,813, diff=-155527)
  Step 1636: active=315,403 lost=8,303 (+17) | L0=96.7% L1=0.5% L2=0.3% miss=2.6% | sub-step misses: k1=8286 k2=8296 k3=8286 k4=8304 final=8303 | SA-L2: 0/17 newly-lost found by standalone | (prev: lost=163,874, diff=-155571)
  Step 1637: active=315,384 lost=8,322 (+19) | L0=96.7% L1=0.5% L2=0.3% miss=2.6% | sub-step misses: k1=8303 k2=8315 k3=8303 k4=8323 final=8322 | SA-L2: 0/19 newly-lost found by standalone | (prev: lost=163,960, diff=-155638)
  Step 1638: active=315,375 lost=8,331 (+9) | L0=96.7% L1=0.5% L2=0.3% miss=2.6% | sub-step misses: k1=8322 k2=8326 k3=8322 k4=8334 final=8331 | SA-L2: 0/9 newly-lost found by standalone | (prev: lost=164,065, diff=-155734)
  Step 1639: active=315,352 lost=8,354 (+23) | L0=96.7% L1=0.5% L2=0.3% miss=2.6% | sub-step misses: k1=8331 k2=8344 k3=8331 k4=8359 final=8354 | SA-L2: 0/23 newly-lost found by standalone | (prev: lost=164,163, diff=-155809)
  Step 1640: active=315,340 lost=8,366 (+12) | L0=96.7% L1=0.5% L2=0.3% miss=2.6% | sub-step misses: k1=8354 k2=8363 k3=8354 k4=8367 final=8366 | SA-L2: 0/12 newly-lost found by standalone | (prev: lost=164,249, diff=-155883)
  Step 1641: active=315,327 lost=8,379 (+13) | L0=96.7% L1=0.5% L2=0.3% miss=2.6% | sub-step misses: k1=8366 k2=8377 k3=8366 k4=8380 final=8379 | SA-L2: 0/13 newly-lost found by standalone | (prev: lost=164,332, diff=-155953)
  Step 1642: active=315,312 lost=8,394 (+15) | L0=96.7% L1=0.5% L2=0.3% miss=2.6% | sub-step misses: k1=8379 k2=8388 k3=8379 k4=8396 final=8394 | SA-L2: 0/15 newly-lost found by standalone | (prev: lost=164,409, diff=-156015)
  Step 1643: active=315,296 lost=8,410 (+16) | L0=96.7% L1=0.5% L2=0.3% miss=2.6% | sub-step misses: k1=8394 k2=8405 k3=8394 k4=8413 final=8410 | SA-L2: 0/16 newly-lost found by standalone | (prev: lost=164,471, diff=-156061)
  Step 1644: active=315,287 lost=8,419 (+9) | L0=96.7% L1=0.5% L2=0.2% miss=2.6% | sub-step misses: k1=8410 k2=8417 k3=8410 k4=8422 final=8419 | SA-L2: 0/9 newly-lost found by standalone | (prev: lost=164,550, diff=-156131)
  Step 1645: active=315,269 lost=8,437 (+18) | L0=96.7% L1=0.5% L2=0.3% miss=2.6% | sub-step misses: k1=8419 k2=8430 k3=8419 k4=8439 final=8437 | SA-L2: 0/18 newly-lost found by standalone | (prev: lost=164,601, diff=-156164)
  Step 1646: active=315,254 lost=8,452 (+15) | L0=96.7% L1=0.5% L2=0.3% miss=2.6% | sub-step misses: k1=8437 k2=8447 k3=8437 k4=8457 final=8452 | SA-L2: 0/15 newly-lost found by standalone | (prev: lost=164,677, diff=-156225)
  Step 1647: active=315,225 lost=8,481 (+29) | L0=96.7% L1=0.5% L2=0.3% miss=2.6% | sub-step misses: k1=8452 k2=8466 k3=8452 k4=8482 final=8481 | SA-L2: 0/29 newly-lost found by standalone | (prev: lost=164,773, diff=-156292)
  Step 1648: active=315,212 lost=8,494 (+13) | L0=96.6% L1=0.5% L2=0.2% miss=2.6% | sub-step misses: k1=8481 k2=8489 k3=8481 k4=8495 final=8494 | SA-L2: 0/13 newly-lost found by standalone | (prev: lost=164,872, diff=-156378)
  Step 1649: active=315,200 lost=8,506 (+12) | L0=96.7% L1=0.5% L2=0.3% miss=2.6% | sub-step misses: k1=8494 k2=8498 k3=8494 k4=8511 final=8506 | SA-L2: 0/12 newly-lost found by standalone | (prev: lost=164,976, diff=-156470)
  Step 1650: active=315,179 lost=8,527 (+21) | L0=96.6% L1=0.5% L2=0.3% miss=2.6% | sub-step misses: k1=8506 k2=8521 k3=8506 k4=8532 final=8527 | SA-L2: 0/21 newly-lost found by standalone | (prev: lost=165,050, diff=-156523)
  Step 1651: active=315,166 lost=8,540 (+13) | L0=96.6% L1=0.5% L2=0.2% miss=2.6% | sub-step misses: k1=8527 k2=8538 k3=8527 k4=8542 final=8540 | SA-L2: 0/13 newly-lost found by standalone | (prev: lost=165,129, diff=-156589)
  Step 1652: active=315,149 lost=8,557 (+17) | L0=96.6% L1=0.5% L2=0.2% miss=2.6% | sub-step misses: k1=8540 k2=8552 k3=8540 k4=8560 final=8557 | SA-L2: 0/17 newly-lost found by standalone | (prev: lost=165,189, diff=-156632)
  Step 1653: active=315,136 lost=8,570 (+13) | L0=96.6% L1=0.5% L2=0.2% miss=2.6% | sub-step misses: k1=8557 k2=8566 k3=8557 k4=8572 final=8570 | SA-L2: 0/13 newly-lost found by standalone | (prev: lost=165,260, diff=-156690)
  Step 1654: active=315,118 lost=8,588 (+18) | L0=96.6% L1=0.5% L2=0.2% miss=2.7% | sub-step misses: k1=8570 k2=8583 k3=8570 k4=8594 final=8588 | SA-L2: 0/18 newly-lost found by standalone | (prev: lost=165,322, diff=-156734)
  Step 1655: active=315,103 lost=8,603 (+15) | L0=96.6% L1=0.5% L2=0.3% miss=2.7% | sub-step misses: k1=8588 k2=8598 k3=8589 k4=8602 final=8603 | SA-L2: 0/15 newly-lost found by standalone | (prev: lost=165,397, diff=-156794)
  Step 1656: active=315,081 lost=8,625 (+22) | L0=96.6% L1=0.5% L2=0.3% miss=2.7% | sub-step misses: k1=8603 k2=8619 k3=8603 k4=8629 final=8625 | SA-L2: 0/22 newly-lost found by standalone | (prev: lost=165,486, diff=-156861)
  Step 1657: active=315,057 lost=8,649 (+24) | L0=96.6% L1=0.5% L2=0.3% miss=2.7% | sub-step misses: k1=8625 k2=8635 k3=8625 k4=8649 final=8649 | SA-L2: 0/24 newly-lost found by standalone | (prev: lost=165,574, diff=-156925)
  Step 1658: active=315,046 lost=8,660 (+11) | L0=96.6% L1=0.5% L2=0.2% miss=2.7% | sub-step misses: k1=8649 k2=8656 k3=8649 k4=8664 final=8660 | SA-L2: 0/11 newly-lost found by standalone | (prev: lost=165,663, diff=-157003)
  Step 1659: active=315,029 lost=8,677 (+17) | L0=96.6% L1=0.5% L2=0.3% miss=2.7% | sub-step misses: k1=8660 k2=8673 k3=8660 k4=8677 final=8677 | SA-L2: 0/17 newly-lost found by standalone | (prev: lost=165,753, diff=-157076)
  Step 1660: active=315,006 lost=8,700 (+23) | L0=96.6% L1=0.5% L2=0.2% miss=2.7% | sub-step misses: k1=8677 k2=8692 k3=8677 k4=8704 final=8700 | SA-L2: 0/23 newly-lost found by standalone | (prev: lost=165,825, diff=-157125)
  Step 1661: active=314,978 lost=8,728 (+28) | L0=96.6% L1=0.5% L2=0.2% miss=2.7% | sub-step misses: k1=8700 k2=8721 k3=8700 k4=8728 final=8728 | SA-L2: 0/28 newly-lost found by standalone | (prev: lost=165,885, diff=-157157)
  Step 1662: active=314,965 lost=8,741 (+13) | L0=96.6% L1=0.5% L2=0.2% miss=2.7% | sub-step misses: k1=8728 k2=8736 k3=8728 k4=8744 final=8741 | SA-L2: 0/13 newly-lost found by standalone | (prev: lost=165,954, diff=-157213)
  Step 1663: active=314,944 lost=8,762 (+21) | L0=96.6% L1=0.5% L2=0.2% miss=2.7% | sub-step misses: k1=8741 k2=8754 k3=8741 k4=8763 final=8762 | SA-L2: 0/21 newly-lost found by standalone | (prev: lost=166,015, diff=-157253)
  Step 1664: active=314,924 lost=8,782 (+20) | L0=96.6% L1=0.5% L2=0.2% miss=2.7% | sub-step misses: k1=8762 k2=8774 k3=8762 k4=8786 final=8782 | SA-L2: 0/20 newly-lost found by standalone | (prev: lost=166,091, diff=-157309)
  Step 1665: active=314,908 lost=8,798 (+16) | L0=96.6% L1=0.5% L2=0.3% miss=2.7% | sub-step misses: k1=8782 k2=8794 k3=8782 k4=8802 final=8798 | SA-L2: 0/16 newly-lost found by standalone | (prev: lost=166,162, diff=-157364)
  Step 1666: active=314,895 lost=8,811 (+13) | L0=96.6% L1=0.5% L2=0.3% miss=2.7% | sub-step misses: k1=8798 k2=8805 k3=8798 k4=8813 final=8811 | SA-L2: 0/13 newly-lost found by standalone | (prev: lost=166,253, diff=-157442)
  Step 1667: active=314,868 lost=8,838 (+27) | L0=96.6% L1=0.5% L2=0.2% miss=2.7% | sub-step misses: k1=8811 k2=8827 k3=8811 k4=8839 final=8838 | SA-L2: 0/27 newly-lost found by standalone | (prev: lost=166,336, diff=-157498)
  Step 1668: active=314,857 lost=8,849 (+11) | L0=96.6% L1=0.5% L2=0.2% miss=2.7% | sub-step misses: k1=8838 k2=8843 k3=8838 k4=8851 final=8849 | SA-L2: 0/11 newly-lost found by standalone | (prev: lost=166,420, diff=-157571)
  Step 1669: active=314,844 lost=8,862 (+13) | L0=96.5% L1=0.5% L2=0.2% miss=2.7% | sub-step misses: k1=8849 k2=8859 k3=8849 k4=8865 final=8862 | SA-L2: 0/13 newly-lost found by standalone | (prev: lost=166,500, diff=-157638)
  Step 1670: active=314,825 lost=8,881 (+19) | L0=96.5% L1=0.5% L2=0.2% miss=2.7% | sub-step misses: k1=8862 k2=8876 k3=8862 k4=8886 final=8881 | SA-L2: 0/19 newly-lost found by standalone | (prev: lost=166,564, diff=-157683)
  Step 1671: active=314,807 lost=8,899 (+18) | L0=96.5% L1=0.5% L2=0.2% miss=2.7% | sub-step misses: k1=8881 k2=8892 k3=8881 k4=8902 final=8899 | SA-L2: 0/18 newly-lost found by standalone | (prev: lost=166,619, diff=-157720)
  Step 1672: active=314,790 lost=8,916 (+17) | L0=96.5% L1=0.5% L2=0.2% miss=2.8% | sub-step misses: k1=8899 k2=8911 k3=8899 k4=8919 final=8916 | SA-L2: 0/17 newly-lost found by standalone | (prev: lost=166,678, diff=-157762)
  Step 1673: active=314,770 lost=8,936 (+20) | L0=96.5% L1=0.5% L2=0.2% miss=2.8% | sub-step misses: k1=8916 k2=8925 k3=8916 k4=8937 final=8936 | SA-L2: 0/20 newly-lost found by standalone | (prev: lost=166,762, diff=-157826)
  Step 1674: active=314,754 lost=8,952 (+16) | L0=96.5% L1=0.5% L2=0.2% miss=2.8% | sub-step misses: k1=8936 k2=8947 k3=8936 k4=8954 final=8952 | SA-L2: 0/16 newly-lost found by standalone | (prev: lost=166,835, diff=-157883)
  Step 1675: active=314,731 lost=8,975 (+23) | L0=96.5% L1=0.5% L2=0.2% miss=2.8% | sub-step misses: k1=8952 k2=8969 k3=8952 k4=8978 final=8975 | SA-L2: 0/23 newly-lost found by standalone | (prev: lost=166,916, diff=-157941)
  Step 1676: active=314,722 lost=8,984 (+9) | L0=96.5% L1=0.5% L2=0.2% miss=2.8% | sub-step misses: k1=8975 k2=8983 k3=8975 k4=8987 final=8984 | SA-L2: 0/9 newly-lost found by standalone | (prev: lost=166,994, diff=-158010)
  Step 1677: active=314,697 lost=9,009 (+25) | L0=96.5% L1=0.5% L2=0.2% miss=2.8% | sub-step misses: k1=8984 k2=9002 k3=8984 k4=9011 final=9009 | SA-L2: 0/25 newly-lost found by standalone | (prev: lost=167,058, diff=-158049)
  Step 1678: active=314,679 lost=9,027 (+18) | L0=96.5% L1=0.5% L2=0.2% miss=2.8% | sub-step misses: k1=9009 k2=9018 k3=9009 k4=9031 final=9027 | SA-L2: 0/18 newly-lost found by standalone | (prev: lost=167,149, diff=-158122)
  Step 1679: active=314,657 lost=9,049 (+22) | L0=96.5% L1=0.5% L2=0.2% miss=2.8% | sub-step misses: k1=9027 k2=9040 k3=9027 k4=9051 final=9049 | SA-L2: 0/22 newly-lost found by standalone | (prev: lost=167,209, diff=-158160)
  Step 1680: active=314,643 lost=9,063 (+14) | L0=96.5% L1=0.5% L2=0.2% miss=2.8% | sub-step misses: k1=9049 k2=9057 k3=9049 k4=9068 final=9063 | SA-L2: 0/14 newly-lost found by standalone | (prev: lost=167,272, diff=-158209)
  Step 1681: active=314,623 lost=9,083 (+20) | L0=96.5% L1=0.5% L2=0.2% miss=2.8% | sub-step misses: k1=9063 k2=9076 k3=9063 k4=9087 final=9083 | SA-L2: 0/20 newly-lost found by standalone | (prev: lost=167,324, diff=-158241)
  Step 1682: active=314,603 lost=9,103 (+20) | L0=96.5% L1=0.5% L2=0.2% miss=2.8% | sub-step misses: k1=9083 k2=9097 k3=9083 k4=9104 final=9103 | SA-L2: 0/20 newly-lost found by standalone | (prev: lost=167,399, diff=-158296)
  Step 1683: active=314,586 lost=9,120 (+17) | L0=96.5% L1=0.5% L2=0.2% miss=2.8% | sub-step misses: k1=9103 k2=9113 k3=9103 k4=9123 final=9120 | SA-L2: 0/17 newly-lost found by standalone | (prev: lost=167,479, diff=-158359)
  Step 1684: active=314,569 lost=9,137 (+17) | L0=96.5% L1=0.5% L2=0.2% miss=2.8% | sub-step misses: k1=9120 k2=9131 k3=9120 k4=9137 final=9137 | SA-L2: 0/17 newly-lost found by standalone | (prev: lost=167,564, diff=-158427)
  Step 1685: active=314,554 lost=9,152 (+15) | L0=96.5% L1=0.5% L2=0.2% miss=2.8% | sub-step misses: k1=9137 k2=9147 k3=9137 k4=9154 final=9152 | SA-L2: 0/15 newly-lost found by standalone | (prev: lost=167,635, diff=-158483)
  Step 1686: active=314,538 lost=9,168 (+16) | L0=96.5% L1=0.5% L2=0.2% miss=2.8% | sub-step misses: k1=9152 k2=9162 k3=9152 k4=9172 final=9168 | SA-L2: 0/16 newly-lost found by standalone | (prev: lost=167,701, diff=-158533)
  Step 1687: active=314,522 lost=9,184 (+16) | L0=96.5% L1=0.5% L2=0.2% miss=2.8% | sub-step misses: k1=9168 k2=9178 k3=9168 k4=9187 final=9184 | SA-L2: 0/16 newly-lost found by standalone | (prev: lost=167,768, diff=-158584)
  Step 1688: active=314,504 lost=9,202 (+18) | L0=96.5% L1=0.5% L2=0.2% miss=2.8% | sub-step misses: k1=9184 k2=9197 k3=9184 k4=9207 final=9202 | SA-L2: 0/18 newly-lost found by standalone | (prev: lost=167,849, diff=-158647)
  Step 1689: active=314,483 lost=9,223 (+21) | L0=96.4% L1=0.5% L2=0.2% miss=2.8% | sub-step misses: k1=9202 k2=9215 k3=9202 k4=9231 final=9223 | SA-L2: 0/21 newly-lost found by standalone | (prev: lost=167,911, diff=-158688)
  Step 1690: active=314,455 lost=9,251 (+28) | L0=96.4% L1=0.5% L2=0.2% miss=2.9% | sub-step misses: k1=9223 k2=9244 k3=9223 k4=9252 final=9251 | SA-L2: 0/28 newly-lost found by standalone | (prev: lost=167,953, diff=-158702)
  Step 1691: active=314,434 lost=9,272 (+21) | L0=96.4% L1=0.5% L2=0.2% miss=2.9% | sub-step misses: k1=9251 k2=9265 k3=9251 k4=9275 final=9272 | SA-L2: 0/21 newly-lost found by standalone | (prev: lost=168,023, diff=-158751)
  Step 1692: active=314,419 lost=9,287 (+15) | L0=96.4% L1=0.5% L2=0.2% miss=2.9% | sub-step misses: k1=9272 k2=9279 k3=9272 k4=9289 final=9287 | SA-L2: 0/15 newly-lost found by standalone | (prev: lost=168,112, diff=-158825)
  Step 1693: active=314,399 lost=9,307 (+20) | L0=96.4% L1=0.5% L2=0.2% miss=2.9% | sub-step misses: k1=9287 k2=9303 k3=9287 k4=9311 final=9307 | SA-L2: 0/20 newly-lost found by standalone | (prev: lost=168,180, diff=-158873)
  Step 1694: active=314,380 lost=9,326 (+19) | L0=96.4% L1=0.5% L2=0.2% miss=2.9% | sub-step misses: k1=9307 k2=9322 k3=9307 k4=9332 final=9326 | SA-L2: 0/19 newly-lost found by standalone | (prev: lost=168,244, diff=-158918)
  Step 1695: active=314,355 lost=9,351 (+25) | L0=96.4% L1=0.5% L2=0.2% miss=2.9% | sub-step misses: k1=9326 k2=9344 k3=9326 k4=9354 final=9351 | SA-L2: 0/25 newly-lost found by standalone | (prev: lost=168,304, diff=-158953)
  Step 1696: active=314,337 lost=9,369 (+18) | L0=96.4% L1=0.5% L2=0.2% miss=2.9% | sub-step misses: k1=9351 k2=9364 k3=9351 k4=9373 final=9369 | SA-L2: 0/18 newly-lost found by standalone | (prev: lost=168,375, diff=-159006)
  Step 1697: active=314,312 lost=9,394 (+25) | L0=96.4% L1=0.5% L2=0.2% miss=2.9% | sub-step misses: k1=9369 k2=9380 k3=9369 k4=9399 final=9394 | SA-L2: 0/25 newly-lost found by standalone | (prev: lost=168,444, diff=-159050)
  Step 1698: active=314,286 lost=9,420 (+26) | L0=96.4% L1=0.5% L2=0.2% miss=2.9% | sub-step misses: k1=9394 k2=9411 k3=9394 k4=9427 final=9420 | SA-L2: 0/26 newly-lost found by standalone | (prev: lost=168,504, diff=-159084)
  Step 1699: active=314,259 lost=9,447 (+27) | L0=96.4% L1=0.5% L2=0.2% miss=2.9% | sub-step misses: k1=9420 k2=9441 k3=9420 k4=9449 final=9447 | SA-L2: 0/27 newly-lost found by standalone | (prev: lost=168,559, diff=-159112)
  Step 1700: active=314,243 lost=9,463 (+16) | L0=96.4% L1=0.5% L2=0.2% miss=2.9% | sub-step misses: k1=9447 k2=9458 k3=9447 k4=9467 final=9463 | SA-L2: 0/16 newly-lost found by standalone | (prev: lost=168,614, diff=-159151)
  Step 1701: active=314,222 lost=9,484 (+21) | L0=96.4% L1=0.5% L2=0.2% miss=2.9% | sub-step misses: k1=9463 k2=9480 k3=9463 k4=9491 final=9484 | SA-L2: 0/21 newly-lost found by standalone | (prev: lost=168,707, diff=-159223)
  Step 1702: active=314,198 lost=9,508 (+24) | L0=96.4% L1=0.4% L2=0.2% miss=2.9% | sub-step misses: k1=9484 k2=9502 k3=9484 k4=9510 final=9508 | SA-L2: 0/24 newly-lost found by standalone | (prev: lost=168,784, diff=-159276)
  Step 1703: active=314,183 lost=9,523 (+15) | L0=96.4% L1=0.5% L2=0.2% miss=2.9% | sub-step misses: k1=9508 k2=9514 k3=9508 k4=9526 final=9523 | SA-L2: 0/15 newly-lost found by standalone | (prev: lost=168,840, diff=-159317)
  Step 1704: active=314,160 lost=9,546 (+23) | L0=96.4% L1=0.5% L2=0.2% miss=2.9% | sub-step misses: k1=9523 k2=9540 k3=9523 k4=9549 final=9546 | SA-L2: 0/23 newly-lost found by standalone | (prev: lost=168,901, diff=-159355)
  Step 1705: active=314,137 lost=9,569 (+23) | L0=96.3% L1=0.5% L2=0.2% miss=3.0% | sub-step misses: k1=9546 k2=9567 k3=9546 k4=9573 final=9569 | SA-L2: 0/23 newly-lost found by standalone | (prev: lost=168,959, diff=-159390)
  Step 1706: active=314,124 lost=9,582 (+13) | L0=96.3% L1=0.5% L2=0.2% miss=3.0% | sub-step misses: k1=9569 k2=9578 k3=9569 k4=9583 final=9582 | SA-L2: 0/13 newly-lost found by standalone | (prev: lost=169,030, diff=-159448)
  Step 1707: active=314,106 lost=9,600 (+18) | L0=96.3% L1=0.5% L2=0.2% miss=3.0% | sub-step misses: k1=9582 k2=9594 k3=9582 k4=9603 final=9600 | SA-L2: 0/18 newly-lost found by standalone | (prev: lost=169,090, diff=-159490)
  Step 1708: active=314,085 lost=9,621 (+21) | L0=96.3% L1=0.5% L2=0.2% miss=3.0% | sub-step misses: k1=9600 k2=9610 k3=9600 k4=9626 final=9621 | SA-L2: 0/21 newly-lost found by standalone | (prev: lost=169,142, diff=-159521)
  Step 1709: active=314,057 lost=9,649 (+28) | L0=96.3% L1=0.5% L2=0.2% miss=3.0% | sub-step misses: k1=9621 k2=9638 k3=9621 k4=9650 final=9649 | SA-L2: 0/28 newly-lost found by standalone | (prev: lost=169,189, diff=-159540)
  Step 1710: active=314,042 lost=9,664 (+15) | L0=96.3% L1=0.5% L2=0.2% miss=3.0% | sub-step misses: k1=9649 k2=9660 k3=9649 k4=9667 final=9664 | SA-L2: 0/15 newly-lost found by standalone | (prev: lost=169,256, diff=-159592)
  Step 1711: active=314,015 lost=9,691 (+27) | L0=96.3% L1=0.4% L2=0.2% miss=3.0% | sub-step misses: k1=9664 k2=9680 k3=9664 k4=9695 final=9691 | SA-L2: 0/27 newly-lost found by standalone | (prev: lost=169,350, diff=-159659)
  Step 1712: active=313,986 lost=9,720 (+29) | L0=96.3% L1=0.5% L2=0.2% miss=3.0% | sub-step misses: k1=9691 k2=9713 k3=9691 k4=9723 final=9720 | SA-L2: 0/29 newly-lost found by standalone | (prev: lost=169,408, diff=-159688)
  Step 1713: active=313,965 lost=9,741 (+21) | L0=96.3% L1=0.5% L2=0.2% miss=3.0% | sub-step misses: k1=9720 k2=9731 k3=9720 k4=9744 final=9741 | SA-L2: 0/21 newly-lost found by standalone | (prev: lost=169,465, diff=-159724)
  Step 1714: active=313,950 lost=9,756 (+15) | L0=96.3% L1=0.5% L2=0.2% miss=3.0% | sub-step misses: k1=9741 k2=9750 k3=9741 k4=9759 final=9756 | SA-L2: 0/15 newly-lost found by standalone | (prev: lost=169,520, diff=-159764)
  Step 1715: active=313,930 lost=9,776 (+20) | L0=96.3% L1=0.5% L2=0.2% miss=3.0% | sub-step misses: k1=9756 k2=9769 k3=9756 k4=9784 final=9776 | SA-L2: 0/20 newly-lost found by standalone | (prev: lost=169,573, diff=-159797)
  Step 1716: active=313,904 lost=9,802 (+26) | L0=96.3% L1=0.5% L2=0.2% miss=3.0% | sub-step misses: k1=9776 k2=9796 k3=9776 k4=9804 final=9802 | SA-L2: 0/26 newly-lost found by standalone | (prev: lost=169,646, diff=-159844)
  Step 1717: active=313,879 lost=9,827 (+25) | L0=96.3% L1=0.4% L2=0.2% miss=3.0% | sub-step misses: k1=9802 k2=9815 k3=9802 k4=9829 final=9827 | SA-L2: 0/25 newly-lost found by standalone | (prev: lost=169,699, diff=-159872)
  Step 1718: active=313,863 lost=9,843 (+16) | L0=96.3% L1=0.4% L2=0.2% miss=3.0% | sub-step misses: k1=9827 k2=9838 k3=9827 k4=9846 final=9843 | SA-L2: 0/16 newly-lost found by standalone | (prev: lost=169,740, diff=-159897)
  Step 1719: active=313,840 lost=9,866 (+23) | L0=96.3% L1=0.4% L2=0.2% miss=3.0% | sub-step misses: k1=9843 k2=9858 k3=9843 k4=9869 final=9866 | SA-L2: 0/23 newly-lost found by standalone | (prev: lost=169,800, diff=-159934)
  Step 1720: active=313,821 lost=9,885 (+19) | L0=96.3% L1=0.5% L2=0.2% miss=3.1% | sub-step misses: k1=9866 k2=9876 k3=9866 k4=9890 final=9885 | SA-L2: 0/19 newly-lost found by standalone | (prev: lost=169,894, diff=-160009)
  Step 1721: active=313,800 lost=9,906 (+21) | L0=96.3% L1=0.4% L2=0.2% miss=3.1% | sub-step misses: k1=9885 k2=9897 k3=9885 k4=9908 final=9906 | SA-L2: 0/21 newly-lost found by standalone | (prev: lost=169,954, diff=-160048)
  Step 1722: active=313,779 lost=9,927 (+21) | L0=96.2% L1=0.5% L2=0.2% miss=3.1% | sub-step misses: k1=9906 k2=9917 k3=9906 k4=9930 final=9927 | SA-L2: 0/21 newly-lost found by standalone | (prev: lost=170,007, diff=-160080)
  Step 1723: active=313,755 lost=9,951 (+24) | L0=96.2% L1=0.4% L2=0.2% miss=3.1% | sub-step misses: k1=9927 k2=9944 k3=9927 k4=9953 final=9951 | SA-L2: 0/24 newly-lost found by standalone | (prev: lost=170,053, diff=-160102)
  Step 1724: active=313,735 lost=9,971 (+20) | L0=96.2% L1=0.5% L2=0.2% miss=3.1% | sub-step misses: k1=9951 k2=9966 k3=9951 k4=9976 final=9971 | SA-L2: 0/20 newly-lost found by standalone | (prev: lost=170,105, diff=-160134)
  Step 1725: active=313,710 lost=9,996 (+25) | L0=96.2% L1=0.5% L2=0.2% miss=3.1% | sub-step misses: k1=9971 k2=9989 k3=9971 k4=10000 final=9996 | SA-L2: 0/25 newly-lost found by standalone | (prev: lost=170,167, diff=-160171)
  Step 1726: active=313,687 lost=10,019 (+23) | L0=96.2% L1=0.5% L2=0.2% miss=3.1% | sub-step misses: k1=9996 k2=10011 k3=9996 k4=10022 final=10019 | SA-L2: 0/23 newly-lost found by standalone | (prev: lost=170,221, diff=-160202)
  Step 1727: active=313,663 lost=10,043 (+24) | L0=96.2% L1=0.4% L2=0.2% miss=3.1% | sub-step misses: k1=10019 k2=10033 k3=10019 k4=10046 final=10043 | SA-L2: 0/24 newly-lost found by standalone | (prev: lost=170,266, diff=-160223)
  Step 1728: active=313,635 lost=10,071 (+28) | L0=96.2% L1=0.4% L2=0.2% miss=3.1% | sub-step misses: k1=10043 k2=10061 k3=10043 k4=10073 final=10071 | SA-L2: 0/28 newly-lost found by standalone | (prev: lost=170,317, diff=-160246)
  Step 1729: active=313,611 lost=10,095 (+24) | L0=96.2% L1=0.4% L2=0.2% miss=3.1% | sub-step misses: k1=10071 k2=10082 k3=10071 k4=10098 final=10095 | SA-L2: 0/24 newly-lost found by standalone | (prev: lost=170,388, diff=-160293)
  Step 1730: active=313,590 lost=10,116 (+21) | L0=96.2% L1=0.5% L2=0.2% miss=3.1% | sub-step misses: k1=10095 k2=10106 k3=10095 k4=10124 final=10116 | SA-L2: 0/21 newly-lost found by standalone | (prev: lost=170,458, diff=-160342)
  Step 1731: active=313,566 lost=10,140 (+24) | L0=96.2% L1=0.4% L2=0.2% miss=3.1% | sub-step misses: k1=10116 k2=10135 k3=10116 k4=10145 final=10140 | SA-L2: 0/24 newly-lost found by standalone | (prev: lost=170,504, diff=-160364)
  Step 1732: active=313,539 lost=10,167 (+27) | L0=96.2% L1=0.4% L2=0.2% miss=3.1% | sub-step misses: k1=10140 k2=10156 k3=10140 k4=10171 final=10167 | SA-L2: 0/27 newly-lost found by standalone | (prev: lost=170,558, diff=-160391)
  Step 1733: active=313,511 lost=10,195 (+28) | L0=96.2% L1=0.5% L2=0.2% miss=3.1% | sub-step misses: k1=10167 k2=10183 k3=10167 k4=10195 final=10195 | SA-L2: 0/28 newly-lost found by standalone | (prev: lost=170,619, diff=-160424)
  Step 1734: active=313,485 lost=10,221 (+26) | L0=96.2% L1=0.4% L2=0.2% miss=3.2% | sub-step misses: k1=10195 k2=10213 k3=10195 k4=10223 final=10221 | SA-L2: 0/26 newly-lost found by standalone | (prev: lost=170,669, diff=-160448)
  Step 1735: active=313,465 lost=10,241 (+20) | L0=96.2% L1=0.4% L2=0.2% miss=3.2% | sub-step misses: k1=10221 k2=10234 k3=10221 k4=10243 final=10241 | SA-L2: 0/20 newly-lost found by standalone | (prev: lost=170,717, diff=-160476)
  Step 1736: active=313,447 lost=10,259 (+18) | L0=96.2% L1=0.4% L2=0.2% miss=3.2% | sub-step misses: k1=10241 k2=10256 k3=10241 k4=10266 final=10259 | SA-L2: 0/18 newly-lost found by standalone | (prev: lost=170,768, diff=-160509)
  Step 1737: active=313,421 lost=10,285 (+26) | L0=96.2% L1=0.4% L2=0.2% miss=3.2% | sub-step misses: k1=10259 k2=10278 k3=10259 k4=10291 final=10285 | SA-L2: 0/26 newly-lost found by standalone | (prev: lost=170,813, diff=-160528)
  Step 1738: active=313,393 lost=10,313 (+28) | L0=96.1% L1=0.4% L2=0.2% miss=3.2% | sub-step misses: k1=10285 k2=10302 k3=10285 k4=10315 final=10313 | SA-L2: 0/28 newly-lost found by standalone | (prev: lost=170,864, diff=-160551)
  Step 1739: active=313,375 lost=10,331 (+18) | L0=96.1% L1=0.4% L2=0.2% miss=3.2% | sub-step misses: k1=10313 k2=10324 k3=10313 k4=10333 final=10331 | SA-L2: 0/18 newly-lost found by standalone | (prev: lost=170,944, diff=-160613)
  Step 1740: active=313,338 lost=10,368 (+37) | L0=96.1% L1=0.4% L2=0.2% miss=3.2% | sub-step misses: k1=10331 k2=10358 k3=10331 k4=10369 final=10368 | SA-L2: 0/37 newly-lost found by standalone | (prev: lost=170,997, diff=-160629)
  Step 1741: active=313,309 lost=10,397 (+29) | L0=96.1% L1=0.4% L2=0.2% miss=3.2% | sub-step misses: k1=10368 k2=10383 k3=10368 k4=10403 final=10397 | SA-L2: 0/29 newly-lost found by standalone | (prev: lost=171,044, diff=-160647)
  Step 1742: active=313,280 lost=10,426 (+29) | L0=96.1% L1=0.4% L2=0.2% miss=3.2% | sub-step misses: k1=10397 k2=10419 k3=10397 k4=10433 final=10426 | SA-L2: 0/29 newly-lost found by standalone | (prev: lost=171,094, diff=-160668)
  Step 1743: active=313,250 lost=10,456 (+30) | L0=96.1% L1=0.4% L2=0.2% miss=3.2% | sub-step misses: k1=10426 k2=10445 k3=10426 k4=10460 final=10456 | SA-L2: 0/30 newly-lost found by standalone | (prev: lost=171,146, diff=-160690)
  Step 1744: active=313,223 lost=10,483 (+27) | L0=96.1% L1=0.4% L2=0.2% miss=3.2% | sub-step misses: k1=10456 k2=10469 k3=10456 k4=10490 final=10483 | SA-L2: 0/27 newly-lost found by standalone | (prev: lost=171,207, diff=-160724)
  Step 1745: active=313,191 lost=10,515 (+32) | L0=96.1% L1=0.4% L2=0.2% miss=3.2% | sub-step misses: k1=10483 k2=10506 k3=10483 k4=10520 final=10515 | SA-L2: 0/32 newly-lost found by standalone | (prev: lost=171,249, diff=-160734)
  Step 1746: active=313,166 lost=10,540 (+25) | L0=96.1% L1=0.4% L2=0.2% miss=3.3% | sub-step misses: k1=10515 k2=10532 k3=10515 k4=10543 final=10540 | SA-L2: 0/25 newly-lost found by standalone | (prev: lost=171,304, diff=-160764)
  Step 1747: active=313,147 lost=10,559 (+19) | L0=96.1% L1=0.4% L2=0.2% miss=3.3% | sub-step misses: k1=10540 k2=10554 k3=10540 k4=10562 final=10559 | SA-L2: 0/19 newly-lost found by standalone | (prev: lost=171,362, diff=-160803)
  Step 1748: active=313,123 lost=10,583 (+24) | L0=96.1% L1=0.4% L2=0.2% miss=3.3% | sub-step misses: k1=10559 k2=10573 k3=10559 k4=10587 final=10583 | SA-L2: 0/24 newly-lost found by standalone | (prev: lost=171,406, diff=-160823)
  Step 1749: active=313,095 lost=10,611 (+28) | L0=96.1% L1=0.4% L2=0.2% miss=3.3% | sub-step misses: k1=10583 k2=10600 k3=10583 k4=10614 final=10611 | SA-L2: 0/28 newly-lost found by standalone | (prev: lost=171,471, diff=-160860)
  Step 1750: active=313,070 lost=10,636 (+25) | L0=96.0% L1=0.4% L2=0.2% miss=3.3% | sub-step misses: k1=10611 k2=10624 k3=10611 k4=10644 final=10636 | SA-L2: 0/25 newly-lost found by standalone | (prev: lost=171,516, diff=-160880)
  Step 1751: active=313,037 lost=10,669 (+33) | L0=96.0% L1=0.5% L2=0.2% miss=3.3% | sub-step misses: k1=10636 k2=10659 k3=10636 k4=10673 final=10669 | SA-L2: 0/33 newly-lost found by standalone | (prev: lost=171,554, diff=-160885)
  Step 1752: active=313,010 lost=10,696 (+27) | L0=96.0% L1=0.4% L2=0.2% miss=3.3% | sub-step misses: k1=10669 k2=10689 k3=10669 k4=10701 final=10696 | SA-L2: 0/27 newly-lost found by standalone | (prev: lost=171,600, diff=-160904)
  Step 1753: active=312,985 lost=10,721 (+25) | L0=96.0% L1=0.4% L2=0.2% miss=3.3% | sub-step misses: k1=10696 k2=10710 k3=10696 k4=10724 final=10721 | SA-L2: 0/25 newly-lost found by standalone | (prev: lost=171,660, diff=-160939)
  Step 1754: active=312,965 lost=10,741 (+20) | L0=96.0% L1=0.4% L2=0.2% miss=3.3% | sub-step misses: k1=10721 k2=10733 k3=10721 k4=10744 final=10741 | SA-L2: 0/20 newly-lost found by standalone | (prev: lost=171,704, diff=-160963)
  Step 1755: active=312,940 lost=10,766 (+25) | L0=96.0% L1=0.4% L2=0.2% miss=3.3% | sub-step misses: k1=10741 k2=10759 k3=10741 k4=10770 final=10766 | SA-L2: 0/25 newly-lost found by standalone | (prev: lost=171,756, diff=-160990)
  Step 1756: active=312,917 lost=10,789 (+23) | L0=96.0% L1=0.4% L2=0.2% miss=3.3% | sub-step misses: k1=10766 k2=10781 k3=10766 k4=10791 final=10789 | SA-L2: 0/23 newly-lost found by standalone | (prev: lost=171,807, diff=-161018)
  Step 1757: active=312,900 lost=10,806 (+17) | L0=96.0% L1=0.4% L2=0.2% miss=3.3% | sub-step misses: k1=10789 k2=10797 k3=10789 k4=10812 final=10806 | SA-L2: 0/17 newly-lost found by standalone | (prev: lost=171,855, diff=-161049)
  Step 1758: active=312,859 lost=10,847 (+41) | L0=96.0% L1=0.4% L2=0.2% miss=3.3% | sub-step misses: k1=10806 k2=10831 k3=10806 k4=10854 final=10847 | SA-L2: 0/41 newly-lost found by standalone | (prev: lost=171,919, diff=-161072)
  Step 1759: active=312,834 lost=10,872 (+25) | L0=96.0% L1=0.4% L2=0.2% miss=3.4% | sub-step misses: k1=10847 k2=10867 k3=10847 k4=10881 final=10872 | SA-L2: 0/25 newly-lost found by standalone | (prev: lost=171,966, diff=-161094)
  Step 1760: active=312,803 lost=10,903 (+31) | L0=96.0% L1=0.4% L2=0.2% miss=3.4% | sub-step misses: k1=10872 k2=10894 k3=10872 k4=10906 final=10903 | SA-L2: 0/31 newly-lost found by standalone | (prev: lost=172,002, diff=-161099)
  Step 1761: active=312,766 lost=10,940 (+37) | L0=96.0% L1=0.4% L2=0.2% miss=3.4% | sub-step misses: k1=10903 k2=10930 k3=10903 k4=10948 final=10940 | SA-L2: 0/37 newly-lost found by standalone | (prev: lost=172,045, diff=-161105)
  Step 1762: active=312,735 lost=10,971 (+31) | L0=95.9% L1=0.4% L2=0.2% miss=3.4% | sub-step misses: k1=10940 k2=10960 k3=10940 k4=10977 final=10971 | SA-L2: 0/31 newly-lost found by standalone | (prev: lost=172,090, diff=-161119)
  Step 1763: active=312,715 lost=10,991 (+20) | L0=95.9% L1=0.4% L2=0.2% miss=3.4% | sub-step misses: k1=10971 k2=10982 k3=10971 k4=10998 final=10991 | SA-L2: 0/20 newly-lost found by standalone | (prev: lost=172,136, diff=-161145)
  Step 1764: active=312,674 lost=11,032 (+41) | L0=95.9% L1=0.4% L2=0.2% miss=3.4% | sub-step misses: k1=10991 k2=11019 k3=10991 k4=11035 final=11032 | SA-L2: 0/41 newly-lost found by standalone | (prev: lost=172,189, diff=-161157)
  Step 1765: active=312,647 lost=11,059 (+27) | L0=95.9% L1=0.4% L2=0.2% miss=3.4% | sub-step misses: k1=11032 k2=11053 k3=11032 k4=11064 final=11059 | SA-L2: 0/27 newly-lost found by standalone | (prev: lost=172,242, diff=-161183)
  Step 1766: active=312,621 lost=11,085 (+26) | L0=95.9% L1=0.4% L2=0.2% miss=3.4% | sub-step misses: k1=11059 k2=11074 k3=11059 k4=11090 final=11085 | SA-L2: 0/26 newly-lost found by standalone | (prev: lost=172,286, diff=-161201)
  Step 1767: active=312,594 lost=11,112 (+27) | L0=95.9% L1=0.4% L2=0.2% miss=3.4% | sub-step misses: k1=11085 k2=11102 k3=11085 k4=11115 final=11112 | SA-L2: 0/27 newly-lost found by standalone | (prev: lost=172,338, diff=-161226)
  Step 1768: active=312,561 lost=11,145 (+33) | L0=95.9% L1=0.4% L2=0.2% miss=3.4% | sub-step misses: k1=11112 k2=11133 k3=11112 k4=11147 final=11145 | SA-L2: 0/33 newly-lost found by standalone | (prev: lost=172,400, diff=-161255)
  Step 1769: active=312,534 lost=11,172 (+27) | L0=95.9% L1=0.4% L2=0.2% miss=3.4% | sub-step misses: k1=11145 k2=11165 k3=11145 k4=11179 final=11172 | SA-L2: 0/27 newly-lost found by standalone | (prev: lost=172,433, diff=-161261)
  Step 1770: active=312,498 lost=11,208 (+36) | L0=95.9% L1=0.4% L2=0.2% miss=3.5% | sub-step misses: k1=11172 k2=11200 k3=11172 k4=11217 final=11208 | SA-L2: 0/36 newly-lost found by standalone | (prev: lost=172,485, diff=-161277)
  Step 1771: active=312,460 lost=11,246 (+38) | L0=95.9% L1=0.4% L2=0.2% miss=3.5% | sub-step misses: k1=11208 k2=11235 k3=11208 k4=11250 final=11246 | SA-L2: 0/38 newly-lost found by standalone | (prev: lost=172,522, diff=-161276)
  Step 1772: active=312,426 lost=11,280 (+34) | L0=95.8% L1=0.4% L2=0.2% miss=3.5% | sub-step misses: k1=11246 k2=11268 k3=11246 k4=11286 final=11280 | SA-L2: 0/34 newly-lost found by standalone | (prev: lost=172,566, diff=-161286)
  Step 1773: active=312,395 lost=11,311 (+31) | L0=95.8% L1=0.4% L2=0.2% miss=3.5% | sub-step misses: k1=11280 k2=11302 k3=11280 k4=11314 final=11311 | SA-L2: 0/31 newly-lost found by standalone | (prev: lost=172,623, diff=-161312)
  Step 1774: active=312,364 lost=11,342 (+31) | L0=95.8% L1=0.4% L2=0.2% miss=3.5% | sub-step misses: k1=11311 k2=11330 k3=11311 k4=11345 final=11342 | SA-L2: 0/31 newly-lost found by standalone | (prev: lost=172,669, diff=-161327)
  Step 1775: active=312,336 lost=11,370 (+28) | L0=95.8% L1=0.4% L2=0.2% miss=3.5% | sub-step misses: k1=11342 k2=11362 k3=11342 k4=11373 final=11370 | SA-L2: 0/28 newly-lost found by standalone | (prev: lost=172,711, diff=-161341)
  Step 1776: active=312,310 lost=11,396 (+26) | L0=95.8% L1=0.4% L2=0.2% miss=3.5% | sub-step misses: k1=11370 k2=11385 k3=11370 k4=11401 final=11396 | SA-L2: 0/26 newly-lost found by standalone | (prev: lost=172,756, diff=-161360)
  Step 1777: active=312,273 lost=11,433 (+37) | L0=95.8% L1=0.4% L2=0.2% miss=3.5% | sub-step misses: k1=11396 k2=11419 k3=11396 k4=11438 final=11433 | SA-L2: 0/37 newly-lost found by standalone | (prev: lost=172,814, diff=-161381)
  Step 1778: active=312,237 lost=11,469 (+36) | L0=95.8% L1=0.4% L2=0.2% miss=3.5% | sub-step misses: k1=11433 k2=11461 k3=11433 k4=11473 final=11469 | SA-L2: 0/36 newly-lost found by standalone | (prev: lost=172,848, diff=-161379)
  Step 1779: active=312,209 lost=11,497 (+28) | L0=95.8% L1=0.4% L2=0.2% miss=3.5% | sub-step misses: k1=11469 k2=11487 k3=11469 k4=11506 final=11497 | SA-L2: 0/28 newly-lost found by standalone | (prev: lost=172,896, diff=-161399)
  Step 1780: active=312,163 lost=11,543 (+46) | L0=95.8% L1=0.4% L2=0.2% miss=3.6% | sub-step misses: k1=11497 k2=11531 k3=11497 k4=11547 final=11543 | SA-L2: 0/46 newly-lost found by standalone | (prev: lost=172,932, diff=-161389)
  Step 1781: active=312,134 lost=11,572 (+29) | L0=95.8% L1=0.4% L2=0.2% miss=3.6% | sub-step misses: k1=11543 k2=11564 k3=11543 k4=11577 final=11572 | SA-L2: 0/29 newly-lost found by standalone | (prev: lost=172,963, diff=-161391)
  Step 1782: active=312,097 lost=11,609 (+37) | L0=95.8% L1=0.4% L2=0.2% miss=3.6% | sub-step misses: k1=11572 k2=11593 k3=11572 k4=11613 final=11609 | SA-L2: 0/37 newly-lost found by standalone | (prev: lost=173,011, diff=-161402)
  Step 1783: active=312,066 lost=11,640 (+31) | L0=95.7% L1=0.4% L2=0.2% miss=3.6% | sub-step misses: k1=11609 k2=11633 k3=11609 k4=11644 final=11640 | SA-L2: 0/31 newly-lost found by standalone | (prev: lost=173,056, diff=-161416)
  Step 1784: active=312,038 lost=11,668 (+28) | L0=95.7% L1=0.4% L2=0.2% miss=3.6% | sub-step misses: k1=11640 k2=11658 k3=11640 k4=11674 final=11668 | SA-L2: 0/28 newly-lost found by standalone | (prev: lost=173,100, diff=-161432)
  Step 1785: active=312,006 lost=11,700 (+32) | L0=95.7% L1=0.4% L2=0.2% miss=3.6% | sub-step misses: k1=11668 k2=11689 k3=11668 k4=11705 final=11700 | SA-L2: 0/32 newly-lost found by standalone | (prev: lost=173,143, diff=-161443)
  Step 1786: active=311,973 lost=11,733 (+33) | L0=95.7% L1=0.4% L2=0.2% miss=3.6% | sub-step misses: k1=11700 k2=11721 k3=11700 k4=11740 final=11733 | SA-L2: 0/33 newly-lost found by standalone | (prev: lost=173,187, diff=-161454)
  Step 1787: active=311,947 lost=11,759 (+26) | L0=95.7% L1=0.4% L2=0.2% miss=3.6% | sub-step misses: k1=11733 k2=11751 k3=11733 k4=11765 final=11759 | SA-L2: 0/26 newly-lost found by standalone | (prev: lost=173,235, diff=-161476)
  Step 1788: active=311,919 lost=11,787 (+28) | L0=95.7% L1=0.4% L2=0.2% miss=3.6% | sub-step misses: k1=11759 k2=11782 k3=11759 k4=11793 final=11787 | SA-L2: 0/28 newly-lost found by standalone | (prev: lost=173,266, diff=-161479)
  Step 1789: active=311,878 lost=11,828 (+41) | L0=95.7% L1=0.4% L2=0.2% miss=3.6% | sub-step misses: k1=11787 k2=11810 k3=11787 k4=11830 final=11828 | SA-L2: 0/41 newly-lost found by standalone | (prev: lost=173,310, diff=-161482)
  Step 1790: active=311,845 lost=11,861 (+33) | L0=95.7% L1=0.4% L2=0.2% miss=3.7% | sub-step misses: k1=11828 k2=11848 k3=11828 k4=11865 final=11861 | SA-L2: 0/33 newly-lost found by standalone | (prev: lost=173,346, diff=-161485)
  Step 1791: active=311,807 lost=11,899 (+38) | L0=95.7% L1=0.4% L2=0.2% miss=3.7% | sub-step misses: k1=11861 k2=11886 k3=11861 k4=11902 final=11899 | SA-L2: 0/38 newly-lost found by standalone | (prev: lost=173,391, diff=-161492)
  Step 1792: active=311,778 lost=11,928 (+29) | L0=95.7% L1=0.4% L2=0.2% miss=3.7% | sub-step misses: k1=11899 k2=11918 k3=11899 k4=11933 final=11928 | SA-L2: 0/29 newly-lost found by standalone | (prev: lost=173,435, diff=-161507)
  Step 1793: active=311,744 lost=11,962 (+34) | L0=95.6% L1=0.4% L2=0.2% miss=3.7% | sub-step misses: k1=11928 k2=11954 k3=11928 k4=11970 final=11962 | SA-L2: 0/34 newly-lost found by standalone | (prev: lost=173,477, diff=-161515)
  Step 1794: active=311,710 lost=11,996 (+34) | L0=95.6% L1=0.4% L2=0.2% miss=3.7% | sub-step misses: k1=11962 k2=11991 k3=11962 k4=12001 final=11996 | SA-L2: 0/34 newly-lost found by standalone | (prev: lost=173,518, diff=-161522)
  Step 1795: active=311,679 lost=12,027 (+31) | L0=95.6% L1=0.4% L2=0.2% miss=3.7% | sub-step misses: k1=11996 k2=12017 k3=11996 k4=12032 final=12027 | SA-L2: 0/31 newly-lost found by standalone | (prev: lost=173,553, diff=-161526)
  Step 1796: active=311,647 lost=12,059 (+32) | L0=95.6% L1=0.4% L2=0.2% miss=3.7% | sub-step misses: k1=12027 k2=12044 k3=12027 k4=12062 final=12059 | SA-L2: 0/32 newly-lost found by standalone | (prev: lost=173,602, diff=-161543)
  Step 1797: active=311,610 lost=12,096 (+37) | L0=95.6% L1=0.4% L2=0.2% miss=3.7% | sub-step misses: k1=12059 k2=12083 k3=12059 k4=12104 final=12096 | SA-L2: 0/37 newly-lost found by standalone | (prev: lost=173,637, diff=-161541)
  Step 1798: active=311,569 lost=12,137 (+41) | L0=95.6% L1=0.4% L2=0.2% miss=3.7% | sub-step misses: k1=12096 k2=12127 k3=12096 k4=12139 final=12137 | SA-L2: 0/41 newly-lost found by standalone | (prev: lost=173,670, diff=-161533)
  Step 1799: active=311,545 lost=12,161 (+24) | L0=95.6% L1=0.4% L2=0.2% miss=3.8% | sub-step misses: k1=12137 k2=12151 k3=12137 k4=12167 final=12161 | SA-L2: 0/24 newly-lost found by standalone | (prev: lost=173,700, diff=-161539)
  Step 1800: active=311,509 lost=12,197 (+36) | L0=95.6% L1=0.4% L2=0.2% miss=3.8% | sub-step misses: k1=12161 k2=12185 k3=12161 k4=12205 final=12197 | SA-L2: 0/36 newly-lost found by standalone | (prev: lost=173,743, diff=-161546)
  Step 1801: active=311,478 lost=12,228 (+31) | L0=95.6% L1=0.4% L2=0.2% miss=3.8% | sub-step misses: k1=12197 k2=12218 k3=12197 k4=12236 final=12228 | SA-L2: 0/31 newly-lost found by standalone | (prev: lost=173,776, diff=-161548)
  Step 1802: active=311,433 lost=12,273 (+45) | L0=95.5% L1=0.4% L2=0.2% miss=3.8% | sub-step misses: k1=12228 k2=12256 k3=12228 k4=12280 final=12273 | SA-L2: 0/45 newly-lost found by standalone | (prev: lost=173,823, diff=-161550)
  Step 1803: active=311,401 lost=12,305 (+32) | L0=95.5% L1=0.4% L2=0.2% miss=3.8% | sub-step misses: k1=12273 k2=12299 k3=12273 k4=12311 final=12305 | SA-L2: 0/32 newly-lost found by standalone | (prev: lost=173,859, diff=-161554)
  Step 1804: active=311,375 lost=12,331 (+26) | L0=95.5% L1=0.4% L2=0.2% miss=3.8% | sub-step misses: k1=12305 k2=12324 k3=12305 k4=12336 final=12331 | SA-L2: 0/26 newly-lost found by standalone | (prev: lost=173,898, diff=-161567)
  Step 1805: active=311,346 lost=12,360 (+29) | L0=95.5% L1=0.4% L2=0.2% miss=3.8% | sub-step misses: k1=12331 k2=12349 k3=12332 k4=12364 final=12360 | SA-L2: 0/29 newly-lost found by standalone | (prev: lost=173,920, diff=-161560)
  Step 1806: active=311,311 lost=12,395 (+35) | L0=95.5% L1=0.4% L2=0.2% miss=3.8% | sub-step misses: k1=12360 k2=12384 k3=12360 k4=12401 final=12395 | SA-L2: 0/35 newly-lost found by standalone | (prev: lost=173,964, diff=-161569)
  Step 1807: active=311,271 lost=12,435 (+40) | L0=95.5% L1=0.4% L2=0.2% miss=3.8% | sub-step misses: k1=12395 k2=12426 k3=12395 k4=12439 final=12435 | SA-L2: 0/40 newly-lost found by standalone | (prev: lost=173,996, diff=-161561)
  Step 1808: active=311,232 lost=12,474 (+39) | L0=95.5% L1=0.4% L2=0.2% miss=3.8% | sub-step misses: k1=12435 k2=12462 k3=12435 k4=12479 final=12474 | SA-L2: 0/39 newly-lost found by standalone | (prev: lost=174,027, diff=-161553)
  Step 1809: active=311,198 lost=12,508 (+34) | L0=95.5% L1=0.4% L2=0.2% miss=3.9% | sub-step misses: k1=12474 k2=12497 k3=12474 k4=12512 final=12508 | SA-L2: 0/34 newly-lost found by standalone | (prev: lost=174,067, diff=-161559)
  Step 1810: active=311,168 lost=12,538 (+30) | L0=95.5% L1=0.4% L2=0.2% miss=3.9% | sub-step misses: k1=12508 k2=12532 k3=12508 k4=12546 final=12538 | SA-L2: 0/30 newly-lost found by standalone | (prev: lost=174,093, diff=-161555)
  Step 1811: active=311,131 lost=12,575 (+37) | L0=95.5% L1=0.4% L2=0.2% miss=3.9% | sub-step misses: k1=12538 k2=12565 k3=12538 k4=12577 final=12575 | SA-L2: 0/37 newly-lost found by standalone | (prev: lost=174,132, diff=-161557)
  Step 1812: active=311,092 lost=12,614 (+39) | L0=95.5% L1=0.4% L2=0.2% miss=3.9% | sub-step misses: k1=12575 k2=12599 k3=12575 k4=12618 final=12614 | SA-L2: 0/39 newly-lost found by standalone | (prev: lost=174,166, diff=-161552)
  Step 1813: active=311,063 lost=12,643 (+29) | L0=95.4% L1=0.4% L2=0.2% miss=3.9% | sub-step misses: k1=12614 k2=12630 k3=12614 k4=12647 final=12643 | SA-L2: 0/29 newly-lost found by standalone | (prev: lost=174,204, diff=-161561)
  Step 1814: active=311,027 lost=12,679 (+36) | L0=95.4% L1=0.4% L2=0.2% miss=3.9% | sub-step misses: k1=12643 k2=12664 k3=12643 k4=12684 final=12679 | SA-L2: 0/36 newly-lost found by standalone | (prev: lost=174,230, diff=-161551)
  Step 1815: active=310,983 lost=12,723 (+44) | L0=95.4% L1=0.4% L2=0.2% miss=3.9% | sub-step misses: k1=12679 k2=12710 k3=12679 k4=12731 final=12723 | SA-L2: 0/44 newly-lost found by standalone | (prev: lost=174,264, diff=-161541)
  Step 1816: active=310,948 lost=12,758 (+35) | L0=95.4% L1=0.4% L2=0.2% miss=3.9% | sub-step misses: k1=12723 k2=12749 k3=12723 k4=12767 final=12758 | SA-L2: 0/35 newly-lost found by standalone | (prev: lost=174,288, diff=-161530)
  Step 1817: active=310,908 lost=12,798 (+40) | L0=95.4% L1=0.4% L2=0.2% miss=3.9% | sub-step misses: k1=12758 k2=12782 k3=12758 k4=12807 final=12798 | SA-L2: 0/40 newly-lost found by standalone | (prev: lost=174,314, diff=-161516)
  Step 1818: active=310,874 lost=12,832 (+34) | L0=95.4% L1=0.4% L2=0.2% miss=4.0% | sub-step misses: k1=12798 k2=12823 k3=12798 k4=12839 final=12832 | SA-L2: 0/34 newly-lost found by standalone | (prev: lost=174,352, diff=-161520)
  Step 1819: active=310,835 lost=12,871 (+39) | L0=95.4% L1=0.4% L2=0.2% miss=4.0% | sub-step misses: k1=12832 k2=12862 k3=12832 k4=12878 final=12871 | SA-L2: 0/39 newly-lost found by standalone | (prev: lost=174,380, diff=-161509)
  Step 1820: active=310,802 lost=12,904 (+33) | L0=95.4% L1=0.4% L2=0.2% miss=4.0% | sub-step misses: k1=12871 k2=12899 k3=12871 k4=12910 final=12904 | SA-L2: 0/33 newly-lost found by standalone | (prev: lost=174,413, diff=-161509)
  Step 1821: active=310,766 lost=12,940 (+36) | L0=95.3% L1=0.4% L2=0.2% miss=4.0% | sub-step misses: k1=12904 k2=12926 k3=12904 k4=12948 final=12940 | SA-L2: 0/36 newly-lost found by standalone | (prev: lost=174,450, diff=-161510)
  Step 1822: active=310,740 lost=12,966 (+26) | L0=95.3% L1=0.4% L2=0.2% miss=4.0% | sub-step misses: k1=12940 k2=12956 k3=12940 k4=12972 final=12966 | SA-L2: 0/26 newly-lost found by standalone | (prev: lost=174,483, diff=-161517)
  Step 1823: active=310,704 lost=13,002 (+36) | L0=95.3% L1=0.4% L2=0.2% miss=4.0% | sub-step misses: k1=12966 k2=12990 k3=12966 k4=13008 final=13002 | SA-L2: 0/36 newly-lost found by standalone | (prev: lost=174,510, diff=-161508)
  Step 1824: active=310,660 lost=13,046 (+44) | L0=95.3% L1=0.4% L2=0.2% miss=4.0% | sub-step misses: k1=13002 k2=13033 k3=13002 k4=13056 final=13046 | SA-L2: 0/44 newly-lost found by standalone | (prev: lost=174,533, diff=-161487)
  Step 1825: active=310,611 lost=13,095 (+49) | L0=95.3% L1=0.4% L2=0.2% miss=4.0% | sub-step misses: k1=13046 k2=13082 k3=13046 k4=13101 final=13095 | SA-L2: 0/49 newly-lost found by standalone | (prev: lost=174,559, diff=-161464)
  Step 1826: active=310,578 lost=13,128 (+33) | L0=95.3% L1=0.4% L2=0.2% miss=4.1% | sub-step misses: k1=13095 k2=13118 k3=13095 k4=13132 final=13128 | SA-L2: 0/33 newly-lost found by standalone | (prev: lost=174,585, diff=-161457)
  Step 1827: active=310,547 lost=13,159 (+31) | L0=95.3% L1=0.4% L2=0.2% miss=4.1% | sub-step misses: k1=13128 k2=13146 k3=13128 k4=13167 final=13159 | SA-L2: 0/31 newly-lost found by standalone | (prev: lost=174,617, diff=-161458)
  Step 1828: active=310,499 lost=13,207 (+48) | L0=95.3% L1=0.4% L2=0.2% miss=4.1% | sub-step misses: k1=13159 k2=13194 k3=13159 k4=13213 final=13207 | SA-L2: 0/48 newly-lost found by standalone | (prev: lost=174,641, diff=-161434)
  Step 1829: active=310,458 lost=13,248 (+41) | L0=95.3% L1=0.4% L2=0.2% miss=4.1% | sub-step misses: k1=13207 k2=13238 k3=13207 k4=13256 final=13248 | SA-L2: 0/41 newly-lost found by standalone | (prev: lost=174,672, diff=-161424)
  Step 1830: active=310,422 lost=13,284 (+36) | L0=95.3% L1=0.4% L2=0.2% miss=4.1% | sub-step misses: k1=13248 k2=13272 k3=13248 k4=13289 final=13284 | SA-L2: 0/36 newly-lost found by standalone | (prev: lost=174,701, diff=-161417)
  Step 1831: active=310,394 lost=13,312 (+28) | L0=95.3% L1=0.4% L2=0.2% miss=4.1% | sub-step misses: k1=13284 k2=13301 k3=13284 k4=13319 final=13312 | SA-L2: 0/28 newly-lost found by standalone | (prev: lost=174,731, diff=-161419)
  Step 1832: active=310,349 lost=13,357 (+45) | L0=95.2% L1=0.4% L2=0.2% miss=4.1% | sub-step misses: k1=13312 k2=13346 k3=13312 k4=13363 final=13357 | SA-L2: 0/45 newly-lost found by standalone | (prev: lost=174,767, diff=-161410)
  Step 1833: active=310,308 lost=13,398 (+41) | L0=95.2% L1=0.4% L2=0.2% miss=4.1% | sub-step misses: k1=13357 k2=13385 k3=13357 k4=13405 final=13398 | SA-L2: 0/41 newly-lost found by standalone | (prev: lost=174,785, diff=-161387)
  Step 1834: active=310,280 lost=13,426 (+28) | L0=95.2% L1=0.4% L2=0.2% miss=4.1% | sub-step misses: k1=13398 k2=13415 k3=13398 k4=13436 final=13426 | SA-L2: 0/28 newly-lost found by standalone | (prev: lost=174,806, diff=-161380)
  Step 1835: active=310,242 lost=13,464 (+38) | L0=95.2% L1=0.4% L2=0.2% miss=4.2% | sub-step misses: k1=13426 k2=13456 k3=13426 k4=13469 final=13464 | SA-L2: 0/38 newly-lost found by standalone | (prev: lost=174,829, diff=-161365)
  Step 1836: active=310,212 lost=13,494 (+30) | L0=95.2% L1=0.4% L2=0.2% miss=4.2% | sub-step misses: k1=13464 k2=13487 k3=13464 k4=13499 final=13494 | SA-L2: 0/30 newly-lost found by standalone | (prev: lost=174,854, diff=-161360)
  Step 1837: active=310,171 lost=13,535 (+41) | L0=95.2% L1=0.4% L2=0.2% miss=4.2% | sub-step misses: k1=13494 k2=13523 k3=13494 k4=13538 final=13535 | SA-L2: 0/41 newly-lost found by standalone | (prev: lost=174,878, diff=-161343)
  Step 1838: active=310,138 lost=13,568 (+33) | L0=95.2% L1=0.4% L2=0.2% miss=4.2% | sub-step misses: k1=13535 k2=13560 k3=13535 k4=13575 final=13568 | SA-L2: 0/33 newly-lost found by standalone | (prev: lost=174,905, diff=-161337)
  Step 1839: active=310,094 lost=13,612 (+44) | L0=95.2% L1=0.4% L2=0.2% miss=4.2% | sub-step misses: k1=13568 k2=13596 k3=13568 k4=13616 final=13612 | SA-L2: 0/44 newly-lost found by standalone | (prev: lost=174,935, diff=-161323)
  Step 1840: active=310,063 lost=13,643 (+31) | L0=95.1% L1=0.4% L2=0.2% miss=4.2% | sub-step misses: k1=13612 k2=13631 k3=13612 k4=13648 final=13643 | SA-L2: 0/31 newly-lost found by standalone | (prev: lost=174,956, diff=-161313)
  Step 1841: active=310,028 lost=13,678 (+35) | L0=95.1% L1=0.4% L2=0.2% miss=4.2% | sub-step misses: k1=13643 k2=13668 k3=13643 k4=13687 final=13678 | SA-L2: 0/35 newly-lost found by standalone | (prev: lost=174,991, diff=-161313)
  Step 1842: active=309,984 lost=13,722 (+44) | L0=95.1% L1=0.4% L2=0.2% miss=4.2% | sub-step misses: k1=13678 k2=13708 k3=13678 k4=13733 final=13722 | SA-L2: 0/44 newly-lost found by standalone | (prev: lost=175,016, diff=-161294)
  Step 1843: active=309,940 lost=13,766 (+44) | L0=95.1% L1=0.4% L2=0.2% miss=4.2% | sub-step misses: k1=13722 k2=13752 k3=13722 k4=13769 final=13766 | SA-L2: 0/44 newly-lost found by standalone | (prev: lost=175,045, diff=-161279)
  Step 1844: active=309,907 lost=13,799 (+33) | L0=95.1% L1=0.4% L2=0.2% miss=4.3% | sub-step misses: k1=13766 k2=13788 k3=13766 k4=13803 final=13799 | SA-L2: 0/33 newly-lost found by standalone | (prev: lost=175,059, diff=-161260)
  Step 1845: active=309,866 lost=13,840 (+41) | L0=95.1% L1=0.4% L2=0.2% miss=4.3% | sub-step misses: k1=13799 k2=13828 k3=13799 k4=13847 final=13840 | SA-L2: 0/41 newly-lost found by standalone | (prev: lost=175,080, diff=-161240)
  Step 1846: active=309,830 lost=13,876 (+36) | L0=95.1% L1=0.4% L2=0.2% miss=4.3% | sub-step misses: k1=13840 k2=13863 k3=13840 k4=13881 final=13876 | SA-L2: 0/36 newly-lost found by standalone | (prev: lost=175,104, diff=-161228)
  Step 1847: active=309,800 lost=13,906 (+30) | L0=95.1% L1=0.4% L2=0.2% miss=4.3% | sub-step misses: k1=13876 k2=13897 k3=13876 k4=13915 final=13906 | SA-L2: 0/30 newly-lost found by standalone | (prev: lost=175,126, diff=-161220)
  Step 1848: active=309,762 lost=13,944 (+38) | L0=95.1% L1=0.4% L2=0.2% miss=4.3% | sub-step misses: k1=13906 k2=13930 k3=13906 k4=13953 final=13944 | SA-L2: 0/38 newly-lost found by standalone | (prev: lost=175,154, diff=-161210)
  Step 1849: active=309,717 lost=13,989 (+45) | L0=95.0% L1=0.4% L2=0.2% miss=4.3% | sub-step misses: k1=13944 k2=13977 k3=13944 k4=13991 final=13989 | SA-L2: 0/45 newly-lost found by standalone | (prev: lost=175,176, diff=-161187)
  Step 1850: active=309,684 lost=14,022 (+33) | L0=95.0% L1=0.4% L2=0.2% miss=4.3% | sub-step misses: k1=13989 k2=14008 k3=13989 k4=14033 final=14022 | SA-L2: 0/33 newly-lost found by standalone | (prev: lost=175,206, diff=-161184)
  Step 1851: active=309,642 lost=14,064 (+42) | L0=95.0% L1=0.4% L2=0.2% miss=4.3% | sub-step misses: k1=14022 k2=14051 k3=14022 k4=14072 final=14064 | SA-L2: 0/42 newly-lost found by standalone | (prev: lost=175,226, diff=-161162)
  Step 1852: active=309,592 lost=14,114 (+50) | L0=95.0% L1=0.4% L2=0.2% miss=4.4% | sub-step misses: k1=14064 k2=14100 k3=14064 k4=14121 final=14114 | SA-L2: 0/50 newly-lost found by standalone | (prev: lost=175,247, diff=-161133)
  Step 1853: active=309,543 lost=14,163 (+49) | L0=95.0% L1=0.4% L2=0.2% miss=4.4% | sub-step misses: k1=14114 k2=14143 k3=14114 k4=14165 final=14163 | SA-L2: 0/49 newly-lost found by standalone | (prev: lost=175,267, diff=-161104)
  Step 1854: active=309,511 lost=14,195 (+32) | L0=95.0% L1=0.4% L2=0.2% miss=4.4% | sub-step misses: k1=14163 k2=14181 k3=14163 k4=14204 final=14195 | SA-L2: 0/32 newly-lost found by standalone | (prev: lost=175,283, diff=-161088)
  Step 1855: active=309,469 lost=14,237 (+42) | L0=95.0% L1=0.4% L2=0.2% miss=4.4% | sub-step misses: k1=14195 k2=14218 k3=14195 k4=14242 final=14237 | SA-L2: 0/42 newly-lost found by standalone | (prev: lost=175,302, diff=-161065)
  Step 1856: active=309,436 lost=14,270 (+33) | L0=95.0% L1=0.4% L2=0.2% miss=4.4% | sub-step misses: k1=14237 k2=14258 k3=14237 k4=14276 final=14270 | SA-L2: 0/33 newly-lost found by standalone | (prev: lost=175,316, diff=-161046)
  Step 1857: active=309,397 lost=14,309 (+39) | L0=95.0% L1=0.4% L2=0.2% miss=4.4% | sub-step misses: k1=14270 k2=14292 k3=14270 k4=14317 final=14309 | SA-L2: 0/39 newly-lost found by standalone | (prev: lost=175,336, diff=-161027)
  Step 1858: active=309,359 lost=14,347 (+38) | L0=94.9% L1=0.4% L2=0.2% miss=4.4% | sub-step misses: k1=14309 k2=14335 k3=14309 k4=14354 final=14347 | SA-L2: 0/38 newly-lost found by standalone | (prev: lost=175,354, diff=-161007)
  Step 1859: active=309,315 lost=14,391 (+44) | L0=94.9% L1=0.4% L2=0.2% miss=4.4% | sub-step misses: k1=14347 k2=14372 k3=14347 k4=14396 final=14391 | SA-L2: 0/44 newly-lost found by standalone | (prev: lost=175,380, diff=-160989)
  Step 1860: active=309,280 lost=14,426 (+35) | L0=94.9% L1=0.4% L2=0.2% miss=4.5% | sub-step misses: k1=14391 k2=14414 k3=14391 k4=14437 final=14426 | SA-L2: 0/35 newly-lost found by standalone | (prev: lost=175,400, diff=-160974)
  Step 1861: active=309,232 lost=14,474 (+48) | L0=94.9% L1=0.4% L2=0.2% miss=4.5% | sub-step misses: k1=14426 k2=14461 k3=14426 k4=14482 final=14474 | SA-L2: 0/48 newly-lost found by standalone | (prev: lost=175,423, diff=-160949)
  Step 1862: active=309,184 lost=14,522 (+48) | L0=94.9% L1=0.4% L2=0.2% miss=4.5% | sub-step misses: k1=14474 k2=14511 k3=14474 k4=14528 final=14522 | SA-L2: 0/48 newly-lost found by standalone | (prev: lost=175,440, diff=-160918)
  Step 1863: active=309,140 lost=14,566 (+44) | L0=94.9% L1=0.4% L2=0.2% miss=4.5% | sub-step misses: k1=14522 k2=14548 k3=14522 k4=14575 final=14566 | SA-L2: 0/44 newly-lost found by standalone | (prev: lost=175,453, diff=-160887)
  Step 1864: active=309,107 lost=14,599 (+33) | L0=94.9% L1=0.4% L2=0.2% miss=4.5% | sub-step misses: k1=14566 k2=14588 k3=14566 k4=14606 final=14599 | SA-L2: 0/33 newly-lost found by standalone | (prev: lost=175,472, diff=-160873)
  Step 1865: active=309,076 lost=14,630 (+31) | L0=94.9% L1=0.4% L2=0.2% miss=4.5% | sub-step misses: k1=14599 k2=14623 k3=14599 k4=14640 final=14630 | SA-L2: 0/31 newly-lost found by standalone | (prev: lost=175,489, diff=-160859)
  Step 1866: active=309,021 lost=14,685 (+55) | L0=94.8% L1=0.4% L2=0.2% miss=4.5% | sub-step misses: k1=14630 k2=14662 k3=14630 k4=14693 final=14685 | SA-L2: 0/55 newly-lost found by standalone | (prev: lost=175,502, diff=-160817)
  Step 1867: active=308,978 lost=14,728 (+43) | L0=94.8% L1=0.4% L2=0.2% miss=4.5% | sub-step misses: k1=14685 k2=14715 k3=14685 k4=14733 final=14728 | SA-L2: 0/43 newly-lost found by standalone | (prev: lost=175,517, diff=-160789)
  Step 1868: active=308,948 lost=14,758 (+30) | L0=94.8% L1=0.4% L2=0.2% miss=4.6% | sub-step misses: k1=14728 k2=14745 k3=14728 k4=14764 final=14758 | SA-L2: 0/30 newly-lost found by standalone | (prev: lost=175,541, diff=-160783)
  Step 1869: active=308,910 lost=14,796 (+38) | L0=94.8% L1=0.4% L2=0.2% miss=4.6% | sub-step misses: k1=14758 k2=14784 k3=14758 k4=14800 final=14796 | SA-L2: 0/38 newly-lost found by standalone | (prev: lost=175,560, diff=-160764)
  Step 1870: active=308,874 lost=14,832 (+36) | L0=94.8% L1=0.4% L2=0.2% miss=4.6% | sub-step misses: k1=14796 k2=14822 k3=14796 k4=14837 final=14832 | SA-L2: 0/36 newly-lost found by standalone | (prev: lost=175,577, diff=-160745)
  Step 1871: active=308,833 lost=14,873 (+41) | L0=94.8% L1=0.4% L2=0.2% miss=4.6% | sub-step misses: k1=14832 k2=14863 k3=14832 k4=14883 final=14873 | SA-L2: 0/41 newly-lost found by standalone | (prev: lost=175,595, diff=-160722)
  Step 1872: active=308,803 lost=14,903 (+30) | L0=94.8% L1=0.4% L2=0.2% miss=4.6% | sub-step misses: k1=14873 k2=14896 k3=14873 k4=14912 final=14903 | SA-L2: 0/30 newly-lost found by standalone | (prev: lost=175,601, diff=-160698)
  Step 1873: active=308,762 lost=14,944 (+41) | L0=94.8% L1=0.4% L2=0.2% miss=4.6% | sub-step misses: k1=14903 k2=14933 k3=14903 k4=14949 final=14944 | SA-L2: 0/41 newly-lost found by standalone | (prev: lost=175,616, diff=-160672)
  Step 1874: active=308,719 lost=14,987 (+43) | L0=94.8% L1=0.4% L2=0.2% miss=4.6% | sub-step misses: k1=14944 k2=14976 k3=14944 k4=14994 final=14987 | SA-L2: 0/43 newly-lost found by standalone | (prev: lost=175,633, diff=-160646)
  Step 1875: active=308,683 lost=15,023 (+36) | L0=94.7% L1=0.4% L2=0.2% miss=4.6% | sub-step misses: k1=14987 k2=15011 k3=14987 k4=15034 final=15023 | SA-L2: 0/36 newly-lost found by standalone | (prev: lost=175,645, diff=-160622)
  Step 1876: active=308,634 lost=15,072 (+49) | L0=94.7% L1=0.4% L2=0.2% miss=4.6% | sub-step misses: k1=15023 k2=15056 k3=15023 k4=15078 final=15072 | SA-L2: 0/49 newly-lost found by standalone | (prev: lost=175,660, diff=-160588)
  Step 1877: active=308,596 lost=15,110 (+38) | L0=94.7% L1=0.4% L2=0.2% miss=4.7% | sub-step misses: k1=15072 k2=15101 k3=15072 k4=15117 final=15110 | SA-L2: 0/38 newly-lost found by standalone | (prev: lost=175,677, diff=-160567)
  Step 1878: active=308,557 lost=15,149 (+39) | L0=94.7% L1=0.4% L2=0.2% miss=4.7% | sub-step misses: k1=15110 k2=15138 k3=15110 k4=15162 final=15149 | SA-L2: 0/39 newly-lost found by standalone | (prev: lost=175,694, diff=-160545)
  Step 1879: active=308,508 lost=15,198 (+49) | L0=94.7% L1=0.4% L2=0.2% miss=4.7% | sub-step misses: k1=15149 k2=15184 k3=15149 k4=15207 final=15198 | SA-L2: 0/49 newly-lost found by standalone | (prev: lost=175,717, diff=-160519)
  Step 1880: active=308,467 lost=15,239 (+41) | L0=94.7% L1=0.4% L2=0.2% miss=4.7% | sub-step misses: k1=15198 k2=15222 k3=15198 k4=15248 final=15239 | SA-L2: 0/41 newly-lost found by standalone | (prev: lost=175,736, diff=-160497)
  Step 1881: active=308,427 lost=15,279 (+40) | L0=94.7% L1=0.4% L2=0.2% miss=4.7% | sub-step misses: k1=15239 k2=15267 k3=15239 k4=15283 final=15279 | SA-L2: 0/40 newly-lost found by standalone | (prev: lost=175,751, diff=-160472)
  Step 1882: active=308,387 lost=15,319 (+40) | L0=94.6% L1=0.4% L2=0.2% miss=4.7% | sub-step misses: k1=15279 k2=15307 k3=15279 k4=15323 final=15319 | SA-L2: 0/40 newly-lost found by standalone | (prev: lost=175,760, diff=-160441)
  Step 1883: active=308,348 lost=15,358 (+39) | L0=94.6% L1=0.4% L2=0.2% miss=4.7% | sub-step misses: k1=15319 k2=15343 k3=15319 k4=15366 final=15358 | SA-L2: 0/39 newly-lost found by standalone | (prev: lost=175,772, diff=-160414)
  Step 1884: active=308,309 lost=15,397 (+39) | L0=94.6% L1=0.4% L2=0.2% miss=4.8% | sub-step misses: k1=15358 k2=15387 k3=15358 k4=15405 final=15397 | SA-L2: 0/39 newly-lost found by standalone | (prev: lost=175,783, diff=-160386)
  Step 1885: active=308,261 lost=15,445 (+48) | L0=94.6% L1=0.4% L2=0.2% miss=4.8% | sub-step misses: k1=15397 k2=15430 k3=15397 k4=15450 final=15445 | SA-L2: 0/48 newly-lost found by standalone | (prev: lost=175,797, diff=-160352)
  Step 1886: active=308,232 lost=15,474 (+29) | L0=94.6% L1=0.4% L2=0.2% miss=4.8% | sub-step misses: k1=15445 k2=15469 k3=15445 k4=15482 final=15474 | SA-L2: 0/29 newly-lost found by standalone | (prev: lost=175,809, diff=-160335)
  Step 1887: active=308,179 lost=15,527 (+53) | L0=94.6% L1=0.4% L2=0.2% miss=4.8% | sub-step misses: k1=15474 k2=15511 k3=15474 k4=15533 final=15527 | SA-L2: 0/53 newly-lost found by standalone | (prev: lost=175,823, diff=-160296)
  Step 1888: active=308,146 lost=15,560 (+33) | L0=94.6% L1=0.4% L2=0.2% miss=4.8% | sub-step misses: k1=15527 k2=15547 k3=15527 k4=15566 final=15560 | SA-L2: 0/33 newly-lost found by standalone | (prev: lost=175,834, diff=-160274)
  Step 1889: active=308,104 lost=15,602 (+42) | L0=94.6% L1=0.4% L2=0.2% miss=4.8% | sub-step misses: k1=15560 k2=15587 k3=15560 k4=15611 final=15602 | SA-L2: 0/42 newly-lost found by standalone | (prev: lost=175,857, diff=-160255)
  Step 1890: active=308,065 lost=15,641 (+39) | L0=94.6% L1=0.4% L2=0.2% miss=4.8% | sub-step misses: k1=15602 k2=15630 k3=15602 k4=15650 final=15641 | SA-L2: 0/39 newly-lost found by standalone | (prev: lost=175,880, diff=-160239)
  Step 1891: active=308,025 lost=15,681 (+40) | L0=94.5% L1=0.4% L2=0.2% miss=4.8% | sub-step misses: k1=15641 k2=15671 k3=15641 k4=15689 final=15681 | SA-L2: 0/40 newly-lost found by standalone | (prev: lost=175,888, diff=-160207)
  Step 1892: active=307,981 lost=15,725 (+44) | L0=94.5% L1=0.4% L2=0.2% miss=4.9% | sub-step misses: k1=15681 k2=15709 k3=15681 k4=15728 final=15725 | SA-L2: 0/44 newly-lost found by standalone | (prev: lost=175,896, diff=-160171)
  Step 1893: active=307,940 lost=15,766 (+41) | L0=94.5% L1=0.4% L2=0.2% miss=4.9% | sub-step misses: k1=15725 k2=15753 k3=15725 k4=15774 final=15766 | SA-L2: 0/41 newly-lost found by standalone | (prev: lost=175,909, diff=-160143)
  Step 1894: active=307,887 lost=15,819 (+53) | L0=94.5% L1=0.4% L2=0.2% miss=4.9% | sub-step misses: k1=15766 k2=15807 k3=15766 k4=15827 final=15819 | SA-L2: 0/53 newly-lost found by standalone | (prev: lost=175,919, diff=-160100)
  Step 1895: active=307,844 lost=15,862 (+43) | L0=94.5% L1=0.4% L2=0.2% miss=4.9% | sub-step misses: k1=15819 k2=15849 k3=15819 k4=15873 final=15862 | SA-L2: 0/43 newly-lost found by standalone | (prev: lost=175,934, diff=-160072)
  Step 1896: active=307,793 lost=15,913 (+51) | L0=94.5% L1=0.4% L2=0.2% miss=4.9% | sub-step misses: k1=15862 k2=15895 k3=15862 k4=15921 final=15913 | SA-L2: 0/51 newly-lost found by standalone | (prev: lost=175,947, diff=-160034)
  Step 1897: active=307,753 lost=15,953 (+40) | L0=94.5% L1=0.4% L2=0.2% miss=4.9% | sub-step misses: k1=15913 k2=15939 k3=15913 k4=15958 final=15953 | SA-L2: 0/40 newly-lost found by standalone | (prev: lost=175,961, diff=-160008)
  Step 1898: active=307,713 lost=15,993 (+40) | L0=94.5% L1=0.4% L2=0.2% miss=4.9% | sub-step misses: k1=15953 k2=15976 k3=15953 k4=16006 final=15993 | SA-L2: 0/40 newly-lost found by standalone | (prev: lost=175,978, diff=-159985)
  Step 1899: active=307,663 lost=16,043 (+50) | L0=94.4% L1=0.4% L2=0.2% miss=4.9% | sub-step misses: k1=15993 k2=16029 k3=15993 k4=16045 final=16043 | SA-L2: 0/50 newly-lost found by standalone | (prev: lost=175,995, diff=-159952)
  Step 1900: active=307,634 lost=16,072 (+29) | L0=94.4% L1=0.4% L2=0.2% miss=5.0% | sub-step misses: k1=16043 k2=16061 k3=16043 k4=16078 final=16072 | SA-L2: 0/29 newly-lost found by standalone | (prev: lost=176,014, diff=-159942)
  Step 1901: active=307,603 lost=16,103 (+31) | L0=94.4% L1=0.4% L2=0.2% miss=5.0% | sub-step misses: k1=16072 k2=16094 k3=16072 k4=16109 final=16103 | SA-L2: 0/31 newly-lost found by standalone | (prev: lost=176,020, diff=-159917)
  Step 1902: active=307,564 lost=16,142 (+39) | L0=94.4% L1=0.4% L2=0.2% miss=5.0% | sub-step misses: k1=16103 k2=16126 k3=16103 k4=16153 final=16142 | SA-L2: 0/39 newly-lost found by standalone | (prev: lost=176,032, diff=-159890)
  Step 1903: active=307,517 lost=16,189 (+47) | L0=94.4% L1=0.4% L2=0.2% miss=5.0% | sub-step misses: k1=16142 k2=16173 k3=16142 k4=16198 final=16189 | SA-L2: 0/47 newly-lost found by standalone | (prev: lost=176,046, diff=-159857)
  Step 1904: active=307,473 lost=16,233 (+44) | L0=94.4% L1=0.4% L2=0.2% miss=5.0% | sub-step misses: k1=16189 k2=16217 k3=16189 k4=16236 final=16233 | SA-L2: 0/44 newly-lost found by standalone | (prev: lost=176,057, diff=-159824)
  Step 1905: active=307,422 lost=16,284 (+51) | L0=94.4% L1=0.4% L2=0.2% miss=5.0% | sub-step misses: k1=16233 k2=16267 k3=16233 k4=16288 final=16284 | SA-L2: 0/51 newly-lost found by standalone | (prev: lost=176,076, diff=-159792)
  Step 1906: active=307,381 lost=16,325 (+41) | L0=94.3% L1=0.4% L2=0.2% miss=5.0% | sub-step misses: k1=16284 k2=16310 k3=16284 k4=16331 final=16325 | SA-L2: 0/41 newly-lost found by standalone | (prev: lost=176,085, diff=-159760)
  Step 1907: active=307,336 lost=16,370 (+45) | L0=94.3% L1=0.4% L2=0.2% miss=5.1% | sub-step misses: k1=16325 k2=16351 k3=16325 k4=16377 final=16370 | SA-L2: 0/45 newly-lost found by standalone | (prev: lost=176,104, diff=-159734)
  Step 1908: active=307,297 lost=16,409 (+39) | L0=94.3% L1=0.4% L2=0.2% miss=5.1% | sub-step misses: k1=16370 k2=16394 k3=16370 k4=16416 final=16409 | SA-L2: 0/39 newly-lost found by standalone | (prev: lost=176,118, diff=-159709)
  Step 1909: active=307,254 lost=16,452 (+43) | L0=94.3% L1=0.4% L2=0.2% miss=5.1% | sub-step misses: k1=16409 k2=16439 k3=16409 k4=16459 final=16452 | SA-L2: 0/43 newly-lost found by standalone | (prev: lost=176,135, diff=-159683)
  Step 1910: active=307,216 lost=16,490 (+38) | L0=94.3% L1=0.4% L2=0.2% miss=5.1% | sub-step misses: k1=16452 k2=16480 k3=16452 k4=16502 final=16490 | SA-L2: 0/38 newly-lost found by standalone | (prev: lost=176,145, diff=-159655)
  Step 1911: active=307,168 lost=16,538 (+48) | L0=94.3% L1=0.4% L2=0.2% miss=5.1% | sub-step misses: k1=16490 k2=16525 k3=16490 k4=16549 final=16538 | SA-L2: 0/48 newly-lost found by standalone | (prev: lost=176,157, diff=-159619)
  Step 1912: active=307,125 lost=16,581 (+43) | L0=94.3% L1=0.4% L2=0.2% miss=5.1% | sub-step misses: k1=16538 k2=16570 k3=16538 k4=16588 final=16581 | SA-L2: 0/43 newly-lost found by standalone | (prev: lost=176,168, diff=-159587)
  Step 1913: active=307,087 lost=16,619 (+38) | L0=94.3% L1=0.4% L2=0.2% miss=5.1% | sub-step misses: k1=16581 k2=16605 k3=16581 k4=16625 final=16619 | SA-L2: 0/38 newly-lost found by standalone | (prev: lost=176,177, diff=-159558)
  Step 1914: active=307,047 lost=16,659 (+40) | L0=94.2% L1=0.4% L2=0.2% miss=5.1% | sub-step misses: k1=16619 k2=16648 k3=16619 k4=16674 final=16659 | SA-L2: 0/40 newly-lost found by standalone | (prev: lost=176,192, diff=-159533)
  Step 1915: active=306,994 lost=16,712 (+53) | L0=94.2% L1=0.4% L2=0.2% miss=5.2% | sub-step misses: k1=16659 k2=16702 k3=16659 k4=16720 final=16712 | SA-L2: 0/53 newly-lost found by standalone | (prev: lost=176,205, diff=-159493)
  Step 1916: active=306,936 lost=16,770 (+58) | L0=94.2% L1=0.4% L2=0.2% miss=5.2% | sub-step misses: k1=16712 k2=16750 k3=16712 k4=16775 final=16770 | SA-L2: 0/58 newly-lost found by standalone | (prev: lost=176,214, diff=-159444)
  Step 1917: active=306,903 lost=16,803 (+33) | L0=94.2% L1=0.4% L2=0.2% miss=5.2% | sub-step misses: k1=16770 k2=16788 k3=16770 k4=16816 final=16803 | SA-L2: 0/33 newly-lost found by standalone | (prev: lost=176,232, diff=-159429)
  Step 1918: active=306,849 lost=16,857 (+54) | L0=94.2% L1=0.4% L2=0.2% miss=5.2% | sub-step misses: k1=16803 k2=16839 k3=16803 k4=16864 final=16857 | SA-L2: 0/54 newly-lost found by standalone | (prev: lost=176,243, diff=-159386)
  Step 1919: active=306,800 lost=16,906 (+49) | L0=94.2% L1=0.4% L2=0.2% miss=5.2% | sub-step misses: k1=16857 k2=16890 k3=16857 k4=16919 final=16906 | SA-L2: 0/49 newly-lost found by standalone | (prev: lost=176,262, diff=-159356)
  Step 1920: active=306,754 lost=16,952 (+46) | L0=94.1% L1=0.4% L2=0.2% miss=5.2% | sub-step misses: k1=16906 k2=16942 k3=16906 k4=16957 final=16952 | SA-L2: 0/46 newly-lost found by standalone | (prev: lost=176,272, diff=-159320)
  Step 1921: active=306,708 lost=16,998 (+46) | L0=94.1% L1=0.4% L2=0.2% miss=5.2% | sub-step misses: k1=16952 k2=16980 k3=16952 k4=17004 final=16998 | SA-L2: 0/46 newly-lost found by standalone | (prev: lost=176,280, diff=-159282)
  Step 1922: active=306,670 lost=17,036 (+38) | L0=94.1% L1=0.4% L2=0.2% miss=5.3% | sub-step misses: k1=16998 k2=17024 k3=16998 k4=17048 final=17036 | SA-L2: 0/38 newly-lost found by standalone | (prev: lost=176,285, diff=-159249)
  Step 1923: active=306,609 lost=17,097 (+61) | L0=94.1% L1=0.4% L2=0.2% miss=5.3% | sub-step misses: k1=17036 k2=17076 k3=17036 k4=17109 final=17097 | SA-L2: 0/61 newly-lost found by standalone | (prev: lost=176,296, diff=-159199)
  Step 1924: active=306,562 lost=17,144 (+47) | L0=94.1% L1=0.4% L2=0.2% miss=5.3% | sub-step misses: k1=17097 k2=17131 k3=17097 k4=17150 final=17144 | SA-L2: 0/47 newly-lost found by standalone | (prev: lost=176,311, diff=-159167)
  Step 1925: active=306,513 lost=17,193 (+49) | L0=94.1% L1=0.4% L2=0.2% miss=5.3% | sub-step misses: k1=17144 k2=17174 k3=17144 k4=17200 final=17193 | SA-L2: 0/49 newly-lost found by standalone | (prev: lost=176,325, diff=-159132)
  Step 1926: active=306,470 lost=17,236 (+43) | L0=94.1% L1=0.4% L2=0.2% miss=5.3% | sub-step misses: k1=17193 k2=17223 k3=17193 k4=17242 final=17236 | SA-L2: 0/43 newly-lost found by standalone | (prev: lost=176,340, diff=-159104)
  Step 1927: active=306,432 lost=17,274 (+38) | L0=94.0% L1=0.4% L2=0.2% miss=5.3% | sub-step misses: k1=17236 k2=17265 k3=17236 k4=17287 final=17274 | SA-L2: 0/38 newly-lost found by standalone | (prev: lost=176,356, diff=-159082)
  Step 1928: active=306,382 lost=17,324 (+50) | L0=94.0% L1=0.4% L2=0.2% miss=5.3% | sub-step misses: k1=17274 k2=17314 k3=17274 k4=17332 final=17324 | SA-L2: 0/50 newly-lost found by standalone | (prev: lost=176,371, diff=-159047)
  Step 1929: active=306,343 lost=17,363 (+39) | L0=94.0% L1=0.4% L2=0.2% miss=5.4% | sub-step misses: k1=17324 k2=17353 k3=17324 k4=17372 final=17363 | SA-L2: 0/39 newly-lost found by standalone | (prev: lost=176,380, diff=-159017)
  Step 1930: active=306,294 lost=17,412 (+49) | L0=94.0% L1=0.4% L2=0.2% miss=5.4% | sub-step misses: k1=17363 k2=17395 k3=17363 k4=17422 final=17412 | SA-L2: 0/49 newly-lost found by standalone | (prev: lost=176,392, diff=-158980)
  Step 1931: active=306,241 lost=17,465 (+53) | L0=94.0% L1=0.4% L2=0.2% miss=5.4% | sub-step misses: k1=17412 k2=17444 k3=17412 k4=17469 final=17465 | SA-L2: 0/53 newly-lost found by standalone | (prev: lost=176,401, diff=-158936)
  Step 1932: active=306,201 lost=17,505 (+40) | L0=94.0% L1=0.4% L2=0.2% miss=5.4% | sub-step misses: k1=17465 k2=17486 k3=17465 k4=17511 final=17505 | SA-L2: 0/40 newly-lost found by standalone | (prev: lost=176,412, diff=-158907)
  Step 1933: active=306,149 lost=17,557 (+52) | L0=94.0% L1=0.4% L2=0.2% miss=5.4% | sub-step misses: k1=17505 k2=17540 k3=17505 k4=17567 final=17557 | SA-L2: 0/52 newly-lost found by standalone | (prev: lost=176,429, diff=-158872)
  Step 1934: active=306,099 lost=17,607 (+50) | L0=93.9% L1=0.4% L2=0.2% miss=5.4% | sub-step misses: k1=17557 k2=17592 k3=17557 k4=17616 final=17607 | SA-L2: 0/50 newly-lost found by standalone | (prev: lost=176,445, diff=-158838)
  Step 1935: active=306,058 lost=17,648 (+41) | L0=93.9% L1=0.4% L2=0.2% miss=5.4% | sub-step misses: k1=17607 k2=17633 k3=17607 k4=17657 final=17648 | SA-L2: 0/41 newly-lost found by standalone | (prev: lost=176,455, diff=-158807)
  Step 1936: active=306,016 lost=17,690 (+42) | L0=93.9% L1=0.4% L2=0.2% miss=5.5% | sub-step misses: k1=17648 k2=17678 k3=17648 k4=17695 final=17690 | SA-L2: 0/42 newly-lost found by standalone | (prev: lost=176,466, diff=-158776)
  Step 1937: active=305,969 lost=17,737 (+47) | L0=93.9% L1=0.4% L2=0.2% miss=5.5% | sub-step misses: k1=17690 k2=17724 k3=17690 k4=17749 final=17737 | SA-L2: 0/47 newly-lost found by standalone | (prev: lost=176,481, diff=-158744)
  Step 1938: active=305,920 lost=17,786 (+49) | L0=93.9% L1=0.4% L2=0.2% miss=5.5% | sub-step misses: k1=17737 k2=17773 k3=17737 k4=17796 final=17786 | SA-L2: 0/49 newly-lost found by standalone | (prev: lost=176,496, diff=-158710)
  Step 1939: active=305,872 lost=17,834 (+48) | L0=93.9% L1=0.4% L2=0.2% miss=5.5% | sub-step misses: k1=17786 k2=17813 k3=17786 k4=17844 final=17834 | SA-L2: 0/48 newly-lost found by standalone | (prev: lost=176,510, diff=-158676)
  Step 1940: active=305,818 lost=17,888 (+54) | L0=93.9% L1=0.4% L2=0.2% miss=5.5% | sub-step misses: k1=17834 k2=17874 k3=17834 k4=17894 final=17888 | SA-L2: 0/54 newly-lost found by standalone | (prev: lost=176,520, diff=-158632)
  Step 1941: active=305,785 lost=17,921 (+33) | L0=93.9% L1=0.4% L2=0.2% miss=5.5% | sub-step misses: k1=17888 k2=17907 k3=17888 k4=17936 final=17921 | SA-L2: 0/33 newly-lost found by standalone | (prev: lost=176,526, diff=-158605)
  Step 1942: active=305,731 lost=17,975 (+54) | L0=93.8% L1=0.4% L2=0.2% miss=5.5% | sub-step misses: k1=17921 k2=17966 k3=17921 k4=17988 final=17975 | SA-L2: 0/54 newly-lost found by standalone | (prev: lost=176,531, diff=-158556)
  Step 1943: active=305,673 lost=18,033 (+58) | L0=93.8% L1=0.4% L2=0.2% miss=5.6% | sub-step misses: k1=17975 k2=18012 k3=17975 k4=18040 final=18033 | SA-L2: 0/58 newly-lost found by standalone | (prev: lost=176,546, diff=-158513)
  Step 1944: active=305,641 lost=18,065 (+32) | L0=93.8% L1=0.4% L2=0.2% miss=5.6% | sub-step misses: k1=18033 k2=18055 k3=18033 k4=18069 final=18065 | SA-L2: 0/32 newly-lost found by standalone | (prev: lost=176,557, diff=-158492)
  Step 1945: active=305,592 lost=18,114 (+49) | L0=93.8% L1=0.4% L2=0.2% miss=5.6% | sub-step misses: k1=18065 k2=18096 k3=18066 k4=18119 final=18114 | SA-L2: 0/49 newly-lost found by standalone | (prev: lost=176,566, diff=-158452)
  Step 1946: active=305,546 lost=18,160 (+46) | L0=93.8% L1=0.4% L2=0.2% miss=5.6% | sub-step misses: k1=18114 k2=18146 k3=18114 k4=18169 final=18160 | SA-L2: 0/46 newly-lost found by standalone | (prev: lost=176,579, diff=-158419)
  Step 1947: active=305,483 lost=18,223 (+63) | L0=93.8% L1=0.4% L2=0.2% miss=5.6% | sub-step misses: k1=18160 k2=18205 k3=18160 k4=18236 final=18223 | SA-L2: 0/63 newly-lost found by standalone | (prev: lost=176,589, diff=-158366)
  Step 1948: active=305,423 lost=18,283 (+60) | L0=93.7% L1=0.4% L2=0.2% miss=5.6% | sub-step misses: k1=18223 k2=18274 k3=18223 k4=18291 final=18283 | SA-L2: 0/60 newly-lost found by standalone | (prev: lost=176,605, diff=-158322)
  Step 1949: active=305,366 lost=18,340 (+57) | L0=93.7% L1=0.4% L2=0.2% miss=5.7% | sub-step misses: k1=18283 k2=18324 k3=18283 k4=18345 final=18340 | SA-L2: 0/57 newly-lost found by standalone | (prev: lost=176,620, diff=-158280)
  Step 1950: active=305,324 lost=18,382 (+42) | L0=93.7% L1=0.4% L2=0.2% miss=5.7% | sub-step misses: k1=18340 k2=18370 k3=18340 k4=18390 final=18382 | SA-L2: 0/42 newly-lost found by standalone | (prev: lost=176,630, diff=-158248)
  Step 1951: active=305,276 lost=18,430 (+48) | L0=93.7% L1=0.4% L2=0.2% miss=5.7% | sub-step misses: k1=18382 k2=18411 k3=18382 k4=18435 final=18430 | SA-L2: 0/48 newly-lost found by standalone | (prev: lost=176,640, diff=-158210)
  Step 1952: active=305,233 lost=18,473 (+43) | L0=93.7% L1=0.4% L2=0.2% miss=5.7% | sub-step misses: k1=18430 k2=18456 k3=18430 k4=18483 final=18473 | SA-L2: 0/43 newly-lost found by standalone | (prev: lost=176,644, diff=-158171)
  Step 1953: active=305,169 lost=18,537 (+64) | L0=93.7% L1=0.4% L2=0.2% miss=5.7% | sub-step misses: k1=18473 k2=18515 k3=18473 k4=18542 final=18537 | SA-L2: 0/64 newly-lost found by standalone | (prev: lost=176,659, diff=-158122)
  Step 1954: active=305,119 lost=18,587 (+50) | L0=93.7% L1=0.4% L2=0.2% miss=5.7% | sub-step misses: k1=18537 k2=18568 k3=18537 k4=18590 final=18587 | SA-L2: 0/50 newly-lost found by standalone | (prev: lost=176,666, diff=-158079)
  Step 1955: active=305,078 lost=18,628 (+41) | L0=93.6% L1=0.4% L2=0.2% miss=5.7% | sub-step misses: k1=18587 k2=18614 k3=18587 k4=18636 final=18628 | SA-L2: 0/41 newly-lost found by standalone | (prev: lost=176,678, diff=-158050)
  Step 1956: active=305,021 lost=18,685 (+57) | L0=93.6% L1=0.4% L2=0.2% miss=5.8% | sub-step misses: k1=18628 k2=18665 k3=18628 k4=18687 final=18685 | SA-L2: 0/57 newly-lost found by standalone | (prev: lost=176,689, diff=-158004)
  Step 1957: active=304,982 lost=18,724 (+39) | L0=93.6% L1=0.4% L2=0.2% miss=5.8% | sub-step misses: k1=18685 k2=18709 k3=18685 k4=18735 final=18724 | SA-L2: 0/39 newly-lost found by standalone | (prev: lost=176,702, diff=-157978)
  Step 1958: active=304,921 lost=18,785 (+61) | L0=93.6% L1=0.4% L2=0.2% miss=5.8% | sub-step misses: k1=18724 k2=18766 k3=18724 k4=18796 final=18785 | SA-L2: 0/61 newly-lost found by standalone | (prev: lost=176,716, diff=-157931)
  Step 1959: active=304,870 lost=18,836 (+51) | L0=93.6% L1=0.4% L2=0.2% miss=5.8% | sub-step misses: k1=18785 k2=18819 k3=18785 k4=18844 final=18836 | SA-L2: 0/51 newly-lost found by standalone | (prev: lost=176,725, diff=-157889)
  Step 1960: active=304,823 lost=18,883 (+47) | L0=93.6% L1=0.4% L2=0.2% miss=5.8% | sub-step misses: k1=18836 k2=18869 k3=18836 k4=18889 final=18883 | SA-L2: 0/47 newly-lost found by standalone | (prev: lost=176,735, diff=-157852)
  Step 1961: active=304,773 lost=18,933 (+50) | L0=93.5% L1=0.4% L2=0.2% miss=5.8% | sub-step misses: k1=18883 k2=18918 k3=18883 k4=18938 final=18933 | SA-L2: 0/50 newly-lost found by standalone | (prev: lost=176,743, diff=-157810)
  Step 1962: active=304,727 lost=18,979 (+46) | L0=93.5% L1=0.4% L2=0.2% miss=5.9% | sub-step misses: k1=18933 k2=18960 k3=18933 k4=18984 final=18979 | SA-L2: 0/46 newly-lost found by standalone | (prev: lost=176,751, diff=-157772)
  Step 1963: active=304,685 lost=19,021 (+42) | L0=93.5% L1=0.4% L2=0.2% miss=5.9% | sub-step misses: k1=18979 k2=19010 k3=18979 k4=19025 final=19021 | SA-L2: 0/42 newly-lost found by standalone | (prev: lost=176,762, diff=-157741)
  Step 1964: active=304,638 lost=19,068 (+47) | L0=93.5% L1=0.4% L2=0.2% miss=5.9% | sub-step misses: k1=19021 k2=19052 k3=19021 k4=19078 final=19068 | SA-L2: 0/47 newly-lost found by standalone | (prev: lost=176,774, diff=-157706)
  Step 1965: active=304,587 lost=19,119 (+51) | L0=93.5% L1=0.4% L2=0.2% miss=5.9% | sub-step misses: k1=19068 k2=19103 k3=19068 k4=19129 final=19119 | SA-L2: 0/51 newly-lost found by standalone | (prev: lost=176,784, diff=-157665)
  Step 1966: active=304,539 lost=19,167 (+48) | L0=93.5% L1=0.4% L2=0.2% miss=5.9% | sub-step misses: k1=19119 k2=19151 k3=19119 k4=19174 final=19167 | SA-L2: 0/48 newly-lost found by standalone | (prev: lost=176,799, diff=-157632)
  Step 1967: active=304,482 lost=19,224 (+57) | L0=93.4% L1=0.4% L2=0.2% miss=5.9% | sub-step misses: k1=19167 k2=19207 k3=19167 k4=19233 final=19224 | SA-L2: 0/57 newly-lost found by standalone | (prev: lost=176,811, diff=-157587)
  Step 1968: active=304,430 lost=19,276 (+52) | L0=93.4% L1=0.4% L2=0.2% miss=5.9% | sub-step misses: k1=19224 k2=19263 k3=19224 k4=19283 final=19276 | SA-L2: 0/52 newly-lost found by standalone | (prev: lost=176,827, diff=-157551)
  Step 1969: active=304,379 lost=19,327 (+51) | L0=93.4% L1=0.4% L2=0.2% miss=6.0% | sub-step misses: k1=19276 k2=19311 k3=19276 k4=19337 final=19327 | SA-L2: 0/51 newly-lost found by standalone | (prev: lost=176,836, diff=-157509)
  Step 1970: active=304,317 lost=19,389 (+62) | L0=93.4% L1=0.4% L2=0.2% miss=6.0% | sub-step misses: k1=19327 k2=19370 k3=19327 k4=19401 final=19389 | SA-L2: 0/62 newly-lost found by standalone | (prev: lost=176,842, diff=-157453)
  Step 1971: active=304,261 lost=19,445 (+56) | L0=93.4% L1=0.4% L2=0.2% miss=6.0% | sub-step misses: k1=19389 k2=19429 k3=19389 k4=19452 final=19445 | SA-L2: 0/56 newly-lost found by standalone | (prev: lost=176,845, diff=-157400)
  Step 1972: active=304,206 lost=19,500 (+55) | L0=93.4% L1=0.4% L2=0.2% miss=6.0% | sub-step misses: k1=19445 k2=19474 k3=19445 k4=19507 final=19500 | SA-L2: 0/55 newly-lost found by standalone | (prev: lost=176,861, diff=-157361)
  Step 1973: active=304,157 lost=19,549 (+49) | L0=93.4% L1=0.4% L2=0.2% miss=6.0% | sub-step misses: k1=19500 k2=19532 k3=19500 k4=19557 final=19549 | SA-L2: 0/49 newly-lost found by standalone | (prev: lost=176,866, diff=-157317)
  Step 1974: active=304,113 lost=19,593 (+44) | L0=93.3% L1=0.4% L2=0.2% miss=6.0% | sub-step misses: k1=19549 k2=19573 k3=19549 k4=19603 final=19593 | SA-L2: 0/44 newly-lost found by standalone | (prev: lost=176,873, diff=-157280)
  Step 1975: active=304,053 lost=19,653 (+60) | L0=93.3% L1=0.4% L2=0.2% miss=6.1% | sub-step misses: k1=19593 k2=19637 k3=19593 k4=19656 final=19653 | SA-L2: 0/60 newly-lost found by standalone | (prev: lost=176,881, diff=-157228)
  Step 1976: active=304,004 lost=19,702 (+49) | L0=93.3% L1=0.4% L2=0.2% miss=6.1% | sub-step misses: k1=19653 k2=19686 k3=19653 k4=19711 final=19702 | SA-L2: 0/49 newly-lost found by standalone | (prev: lost=176,897, diff=-157195)
  Step 1977: active=303,946 lost=19,760 (+58) | L0=93.3% L1=0.4% L2=0.2% miss=6.1% | sub-step misses: k1=19702 k2=19741 k3=19702 k4=19767 final=19760 | SA-L2: 0/58 newly-lost found by standalone | (prev: lost=176,904, diff=-157144)
  Step 1978: active=303,894 lost=19,812 (+52) | L0=93.3% L1=0.4% L2=0.2% miss=6.1% | sub-step misses: k1=19760 k2=19791 k3=19760 k4=19816 final=19812 | SA-L2: 0/52 newly-lost found by standalone | (prev: lost=176,914, diff=-157102)
  Step 1979: active=303,855 lost=19,851 (+39) | L0=93.3% L1=0.4% L2=0.2% miss=6.1% | sub-step misses: k1=19812 k2=19832 k3=19812 k4=19856 final=19851 | SA-L2: 0/39 newly-lost found by standalone | (prev: lost=176,925, diff=-157074)
  Step 1980: active=303,793 lost=19,913 (+62) | L0=93.3% L1=0.4% L2=0.2% miss=6.1% | sub-step misses: k1=19851 k2=19889 k3=19851 k4=19917 final=19913 | SA-L2: 0/62 newly-lost found by standalone | (prev: lost=176,933, diff=-157020)
  Step 1981: active=303,754 lost=19,952 (+39) | L0=93.2% L1=0.4% L2=0.2% miss=6.2% | sub-step misses: k1=19913 k2=19941 k3=19913 k4=19967 final=19952 | SA-L2: 0/39 newly-lost found by standalone | (prev: lost=176,941, diff=-156989)
  Step 1982: active=303,694 lost=20,012 (+60) | L0=93.2% L1=0.4% L2=0.2% miss=6.2% | sub-step misses: k1=19952 k2=19993 k3=19952 k4=20020 final=20012 | SA-L2: 0/60 newly-lost found by standalone | (prev: lost=176,952, diff=-156940)
  Step 1983: active=303,645 lost=20,061 (+49) | L0=93.2% L1=0.4% L2=0.2% miss=6.2% | sub-step misses: k1=20012 k2=20044 k3=20012 k4=20069 final=20061 | SA-L2: 0/49 newly-lost found by standalone | (prev: lost=176,956, diff=-156895)
  Step 1984: active=303,585 lost=20,121 (+60) | L0=93.2% L1=0.4% L2=0.2% miss=6.2% | sub-step misses: k1=20061 k2=20104 k3=20061 k4=20131 final=20121 | SA-L2: 0/60 newly-lost found by standalone | (prev: lost=176,966, diff=-156845)
  Step 1985: active=303,538 lost=20,168 (+47) | L0=93.2% L1=0.4% L2=0.2% miss=6.2% | sub-step misses: k1=20121 k2=20156 k3=20121 k4=20178 final=20168 | SA-L2: 0/47 newly-lost found by standalone | (prev: lost=176,981, diff=-156813)
  Step 1986: active=303,473 lost=20,233 (+65) | L0=93.1% L1=0.4% L2=0.2% miss=6.2% | sub-step misses: k1=20168 k2=20212 k3=20168 k4=20247 final=20233 | SA-L2: 0/65 newly-lost found by standalone | (prev: lost=176,981, diff=-156748)
  Step 1987: active=303,420 lost=20,286 (+53) | L0=93.1% L1=0.4% L2=0.2% miss=6.3% | sub-step misses: k1=20233 k2=20270 k3=20233 k4=20294 final=20286 | SA-L2: 0/53 newly-lost found by standalone | (prev: lost=176,995, diff=-156709)
  Step 1988: active=303,376 lost=20,330 (+44) | L0=93.1% L1=0.4% L2=0.2% miss=6.3% | sub-step misses: k1=20286 k2=20320 k3=20286 k4=20333 final=20330 | SA-L2: 0/44 newly-lost found by standalone | (prev: lost=177,005, diff=-156675)
  Step 1989: active=303,330 lost=20,376 (+46) | L0=93.1% L1=0.4% L2=0.2% miss=6.3% | sub-step misses: k1=20330 k2=20358 k3=20330 k4=20383 final=20376 | SA-L2: 0/46 newly-lost found by standalone | (prev: lost=177,014, diff=-156638)
  Step 1990: active=303,279 lost=20,427 (+51) | L0=93.1% L1=0.4% L2=0.2% miss=6.3% | sub-step misses: k1=20376 k2=20411 k3=20376 k4=20435 final=20427 | SA-L2: 0/51 newly-lost found by standalone | (prev: lost=177,017, diff=-156590)
  Step 1991: active=303,218 lost=20,488 (+61) | L0=93.1% L1=0.4% L2=0.2% miss=6.3% | sub-step misses: k1=20427 k2=20463 k3=20427 k4=20499 final=20488 | SA-L2: 0/61 newly-lost found by standalone | (prev: lost=177,027, diff=-156539)
  Step 1992: active=303,158 lost=20,548 (+60) | L0=93.0% L1=0.4% L2=0.2% miss=6.3% | sub-step misses: k1=20488 k2=20530 k3=20488 k4=20557 final=20548 | SA-L2: 0/60 newly-lost found by standalone | (prev: lost=177,035, diff=-156487)
  Step 1993: active=303,100 lost=20,606 (+58) | L0=93.0% L1=0.4% L2=0.2% miss=6.4% | sub-step misses: k1=20548 k2=20591 k3=20548 k4=20614 final=20606 | SA-L2: 0/58 newly-lost found by standalone | (prev: lost=177,044, diff=-156438)
  Step 1994: active=303,048 lost=20,658 (+52) | L0=93.0% L1=0.4% L2=0.2% miss=6.4% | sub-step misses: k1=20606 k2=20641 k3=20606 k4=20665 final=20658 | SA-L2: 0/52 newly-lost found by standalone | (prev: lost=177,049, diff=-156391)
  Step 1995: active=302,994 lost=20,712 (+54) | L0=93.0% L1=0.4% L2=0.2% miss=6.4% | sub-step misses: k1=20658 k2=20697 k3=20658 k4=20719 final=20712 | SA-L2: 0/54 newly-lost found by standalone | (prev: lost=177,064, diff=-156352)
  Step 1996: active=302,928 lost=20,778 (+66) | L0=93.0% L1=0.4% L2=0.2% miss=6.4% | sub-step misses: k1=20712 k2=20752 k3=20712 k4=20793 final=20778 | SA-L2: 0/66 newly-lost found by standalone | (prev: lost=177,073, diff=-156295)
  Step 1997: active=302,874 lost=20,832 (+54) | L0=93.0% L1=0.4% L2=0.2% miss=6.4% | sub-step misses: k1=20778 k2=20826 k3=20778 k4=20839 final=20832 | SA-L2: 0/54 newly-lost found by standalone | (prev: lost=177,082, diff=-156250)
  Step 1998: active=302,821 lost=20,885 (+53) | L0=92.9% L1=0.4% L2=0.2% miss=6.4% | sub-step misses: k1=20832 k2=20862 k3=20832 k4=20899 final=20885 | SA-L2: 0/53 newly-lost found by standalone | (prev: lost=177,093, diff=-156208)
  Step 1999: active=302,765 lost=20,941 (+56) | L0=92.9% L1=0.4% L2=0.2% miss=6.5% | sub-step misses: k1=20885 k2=20921 k3=20885 k4=20953 final=20941 | SA-L2: 0/56 newly-lost found by standalone | (prev: lost=177,101, diff=-156160)
  Step 2000: active=302,712 lost=20,994 (+53) | L0=92.9% L1=0.4% L2=0.2% miss=6.5% | sub-step misses: k1=20941 k2=20980 k3=20941 k4=21007 final=20994 | SA-L2: 0/53 newly-lost found by standalone | (prev: lost=177,108, diff=-156114)
  Step 2001: active=302,657 lost=21,049 (+55) | L0=92.9% L1=0.4% L2=0.2% miss=6.5% | sub-step misses: k1=20994 k2=21033 k3=20994 k4=21052 final=21049 | SA-L2: 0/55 newly-lost found by standalone | (prev: lost=177,112, diff=-156063)
  Step 2002: active=302,594 lost=21,112 (+63) | L0=92.9% L1=0.4% L2=0.2% miss=6.5% | sub-step misses: k1=21049 k2=21088 k3=21049 k4=21124 final=21112 | SA-L2: 0/63 newly-lost found by standalone | (prev: lost=177,116, diff=-156004)
  Step 2003: active=302,536 lost=21,170 (+58) | L0=92.9% L1=0.4% L2=0.2% miss=6.5% | sub-step misses: k1=21112 k2=21154 k3=21112 k4=21182 final=21170 | SA-L2: 0/58 newly-lost found by standalone | (prev: lost=177,121, diff=-155951)
  Step 2004: active=302,467 lost=21,239 (+69) | L0=92.8% L1=0.4% L2=0.2% miss=6.6% | sub-step misses: k1=21170 k2=21220 k3=21170 k4=21247 final=21239 | SA-L2: 0/69 newly-lost found by standalone | (prev: lost=177,136, diff=-155897)
  Step 2005: active=302,418 lost=21,288 (+49) | L0=92.8% L1=0.4% L2=0.2% miss=6.6% | sub-step misses: k1=21239 k2=21271 k3=21239 k4=21301 final=21288 | SA-L2: 0/49 newly-lost found by standalone | (prev: lost=177,151, diff=-155863)
  Step 2006: active=302,368 lost=21,338 (+50) | L0=92.8% L1=0.4% L2=0.2% miss=6.6% | sub-step misses: k1=21288 k2=21320 k3=21288 k4=21350 final=21338 | SA-L2: 0/50 newly-lost found by standalone | (prev: lost=177,159, diff=-155821)
  Step 2007: active=302,309 lost=21,397 (+59) | L0=92.8% L1=0.4% L2=0.2% miss=6.6% | sub-step misses: k1=21338 k2=21378 k3=21338 k4=21409 final=21397 | SA-L2: 0/59 newly-lost found by standalone | (prev: lost=177,164, diff=-155767)
  Step 2008: active=302,250 lost=21,456 (+59) | L0=92.8% L1=0.4% L2=0.2% miss=6.6% | sub-step misses: k1=21397 k2=21434 k3=21397 k4=21471 final=21456 | SA-L2: 0/59 newly-lost found by standalone | (prev: lost=177,172, diff=-155716)
  Step 2009: active=302,172 lost=21,534 (+78) | L0=92.7% L1=0.4% L2=0.2% miss=6.6% | sub-step misses: k1=21456 k2=21513 k3=21456 k4=21547 final=21534 | SA-L2: 0/78 newly-lost found by standalone | (prev: lost=177,184, diff=-155650)
  Step 2010: active=302,117 lost=21,589 (+55) | L0=92.7% L1=0.4% L2=0.2% miss=6.7% | sub-step misses: k1=21534 k2=21575 k3=21534 k4=21602 final=21589 | SA-L2: 0/55 newly-lost found by standalone | (prev: lost=177,195, diff=-155606)
  Step 2011: active=302,060 lost=21,646 (+57) | L0=92.7% L1=0.4% L2=0.2% miss=6.7% | sub-step misses: k1=21589 k2=21624 k3=21589 k4=21652 final=21646 | SA-L2: 0/57 newly-lost found by standalone | (prev: lost=177,206, diff=-155560)
  Step 2012: active=302,003 lost=21,703 (+57) | L0=92.7% L1=0.4% L2=0.2% miss=6.7% | sub-step misses: k1=21646 k2=21688 k3=21646 k4=21710 final=21703 | SA-L2: 0/57 newly-lost found by standalone | (prev: lost=177,209, diff=-155506)
  Step 2013: active=301,934 lost=21,772 (+69) | L0=92.7% L1=0.4% L2=0.2% miss=6.7% | sub-step misses: k1=21703 k2=21745 k3=21703 k4=21785 final=21772 | SA-L2: 0/69 newly-lost found by standalone | (prev: lost=177,218, diff=-155446)
  Step 2014: active=301,875 lost=21,831 (+59) | L0=92.7% L1=0.4% L2=0.2% miss=6.7% | sub-step misses: k1=21772 k2=21814 k3=21772 k4=21838 final=21831 | SA-L2: 0/59 newly-lost found by standalone | (prev: lost=177,228, diff=-155397)
  Step 2015: active=301,829 lost=21,877 (+46) | L0=92.6% L1=0.4% L2=0.2% miss=6.8% | sub-step misses: k1=21831 k2=21867 k3=21831 k4=21883 final=21877 | SA-L2: 0/46 newly-lost found by standalone | (prev: lost=177,239, diff=-155362)
  Step 2016: active=301,773 lost=21,933 (+56) | L0=92.6% L1=0.4% L2=0.2% miss=6.8% | sub-step misses: k1=21877 k2=21917 k3=21877 k4=21940 final=21933 | SA-L2: 0/56 newly-lost found by standalone | (prev: lost=177,247, diff=-155314)
  Step 2017: active=301,703 lost=22,003 (+70) | L0=92.6% L1=0.4% L2=0.2% miss=6.8% | sub-step misses: k1=21933 k2=21983 k3=21933 k4=22011 final=22003 | SA-L2: 0/70 newly-lost found by standalone | (prev: lost=177,254, diff=-155251)
  Step 2018: active=301,643 lost=22,063 (+60) | L0=92.6% L1=0.4% L2=0.2% miss=6.8% | sub-step misses: k1=22003 k2=22046 k3=22003 k4=22077 final=22063 | SA-L2: 0/60 newly-lost found by standalone | (prev: lost=177,260, diff=-155197)
  Step 2019: active=301,579 lost=22,127 (+64) | L0=92.6% L1=0.4% L2=0.2% miss=6.8% | sub-step misses: k1=22063 k2=22109 k3=22063 k4=22137 final=22127 | SA-L2: 0/64 newly-lost found by standalone | (prev: lost=177,268, diff=-155141)
  Step 2020: active=301,523 lost=22,183 (+56) | L0=92.6% L1=0.4% L2=0.2% miss=6.8% | sub-step misses: k1=22127 k2=22164 k3=22127 k4=22195 final=22183 | SA-L2: 0/56 newly-lost found by standalone | (prev: lost=177,276, diff=-155093)
  Step 2021: active=301,460 lost=22,246 (+63) | L0=92.5% L1=0.4% L2=0.2% miss=6.9% | sub-step misses: k1=22183 k2=22228 k3=22183 k4=22252 final=22246 | SA-L2: 0/63 newly-lost found by standalone | (prev: lost=177,282, diff=-155036)
  Step 2022: active=301,401 lost=22,305 (+59) | L0=92.5% L1=0.4% L2=0.2% miss=6.9% | sub-step misses: k1=22246 k2=22286 k3=22246 k4=22315 final=22305 | SA-L2: 0/59 newly-lost found by standalone | (prev: lost=177,293, diff=-154988)
  Step 2023: active=301,327 lost=22,379 (+74) | L0=92.5% L1=0.4% L2=0.2% miss=6.9% | sub-step misses: k1=22305 k2=22359 k3=22305 k4=22391 final=22379 | SA-L2: 0/74 newly-lost found by standalone | (prev: lost=177,300, diff=-154921)
  Step 2024: active=301,275 lost=22,431 (+52) | L0=92.5% L1=0.4% L2=0.2% miss=6.9% | sub-step misses: k1=22379 k2=22420 k3=22379 k4=22443 final=22431 | SA-L2: 0/52 newly-lost found by standalone | (prev: lost=177,305, diff=-154874)
  Step 2025: active=301,218 lost=22,488 (+57) | L0=92.5% L1=0.4% L2=0.2% miss=6.9% | sub-step misses: k1=22431 k2=22470 k3=22431 k4=22499 final=22488 | SA-L2: 0/57 newly-lost found by standalone | (prev: lost=177,313, diff=-154825)
  Step 2026: active=301,138 lost=22,568 (+80) | L0=92.4% L1=0.4% L2=0.2% miss=7.0% | sub-step misses: k1=22488 k2=22546 k3=22488 k4=22576 final=22568 | SA-L2: 0/80 newly-lost found by standalone | (prev: lost=177,323, diff=-154755)
  Step 2027: active=301,057 lost=22,649 (+81) | L0=92.4% L1=0.4% L2=0.2% miss=7.0% | sub-step misses: k1=22568 k2=22621 k3=22568 k4=22656 final=22649 | SA-L2: 0/81 newly-lost found by standalone | (prev: lost=177,332, diff=-154683)
  Step 2028: active=300,993 lost=22,713 (+64) | L0=92.4% L1=0.4% L2=0.2% miss=7.0% | sub-step misses: k1=22649 k2=22688 k3=22649 k4=22723 final=22713 | SA-L2: 0/64 newly-lost found by standalone | (prev: lost=177,335, diff=-154622)
  Step 2029: active=300,944 lost=22,762 (+49) | L0=92.4% L1=0.4% L2=0.2% miss=7.0% | sub-step misses: k1=22713 k2=22749 k3=22713 k4=22771 final=22762 | SA-L2: 0/49 newly-lost found by standalone | (prev: lost=177,348, diff=-154586)
  Step 2030: active=300,874 lost=22,832 (+70) | L0=92.4% L1=0.4% L2=0.2% miss=7.0% | sub-step misses: k1=22762 k2=22810 k3=22762 k4=22841 final=22832 | SA-L2: 0/70 newly-lost found by standalone | (prev: lost=177,358, diff=-154526)
  Step 2031: active=300,807 lost=22,899 (+67) | L0=92.3% L1=0.4% L2=0.2% miss=7.1% | sub-step misses: k1=22832 k2=22875 k3=22832 k4=22904 final=22899 | SA-L2: 0/67 newly-lost found by standalone | (prev: lost=177,360, diff=-154461)
  Step 2032: active=300,758 lost=22,948 (+49) | L0=92.3% L1=0.4% L2=0.2% miss=7.1% | sub-step misses: k1=22899 k2=22939 k3=22899 k4=22965 final=22948 | SA-L2: 0/49 newly-lost found by standalone | (prev: lost=177,368, diff=-154420)
  Step 2033: active=300,675 lost=23,031 (+83) | L0=92.3% L1=0.4% L2=0.2% miss=7.1% | sub-step misses: k1=22948 k2=22999 k3=22948 k4=23040 final=23031 | SA-L2: 0/83 newly-lost found by standalone | (prev: lost=177,373, diff=-154342)
  Step 2034: active=300,616 lost=23,090 (+59) | L0=92.3% L1=0.4% L2=0.2% miss=7.1% | sub-step misses: k1=23031 k2=23061 k3=23031 k4=23100 final=23090 | SA-L2: 0/59 newly-lost found by standalone | (prev: lost=177,383, diff=-154293)
  Step 2035: active=300,555 lost=23,151 (+61) | L0=92.3% L1=0.4% L2=0.2% miss=7.1% | sub-step misses: k1=23090 k2=23133 k3=23090 k4=23163 final=23151 | SA-L2: 0/61 newly-lost found by standalone | (prev: lost=177,392, diff=-154241)
  Step 2036: active=300,480 lost=23,226 (+75) | L0=92.2% L1=0.4% L2=0.2% miss=7.2% | sub-step misses: k1=23151 k2=23198 k3=23151 k4=23242 final=23226 | SA-L2: 0/75 newly-lost found by standalone | (prev: lost=177,398, diff=-154172)
  Step 2037: active=300,416 lost=23,290 (+64) | L0=92.2% L1=0.4% L2=0.2% miss=7.2% | sub-step misses: k1=23226 k2=23272 k3=23226 k4=23299 final=23290 | SA-L2: 0/64 newly-lost found by standalone | (prev: lost=177,406, diff=-154116)
  Step 2038: active=300,359 lost=23,347 (+57) | L0=92.2% L1=0.4% L2=0.2% miss=7.2% | sub-step misses: k1=23290 k2=23325 k3=23290 k4=23365 final=23347 | SA-L2: 0/57 newly-lost found by standalone | (prev: lost=177,420, diff=-154073)
  Step 2039: active=300,289 lost=23,417 (+70) | L0=92.2% L1=0.4% L2=0.2% miss=7.2% | sub-step misses: k1=23347 k2=23404 k3=23347 k4=23424 final=23417 | SA-L2: 0/70 newly-lost found by standalone | (prev: lost=177,425, diff=-154008)
  Step 2040: active=300,241 lost=23,465 (+48) | L0=92.2% L1=0.4% L2=0.2% miss=7.2% | sub-step misses: k1=23417 k2=23447 k3=23417 k4=23472 final=23465 | SA-L2: 0/48 newly-lost found by standalone | (prev: lost=177,433, diff=-153968)
  Step 2041: active=300,171 lost=23,535 (+70) | L0=92.1% L1=0.4% L2=0.2% miss=7.3% | sub-step misses: k1=23465 k2=23510 k3=23465 k4=23551 final=23535 | SA-L2: 0/70 newly-lost found by standalone | (prev: lost=177,440, diff=-153905)
  Step 2042: active=300,094 lost=23,612 (+77) | L0=92.1% L1=0.4% L2=0.2% miss=7.3% | sub-step misses: k1=23535 k2=23592 k3=23535 k4=23629 final=23612 | SA-L2: 0/77 newly-lost found by standalone | (prev: lost=177,448, diff=-153836)
  Step 2043: active=300,014 lost=23,692 (+80) | L0=92.1% L1=0.4% L2=0.2% miss=7.3% | sub-step misses: k1=23612 k2=23672 k3=23612 k4=23708 final=23692 | SA-L2: 0/80 newly-lost found by standalone | (prev: lost=177,455, diff=-153763)
  Step 2044: active=299,948 lost=23,758 (+66) | L0=92.1% L1=0.4% L2=0.2% miss=7.3% | sub-step misses: k1=23692 k2=23739 k3=23692 k4=23769 final=23758 | SA-L2: 0/66 newly-lost found by standalone | (prev: lost=177,464, diff=-153706)
  Step 2045: active=299,892 lost=23,814 (+56) | L0=92.0% L1=0.4% L2=0.2% miss=7.3% | sub-step misses: k1=23758 k2=23793 k3=23758 k4=23824 final=23814 | SA-L2: 0/56 newly-lost found by standalone | (prev: lost=177,472, diff=-153658)
  Step 2046: active=299,824 lost=23,882 (+68) | L0=92.0% L1=0.4% L2=0.2% miss=7.4% | sub-step misses: k1=23814 k2=23860 k3=23814 k4=23897 final=23882 | SA-L2: 0/68 newly-lost found by standalone | (prev: lost=177,474, diff=-153592)
  Step 2047: active=299,756 lost=23,950 (+68) | L0=92.0% L1=0.4% L2=0.2% miss=7.4% | sub-step misses: k1=23882 k2=23928 k3=23882 k4=23959 final=23950 | SA-L2: 0/68 newly-lost found by standalone | (prev: lost=177,482, diff=-153532)
  Step 2048: active=299,684 lost=24,022 (+72) | L0=92.0% L1=0.4% L2=0.2% miss=7.4% | sub-step misses: k1=23950 k2=23992 k3=23950 k4=24036 final=24022 | SA-L2: 0/72 newly-lost found by standalone | (prev: lost=177,490, diff=-153468)
  Step 2049: active=299,607 lost=24,099 (+77) | L0=92.0% L1=0.4% L2=0.2% miss=7.4% | sub-step misses: k1=24022 k2=24076 k3=24022 k4=24108 final=24099 | SA-L2: 0/77 newly-lost found by standalone | (prev: lost=177,496, diff=-153397)
  Step 2050: active=299,558 lost=24,148 (+49) | L0=91.9% L1=0.4% L2=0.2% miss=7.5% | sub-step misses: k1=24099 k2=24136 k3=24099 k4=24160 final=24148 | SA-L2: 0/49 newly-lost found by standalone | (prev: lost=177,505, diff=-153357)
  Step 2051: active=299,490 lost=24,216 (+68) | L0=91.9% L1=0.4% L2=0.2% miss=7.5% | sub-step misses: k1=24148 k2=24194 k3=24148 k4=24226 final=24216 | SA-L2: 0/68 newly-lost found by standalone | (prev: lost=177,511, diff=-153295)
  Step 2052: active=299,425 lost=24,281 (+65) | L0=91.9% L1=0.4% L2=0.2% miss=7.5% | sub-step misses: k1=24216 k2=24262 k3=24216 k4=24288 final=24281 | SA-L2: 0/65 newly-lost found by standalone | (prev: lost=177,516, diff=-153235)
  Step 2053: active=299,363 lost=24,343 (+62) | L0=91.9% L1=0.4% L2=0.2% miss=7.5% | sub-step misses: k1=24281 k2=24326 k3=24281 k4=24366 final=24343 | SA-L2: 0/62 newly-lost found by standalone | (prev: lost=177,524, diff=-153181)
  Step 2054: active=299,279 lost=24,427 (+84) | L0=91.9% L1=0.4% L2=0.2% miss=7.5% | sub-step misses: k1=24343 k2=24404 k3=24343 k4=24441 final=24427 | SA-L2: 0/84 newly-lost found by standalone | (prev: lost=177,535, diff=-153108)
  Step 2055: active=299,210 lost=24,496 (+69) | L0=91.9% L1=0.4% L2=0.2% miss=7.6% | sub-step misses: k1=24427 k2=24475 k3=24427 k4=24509 final=24496 | SA-L2: 0/69 newly-lost found by standalone | (prev: lost=177,542, diff=-153046)
  Step 2056: active=299,146 lost=24,560 (+64) | L0=91.8% L1=0.4% L2=0.2% miss=7.6% | sub-step misses: k1=24496 k2=24541 k3=24496 k4=24573 final=24560 | SA-L2: 0/64 newly-lost found by standalone | (prev: lost=177,546, diff=-152986)
  Step 2057: active=299,090 lost=24,616 (+56) | L0=91.8% L1=0.4% L2=0.2% miss=7.6% | sub-step misses: k1=24560 k2=24600 k3=24560 k4=24625 final=24616 | SA-L2: 0/56 newly-lost found by standalone | (prev: lost=177,554, diff=-152938)
  Step 2058: active=299,021 lost=24,685 (+69) | L0=91.8% L1=0.4% L2=0.2% miss=7.6% | sub-step misses: k1=24616 k2=24663 k3=24616 k4=24702 final=24685 | SA-L2: 0/69 newly-lost found by standalone | (prev: lost=177,561, diff=-152876)
  Step 2059: active=298,937 lost=24,769 (+84) | L0=91.8% L1=0.4% L2=0.2% miss=7.6% | sub-step misses: k1=24685 k2=24747 k3=24685 k4=24775 final=24769 | SA-L2: 0/84 newly-lost found by standalone | (prev: lost=177,569, diff=-152800)
  Step 2060: active=298,877 lost=24,829 (+60) | L0=91.7% L1=0.4% L2=0.2% miss=7.7% | sub-step misses: k1=24769 k2=24808 k3=24769 k4=24842 final=24829 | SA-L2: 0/60 newly-lost found by standalone | (prev: lost=177,579, diff=-152750)
  Step 2061: active=298,804 lost=24,902 (+73) | L0=91.7% L1=0.4% L2=0.2% miss=7.7% | sub-step misses: k1=24829 k2=24875 k3=24829 k4=24912 final=24902 | SA-L2: 0/73 newly-lost found by standalone | (prev: lost=177,584, diff=-152682)
  Step 2062: active=298,739 lost=24,967 (+65) | L0=91.7% L1=0.4% L2=0.2% miss=7.7% | sub-step misses: k1=24902 k2=24940 k3=24902 k4=24977 final=24967 | SA-L2: 0/65 newly-lost found by standalone | (prev: lost=177,592, diff=-152625)
  Step 2063: active=298,678 lost=25,028 (+61) | L0=91.7% L1=0.4% L2=0.2% miss=7.7% | sub-step misses: k1=24967 k2=25006 k3=24967 k4=25044 final=25028 | SA-L2: 0/61 newly-lost found by standalone | (prev: lost=177,602, diff=-152574)
  Step 2064: active=298,589 lost=25,117 (+89) | L0=91.7% L1=0.4% L2=0.2% miss=7.7% | sub-step misses: k1=25028 k2=25091 k3=25028 k4=25124 final=25117 | SA-L2: 0/89 newly-lost found by standalone | (prev: lost=177,607, diff=-152490)
  Step 2065: active=298,525 lost=25,181 (+64) | L0=91.6% L1=0.4% L2=0.2% miss=7.8% | sub-step misses: k1=25117 k2=25159 k3=25117 k4=25188 final=25181 | SA-L2: 0/64 newly-lost found by standalone | (prev: lost=177,616, diff=-152435)
  Step 2066: active=298,468 lost=25,238 (+57) | L0=91.6% L1=0.4% L2=0.2% miss=7.8% | sub-step misses: k1=25181 k2=25216 k3=25181 k4=25250 final=25238 | SA-L2: 0/57 newly-lost found by standalone | (prev: lost=177,625, diff=-152387)
  Step 2067: active=298,390 lost=25,316 (+78) | L0=91.6% L1=0.4% L2=0.2% miss=7.8% | sub-step misses: k1=25238 k2=25293 k3=25238 k4=25325 final=25316 | SA-L2: 0/78 newly-lost found by standalone | (prev: lost=177,631, diff=-152315)
  Step 2068: active=298,319 lost=25,387 (+71) | L0=91.6% L1=0.4% L2=0.2% miss=7.8% | sub-step misses: k1=25316 k2=25370 k3=25316 k4=25395 final=25387 | SA-L2: 0/71 newly-lost found by standalone | (prev: lost=177,634, diff=-152247)
  Step 2069: active=298,251 lost=25,455 (+68) | L0=91.5% L1=0.4% L2=0.2% miss=7.9% | sub-step misses: k1=25387 k2=25430 k3=25387 k4=25473 final=25455 | SA-L2: 0/68 newly-lost found by standalone | (prev: lost=177,648, diff=-152193)
  Step 2070: active=298,189 lost=25,517 (+62) | L0=91.5% L1=0.4% L2=0.2% miss=7.9% | sub-step misses: k1=25455 k2=25500 k3=25455 k4=25540 final=25517 | SA-L2: 0/62 newly-lost found by standalone | (prev: lost=177,656, diff=-152139)
  Step 2071: active=298,108 lost=25,598 (+81) | L0=91.5% L1=0.4% L2=0.2% miss=7.9% | sub-step misses: k1=25517 k2=25577 k3=25517 k4=25607 final=25598 | SA-L2: 0/81 newly-lost found by standalone | (prev: lost=177,659, diff=-152061)
  Step 2072: active=298,035 lost=25,671 (+73) | L0=91.5% L1=0.4% L2=0.2% miss=7.9% | sub-step misses: k1=25598 k2=25652 k3=25598 k4=25684 final=25671 | SA-L2: 0/73 newly-lost found by standalone | (prev: lost=177,661, diff=-151990)
  Step 2073: active=297,938 lost=25,768 (+97) | L0=91.5% L1=0.4% L2=0.2% miss=7.9% | sub-step misses: k1=25671 k2=25733 k3=25671 k4=25783 final=25768 | SA-L2: 0/97 newly-lost found by standalone | (prev: lost=177,670, diff=-151902)
  Step 2074: active=297,872 lost=25,834 (+66) | L0=91.4% L1=0.4% L2=0.2% miss=8.0% | sub-step misses: k1=25768 k2=25817 k3=25768 k4=25844 final=25834 | SA-L2: 0/66 newly-lost found by standalone | (prev: lost=177,680, diff=-151846)
  Step 2075: active=297,809 lost=25,897 (+63) | L0=91.4% L1=0.4% L2=0.2% miss=8.0% | sub-step misses: k1=25834 k2=25878 k3=25834 k4=25909 final=25897 | SA-L2: 0/63 newly-lost found by standalone | (prev: lost=177,687, diff=-151790)
  Step 2076: active=297,745 lost=25,961 (+64) | L0=91.4% L1=0.4% L2=0.2% miss=8.0% | sub-step misses: k1=25897 k2=25934 k3=25897 k4=25972 final=25961 | SA-L2: 0/64 newly-lost found by standalone | (prev: lost=177,693, diff=-151732)
  Step 2077: active=297,683 lost=26,023 (+62) | L0=91.4% L1=0.4% L2=0.2% miss=8.0% | sub-step misses: k1=25961 k2=26000 k3=25961 k4=26038 final=26023 | SA-L2: 0/62 newly-lost found by standalone | (prev: lost=177,696, diff=-151673)
  Step 2078: active=297,613 lost=26,093 (+70) | L0=91.4% L1=0.4% L2=0.2% miss=8.1% | sub-step misses: k1=26023 k2=26077 k3=26023 k4=26110 final=26093 | SA-L2: 0/70 newly-lost found by standalone | (prev: lost=177,706, diff=-151613)
  Step 2079: active=297,537 lost=26,169 (+76) | L0=91.3% L1=0.4% L2=0.2% miss=8.1% | sub-step misses: k1=26093 k2=26145 k3=26093 k4=26181 final=26169 | SA-L2: 0/76 newly-lost found by standalone | (prev: lost=177,714, diff=-151545)
  Step 2080: active=297,462 lost=26,244 (+75) | L0=91.3% L1=0.4% L2=0.2% miss=8.1% | sub-step misses: k1=26169 k2=26219 k3=26169 k4=26254 final=26244 | SA-L2: 0/75 newly-lost found by standalone | (prev: lost=177,719, diff=-151475)
  Step 2081: active=297,392 lost=26,314 (+70) | L0=91.3% L1=0.4% L2=0.2% miss=8.1% | sub-step misses: k1=26244 k2=26291 k3=26244 k4=26336 final=26314 | SA-L2: 0/70 newly-lost found by standalone | (prev: lost=177,726, diff=-151412)
  Step 2082: active=297,310 lost=26,396 (+82) | L0=91.3% L1=0.4% L2=0.2% miss=8.1% | sub-step misses: k1=26314 k2=26371 k3=26314 k4=26409 final=26396 | SA-L2: 0/82 newly-lost found by standalone | (prev: lost=177,732, diff=-151336)
  Step 2083: active=297,230 lost=26,476 (+80) | L0=91.2% L1=0.4% L2=0.2% miss=8.2% | sub-step misses: k1=26396 k2=26447 k3=26396 k4=26490 final=26476 | SA-L2: 0/80 newly-lost found by standalone | (prev: lost=177,736, diff=-151260)
  Step 2084: active=297,150 lost=26,556 (+80) | L0=91.2% L1=0.4% L2=0.2% miss=8.2% | sub-step misses: k1=26476 k2=26526 k3=26476 k4=26571 final=26556 | SA-L2: 0/80 newly-lost found by standalone | (prev: lost=177,744, diff=-151188)
  Step 2085: active=297,083 lost=26,623 (+67) | L0=91.2% L1=0.4% L2=0.2% miss=8.2% | sub-step misses: k1=26556 k2=26606 k3=26556 k4=26637 final=26623 | SA-L2: 0/67 newly-lost found by standalone | (prev: lost=177,752, diff=-151129)
  Step 2086: active=297,018 lost=26,688 (+65) | L0=91.2% L1=0.4% L2=0.2% miss=8.2% | sub-step misses: k1=26623 k2=26665 k3=26623 k4=26707 final=26688 | SA-L2: 0/65 newly-lost found by standalone | (prev: lost=177,759, diff=-151071)
  Step 2087: active=296,955 lost=26,751 (+63) | L0=91.2% L1=0.4% L2=0.2% miss=8.3% | sub-step misses: k1=26688 k2=26734 k3=26688 k4=26758 final=26751 | SA-L2: 0/63 newly-lost found by standalone | (prev: lost=177,764, diff=-151013)
  Step 2088: active=296,883 lost=26,823 (+72) | L0=91.1% L1=0.4% L2=0.2% miss=8.3% | sub-step misses: k1=26751 k2=26793 k3=26751 k4=26841 final=26823 | SA-L2: 0/72 newly-lost found by standalone | (prev: lost=177,773, diff=-150950)
  Step 2089: active=296,803 lost=26,903 (+80) | L0=91.1% L1=0.4% L2=0.2% miss=8.3% | sub-step misses: k1=26823 k2=26876 k3=26823 k4=26913 final=26903 | SA-L2: 0/80 newly-lost found by standalone | (prev: lost=177,781, diff=-150878)
  Step 2090: active=296,738 lost=26,968 (+65) | L0=91.1% L1=0.4% L2=0.2% miss=8.3% | sub-step misses: k1=26903 k2=26945 k3=26903 k4=26975 final=26968 | SA-L2: 0/65 newly-lost found by standalone | (prev: lost=177,786, diff=-150818)
  Step 2091: active=296,674 lost=27,032 (+64) | L0=91.1% L1=0.4% L2=0.2% miss=8.3% | sub-step misses: k1=26968 k2=27009 k3=26968 k4=27050 final=27032 | SA-L2: 0/64 newly-lost found by standalone | (prev: lost=177,791, diff=-150759)
  Step 2092: active=296,604 lost=27,102 (+70) | L0=91.0% L1=0.4% L2=0.2% miss=8.4% | sub-step misses: k1=27032 k2=27081 k3=27032 k4=27115 final=27102 | SA-L2: 0/70 newly-lost found by standalone | (prev: lost=177,795, diff=-150693)
  Step 2093: active=296,542 lost=27,164 (+62) | L0=91.0% L1=0.4% L2=0.2% miss=8.4% | sub-step misses: k1=27102 k2=27147 k3=27102 k4=27179 final=27164 | SA-L2: 0/62 newly-lost found by standalone | (prev: lost=177,802, diff=-150638)
  Step 2094: active=296,457 lost=27,249 (+85) | L0=91.0% L1=0.4% L2=0.2% miss=8.4% | sub-step misses: k1=27164 k2=27223 k3=27164 k4=27262 final=27249 | SA-L2: 0/85 newly-lost found by standalone | (prev: lost=177,813, diff=-150564)
  Step 2095: active=296,396 lost=27,310 (+61) | L0=91.0% L1=0.4% L2=0.2% miss=8.4% | sub-step misses: k1=27249 k2=27290 k3=27249 k4=27318 final=27310 | SA-L2: 0/61 newly-lost found by standalone | (prev: lost=177,818, diff=-150508)
  Step 2096: active=296,323 lost=27,383 (+73) | L0=91.0% L1=0.4% L2=0.2% miss=8.4% | sub-step misses: k1=27310 k2=27356 k3=27310 k4=27394 final=27383 | SA-L2: 0/73 newly-lost found by standalone | (prev: lost=177,826, diff=-150443)
  Step 2097: active=296,254 lost=27,452 (+69) | L0=90.9% L1=0.4% L2=0.2% miss=8.5% | sub-step misses: k1=27383 k2=27427 k3=27383 k4=27473 final=27452 | SA-L2: 0/69 newly-lost found by standalone | (prev: lost=177,833, diff=-150381)
  Step 2098: active=296,168 lost=27,538 (+86) | L0=90.9% L1=0.4% L2=0.2% miss=8.5% | sub-step misses: k1=27452 k2=27517 k3=27452 k4=27551 final=27538 | SA-L2: 0/86 newly-lost found by standalone | (prev: lost=177,837, diff=-150299)
  Step 2099: active=296,098 lost=27,608 (+70) | L0=90.9% L1=0.4% L2=0.2% miss=8.5% | sub-step misses: k1=27538 k2=27586 k3=27538 k4=27623 final=27608 | SA-L2: 0/70 newly-lost found by standalone | (prev: lost=177,842, diff=-150234)
  Step 2100: active=296,019 lost=27,687 (+79) | L0=90.9% L1=0.4% L2=0.2% miss=8.5% | sub-step misses: k1=27608 k2=27647 k3=27608 k4=27700 final=27687 | SA-L2: 0/79 newly-lost found by standalone | (prev: lost=177,849, diff=-150162)
  Step 2101: active=295,947 lost=27,759 (+72) | L0=90.9% L1=0.4% L2=0.2% miss=8.6% | sub-step misses: k1=27687 k2=27738 k3=27687 k4=27773 final=27759 | SA-L2: 0/72 newly-lost found by standalone | (prev: lost=177,855, diff=-150096)
  Step 2102: active=295,861 lost=27,845 (+86) | L0=90.8% L1=0.4% L2=0.2% miss=8.6% | sub-step misses: k1=27759 k2=27818 k3=27759 k4=27865 final=27845 | SA-L2: 0/86 newly-lost found by standalone | (prev: lost=177,862, diff=-150017)
  Step 2103: active=295,780 lost=27,926 (+81) | L0=90.8% L1=0.4% L2=0.2% miss=8.6% | sub-step misses: k1=27845 k2=27899 k3=27845 k4=27940 final=27926 | SA-L2: 0/81 newly-lost found by standalone | (prev: lost=177,870, diff=-149944)
  Step 2104: active=295,714 lost=27,992 (+66) | L0=90.8% L1=0.4% L2=0.2% miss=8.6% | sub-step misses: k1=27926 k2=27980 k3=27926 k4=27998 final=27992 | SA-L2: 0/66 newly-lost found by standalone | (prev: lost=177,875, diff=-149883)
  Step 2105: active=295,632 lost=28,074 (+82) | L0=90.8% L1=0.4% L2=0.2% miss=8.7% | sub-step misses: k1=27992 k2=28046 k3=27992 k4=28091 final=28074 | SA-L2: 0/82 newly-lost found by standalone | (prev: lost=177,885, diff=-149811)
  Step 2106: active=295,554 lost=28,152 (+78) | L0=90.7% L1=0.4% L2=0.2% miss=8.7% | sub-step misses: k1=28074 k2=28129 k3=28074 k4=28164 final=28152 | SA-L2: 0/78 newly-lost found by standalone | (prev: lost=177,891, diff=-149739)
  Step 2107: active=295,474 lost=28,232 (+80) | L0=90.7% L1=0.4% L2=0.2% miss=8.7% | sub-step misses: k1=28152 k2=28202 k3=28152 k4=28245 final=28232 | SA-L2: 0/80 newly-lost found by standalone | (prev: lost=177,897, diff=-149665)
  Step 2108: active=295,405 lost=28,301 (+69) | L0=90.7% L1=0.4% L2=0.2% miss=8.7% | sub-step misses: k1=28232 k2=28277 k3=28232 k4=28308 final=28301 | SA-L2: 0/69 newly-lost found by standalone | (prev: lost=177,903, diff=-149602)
  Step 2109: active=295,335 lost=28,371 (+70) | L0=90.7% L1=0.4% L2=0.2% miss=8.8% | sub-step misses: k1=28301 k2=28347 k3=28301 k4=28382 final=28371 | SA-L2: 0/70 newly-lost found by standalone | (prev: lost=177,906, diff=-149535)
  Step 2110: active=295,268 lost=28,438 (+67) | L0=90.6% L1=0.4% L2=0.2% miss=8.8% | sub-step misses: k1=28371 k2=28414 k3=28371 k4=28450 final=28438 | SA-L2: 0/67 newly-lost found by standalone | (prev: lost=177,912, diff=-149474)
  Step 2111: active=295,188 lost=28,518 (+80) | L0=90.6% L1=0.4% L2=0.2% miss=8.8% | sub-step misses: k1=28438 k2=28488 k3=28438 k4=28536 final=28518 | SA-L2: 0/80 newly-lost found by standalone | (prev: lost=177,918, diff=-149400)
  Step 2112: active=295,099 lost=28,607 (+89) | L0=90.6% L1=0.4% L2=0.2% miss=8.8% | sub-step misses: k1=28518 k2=28586 k3=28518 k4=28618 final=28607 | SA-L2: 0/89 newly-lost found by standalone | (prev: lost=177,927, diff=-149320)
  Step 2113: active=295,028 lost=28,678 (+71) | L0=90.6% L1=0.4% L2=0.2% miss=8.8% | sub-step misses: k1=28607 k2=28651 k3=28607 k4=28689 final=28678 | SA-L2: 0/71 newly-lost found by standalone | (prev: lost=177,932, diff=-149254)
  Step 2114: active=294,954 lost=28,752 (+74) | L0=90.5% L1=0.4% L2=0.2% miss=8.9% | sub-step misses: k1=28678 k2=28731 k3=28678 k4=28769 final=28752 | SA-L2: 0/74 newly-lost found by standalone | (prev: lost=177,937, diff=-149185)
  Step 2115: active=294,869 lost=28,837 (+85) | L0=90.5% L1=0.4% L2=0.2% miss=8.9% | sub-step misses: k1=28752 k2=28803 k3=28752 k4=28852 final=28837 | SA-L2: 0/85 newly-lost found by standalone | (prev: lost=177,949, diff=-149112)
  Step 2116: active=294,784 lost=28,922 (+85) | L0=90.5% L1=0.4% L2=0.2% miss=8.9% | sub-step misses: k1=28837 k2=28902 k3=28837 k4=28940 final=28922 | SA-L2: 0/85 newly-lost found by standalone | (prev: lost=177,956, diff=-149034)
  Step 2117: active=294,712 lost=28,994 (+72) | L0=90.5% L1=0.4% L2=0.2% miss=8.9% | sub-step misses: k1=28922 k2=28972 k3=28922 k4=29009 final=28994 | SA-L2: 0/72 newly-lost found by standalone | (prev: lost=177,963, diff=-148969)
  Step 2118: active=294,642 lost=29,064 (+70) | L0=90.5% L1=0.4% L2=0.2% miss=9.0% | sub-step misses: k1=28994 k2=29041 k3=28994 k4=29080 final=29064 | SA-L2: 0/70 newly-lost found by standalone | (prev: lost=177,966, diff=-148902)
  Step 2119: active=294,562 lost=29,144 (+80) | L0=90.4% L1=0.4% L2=0.2% miss=9.0% | sub-step misses: k1=29064 k2=29115 k3=29064 k4=29160 final=29144 | SA-L2: 0/80 newly-lost found by standalone | (prev: lost=177,971, diff=-148827)
  Step 2120: active=294,480 lost=29,226 (+82) | L0=90.4% L1=0.4% L2=0.2% miss=9.0% | sub-step misses: k1=29144 k2=29205 k3=29144 k4=29239 final=29226 | SA-L2: 0/82 newly-lost found by standalone | (prev: lost=177,976, diff=-148750)
  Step 2121: active=294,400 lost=29,306 (+80) | L0=90.4% L1=0.4% L2=0.2% miss=9.0% | sub-step misses: k1=29226 k2=29278 k3=29226 k4=29323 final=29306 | SA-L2: 0/80 newly-lost found by standalone | (prev: lost=177,981, diff=-148675)
  Step 2122: active=294,307 lost=29,399 (+93) | L0=90.3% L1=0.4% L2=0.2% miss=9.1% | sub-step misses: k1=29306 k2=29368 k3=29306 k4=29416 final=29399 | SA-L2: 0/93 newly-lost found by standalone | (prev: lost=177,985, diff=-148586)
  Step 2123: active=294,227 lost=29,479 (+80) | L0=90.3% L1=0.4% L2=0.2% miss=9.1% | sub-step misses: k1=29399 k2=29450 k3=29399 k4=29488 final=29479 | SA-L2: 0/80 newly-lost found by standalone | (prev: lost=177,990, diff=-148511)
  Step 2124: active=294,152 lost=29,554 (+75) | L0=90.3% L1=0.4% L2=0.2% miss=9.1% | sub-step misses: k1=29479 k2=29535 k3=29479 k4=29564 final=29554 | SA-L2: 0/75 newly-lost found by standalone | (prev: lost=177,996, diff=-148442)
  Step 2125: active=294,085 lost=29,621 (+67) | L0=90.3% L1=0.4% L2=0.2% miss=9.1% | sub-step misses: k1=29554 k2=29599 k3=29554 k4=29629 final=29621 | SA-L2: 0/67 newly-lost found by standalone | (prev: lost=178,004, diff=-148383)
  Step 2126: active=294,005 lost=29,701 (+80) | L0=90.2% L1=0.4% L2=0.2% miss=9.2% | sub-step misses: k1=29621 k2=29672 k3=29621 k4=29712 final=29701 | SA-L2: 0/80 newly-lost found by standalone | (prev: lost=178,010, diff=-148309)
  Step 2127: active=293,928 lost=29,778 (+77) | L0=90.2% L1=0.4% L2=0.2% miss=9.2% | sub-step misses: k1=29701 k2=29753 k3=29701 k4=29795 final=29778 | SA-L2: 0/77 newly-lost found by standalone | (prev: lost=178,013, diff=-148235)
  Step 2128: active=293,845 lost=29,861 (+83) | L0=90.2% L1=0.4% L2=0.2% miss=9.2% | sub-step misses: k1=29778 k2=29834 k3=29778 k4=29877 final=29861 | SA-L2: 0/83 newly-lost found by standalone | (prev: lost=178,018, diff=-148157)
  Step 2129: active=293,756 lost=29,950 (+89) | L0=90.2% L1=0.4% L2=0.2% miss=9.2% | sub-step misses: k1=29861 k2=29914 k3=29861 k4=29963 final=29950 | SA-L2: 0/89 newly-lost found by standalone | (prev: lost=178,019, diff=-148069)
  Step 2130: active=293,687 lost=30,019 (+69) | L0=90.1% L1=0.4% L2=0.2% miss=9.3% | sub-step misses: k1=29950 k2=29990 k3=29950 k4=30039 final=30019 | SA-L2: 0/69 newly-lost found by standalone | (prev: lost=178,027, diff=-148008)
  Step 2131: active=293,596 lost=30,110 (+91) | L0=90.1% L1=0.4% L2=0.2% miss=9.3% | sub-step misses: k1=30019 k2=30078 k3=30019 k4=30121 final=30110 | SA-L2: 0/91 newly-lost found by standalone | (prev: lost=178,033, diff=-147923)
  Step 2132: active=293,535 lost=30,171 (+61) | L0=90.1% L1=0.4% L2=0.2% miss=9.3% | sub-step misses: k1=30110 k2=30148 k3=30110 k4=30185 final=30171 | SA-L2: 0/61 newly-lost found by standalone | (prev: lost=178,034, diff=-147863)
  Step 2133: active=293,441 lost=30,265 (+94) | L0=90.1% L1=0.4% L2=0.2% miss=9.3% | sub-step misses: k1=30171 k2=30231 k3=30171 k4=30276 final=30265 | SA-L2: 0/94 newly-lost found by standalone | (prev: lost=178,038, diff=-147773)
  Step 2134: active=293,355 lost=30,351 (+86) | L0=90.1% L1=0.4% L2=0.2% miss=9.4% | sub-step misses: k1=30265 k2=30322 k3=30265 k4=30364 final=30351 | SA-L2: 0/86 newly-lost found by standalone | (prev: lost=178,046, diff=-147695)
  Step 2135: active=293,279 lost=30,427 (+76) | L0=90.0% L1=0.4% L2=0.2% miss=9.4% | sub-step misses: k1=30351 k2=30408 k3=30351 k4=30444 final=30427 | SA-L2: 0/76 newly-lost found by standalone | (prev: lost=178,053, diff=-147626)
  Step 2136: active=293,180 lost=30,526 (+99) | L0=90.0% L1=0.4% L2=0.2% miss=9.4% | sub-step misses: k1=30427 k2=30493 k3=30427 k4=30543 final=30526 | SA-L2: 0/99 newly-lost found by standalone | (prev: lost=178,060, diff=-147534)
  Step 2137: active=293,094 lost=30,612 (+86) | L0=90.0% L1=0.4% L2=0.2% miss=9.4% | sub-step misses: k1=30526 k2=30580 k3=30526 k4=30629 final=30612 | SA-L2: 0/86 newly-lost found by standalone | (prev: lost=178,064, diff=-147452)
  Step 2138: active=293,001 lost=30,705 (+93) | L0=89.9% L1=0.4% L2=0.2% miss=9.5% | sub-step misses: k1=30612 k2=30675 k3=30612 k4=30724 final=30705 | SA-L2: 0/93 newly-lost found by standalone | (prev: lost=178,069, diff=-147364)
  Step 2139: active=292,893 lost=30,813 (+108) | L0=89.9% L1=0.4% L2=0.2% miss=9.5% | sub-step misses: k1=30705 k2=30782 k3=30705 k4=30820 final=30813 | SA-L2: 0/108 newly-lost found by standalone | (prev: lost=178,072, diff=-147259)
  Step 2140: active=292,816 lost=30,890 (+77) | L0=89.9% L1=0.4% L2=0.2% miss=9.5% | sub-step misses: k1=30813 k2=30865 k3=30813 k4=30903 final=30890 | SA-L2: 0/77 newly-lost found by standalone | (prev: lost=178,075, diff=-147185)
  Step 2141: active=292,729 lost=30,977 (+87) | L0=89.9% L1=0.4% L2=0.2% miss=9.6% | sub-step misses: k1=30890 k2=30936 k3=30890 k4=30993 final=30977 | SA-L2: 0/87 newly-lost found by standalone | (prev: lost=178,081, diff=-147104)
  Step 2142: active=292,627 lost=31,079 (+102) | L0=89.8% L1=0.4% L2=0.2% miss=9.6% | sub-step misses: k1=30977 k2=31036 k3=30977 k4=31091 final=31079 | SA-L2: 0/102 newly-lost found by standalone | (prev: lost=178,082, diff=-147003)
  Step 2143: active=292,538 lost=31,168 (+89) | L0=89.8% L1=0.4% L2=0.2% miss=9.6% | sub-step misses: k1=31079 k2=31137 k3=31079 k4=31181 final=31168 | SA-L2: 0/89 newly-lost found by standalone | (prev: lost=178,083, diff=-146915)
  Step 2144: active=292,455 lost=31,251 (+83) | L0=89.8% L1=0.4% L2=0.2% miss=9.6% | sub-step misses: k1=31168 k2=31227 k3=31168 k4=31262 final=31251 | SA-L2: 0/83 newly-lost found by standalone | (prev: lost=178,088, diff=-146837)
  Step 2145: active=292,371 lost=31,335 (+84) | L0=89.8% L1=0.4% L2=0.2% miss=9.7% | sub-step misses: k1=31251 k2=31312 k3=31251 k4=31350 final=31335 | SA-L2: 0/84 newly-lost found by standalone | (prev: lost=178,095, diff=-146760)
  Step 2146: active=292,268 lost=31,438 (+103) | L0=89.7% L1=0.4% L2=0.2% miss=9.7% | sub-step misses: k1=31335 k2=31398 k3=31335 k4=31452 final=31438 | SA-L2: 0/103 newly-lost found by standalone | (prev: lost=178,100, diff=-146662)
  Step 2147: active=292,180 lost=31,526 (+88) | L0=89.7% L1=0.4% L2=0.2% miss=9.7% | sub-step misses: k1=31438 k2=31498 k3=31438 k4=31542 final=31526 | SA-L2: 0/88 newly-lost found by standalone | (prev: lost=178,105, diff=-146579)
  Step 2148: active=292,083 lost=31,623 (+97) | L0=89.7% L1=0.4% L2=0.2% miss=9.8% | sub-step misses: k1=31526 k2=31588 k3=31526 k4=31644 final=31623 | SA-L2: 0/97 newly-lost found by standalone | (prev: lost=178,110, diff=-146487)
  Step 2149: active=291,988 lost=31,718 (+95) | L0=89.6% L1=0.4% L2=0.2% miss=9.8% | sub-step misses: k1=31623 k2=31690 k3=31623 k4=31740 final=31718 | SA-L2: 0/95 newly-lost found by standalone | (prev: lost=178,112, diff=-146394)
  Step 2150: active=291,877 lost=31,829 (+111) | L0=89.6% L1=0.4% L2=0.2% miss=9.8% | sub-step misses: k1=31718 k2=31789 k3=31718 k4=31843 final=31829 | SA-L2: 0/111 newly-lost found by standalone | (prev: lost=178,118, diff=-146289)
  Step 2151: active=291,784 lost=31,922 (+93) | L0=89.6% L1=0.4% L2=0.2% miss=9.8% | sub-step misses: k1=31829 k2=31893 k3=31829 k4=31937 final=31922 | SA-L2: 0/93 newly-lost found by standalone | (prev: lost=178,121, diff=-146199)
  Step 2152: active=291,696 lost=32,010 (+88) | L0=89.6% L1=0.4% L2=0.2% miss=9.9% | sub-step misses: k1=31922 k2=31973 k3=31922 k4=32034 final=32010 | SA-L2: 0/88 newly-lost found by standalone | (prev: lost=178,123, diff=-146113)
  Step 2153: active=291,597 lost=32,109 (+99) | L0=89.5% L1=0.4% L2=0.2% miss=9.9% | sub-step misses: k1=32010 k2=32078 k3=32010 k4=32120 final=32109 | SA-L2: 0/99 newly-lost found by standalone | (prev: lost=178,126, diff=-146017)
  Step 2154: active=291,506 lost=32,200 (+91) | L0=89.5% L1=0.4% L2=0.2% miss=9.9% | sub-step misses: k1=32109 k2=32172 k3=32109 k4=32216 final=32200 | SA-L2: 0/91 newly-lost found by standalone | (prev: lost=178,128, diff=-145928)
  Step 2155: active=291,411 lost=32,295 (+95) | L0=89.5% L1=0.4% L2=0.2% miss=10.0% | sub-step misses: k1=32200 k2=32265 k3=32200 k4=32312 final=32295 | SA-L2: 0/95 newly-lost found by standalone | (prev: lost=178,134, diff=-145839)
  Step 2156: active=291,313 lost=32,393 (+98) | L0=89.4% L1=0.4% L2=0.2% miss=10.0% | sub-step misses: k1=32295 k2=32357 k3=32295 k4=32412 final=32393 | SA-L2: 0/98 newly-lost found by standalone | (prev: lost=178,138, diff=-145745)
  Step 2157: active=291,204 lost=32,502 (+109) | L0=89.4% L1=0.4% L2=0.2% miss=10.0% | sub-step misses: k1=32393 k2=32471 k3=32393 k4=32522 final=32502 | SA-L2: 0/109 newly-lost found by standalone | (prev: lost=178,142, diff=-145640)
  Step 2158: active=291,115 lost=32,591 (+89) | L0=89.4% L1=0.4% L2=0.2% miss=10.1% | sub-step misses: k1=32502 k2=32561 k3=32502 k4=32613 final=32591 | SA-L2: 0/89 newly-lost found by standalone | (prev: lost=178,144, diff=-145553)
  Step 2159: active=291,002 lost=32,704 (+113) | L0=89.3% L1=0.4% L2=0.2% miss=10.1% | sub-step misses: k1=32591 k2=32661 k3=32591 k4=32728 final=32704 | SA-L2: 0/113 newly-lost found by standalone | (prev: lost=178,148, diff=-145444)
  Step 2160: active=290,894 lost=32,812 (+108) | L0=89.3% L1=0.4% L2=0.2% miss=10.1% | sub-step misses: k1=32704 k2=32784 k3=32704 k4=32833 final=32812 | SA-L2: 0/108 newly-lost found by standalone | (prev: lost=178,149, diff=-145337)
  Step 2161: active=290,794 lost=32,912 (+100) | L0=89.3% L1=0.4% L2=0.2% miss=10.2% | sub-step misses: k1=32812 k2=32880 k3=32812 k4=32927 final=32912 | SA-L2: 0/100 newly-lost found by standalone | (prev: lost=178,152, diff=-145240)
  Step 2162: active=290,688 lost=33,018 (+106) | L0=89.3% L1=0.4% L2=0.2% miss=10.2% | sub-step misses: k1=32912 k2=32979 k3=32912 k4=33035 final=33018 | SA-L2: 0/106 newly-lost found by standalone | (prev: lost=178,154, diff=-145136)
  Step 2163: active=290,586 lost=33,120 (+102) | L0=89.2% L1=0.4% L2=0.2% miss=10.2% | sub-step misses: k1=33018 k2=33085 k3=33018 k4=33134 final=33120 | SA-L2: 0/102 newly-lost found by standalone | (prev: lost=178,157, diff=-145037)
  Step 2164: active=290,496 lost=33,210 (+90) | L0=89.2% L1=0.4% L2=0.2% miss=10.2% | sub-step misses: k1=33120 k2=33183 k3=33120 k4=33227 final=33210 | SA-L2: 0/90 newly-lost found by standalone | (prev: lost=178,161, diff=-144951)
  Step 2165: active=290,386 lost=33,320 (+110) | L0=89.2% L1=0.4% L2=0.2% miss=10.3% | sub-step misses: k1=33210 k2=33273 k3=33210 k4=33334 final=33320 | SA-L2: 0/110 newly-lost found by standalone | (prev: lost=178,164, diff=-144844)
  Step 2166: active=290,276 lost=33,430 (+110) | L0=89.1% L1=0.3% L2=0.2% miss=10.3% | sub-step misses: k1=33320 k2=33391 k3=33320 k4=33442 final=33430 | SA-L2: 0/110 newly-lost found by standalone | (prev: lost=178,168, diff=-144738)
  Step 2167: active=290,179 lost=33,527 (+97) | L0=89.1% L1=0.4% L2=0.2% miss=10.3% | sub-step misses: k1=33430 k2=33491 k3=33430 k4=33553 final=33527 | SA-L2: 0/97 newly-lost found by standalone | (prev: lost=178,173, diff=-144646)
  Step 2168: active=290,064 lost=33,642 (+115) | L0=89.1% L1=0.4% L2=0.2% miss=10.4% | sub-step misses: k1=33527 k2=33599 k3=33527 k4=33663 final=33642 | SA-L2: 0/115 newly-lost found by standalone | (prev: lost=178,174, diff=-144532)
  Step 2169: active=289,944 lost=33,762 (+120) | L0=89.0% L1=0.4% L2=0.2% miss=10.4% | sub-step misses: k1=33642 k2=33714 k3=33642 k4=33777 final=33762 | SA-L2: 0/120 newly-lost found by standalone | (prev: lost=178,176, diff=-144414)
  Step 2170: active=289,841 lost=33,865 (+103) | L0=89.0% L1=0.3% L2=0.2% miss=10.4% | sub-step misses: k1=33762 k2=33833 k3=33762 k4=33882 final=33865 | SA-L2: 0/103 newly-lost found by standalone | (prev: lost=178,180, diff=-144315)
  Step 2171: active=289,730 lost=33,976 (+111) | L0=89.0% L1=0.4% L2=0.2% miss=10.5% | sub-step misses: k1=33865 k2=33939 k3=33865 k4=33994 final=33976 | SA-L2: 0/111 newly-lost found by standalone | (prev: lost=178,182, diff=-144206)
  Step 2172: active=289,618 lost=34,088 (+112) | L0=88.9% L1=0.4% L2=0.2% miss=10.5% | sub-step misses: k1=33976 k2=34054 k3=33976 k4=34104 final=34088 | SA-L2: 0/112 newly-lost found by standalone | (prev: lost=178,183, diff=-144095)
  Step 2173: active=289,516 lost=34,190 (+102) | L0=88.9% L1=0.4% L2=0.2% miss=10.5% | sub-step misses: k1=34088 k2=34154 k3=34088 k4=34216 final=34190 | SA-L2: 0/102 newly-lost found by standalone | (prev: lost=178,188, diff=-143998)
  Step 2174: active=289,386 lost=34,320 (+130) | L0=88.9% L1=0.3% L2=0.2% miss=10.6% | sub-step misses: k1=34190 k2=34273 k3=34190 k4=34342 final=34320 | SA-L2: 0/130 newly-lost found by standalone | (prev: lost=178,198, diff=-143878)
  Step 2175: active=289,259 lost=34,447 (+127) | L0=88.8% L1=0.3% L2=0.2% miss=10.6% | sub-step misses: k1=34320 k2=34404 k3=34320 k4=34462 final=34447 | SA-L2: 0/127 newly-lost found by standalone | (prev: lost=178,208, diff=-143761)
  Step 2176: active=289,135 lost=34,571 (+124) | L0=88.8% L1=0.3% L2=0.2% miss=10.7% | sub-step misses: k1=34447 k2=34530 k3=34447 k4=34591 final=34571 | SA-L2: 0/124 newly-lost found by standalone | (prev: lost=178,216, diff=-143645)
  Step 2177: active=289,022 lost=34,684 (+113) | L0=88.7% L1=0.3% L2=0.2% miss=10.7% | sub-step misses: k1=34571 k2=34645 k3=34571 k4=34708 final=34684 | SA-L2: 0/113 newly-lost found by standalone | (prev: lost=178,229, diff=-143545)
  Step 2178: active=288,876 lost=34,830 (+146) | L0=88.7% L1=0.3% L2=0.2% miss=10.7% | sub-step misses: k1=34684 k2=34788 k3=34684 k4=34855 final=34830 | SA-L2: 0/146 newly-lost found by standalone | (prev: lost=178,234, diff=-143404)
  Step 2179: active=288,747 lost=34,959 (+129) | L0=88.7% L1=0.4% L2=0.2% miss=10.8% | sub-step misses: k1=34830 k2=34922 k3=34830 k4=34979 final=34959 | SA-L2: 0/129 newly-lost found by standalone | (prev: lost=178,245, diff=-143286)
  Step 2180: active=288,631 lost=35,075 (+116) | L0=88.6% L1=0.4% L2=0.2% miss=10.8% | sub-step misses: k1=34959 k2=35038 k3=34959 k4=35099 final=35075 | SA-L2: 0/116 newly-lost found by standalone | (prev: lost=178,264, diff=-143189)
  Step 2181: active=288,514 lost=35,192 (+117) | L0=88.6% L1=0.4% L2=0.2% miss=10.9% | sub-step misses: k1=35075 k2=35152 k3=35075 k4=35212 final=35192 | SA-L2: 0/117 newly-lost found by standalone | (prev: lost=178,279, diff=-143087)
  Step 2182: active=288,375 lost=35,331 (+139) | L0=88.5% L1=0.4% L2=0.2% miss=10.9% | sub-step misses: k1=35192 k2=35282 k3=35192 k4=35355 final=35331 | SA-L2: 0/139 newly-lost found by standalone | (prev: lost=178,297, diff=-142966)
  Step 2183: active=288,239 lost=35,467 (+136) | L0=88.5% L1=0.3% L2=0.2% miss=10.9% | sub-step misses: k1=35331 k2=35427 k3=35331 k4=35487 final=35467 | SA-L2: 0/136 newly-lost found by standalone | (prev: lost=178,317, diff=-142850)
  Step 2184: active=288,099 lost=35,607 (+140) | L0=88.5% L1=0.4% L2=0.2% miss=11.0% | sub-step misses: k1=35467 k2=35564 k3=35467 k4=35632 final=35607 | SA-L2: 0/140 newly-lost found by standalone | (prev: lost=178,336, diff=-142729)
  Step 2185: active=287,947 lost=35,759 (+152) | L0=88.4% L1=0.3% L2=0.2% miss=11.0% | sub-step misses: k1=35607 k2=35709 k3=35607 k4=35784 final=35759 | SA-L2: 0/152 newly-lost found by standalone | (prev: lost=178,354, diff=-142595)
  Step 2186: active=287,803 lost=35,903 (+144) | L0=88.4% L1=0.4% L2=0.2% miss=11.1% | sub-step misses: k1=35759 k2=35851 k3=35759 k4=35929 final=35903 | SA-L2: 0/144 newly-lost found by standalone | (prev: lost=178,376, diff=-142473)
  Step 2187: active=287,656 lost=36,050 (+147) | L0=88.3% L1=0.3% L2=0.2% miss=11.1% | sub-step misses: k1=35903 k2=35998 k3=35903 k4=36078 final=36050 | SA-L2: 0/147 newly-lost found by standalone | (prev: lost=178,394, diff=-142344)
  Step 2188: active=287,514 lost=36,192 (+142) | L0=88.3% L1=0.3% L2=0.2% miss=11.2% | sub-step misses: k1=36050 k2=36150 k3=36050 k4=36210 final=36192 | SA-L2: 0/142 newly-lost found by standalone | (prev: lost=178,415, diff=-142223)
  Step 2189: active=287,355 lost=36,351 (+159) | L0=88.2% L1=0.4% L2=0.2% miss=11.2% | sub-step misses: k1=36192 k2=36291 k3=36192 k4=36380 final=36351 | SA-L2: 0/159 newly-lost found by standalone | (prev: lost=178,440, diff=-142089)
  Step 2190: active=287,189 lost=36,517 (+166) | L0=88.2% L1=0.4% L2=0.2% miss=11.3% | sub-step misses: k1=36351 k2=36466 k3=36351 k4=36544 final=36517 | SA-L2: 0/166 newly-lost found by standalone | (prev: lost=178,459, diff=-141942)
  Step 2191: active=287,033 lost=36,673 (+156) | L0=88.1% L1=0.3% L2=0.2% miss=11.3% | sub-step misses: k1=36517 k2=36627 k3=36517 k4=36715 final=36673 | SA-L2: 0/156 newly-lost found by standalone | (prev: lost=178,480, diff=-141807)
  Step 2192: active=286,837 lost=36,869 (+196) | L0=88.1% L1=0.3% L2=0.2% miss=11.4% | sub-step misses: k1=36673 k2=36805 k3=36673 k4=36889 final=36869 | SA-L2: 0/196 newly-lost found by standalone | (prev: lost=178,506, diff=-141637)
  Step 2193: active=286,649 lost=37,057 (+188) | L0=88.0% L1=0.3% L2=0.2% miss=11.4% | sub-step misses: k1=36869 k2=36991 k3=36869 k4=37084 final=37057 | SA-L2: 0/188 newly-lost found by standalone | (prev: lost=178,543, diff=-141486)
  Step 2194: active=286,463 lost=37,243 (+186) | L0=88.0% L1=0.3% L2=0.2% miss=11.5% | sub-step misses: k1=37057 k2=37172 k3=37057 k4=37275 final=37243 | SA-L2: 0/186 newly-lost found by standalone | (prev: lost=178,575, diff=-141332)
  Step 2195: active=286,294 lost=37,412 (+169) | L0=87.9% L1=0.3% L2=0.2% miss=11.5% | sub-step misses: k1=37243 k2=37355 k3=37243 k4=37446 final=37412 | SA-L2: 0/169 newly-lost found by standalone | (prev: lost=178,614, diff=-141202)
  Step 2196: active=286,130 lost=37,576 (+164) | L0=87.9% L1=0.3% L2=0.2% miss=11.6% | sub-step misses: k1=37412 k2=37526 k3=37412 k4=37602 final=37576 | SA-L2: 0/164 newly-lost found by standalone | (prev: lost=178,651, diff=-141075)
  Step 2197: active=285,958 lost=37,748 (+172) | L0=87.8% L1=0.4% L2=0.2% miss=11.6% | sub-step misses: k1=37576 k2=37691 k3=37576 k4=37777 final=37748 | SA-L2: 0/172 newly-lost found by standalone | (prev: lost=178,685, diff=-140937)
  Step 2198: active=285,743 lost=37,963 (+215) | L0=87.7% L1=0.4% L2=0.2% miss=11.7% | sub-step misses: k1=37748 k2=37890 k3=37748 k4=37997 final=37963 | SA-L2: 0/215 newly-lost found by standalone | (prev: lost=178,727, diff=-140764)
  Step 2199: active=285,524 lost=38,182 (+219) | L0=87.7% L1=0.3% L2=0.2% miss=11.8% | sub-step misses: k1=37963 k2=38110 k3=37963 k4=38218 final=38182 | SA-L2: 0/219 newly-lost found by standalone | (prev: lost=178,778, diff=-140596)
  Step 2200: active=285,295 lost=38,411 (+229) | L0=87.6% L1=0.4% L2=0.2% miss=11.8% | sub-step misses: k1=38182 k2=38341 k3=38182 k4=38452 final=38411 | SA-L2: 0/229 newly-lost found by standalone | (prev: lost=178,860, diff=-140449)
  Step 2201: active=285,067 lost=38,639 (+228) | L0=87.5% L1=0.4% L2=0.2% miss=11.9% | sub-step misses: k1=38411 k2=38567 k3=38411 k4=38687 final=38639 | SA-L2: 0/228 newly-lost found by standalone | (prev: lost=178,928, diff=-140289)
  Step 2202: active=284,808 lost=38,898 (+259) | L0=87.5% L1=0.3% L2=0.2% miss=12.0% | sub-step misses: k1=38639 k2=38815 k3=38639 k4=38941 final=38898 | SA-L2: 0/259 newly-lost found by standalone | (prev: lost=179,020, diff=-140122)
  Step 2203: active=284,567 lost=39,139 (+241) | L0=87.4% L1=0.3% L2=0.2% miss=12.1% | sub-step misses: k1=38898 k2=39052 k3=38898 k4=39176 final=39139 | SA-L2: 0/241 newly-lost found by standalone | (prev: lost=179,103, diff=-139964)
  Step 2204: active=284,351 lost=39,355 (+216) | L0=87.3% L1=0.3% L2=0.2% miss=12.1% | sub-step misses: k1=39139 k2=39286 k3=39139 k4=39394 final=39355 | SA-L2: 0/216 newly-lost found by standalone | (prev: lost=179,200, diff=-139845)
  Step 2205: active=284,153 lost=39,553 (+198) | L0=87.3% L1=0.3% L2=0.2% miss=12.2% | sub-step misses: k1=39355 k2=39490 k3=39355 k4=39588 final=39553 | SA-L2: 0/198 newly-lost found by standalone | (prev: lost=179,288, diff=-139735)
  Step 2206: active=283,915 lost=39,791 (+238) | L0=87.2% L1=0.4% L2=0.2% miss=12.3% | sub-step misses: k1=39553 k2=39710 k3=39553 k4=39830 final=39791 | SA-L2: 0/238 newly-lost found by standalone | (prev: lost=179,356, diff=-139565)
  Step 2207: active=283,647 lost=40,059 (+268) | L0=87.1% L1=0.3% L2=0.2% miss=12.3% | sub-step misses: k1=39791 k2=39973 k3=39791 k4=40102 final=40059 | SA-L2: 0/268 newly-lost found by standalone | (prev: lost=179,423, diff=-139364)
  Step 2208: active=283,385 lost=40,321 (+262) | L0=87.0% L1=0.3% L2=0.2% miss=12.4% | sub-step misses: k1=40059 k2=40228 k3=40059 k4=40362 final=40321 | SA-L2: 0/262 newly-lost found by standalone | (prev: lost=179,514, diff=-139193)
  Step 2209: active=283,121 lost=40,585 (+264) | L0=86.9% L1=0.3% L2=0.2% miss=12.5% | sub-step misses: k1=40321 k2=40510 k3=40321 k4=40627 final=40585 | SA-L2: 0/264 newly-lost found by standalone | (prev: lost=179,627, diff=-139042)
  Step 2210: active=282,837 lost=40,869 (+284) | L0=86.9% L1=0.3% L2=0.2% miss=12.6% | sub-step misses: k1=40585 k2=40774 k3=40585 k4=40916 final=40869 | SA-L2: 0/284 newly-lost found by standalone | (prev: lost=179,742, diff=-138873)
  Step 2211: active=282,567 lost=41,139 (+270) | L0=86.8% L1=0.3% L2=0.2% miss=12.7% | sub-step misses: k1=40869 k2=41055 k3=40869 k4=41190 final=41139 | SA-L2: 0/270 newly-lost found by standalone | (prev: lost=179,868, diff=-138729)
  Step 2212: active=282,308 lost=41,398 (+259) | L0=86.7% L1=0.3% L2=0.2% miss=12.8% | sub-step misses: k1=41139 k2=41326 k3=41139 k4=41443 final=41398 | SA-L2: 0/259 newly-lost found by standalone | (prev: lost=180,000, diff=-138602)
  Step 2213: active=282,067 lost=41,639 (+241) | L0=86.6% L1=0.3% L2=0.2% miss=12.8% | sub-step misses: k1=41398 k2=41573 k3=41398 k4=41673 final=41639 | SA-L2: 0/241 newly-lost found by standalone | (prev: lost=180,128, diff=-138489)
  Step 2214: active=281,850 lost=41,856 (+217) | L0=86.5% L1=0.3% L2=0.2% miss=12.9% | sub-step misses: k1=41639 k2=41775 k3=41639 k4=41896 final=41856 | SA-L2: 0/217 newly-lost found by standalone | (prev: lost=180,234, diff=-138378)
  Step 2215: active=281,571 lost=42,135 (+279) | L0=86.5% L1=0.4% L2=0.2% miss=13.0% | sub-step misses: k1=41856 k2=42026 k3=41856 k4=42181 final=42135 | SA-L2: 0/279 newly-lost found by standalone | (prev: lost=180,307, diff=-138172)
  Step 2216: active=281,311 lost=42,395 (+260) | L0=86.4% L1=0.3% L2=0.2% miss=13.1% | sub-step misses: k1=42135 k2=42313 k3=42135 k4=42452 final=42395 | SA-L2: 0/260 newly-lost found by standalone | (prev: lost=180,389, diff=-137994)
  Step 2217: active=281,019 lost=42,687 (+292) | L0=86.3% L1=0.3% L2=0.2% miss=13.1% | sub-step misses: k1=42395 k2=42589 k3=42395 k4=42734 final=42687 | SA-L2: 0/292 newly-lost found by standalone | (prev: lost=180,511, diff=-137824)
  Step 2218: active=280,735 lost=42,971 (+284) | L0=86.2% L1=0.4% L2=0.2% miss=13.2% | sub-step misses: k1=42687 k2=42875 k3=42687 k4=43029 final=42971 | SA-L2: 0/284 newly-lost found by standalone | (prev: lost=180,625, diff=-137654)
  Step 2219: active=280,433 lost=43,273 (+302) | L0=86.1% L1=0.3% L2=0.2% miss=13.3% | sub-step misses: k1=42971 k2=43178 k3=42971 k4=43317 final=43273 | SA-L2: 0/302 newly-lost found by standalone | (prev: lost=180,758, diff=-137485)
  Step 2220: active=280,165 lost=43,541 (+268) | L0=86.0% L1=0.3% L2=0.2% miss=13.4% | sub-step misses: k1=43273 k2=43450 k3=43273 k4=43590 final=43541 | SA-L2: 0/268 newly-lost found by standalone | (prev: lost=180,907, diff=-137366)
  Step 2221: active=279,886 lost=43,820 (+279) | L0=85.9% L1=0.3% L2=0.2% miss=13.5% | sub-step misses: k1=43541 k2=43727 k3=43541 k4=43860 final=43820 | SA-L2: 0/279 newly-lost found by standalone | (prev: lost=181,046, diff=-137226)
  Step 2222: active=279,641 lost=44,065 (+245) | L0=85.9% L1=0.3% L2=0.2% miss=13.6% | sub-step misses: k1=43820 k2=43973 k3=43820 k4=44106 final=44065 | SA-L2: 0/245 newly-lost found by standalone | (prev: lost=181,185, diff=-137120)
  Step 2223: active=279,393 lost=44,313 (+248) | L0=85.8% L1=0.3% L2=0.2% miss=13.7% | sub-step misses: k1=44065 k2=44227 k3=44065 k4=44360 final=44313 | SA-L2: 0/248 newly-lost found by standalone | (prev: lost=181,288, diff=-136975)
  Step 2224: active=279,101 lost=44,605 (+292) | L0=85.7% L1=0.3% L2=0.2% miss=13.7% | sub-step misses: k1=44313 k2=44500 k3=44313 k4=44648 final=44605 | SA-L2: 0/292 newly-lost found by standalone | (prev: lost=181,379, diff=-136774)
  Step 2225: active=278,811 lost=44,895 (+290) | L0=85.6% L1=0.3% L2=0.2% miss=13.8% | sub-step misses: k1=44605 k2=44792 k3=44605 k4=44940 final=44895 | SA-L2: 0/290 newly-lost found by standalone | (prev: lost=181,487, diff=-136592)
  Step 2226: active=278,511 lost=45,195 (+300) | L0=85.5% L1=0.3% L2=0.2% miss=13.9% | sub-step misses: k1=44895 k2=45090 k3=44895 k4=45240 final=45195 | SA-L2: 0/300 newly-lost found by standalone | (prev: lost=181,620, diff=-136425)
  Step 2227: active=278,209 lost=45,497 (+302) | L0=85.4% L1=0.4% L2=0.2% miss=14.0% | sub-step misses: k1=45195 k2=45394 k3=45195 k4=45541 final=45497 | SA-L2: 0/302 newly-lost found by standalone | (prev: lost=181,747, diff=-136250)
  Step 2228: active=277,917 lost=45,789 (+292) | L0=85.3% L1=0.3% L2=0.2% miss=14.1% | sub-step misses: k1=45497 k2=45699 k3=45497 k4=45849 final=45789 | SA-L2: 0/292 newly-lost found by standalone | (prev: lost=181,896, diff=-136107)
  Step 2229: active=277,630 lost=46,076 (+287) | L0=85.3% L1=0.3% L2=0.2% miss=14.2% | sub-step misses: k1=45789 k2=45985 k3=45789 k4=46125 final=46076 | SA-L2: 0/287 newly-lost found by standalone | (prev: lost=182,051, diff=-135975)
  Step 2230: active=277,370 lost=46,336 (+260) | L0=85.2% L1=0.3% L2=0.2% miss=14.3% | sub-step misses: k1=46076 k2=46259 k3=46076 k4=46367 final=46336 | SA-L2: 0/260 newly-lost found by standalone | (prev: lost=182,201, diff=-135865)
  Step 2231: active=277,125 lost=46,581 (+245) | L0=85.1% L1=0.3% L2=0.2% miss=14.4% | sub-step misses: k1=46336 k2=46505 k3=46336 k4=46631 final=46581 | SA-L2: 0/245 newly-lost found by standalone | (prev: lost=182,344, diff=-135763)
  Step 2232: active=276,847 lost=46,859 (+278) | L0=85.0% L1=0.3% L2=0.2% miss=14.4% | sub-step misses: k1=46581 k2=46771 k3=46582 k4=46914 final=46859 | SA-L2: 0/278 newly-lost found by standalone | (prev: lost=182,448, diff=-135589)
  Step 2233: active=276,567 lost=47,139 (+280) | L0=84.9% L1=0.3% L2=0.2% miss=14.5% | sub-step misses: k1=46859 k2=47055 k3=46859 k4=47196 final=47139 | SA-L2: 0/280 newly-lost found by standalone | (prev: lost=182,553, diff=-135414)
  Step 2234: active=276,248 lost=47,458 (+319) | L0=84.8% L1=0.3% L2=0.2% miss=14.6% | sub-step misses: k1=47139 k2=47350 k3=47139 k4=47503 final=47458 | SA-L2: 0/319 newly-lost found by standalone | (prev: lost=182,674, diff=-135216)
  Step 2235: active=275,925 lost=47,781 (+323) | L0=84.7% L1=0.3% L2=0.2% miss=14.7% | sub-step misses: k1=47458 k2=47678 k3=47458 k4=47829 final=47781 | SA-L2: 0/323 newly-lost found by standalone | (prev: lost=182,802, diff=-135021)
  Step 2236: active=275,612 lost=48,094 (+313) | L0=84.6% L1=0.3% L2=0.2% miss=14.8% | sub-step misses: k1=47781 k2=47992 k3=47781 k4=48141 final=48094 | SA-L2: 0/313 newly-lost found by standalone | (prev: lost=182,943, diff=-134849)
  Step 2237: active=275,301 lost=48,405 (+311) | L0=84.5% L1=0.3% L2=0.2% miss=14.9% | sub-step misses: k1=48094 k2=48298 k3=48094 k4=48444 final=48405 | SA-L2: 0/311 newly-lost found by standalone | (prev: lost=183,100, diff=-134695)
  Step 2238: active=275,027 lost=48,679 (+274) | L0=84.5% L1=0.3% L2=0.2% miss=15.0% | sub-step misses: k1=48405 k2=48588 k3=48405 k4=48715 final=48679 | SA-L2: 0/274 newly-lost found by standalone | (prev: lost=183,265, diff=-134586)
  Step 2239: active=274,776 lost=48,930 (+251) | L0=84.4% L1=0.3% L2=0.2% miss=15.1% | sub-step misses: k1=48679 k2=48847 k3=48679 k4=48972 final=48930 | SA-L2: 0/251 newly-lost found by standalone | (prev: lost=183,422, diff=-134492)
  Step 2240: active=274,511 lost=49,195 (+265) | L0=84.3% L1=0.3% L2=0.2% miss=15.2% | sub-step misses: k1=48930 k2=49111 k3=48930 k4=49243 final=49195 | SA-L2: 0/265 newly-lost found by standalone | (prev: lost=183,554, diff=-134359)
  Step 2241: active=274,219 lost=49,487 (+292) | L0=84.2% L1=0.3% L2=0.2% miss=15.2% | sub-step misses: k1=49195 k2=49390 k3=49195 k4=49548 final=49487 | SA-L2: 0/292 newly-lost found by standalone | (prev: lost=183,651, diff=-134164)
  Step 2242: active=273,922 lost=49,784 (+297) | L0=84.1% L1=0.3% L2=0.2% miss=15.3% | sub-step misses: k1=49487 k2=49689 k3=49487 k4=49831 final=49784 | SA-L2: 0/297 newly-lost found by standalone | (prev: lost=183,765, diff=-133981)
  Step 2243: active=273,612 lost=50,094 (+310) | L0=84.0% L1=0.3% L2=0.2% miss=15.4% | sub-step misses: k1=49784 k2=49985 k3=49784 k4=50148 final=50094 | SA-L2: 0/310 newly-lost found by standalone | (prev: lost=183,898, diff=-133804)
  Step 2244: active=273,302 lost=50,404 (+310) | L0=83.9% L1=0.3% L2=0.2% miss=15.5% | sub-step misses: k1=50094 k2=50291 k3=50094 k4=50458 final=50404 | SA-L2: 0/310 newly-lost found by standalone | (prev: lost=184,037, diff=-133633)
  Step 2245: active=272,989 lost=50,717 (+313) | L0=83.8% L1=0.3% L2=0.2% miss=15.6% | sub-step misses: k1=50404 k2=50613 k3=50404 k4=50761 final=50717 | SA-L2: 0/313 newly-lost found by standalone | (prev: lost=184,186, diff=-133469)
  Step 2246: active=272,693 lost=51,013 (+296) | L0=83.7% L1=0.3% L2=0.2% miss=15.7% | sub-step misses: k1=50717 k2=50919 k3=50717 k4=51071 final=51013 | SA-L2: 0/296 newly-lost found by standalone | (prev: lost=184,360, diff=-133347)
  Step 2247: active=272,409 lost=51,297 (+284) | L0=83.6% L1=0.3% L2=0.2% miss=15.8% | sub-step misses: k1=51013 k2=51207 k3=51013 k4=51336 final=51297 | SA-L2: 0/284 newly-lost found by standalone | (prev: lost=184,509, diff=-133212)
  Step 2248: active=272,133 lost=51,573 (+276) | L0=83.6% L1=0.3% L2=0.2% miss=15.9% | sub-step misses: k1=51297 k2=51477 k3=51297 k4=51614 final=51573 | SA-L2: 0/276 newly-lost found by standalone | (prev: lost=184,675, diff=-133102)
  Step 2249: active=271,870 lost=51,836 (+263) | L0=83.5% L1=0.3% L2=0.2% miss=16.0% | sub-step misses: k1=51573 k2=51737 k3=51573 k4=51891 final=51836 | SA-L2: 0/263 newly-lost found by standalone | (prev: lost=184,793, diff=-132957)
  Step 2250: active=271,577 lost=52,129 (+293) | L0=83.4% L1=0.3% L2=0.2% miss=16.1% | sub-step misses: k1=51836 k2=52016 k3=51836 k4=52180 final=52129 | SA-L2: 0/293 newly-lost found by standalone | (prev: lost=184,910, diff=-132781)
  Step 2251: active=271,283 lost=52,423 (+294) | L0=83.3% L1=0.3% L2=0.2% miss=16.2% | sub-step misses: k1=52129 k2=52334 k3=52129 k4=52480 final=52423 | SA-L2: 0/294 newly-lost found by standalone | (prev: lost=185,030, diff=-132607)
  Step 2252: active=270,954 lost=52,752 (+329) | L0=83.2% L1=0.3% L2=0.2% miss=16.3% | sub-step misses: k1=52423 k2=52634 k3=52423 k4=52806 final=52752 | SA-L2: 0/329 newly-lost found by standalone | (prev: lost=185,162, diff=-132410)
  Step 2253: active=270,647 lost=53,059 (+307) | L0=83.1% L1=0.3% L2=0.2% miss=16.3% | sub-step misses: k1=52752 k2=52943 k3=52752 k4=53112 final=53059 | SA-L2: 0/307 newly-lost found by standalone | (prev: lost=185,308, diff=-132249)
  Step 2254: active=270,325 lost=53,381 (+322) | L0=83.0% L1=0.3% L2=0.2% miss=16.4% | sub-step misses: k1=53059 k2=53276 k3=53059 k4=53425 final=53381 | SA-L2: 0/322 newly-lost found by standalone | (prev: lost=185,478, diff=-132097)
  Step 2255: active=270,014 lost=53,692 (+311) | L0=82.9% L1=0.3% L2=0.2% miss=16.5% | sub-step misses: k1=53381 k2=53579 k3=53381 k4=53724 final=53692 | SA-L2: 0/311 newly-lost found by standalone | (prev: lost=185,644, diff=-131952)
  Step 2256: active=269,761 lost=53,945 (+253) | L0=82.8% L1=0.3% L2=0.2% miss=16.6% | sub-step misses: k1=53692 k2=53860 k3=53692 k4=54001 final=53945 | SA-L2: 0/253 newly-lost found by standalone | (prev: lost=185,796, diff=-131851)
  Step 2257: active=269,481 lost=54,225 (+280) | L0=82.7% L1=0.3% L2=0.2% miss=16.7% | sub-step misses: k1=53945 k2=54137 k3=53945 k4=54278 final=54225 | SA-L2: 0/280 newly-lost found by standalone | (prev: lost=185,945, diff=-131720)
  Step 2258: active=269,197 lost=54,509 (+284) | L0=82.7% L1=0.3% L2=0.2% miss=16.8% | sub-step misses: k1=54225 k2=54420 k3=54225 k4=54557 final=54509 | SA-L2: 0/284 newly-lost found by standalone | (prev: lost=186,062, diff=-131553)
  Step 2259: active=268,895 lost=54,811 (+302) | L0=82.6% L1=0.3% L2=0.2% miss=16.9% | sub-step misses: k1=54509 k2=54716 k3=54509 k4=54867 final=54811 | SA-L2: 0/302 newly-lost found by standalone | (prev: lost=186,171, diff=-131360)
  Step 2260: active=268,576 lost=55,130 (+319) | L0=82.5% L1=0.3% L2=0.2% miss=17.0% | sub-step misses: k1=54811 k2=55035 k3=54811 k4=55185 final=55130 | SA-L2: 0/319 newly-lost found by standalone | (prev: lost=186,294, diff=-131164)
  Step 2261: active=268,263 lost=55,443 (+313) | L0=82.4% L1=0.3% L2=0.2% miss=17.1% | sub-step misses: k1=55130 k2=55349 k3=55130 k4=55504 final=55443 | SA-L2: 0/313 newly-lost found by standalone | (prev: lost=186,437, diff=-130994)
  Step 2262: active=267,934 lost=55,772 (+329) | L0=82.3% L1=0.3% L2=0.2% miss=17.2% | sub-step misses: k1=55443 k2=55659 k3=55443 k4=55811 final=55772 | SA-L2: 0/329 newly-lost found by standalone | (prev: lost=186,583, diff=-130811)
  Step 2263: active=267,633 lost=56,073 (+301) | L0=82.2% L1=0.4% L2=0.2% miss=17.3% | sub-step misses: k1=55772 k2=55975 k3=55772 k4=56129 final=56073 | SA-L2: 0/301 newly-lost found by standalone | (prev: lost=186,753, diff=-130680)
  Step 2264: active=267,341 lost=56,365 (+292) | L0=82.1% L1=0.3% L2=0.2% miss=17.4% | sub-step misses: k1=56073 k2=56285 k3=56073 k4=56411 final=56365 | SA-L2: 0/292 newly-lost found by standalone | (prev: lost=186,925, diff=-130560)
  Step 2265: active=267,075 lost=56,631 (+266) | L0=82.0% L1=0.3% L2=0.2% miss=17.5% | sub-step misses: k1=56365 k2=56541 k3=56365 k4=56676 final=56631 | SA-L2: 0/266 newly-lost found by standalone | (prev: lost=187,089, diff=-130458)
  Step 2266: active=266,822 lost=56,884 (+253) | L0=81.9% L1=0.3% L2=0.2% miss=17.5% | sub-step misses: k1=56631 k2=56795 k3=56631 k4=56931 final=56884 | SA-L2: 0/253 newly-lost found by standalone | (prev: lost=187,225, diff=-130341)
  Step 2267: active=266,522 lost=57,184 (+300) | L0=81.8% L1=0.3% L2=0.2% miss=17.6% | sub-step misses: k1=56884 k2=57087 k3=56884 k4=57223 final=57184 | SA-L2: 0/300 newly-lost found by standalone | (prev: lost=187,341, diff=-130157)
  Step 2268: active=266,221 lost=57,485 (+301) | L0=81.7% L1=0.3% L2=0.2% miss=17.7% | sub-step misses: k1=57184 k2=57369 k3=57184 k4=57537 final=57485 | SA-L2: 0/301 newly-lost found by standalone | (prev: lost=187,447, diff=-129962)
  Step 2269: active=265,913 lost=57,793 (+308) | L0=81.6% L1=0.3% L2=0.2% miss=17.8% | sub-step misses: k1=57485 k2=57696 k3=57485 k4=57859 final=57793 | SA-L2: 0/308 newly-lost found by standalone | (prev: lost=187,569, diff=-129776)
  Step 2270: active=265,585 lost=58,121 (+328) | L0=81.5% L1=0.3% L2=0.2% miss=17.9% | sub-step misses: k1=57793 k2=58013 k3=57793 k4=58188 final=58121 | SA-L2: 0/328 newly-lost found by standalone | (prev: lost=187,721, diff=-129600)
  Step 2271: active=265,241 lost=58,465 (+344) | L0=81.4% L1=0.3% L2=0.2% miss=18.0% | sub-step misses: k1=58121 k2=58352 k3=58121 k4=58502 final=58465 | SA-L2: 0/344 newly-lost found by standalone | (prev: lost=187,873, diff=-129408)
  Step 2272: active=264,929 lost=58,777 (+312) | L0=81.3% L1=0.3% L2=0.2% miss=18.1% | sub-step misses: k1=58465 k2=58671 k3=58465 k4=58823 final=58777 | SA-L2: 0/312 newly-lost found by standalone | (prev: lost=188,051, diff=-129274)
  Step 2273: active=264,639 lost=59,067 (+290) | L0=81.2% L1=0.3% L2=0.2% miss=18.2% | sub-step misses: k1=58777 k2=58975 k3=58777 k4=59109 final=59067 | SA-L2: 0/290 newly-lost found by standalone | (prev: lost=188,222, diff=-129155)
  Step 2274: active=264,381 lost=59,325 (+258) | L0=81.2% L1=0.3% L2=0.2% miss=18.3% | sub-step misses: k1=59067 k2=59249 k3=59067 k4=59364 final=59325 | SA-L2: 0/258 newly-lost found by standalone | (prev: lost=188,377, diff=-129052)
  Step 2275: active=264,115 lost=59,591 (+266) | L0=81.1% L1=0.3% L2=0.2% miss=18.4% | sub-step misses: k1=59325 k2=59489 k3=59325 k4=59647 final=59591 | SA-L2: 0/266 newly-lost found by standalone | (prev: lost=188,516, diff=-128925)
  Step 2276: active=263,816 lost=59,890 (+299) | L0=81.0% L1=0.3% L2=0.2% miss=18.5% | sub-step misses: k1=59591 k2=59795 k3=59591 k4=59941 final=59890 | SA-L2: 0/299 newly-lost found by standalone | (prev: lost=188,629, diff=-128739)
  Step 2277: active=263,485 lost=60,221 (+331) | L0=80.9% L1=0.3% L2=0.2% miss=18.6% | sub-step misses: k1=59890 k2=60110 k3=59890 k4=60265 final=60221 | SA-L2: 0/331 newly-lost found by standalone | (prev: lost=188,739, diff=-128518)
  Step 2278: active=263,165 lost=60,541 (+320) | L0=80.8% L1=0.3% L2=0.2% miss=18.7% | sub-step misses: k1=60221 k2=60432 k3=60221 k4=60594 final=60541 | SA-L2: 0/320 newly-lost found by standalone | (prev: lost=188,867, diff=-128326)
  Step 2279: active=262,835 lost=60,871 (+330) | L0=80.7% L1=0.3% L2=0.2% miss=18.8% | sub-step misses: k1=60541 k2=60758 k3=60541 k4=60929 final=60871 | SA-L2: 0/330 newly-lost found by standalone | (prev: lost=189,034, diff=-128163)
  Step 2280: active=262,510 lost=61,196 (+325) | L0=80.6% L1=0.3% L2=0.2% miss=18.9% | sub-step misses: k1=60871 k2=61096 k3=60871 k4=61259 final=61196 | SA-L2: 0/325 newly-lost found by standalone | (prev: lost=189,184, diff=-127988)
  Step 2281: active=262,189 lost=61,517 (+321) | L0=80.5% L1=0.3% L2=0.2% miss=19.0% | sub-step misses: k1=61196 k2=61407 k3=61196 k4=61567 final=61517 | SA-L2: 0/321 newly-lost found by standalone | (prev: lost=189,358, diff=-127841)
  Step 2282: active=261,906 lost=61,800 (+283) | L0=80.4% L1=0.3% L2=0.2% miss=19.1% | sub-step misses: k1=61517 k2=61713 k3=61517 k4=61844 final=61800 | SA-L2: 0/283 newly-lost found by standalone | (prev: lost=189,535, diff=-127735)
  Step 2283: active=261,646 lost=62,060 (+260) | L0=80.3% L1=0.3% L2=0.2% miss=19.1% | sub-step misses: k1=61800 k2=61973 k3=61800 k4=62099 final=62060 | SA-L2: 0/260 newly-lost found by standalone | (prev: lost=189,685, diff=-127625)
  Step 2284: active=261,376 lost=62,330 (+270) | L0=80.2% L1=0.3% L2=0.2% miss=19.2% | sub-step misses: k1=62060 k2=62234 k3=62060 k4=62379 final=62330 | SA-L2: 0/270 newly-lost found by standalone | (prev: lost=189,827, diff=-127497)
  Step 2285: active=261,083 lost=62,623 (+293) | L0=80.2% L1=0.3% L2=0.2% miss=19.3% | sub-step misses: k1=62330 k2=62530 k3=62330 k4=62685 final=62623 | SA-L2: 0/293 newly-lost found by standalone | (prev: lost=189,935, diff=-127312)
  Step 2286: active=260,748 lost=62,958 (+335) | L0=80.0% L1=0.3% L2=0.2% miss=19.4% | sub-step misses: k1=62623 k2=62847 k3=62623 k4=62999 final=62958 | SA-L2: 0/335 newly-lost found by standalone | (prev: lost=190,058, diff=-127100)
  Step 2287: active=260,436 lost=63,270 (+312) | L0=80.0% L1=0.3% L2=0.2% miss=19.5% | sub-step misses: k1=62958 k2=63162 k3=62958 k4=63329 final=63270 | SA-L2: 0/312 newly-lost found by standalone | (prev: lost=190,191, diff=-126921)
  Step 2288: active=260,101 lost=63,605 (+335) | L0=79.8% L1=0.3% L2=0.2% miss=19.6% | sub-step misses: k1=63270 k2=63484 k3=63270 k4=63669 final=63605 | SA-L2: 0/335 newly-lost found by standalone | (prev: lost=190,348, diff=-126743)
  Step 2289: active=259,768 lost=63,938 (+333) | L0=79.7% L1=0.3% L2=0.2% miss=19.7% | sub-step misses: k1=63605 k2=63831 k3=63605 k4=63986 final=63938 | SA-L2: 0/333 newly-lost found by standalone | (prev: lost=190,512, diff=-126574)
  Step 2290: active=259,427 lost=64,279 (+341) | L0=79.6% L1=0.3% L2=0.2% miss=19.8% | sub-step misses: k1=63938 k2=64167 k3=63938 k4=64326 final=64279 | SA-L2: 0/341 newly-lost found by standalone | (prev: lost=190,697, diff=-126418)
  Step 2291: active=259,133 lost=64,573 (+294) | L0=79.5% L1=0.3% L2=0.2% miss=19.9% | sub-step misses: k1=64279 k2=64485 k3=64279 k4=64616 final=64573 | SA-L2: 0/294 newly-lost found by standalone | (prev: lost=190,868, diff=-126295)
  Step 2292: active=258,886 lost=64,820 (+247) | L0=79.5% L1=0.3% L2=0.2% miss=20.0% | sub-step misses: k1=64573 k2=64737 k3=64573 k4=64866 final=64820 | SA-L2: 0/247 newly-lost found by standalone | (prev: lost=191,023, diff=-126203)
  Step 2293: active=258,602 lost=65,104 (+284) | L0=79.4% L1=0.3% L2=0.2% miss=20.1% | sub-step misses: k1=64820 k2=65001 k3=64820 k4=65146 final=65104 | SA-L2: 0/284 newly-lost found by standalone | (prev: lost=191,168, diff=-126064)
  Step 2294: active=258,284 lost=65,422 (+318) | L0=79.3% L1=0.3% L2=0.2% miss=20.2% | sub-step misses: k1=65104 k2=65308 k3=65104 k4=65472 final=65422 | SA-L2: 0/318 newly-lost found by standalone | (prev: lost=191,277, diff=-125855)
  Step 2295: active=257,965 lost=65,741 (+319) | L0=79.2% L1=0.3% L2=0.2% miss=20.3% | sub-step misses: k1=65422 k2=65639 k3=65422 k4=65800 final=65741 | SA-L2: 0/319 newly-lost found by standalone | (prev: lost=191,397, diff=-125656)
  Step 2296: active=257,637 lost=66,069 (+328) | L0=79.1% L1=0.3% L2=0.2% miss=20.4% | sub-step misses: k1=65741 k2=65960 k3=65741 k4=66124 final=66069 | SA-L2: 0/328 newly-lost found by standalone | (prev: lost=191,544, diff=-125475)
  Step 2297: active=257,292 lost=66,414 (+345) | L0=79.0% L1=0.3% L2=0.2% miss=20.5% | sub-step misses: k1=66069 k2=66314 k3=66069 k4=66466 final=66414 | SA-L2: 0/345 newly-lost found by standalone | (prev: lost=191,707, diff=-125293)
  Step 2298: active=256,978 lost=66,728 (+314) | L0=78.9% L1=0.3% L2=0.2% miss=20.6% | sub-step misses: k1=66414 k2=66625 k3=66414 k4=66798 final=66728 | SA-L2: 0/314 newly-lost found by standalone | (prev: lost=191,872, diff=-125144)
  Step 2299: active=256,642 lost=67,064 (+336) | L0=78.8% L1=0.3% L2=0.2% miss=20.7% | sub-step misses: k1=66728 k2=66978 k3=66728 k4=67120 final=67064 | SA-L2: 0/336 newly-lost found by standalone | (prev: lost=192,067, diff=-125003)
  Step 2300: active=256,368 lost=67,338 (+274) | L0=78.7% L1=0.3% L2=0.2% miss=20.8% | sub-step misses: k1=67064 k2=67254 k3=67064 k4=67375 final=67338 | SA-L2: 0/274 newly-lost found by standalone | (prev: lost=192,238, diff=-124900)
  Step 2301: active=256,093 lost=67,613 (+275) | L0=78.6% L1=0.3% L2=0.2% miss=20.8% | sub-step misses: k1=67338 k2=67506 k3=67338 k4=67650 final=67613 | SA-L2: 0/275 newly-lost found by standalone | (prev: lost=192,401, diff=-124788)
  Step 2302: active=255,831 lost=67,875 (+262) | L0=78.5% L1=0.3% L2=0.2% miss=20.9% | sub-step misses: k1=67613 k2=67776 k3=67613 k4=67925 final=67875 | SA-L2: 0/262 newly-lost found by standalone | (prev: lost=192,538, diff=-124663)
  Step 2303: active=255,504 lost=68,202 (+327) | L0=78.4% L1=0.3% L2=0.2% miss=21.0% | sub-step misses: k1=67875 k2=68091 k3=67875 k4=68257 final=68202 | SA-L2: 0/327 newly-lost found by standalone | (prev: lost=192,653, diff=-124451)
  Step 2304: active=255,170 lost=68,536 (+334) | L0=78.3% L1=0.3% L2=0.2% miss=21.1% | sub-step misses: k1=68202 k2=68415 k3=68202 k4=68582 final=68536 | SA-L2: 0/334 newly-lost found by standalone | (prev: lost=192,776, diff=-124240)
  Step 2305: active=254,841 lost=68,865 (+329) | L0=78.2% L1=0.3% L2=0.2% miss=21.2% | sub-step misses: k1=68536 k2=68764 k3=68536 k4=68940 final=68865 | SA-L2: 0/329 newly-lost found by standalone | (prev: lost=192,935, diff=-124070)
  Step 2306: active=254,478 lost=69,228 (+363) | L0=78.1% L1=0.3% L2=0.2% miss=21.3% | sub-step misses: k1=68865 k2=69107 k3=68865 k4=69285 final=69228 | SA-L2: 0/363 newly-lost found by standalone | (prev: lost=193,093, diff=-123865)
  Step 2307: active=254,152 lost=69,554 (+326) | L0=78.0% L1=0.3% L2=0.2% miss=21.4% | sub-step misses: k1=69228 k2=69446 k3=69228 k4=69605 final=69554 | SA-L2: 0/326 newly-lost found by standalone | (prev: lost=193,268, diff=-123714)
  Step 2308: active=253,825 lost=69,881 (+327) | L0=77.9% L1=0.3% L2=0.2% miss=21.5% | sub-step misses: k1=69554 k2=69787 k3=69554 k4=69940 final=69881 | SA-L2: 0/327 newly-lost found by standalone | (prev: lost=193,464, diff=-123583)
  Step 2309: active=253,548 lost=70,158 (+277) | L0=77.8% L1=0.3% L2=0.2% miss=21.6% | sub-step misses: k1=69881 k2=70078 k3=69881 k4=70204 final=70158 | SA-L2: 0/277 newly-lost found by standalone | (prev: lost=193,638, diff=-123480)
  Step 2310: active=253,271 lost=70,435 (+277) | L0=77.7% L1=0.3% L2=0.2% miss=21.7% | sub-step misses: k1=70158 k2=70337 k3=70158 k4=70477 final=70435 | SA-L2: 0/277 newly-lost found by standalone | (prev: lost=193,794, diff=-123359)
  Step 2311: active=252,986 lost=70,720 (+285) | L0=77.6% L1=0.3% L2=0.2% miss=21.8% | sub-step misses: k1=70435 k2=70622 k3=70435 k4=70781 final=70720 | SA-L2: 0/285 newly-lost found by standalone | (prev: lost=193,933, diff=-123213)
  Step 2312: active=252,667 lost=71,039 (+319) | L0=77.6% L1=0.3% L2=0.2% miss=21.9% | sub-step misses: k1=70720 k2=70937 k3=70720 k4=71096 final=71039 | SA-L2: 0/319 newly-lost found by standalone | (prev: lost=194,054, diff=-123015)
  Step 2313: active=252,329 lost=71,377 (+338) | L0=77.4% L1=0.3% L2=0.2% miss=22.0% | sub-step misses: k1=71039 k2=71260 k3=71039 k4=71441 final=71377 | SA-L2: 0/338 newly-lost found by standalone | (prev: lost=194,180, diff=-122803)
  Step 2314: active=251,974 lost=71,732 (+355) | L0=77.3% L1=0.3% L2=0.2% miss=22.1% | sub-step misses: k1=71377 k2=71598 k3=71377 k4=71803 final=71732 | SA-L2: 0/355 newly-lost found by standalone | (prev: lost=194,338, diff=-122606)
  Step 2315: active=251,622 lost=72,084 (+352) | L0=77.2% L1=0.3% L2=0.2% miss=22.2% | sub-step misses: k1=71732 k2=71972 k3=71732 k4=72141 final=72084 | SA-L2: 0/352 newly-lost found by standalone | (prev: lost=194,511, diff=-122427)
  Step 2316: active=251,284 lost=72,422 (+338) | L0=77.1% L1=0.3% L2=0.2% miss=22.3% | sub-step misses: k1=72084 k2=72304 k3=72084 k4=72479 final=72422 | SA-L2: 0/338 newly-lost found by standalone | (prev: lost=194,700, diff=-122278)
  Step 2317: active=250,969 lost=72,737 (+315) | L0=77.0% L1=0.3% L2=0.2% miss=22.4% | sub-step misses: k1=72422 k2=72635 k3=72422 k4=72790 final=72737 | SA-L2: 0/315 newly-lost found by standalone | (prev: lost=194,891, diff=-122154)
  Step 2318: active=250,687 lost=73,019 (+282) | L0=76.9% L1=0.3% L2=0.2% miss=22.5% | sub-step misses: k1=72737 k2=72927 k3=72737 k4=73074 final=73019 | SA-L2: 0/282 newly-lost found by standalone | (prev: lost=195,068, diff=-122049)
  Step 2319: active=250,422 lost=73,284 (+265) | L0=76.8% L1=0.3% L2=0.2% miss=22.6% | sub-step misses: k1=73019 k2=73195 k3=73019 k4=73339 final=73284 | SA-L2: 0/265 newly-lost found by standalone | (prev: lost=195,221, diff=-121937)
  Step 2320: active=250,124 lost=73,582 (+298) | L0=76.8% L1=0.3% L2=0.2% miss=22.7% | sub-step misses: k1=73284 k2=73475 k3=73284 k4=73628 final=73582 | SA-L2: 0/298 newly-lost found by standalone | (prev: lost=195,350, diff=-121768)
  Step 2321: active=249,797 lost=73,909 (+327) | L0=76.7% L1=0.3% L2=0.2% miss=22.8% | sub-step misses: k1=73582 k2=73786 k3=73582 k4=73965 final=73909 | SA-L2: 0/327 newly-lost found by standalone | (prev: lost=195,476, diff=-121567)
  Step 2322: active=249,449 lost=74,257 (+348) | L0=76.6% L1=0.3% L2=0.2% miss=22.9% | sub-step misses: k1=73909 k2=74136 k3=73909 k4=74303 final=74257 | SA-L2: 0/348 newly-lost found by standalone | (prev: lost=195,616, diff=-121359)
  Step 2323: active=249,111 lost=74,595 (+338) | L0=76.5% L1=0.3% L2=0.2% miss=23.0% | sub-step misses: k1=74257 k2=74460 k3=74257 k4=74669 final=74595 | SA-L2: 0/338 newly-lost found by standalone | (prev: lost=195,776, diff=-121181)
  Step 2324: active=248,751 lost=74,955 (+360) | L0=76.4% L1=0.3% L2=0.2% miss=23.1% | sub-step misses: k1=74595 k2=74842 k3=74595 k4=75006 final=74955 | SA-L2: 0/360 newly-lost found by standalone | (prev: lost=195,942, diff=-120987)
  Step 2325: active=248,431 lost=75,275 (+320) | L0=76.3% L1=0.3% L2=0.2% miss=23.2% | sub-step misses: k1=74955 k2=75172 k3=74955 k4=75336 final=75275 | SA-L2: 0/320 newly-lost found by standalone | (prev: lost=196,154, diff=-120879)
  Step 2326: active=248,099 lost=75,607 (+332) | L0=76.1% L1=0.3% L2=0.2% miss=23.3% | sub-step misses: k1=75275 k2=75511 k3=75275 k4=75655 final=75607 | SA-L2: 0/332 newly-lost found by standalone | (prev: lost=196,333, diff=-120726)
  Step 2327: active=247,785 lost=75,921 (+314) | L0=76.0% L1=0.3% L2=0.2% miss=23.4% | sub-step misses: k1=75607 k2=75795 k3=75607 k4=75961 final=75921 | SA-L2: 0/314 newly-lost found by standalone | (prev: lost=196,501, diff=-120580)
  Step 2328: active=247,517 lost=76,189 (+268) | L0=76.0% L1=0.3% L2=0.2% miss=23.5% | sub-step misses: k1=75921 k2=76093 k3=75921 k4=76235 final=76189 | SA-L2: 0/268 newly-lost found by standalone | (prev: lost=196,649, diff=-120460)
  Step 2329: active=247,227 lost=76,479 (+290) | L0=75.9% L1=0.3% L2=0.2% miss=23.6% | sub-step misses: k1=76189 k2=76382 k3=76189 k4=76539 final=76479 | SA-L2: 0/290 newly-lost found by standalone | (prev: lost=196,790, diff=-120311)
  Step 2330: active=246,868 lost=76,838 (+359) | L0=75.8% L1=0.3% L2=0.2% miss=23.7% | sub-step misses: k1=76479 k2=76723 k3=76479 k4=76892 final=76838 | SA-L2: 0/359 newly-lost found by standalone | (prev: lost=196,920, diff=-120082)
  Step 2331: active=246,542 lost=77,164 (+326) | L0=75.7% L1=0.3% L2=0.2% miss=23.8% | sub-step misses: k1=76838 k2=77050 k3=76838 k4=77211 final=77164 | SA-L2: 0/326 newly-lost found by standalone | (prev: lost=197,061, diff=-119897)
  Step 2332: active=246,175 lost=77,531 (+367) | L0=75.6% L1=0.3% L2=0.2% miss=23.9% | sub-step misses: k1=77164 k2=77392 k3=77164 k4=77581 final=77531 | SA-L2: 0/367 newly-lost found by standalone | (prev: lost=197,230, diff=-119699)
  Step 2333: active=245,856 lost=77,850 (+319) | L0=75.5% L1=0.3% L2=0.2% miss=24.0% | sub-step misses: k1=77531 k2=77742 k3=77531 k4=77910 final=77850 | SA-L2: 0/319 newly-lost found by standalone | (prev: lost=197,394, diff=-119544)
  Step 2334: active=245,506 lost=78,200 (+350) | L0=75.4% L1=0.3% L2=0.2% miss=24.1% | sub-step misses: k1=77850 k2=78076 k3=77850 k4=78250 final=78200 | SA-L2: 0/350 newly-lost found by standalone | (prev: lost=197,615, diff=-119415)
  Step 2335: active=245,191 lost=78,515 (+315) | L0=75.3% L1=0.3% L2=0.2% miss=24.2% | sub-step misses: k1=78200 k2=78402 k3=78200 k4=78556 final=78515 | SA-L2: 0/315 newly-lost found by standalone | (prev: lost=197,797, diff=-119282)
  Step 2336: active=244,877 lost=78,829 (+314) | L0=75.1% L1=0.3% L2=0.2% miss=24.3% | sub-step misses: k1=78515 k2=78721 k3=78515 k4=78873 final=78829 | SA-L2: 0/314 newly-lost found by standalone | (prev: lost=197,963, diff=-119134)
  Step 2337: active=244,605 lost=79,101 (+272) | L0=75.1% L1=0.3% L2=0.2% miss=24.4% | sub-step misses: k1=78829 k2=79009 k3=78829 k4=79137 final=79101 | SA-L2: 0/272 newly-lost found by standalone | (prev: lost=198,104, diff=-119003)
  Step 2338: active=244,290 lost=79,416 (+315) | L0=75.0% L1=0.3% L2=0.2% miss=24.5% | sub-step misses: k1=79101 k2=79282 k3=79101 k4=79477 final=79416 | SA-L2: 0/315 newly-lost found by standalone | (prev: lost=198,243, diff=-118827)
  Step 2339: active=243,920 lost=79,786 (+370) | L0=74.9% L1=0.3% L2=0.2% miss=24.6% | sub-step misses: k1=79416 k2=79660 k3=79416 k4=79835 final=79786 | SA-L2: 0/370 newly-lost found by standalone | (prev: lost=198,366, diff=-118580)
  Step 2340: active=243,612 lost=80,094 (+308) | L0=74.8% L1=0.3% L2=0.2% miss=24.7% | sub-step misses: k1=79786 k2=79988 k3=79786 k4=80161 final=80094 | SA-L2: 0/308 newly-lost found by standalone | (prev: lost=198,512, diff=-118418)
  Step 2341: active=243,240 lost=80,466 (+372) | L0=74.7% L1=0.3% L2=0.2% miss=24.8% | sub-step misses: k1=80094 k2=80353 k3=80094 k4=80511 final=80466 | SA-L2: 0/372 newly-lost found by standalone | (prev: lost=198,692, diff=-118226)
  Step 2342: active=242,920 lost=80,786 (+320) | L0=74.5% L1=0.3% L2=0.2% miss=24.9% | sub-step misses: k1=80466 k2=80682 k3=80466 k4=80853 final=80786 | SA-L2: 0/320 newly-lost found by standalone | (prev: lost=198,862, diff=-118076)
  Step 2343: active=242,582 lost=81,124 (+338) | L0=74.4% L1=0.3% L2=0.2% miss=25.0% | sub-step misses: k1=80786 k2=81011 k3=80786 k4=81173 final=81124 | SA-L2: 0/338 newly-lost found by standalone | (prev: lost=199,065, diff=-117941)
  Step 2344: active=242,283 lost=81,423 (+299) | L0=74.4% L1=0.3% L2=0.2% miss=25.1% | sub-step misses: k1=81124 k2=81325 k3=81124 k4=81479 final=81423 | SA-L2: 0/299 newly-lost found by standalone | (prev: lost=199,253, diff=-117830)
  Step 2345: active=241,985 lost=81,721 (+298) | L0=74.2% L1=0.3% L2=0.2% miss=25.2% | sub-step misses: k1=81423 k2=81635 k3=81423 k4=81777 final=81721 | SA-L2: 0/298 newly-lost found by standalone | (prev: lost=199,417, diff=-117696)
  Step 2346: active=241,687 lost=82,019 (+298) | L0=74.2% L1=0.3% L2=0.2% miss=25.3% | sub-step misses: k1=81721 k2=81928 k3=81721 k4=82066 final=82019 | SA-L2: 0/298 newly-lost found by standalone | (prev: lost=199,555, diff=-117536)
  Step 2347: active=241,345 lost=82,361 (+342) | L0=74.1% L1=0.3% L2=0.2% miss=25.4% | sub-step misses: k1=82019 k2=82223 k3=82019 k4=82416 final=82361 | SA-L2: 0/342 newly-lost found by standalone | (prev: lost=199,687, diff=-117326)
  Step 2348: active=241,006 lost=82,700 (+339) | L0=74.0% L1=0.3% L2=0.2% miss=25.5% | sub-step misses: k1=82361 k2=82582 k3=82361 k4=82748 final=82700 | SA-L2: 0/339 newly-lost found by standalone | (prev: lost=199,816, diff=-117116)
  Step 2349: active=240,674 lost=83,032 (+332) | L0=73.9% L1=0.3% L2=0.2% miss=25.6% | sub-step misses: k1=82700 k2=82906 k3=82700 k4=83096 final=83032 | SA-L2: 0/332 newly-lost found by standalone | (prev: lost=199,982, diff=-116950)
  Step 2350: active=240,329 lost=83,377 (+345) | L0=73.7% L1=0.3% L2=0.2% miss=25.7% | sub-step misses: k1=83032 k2=83265 k3=83032 k4=83437 final=83377 | SA-L2: 0/345 newly-lost found by standalone | (prev: lost=200,147, diff=-116770)
  Step 2351: active=239,988 lost=83,718 (+341) | L0=73.6% L1=0.3% L2=0.2% miss=25.8% | sub-step misses: k1=83377 k2=83606 k3=83377 k4=83773 final=83718 | SA-L2: 0/341 newly-lost found by standalone | (prev: lost=200,343, diff=-116625)
  Step 2352: active=239,651 lost=84,055 (+337) | L0=73.5% L1=0.3% L2=0.2% miss=25.9% | sub-step misses: k1=83718 k2=83948 k3=83718 k4=84101 final=84055 | SA-L2: 0/337 newly-lost found by standalone | (prev: lost=200,541, diff=-116486)
  Step 2353: active=239,367 lost=84,339 (+284) | L0=73.4% L1=0.3% L2=0.2% miss=26.0% | sub-step misses: k1=84055 k2=84256 k3=84055 k4=84399 final=84339 | SA-L2: 0/284 newly-lost found by standalone | (prev: lost=200,716, diff=-116377)
  Step 2354: active=239,060 lost=84,646 (+307) | L0=73.4% L1=0.3% L2=0.2% miss=26.1% | sub-step misses: k1=84339 k2=84562 k3=84339 k4=84692 final=84646 | SA-L2: 0/307 newly-lost found by standalone | (prev: lost=200,884, diff=-116238)
  Step 2355: active=238,758 lost=84,948 (+302) | L0=73.3% L1=0.3% L2=0.2% miss=26.2% | sub-step misses: k1=84646 k2=84842 k3=84646 k4=84990 final=84948 | SA-L2: 0/302 newly-lost found by standalone | (prev: lost=201,019, diff=-116071)
  Step 2356: active=238,415 lost=85,291 (+343) | L0=73.2% L1=0.3% L2=0.2% miss=26.3% | sub-step misses: k1=84948 k2=85162 k3=84948 k4=85356 final=85291 | SA-L2: 0/343 newly-lost found by standalone | (prev: lost=201,152, diff=-115861)
  Step 2357: active=238,067 lost=85,639 (+348) | L0=73.1% L1=0.3% L2=0.2% miss=26.4% | sub-step misses: k1=85291 k2=85523 k3=85291 k4=85688 final=85639 | SA-L2: 0/348 newly-lost found by standalone | (prev: lost=201,273, diff=-115634)
  Step 2358: active=237,724 lost=85,982 (+343) | L0=73.0% L1=0.3% L2=0.2% miss=26.5% | sub-step misses: k1=85639 k2=85871 k3=85639 k4=86047 final=85982 | SA-L2: 0/343 newly-lost found by standalone | (prev: lost=201,448, diff=-115466)
  Step 2359: active=237,342 lost=86,364 (+382) | L0=72.8% L1=0.3% L2=0.2% miss=26.6% | sub-step misses: k1=85982 k2=86244 k3=85982 k4=86419 final=86364 | SA-L2: 0/382 newly-lost found by standalone | (prev: lost=201,620, diff=-115256)
  Step 2360: active=237,011 lost=86,695 (+331) | L0=72.7% L1=0.3% L2=0.2% miss=26.7% | sub-step misses: k1=86364 k2=86570 k3=86364 k4=86751 final=86695 | SA-L2: 0/331 newly-lost found by standalone | (prev: lost=201,818, diff=-115123)
  Step 2361: active=236,694 lost=87,012 (+317) | L0=72.6% L1=0.3% L2=0.2% miss=26.8% | sub-step misses: k1=86695 k2=86916 k3=86695 k4=87055 final=87012 | SA-L2: 0/317 newly-lost found by standalone | (prev: lost=202,015, diff=-115003)
  Step 2362: active=236,398 lost=87,308 (+296) | L0=72.5% L1=0.3% L2=0.2% miss=26.9% | sub-step misses: k1=87012 k2=87211 k3=87012 k4=87357 final=87308 | SA-L2: 0/296 newly-lost found by standalone | (prev: lost=202,195, diff=-114887)
  Step 2363: active=236,095 lost=87,611 (+303) | L0=72.4% L1=0.3% L2=0.2% miss=27.0% | sub-step misses: k1=87308 k2=87523 k3=87308 k4=87647 final=87611 | SA-L2: 0/303 newly-lost found by standalone | (prev: lost=202,358, diff=-114747)
  Step 2364: active=235,823 lost=87,883 (+272) | L0=72.4% L1=0.3% L2=0.2% miss=27.1% | sub-step misses: k1=87611 k2=87786 k3=87611 k4=87938 final=87883 | SA-L2: 0/272 newly-lost found by standalone | (prev: lost=202,486, diff=-114603)
  Step 2365: active=235,450 lost=88,256 (+373) | L0=72.3% L1=0.3% L2=0.2% miss=27.2% | sub-step misses: k1=87883 k2=88128 k3=87883 k4=88319 final=88256 | SA-L2: 0/373 newly-lost found by standalone | (prev: lost=202,615, diff=-114359)
  Step 2366: active=235,089 lost=88,617 (+361) | L0=72.1% L1=0.3% L2=0.2% miss=27.3% | sub-step misses: k1=88256 k2=88502 k3=88256 k4=88668 final=88617 | SA-L2: 0/361 newly-lost found by standalone | (prev: lost=202,750, diff=-114133)
  Step 2367: active=234,730 lost=88,976 (+359) | L0=72.0% L1=0.3% L2=0.2% miss=27.4% | sub-step misses: k1=88617 k2=88856 k3=88617 k4=89042 final=88976 | SA-L2: 0/359 newly-lost found by standalone | (prev: lost=202,927, diff=-113951)
  Step 2368: active=234,371 lost=89,335 (+359) | L0=71.9% L1=0.3% L2=0.2% miss=27.5% | sub-step misses: k1=88976 k2=89222 k3=88976 k4=89383 final=89335 | SA-L2: 0/359 newly-lost found by standalone | (prev: lost=203,100, diff=-113765)
  Step 2369: active=234,027 lost=89,679 (+344) | L0=71.8% L1=0.3% L2=0.2% miss=27.7% | sub-step misses: k1=89335 k2=89543 k3=89335 k4=89726 final=89679 | SA-L2: 0/344 newly-lost found by standalone | (prev: lost=203,303, diff=-113624)
  Step 2370: active=233,689 lost=90,017 (+338) | L0=71.7% L1=0.3% L2=0.2% miss=27.8% | sub-step misses: k1=89679 k2=89902 k3=89679 k4=90074 final=90017 | SA-L2: 0/338 newly-lost found by standalone | (prev: lost=203,488, diff=-113471)
  Step 2371: active=233,400 lost=90,306 (+289) | L0=71.6% L1=0.3% L2=0.2% miss=27.9% | sub-step misses: k1=90017 k2=90214 k3=90017 k4=90351 final=90306 | SA-L2: 0/289 newly-lost found by standalone | (prev: lost=203,668, diff=-113362)
  Step 2372: active=233,114 lost=90,592 (+286) | L0=71.5% L1=0.3% L2=0.2% miss=27.9% | sub-step misses: k1=90306 k2=90513 k3=90306 k4=90643 final=90592 | SA-L2: 0/286 newly-lost found by standalone | (prev: lost=203,836, diff=-113244)
  Step 2373: active=232,812 lost=90,894 (+302) | L0=71.4% L1=0.3% L2=0.2% miss=28.0% | sub-step misses: k1=90592 k2=90807 k3=90592 k4=90946 final=90894 | SA-L2: 0/302 newly-lost found by standalone | (prev: lost=203,958, diff=-113064)
  Step 2374: active=232,445 lost=91,261 (+367) | L0=71.3% L1=0.3% L2=0.2% miss=28.1% | sub-step misses: k1=90894 k2=91139 k3=90894 k4=91332 final=91261 | SA-L2: 0/367 newly-lost found by standalone | (prev: lost=204,082, diff=-112821)
  Step 2375: active=232,086 lost=91,620 (+359) | L0=71.2% L1=0.3% L2=0.2% miss=28.3% | sub-step misses: k1=91261 k2=91504 k3=91261 k4=91682 final=91620 | SA-L2: 0/359 newly-lost found by standalone | (prev: lost=204,231, diff=-112611)
  Step 2376: active=231,723 lost=91,983 (+363) | L0=71.1% L1=0.3% L2=0.2% miss=28.4% | sub-step misses: k1=91620 k2=91860 k3=91620 k4=92045 final=91983 | SA-L2: 0/363 newly-lost found by standalone | (prev: lost=204,407, diff=-112424)
  Step 2377: active=231,374 lost=92,332 (+349) | L0=71.0% L1=0.3% L2=0.2% miss=28.5% | sub-step misses: k1=91983 k2=92234 k3=91983 k4=92388 final=92332 | SA-L2: 0/349 newly-lost found by standalone | (prev: lost=204,594, diff=-112262)
  Step 2378: active=231,023 lost=92,683 (+351) | L0=70.9% L1=0.3% L2=0.2% miss=28.6% | sub-step misses: k1=92332 k2=92561 k3=92332 k4=92746 final=92683 | SA-L2: 0/351 newly-lost found by standalone | (prev: lost=204,796, diff=-112113)
  Step 2379: active=230,710 lost=92,996 (+313) | L0=70.8% L1=0.3% L2=0.2% miss=28.7% | sub-step misses: k1=92683 k2=92906 k3=92683 k4=93049 final=92996 | SA-L2: 0/313 newly-lost found by standalone | (prev: lost=204,983, diff=-111987)
  Step 2380: active=230,422 lost=93,284 (+288) | L0=70.7% L1=0.3% L2=0.2% miss=28.8% | sub-step misses: k1=92996 k2=93186 k3=92996 k4=93316 final=93284 | SA-L2: 0/288 newly-lost found by standalone | (prev: lost=205,158, diff=-111874)
  Step 2381: active=230,122 lost=93,584 (+300) | L0=70.6% L1=0.3% L2=0.2% miss=28.9% | sub-step misses: k1=93284 k2=93487 k3=93284 k4=93635 final=93584 | SA-L2: 0/300 newly-lost found by standalone | (prev: lost=205,312, diff=-111728)
  Step 2382: active=229,833 lost=93,873 (+289) | L0=70.5% L1=0.3% L2=0.2% miss=29.0% | sub-step misses: k1=93584 k2=93785 k3=93584 k4=93934 final=93873 | SA-L2: 0/289 newly-lost found by standalone | (prev: lost=205,448, diff=-111575)
  Step 2383: active=229,451 lost=94,255 (+382) | L0=70.4% L1=0.3% L2=0.2% miss=29.1% | sub-step misses: k1=93873 k2=94122 k3=93873 k4=94314 final=94255 | SA-L2: 0/382 newly-lost found by standalone | (prev: lost=205,574, diff=-111319)
  Step 2384: active=229,075 lost=94,631 (+376) | L0=70.3% L1=0.3% L2=0.2% miss=29.2% | sub-step misses: k1=94255 k2=94500 k3=94255 k4=94694 final=94631 | SA-L2: 0/376 newly-lost found by standalone | (prev: lost=205,721, diff=-111090)
  Step 2385: active=228,721 lost=94,985 (+354) | L0=70.2% L1=0.3% L2=0.2% miss=29.3% | sub-step misses: k1=94631 k2=94867 k3=94631 k4=95045 final=94985 | SA-L2: 0/354 newly-lost found by standalone | (prev: lost=205,900, diff=-110915)
  Step 2386: active=228,382 lost=95,324 (+339) | L0=70.1% L1=0.3% L2=0.2% miss=29.4% | sub-step misses: k1=94985 k2=95210 k3=94985 k4=95378 final=95324 | SA-L2: 0/339 newly-lost found by standalone | (prev: lost=206,106, diff=-110782)
  Step 2387: active=228,032 lost=95,674 (+350) | L0=70.0% L1=0.3% L2=0.2% miss=29.5% | sub-step misses: k1=95324 k2=95547 k3=95324 k4=95725 final=95674 | SA-L2: 0/350 newly-lost found by standalone | (prev: lost=206,297, diff=-110623)
  Step 2388: active=227,728 lost=95,978 (+304) | L0=69.9% L1=0.3% L2=0.2% miss=29.6% | sub-step misses: k1=95674 k2=95896 k3=95674 k4=96031 final=95978 | SA-L2: 0/304 newly-lost found by standalone | (prev: lost=206,488, diff=-110510)
  Step 2389: active=227,437 lost=96,269 (+291) | L0=69.8% L1=0.3% L2=0.2% miss=29.7% | sub-step misses: k1=95978 k2=96193 k3=95978 k4=96309 final=96269 | SA-L2: 0/291 newly-lost found by standalone | (prev: lost=206,671, diff=-110402)
  Step 2390: active=227,140 lost=96,566 (+297) | L0=69.7% L1=0.3% L2=0.2% miss=29.8% | sub-step misses: k1=96269 k2=96476 k3=96269 k4=96624 final=96566 | SA-L2: 0/297 newly-lost found by standalone | (prev: lost=206,804, diff=-110238)
  Step 2391: active=226,807 lost=96,899 (+333) | L0=69.6% L1=0.3% L2=0.2% miss=29.9% | sub-step misses: k1=96566 k2=96788 k3=96566 k4=96950 final=96899 | SA-L2: 0/333 newly-lost found by standalone | (prev: lost=206,934, diff=-110035)
  Step 2392: active=226,429 lost=97,277 (+378) | L0=69.5% L1=0.3% L2=0.2% miss=30.0% | sub-step misses: k1=96899 k2=97142 k3=96899 k4=97328 final=97277 | SA-L2: 0/378 newly-lost found by standalone | (prev: lost=207,071, diff=-109794)
  Step 2393: active=226,076 lost=97,630 (+353) | L0=69.4% L1=0.3% L2=0.2% miss=30.1% | sub-step misses: k1=97277 k2=97527 k3=97277 k4=97690 final=97630 | SA-L2: 0/353 newly-lost found by standalone | (prev: lost=207,227, diff=-109597)
  Step 2394: active=225,719 lost=97,987 (+357) | L0=69.2% L1=0.3% L2=0.2% miss=30.2% | sub-step misses: k1=97630 k2=97877 k3=97630 k4=98050 final=97987 | SA-L2: 0/357 newly-lost found by standalone | (prev: lost=207,410, diff=-109423)
  Step 2395: active=225,358 lost=98,348 (+361) | L0=69.1% L1=0.3% L2=0.2% miss=30.3% | sub-step misses: k1=97987 k2=98237 k3=97987 k4=98414 final=98348 | SA-L2: 0/361 newly-lost found by standalone | (prev: lost=207,614, diff=-109266)
  Step 2396: active=225,026 lost=98,680 (+332) | L0=69.0% L1=0.3% L2=0.2% miss=30.4% | sub-step misses: k1=98348 k2=98563 k3=98348 k4=98738 final=98680 | SA-L2: 0/332 newly-lost found by standalone | (prev: lost=207,806, diff=-109126)
  Step 2397: active=224,741 lost=98,965 (+285) | L0=68.9% L1=0.3% L2=0.2% miss=30.5% | sub-step misses: k1=98680 k2=98873 k3=98680 k4=99021 final=98965 | SA-L2: 0/285 newly-lost found by standalone | (prev: lost=207,997, diff=-109032)
  Step 2398: active=224,449 lost=99,257 (+292) | L0=68.8% L1=0.3% L2=0.2% miss=30.6% | sub-step misses: k1=98965 k2=99170 k3=98965 k4=99300 final=99257 | SA-L2: 0/292 newly-lost found by standalone | (prev: lost=208,171, diff=-108914)
  Step 2399: active=224,128 lost=99,578 (+321) | L0=68.7% L1=0.3% L2=0.2% miss=30.7% | sub-step misses: k1=99257 k2=99470 k3=99257 k4=99624 final=99578 | SA-L2: 0/321 newly-lost found by standalone | (prev: lost=208,307, diff=-108729)
  Step 2400: active=223,806 lost=99,900 (+322) | L0=68.7% L1=0.3% L2=0.2% miss=30.8% | sub-step misses: k1=99578 k2=99795 k3=99578 k4=99954 final=99900 | SA-L2: 0/322 newly-lost found by standalone | (prev: lost=208,434, diff=-108534)
  Step 2401: active=223,437 lost=100,269 (+369) | L0=68.5% L1=0.3% L2=0.2% miss=30.9% | sub-step misses: k1=99900 k2=100132 k3=99900 k4=100344 final=100269 | SA-L2: 0/369 newly-lost found by standalone | (prev: lost=208,573, diff=-108304)
  Step 2402: active=223,078 lost=100,628 (+359) | L0=68.4% L1=0.3% L2=0.2% miss=31.0% | sub-step misses: k1=100269 k2=100519 k3=100269 k4=100693 final=100628 | SA-L2: 0/359 newly-lost found by standalone | (prev: lost=208,739, diff=-108111)
  Step 2403: active=222,723 lost=100,983 (+355) | L0=68.3% L1=0.3% L2=0.2% miss=31.1% | sub-step misses: k1=100628 k2=100870 k3=100628 k4=101046 final=100983 | SA-L2: 0/355 newly-lost found by standalone | (prev: lost=208,933, diff=-107950)
  Step 2404: active=222,354 lost=101,352 (+369) | L0=68.2% L1=0.3% L2=0.2% miss=31.3% | sub-step misses: k1=100983 k2=101216 k3=100983 k4=101403 final=101352 | SA-L2: 0/369 newly-lost found by standalone | (prev: lost=209,134, diff=-107782)
  Step 2405: active=222,014 lost=101,692 (+340) | L0=68.1% L1=0.3% L2=0.2% miss=31.4% | sub-step misses: k1=101352 k2=101577 k3=101352 k4=101743 final=101692 | SA-L2: 0/340 newly-lost found by standalone | (prev: lost=209,320, diff=-107628)
  Step 2406: active=221,711 lost=101,995 (+303) | L0=68.0% L1=0.3% L2=0.2% miss=31.5% | sub-step misses: k1=101692 k2=101888 k3=101692 k4=102038 final=101995 | SA-L2: 0/303 newly-lost found by standalone | (prev: lost=209,514, diff=-107519)
  Step 2407: active=221,423 lost=102,283 (+288) | L0=67.9% L1=0.3% L2=0.2% miss=31.6% | sub-step misses: k1=101995 k2=102185 k3=101995 k4=102351 final=102283 | SA-L2: 0/288 newly-lost found by standalone | (prev: lost=209,677, diff=-107394)
  Step 2408: active=221,091 lost=102,615 (+332) | L0=67.8% L1=0.3% L2=0.2% miss=31.7% | sub-step misses: k1=102283 k2=102495 k3=102283 k4=102662 final=102615 | SA-L2: 0/332 newly-lost found by standalone | (prev: lost=209,811, diff=-107196)
  Step 2409: active=220,754 lost=102,952 (+337) | L0=67.7% L1=0.3% L2=0.2% miss=31.8% | sub-step misses: k1=102615 k2=102843 k3=102615 k4=103011 final=102952 | SA-L2: 0/337 newly-lost found by standalone | (prev: lost=209,950, diff=-106998)
  Step 2410: active=220,360 lost=103,346 (+394) | L0=67.6% L1=0.3% L2=0.2% miss=31.9% | sub-step misses: k1=102952 k2=103207 k3=102952 k4=103412 final=103346 | SA-L2: 0/394 newly-lost found by standalone | (prev: lost=210,087, diff=-106741)
  Step 2411: active=220,006 lost=103,700 (+354) | L0=67.5% L1=0.3% L2=0.2% miss=32.0% | sub-step misses: k1=103346 k2=103589 k3=103346 k4=103760 final=103700 | SA-L2: 0/354 newly-lost found by standalone | (prev: lost=210,250, diff=-106550)
  Step 2412: active=219,658 lost=104,048 (+348) | L0=67.4% L1=0.3% L2=0.2% miss=32.1% | sub-step misses: k1=103700 k2=103942 k3=103700 k4=104103 final=104048 | SA-L2: 0/348 newly-lost found by standalone | (prev: lost=210,452, diff=-106404)
  Step 2413: active=219,303 lost=104,403 (+355) | L0=67.3% L1=0.3% L2=0.2% miss=32.2% | sub-step misses: k1=104048 k2=104295 k3=104048 k4=104459 final=104403 | SA-L2: 0/355 newly-lost found by standalone | (prev: lost=210,646, diff=-106243)
  Step 2414: active=218,975 lost=104,731 (+328) | L0=67.2% L1=0.3% L2=0.2% miss=32.3% | sub-step misses: k1=104403 k2=104623 k3=104403 k4=104773 final=104731 | SA-L2: 0/328 newly-lost found by standalone | (prev: lost=210,837, diff=-106106)
  Step 2415: active=218,672 lost=105,034 (+303) | L0=67.1% L1=0.3% L2=0.2% miss=32.4% | sub-step misses: k1=104731 k2=104931 k3=104731 k4=105082 final=105034 | SA-L2: 0/303 newly-lost found by standalone | (prev: lost=211,032, diff=-105998)
  Step 2416: active=218,377 lost=105,329 (+295) | L0=67.0% L1=0.3% L2=0.2% miss=32.5% | sub-step misses: k1=105034 k2=105213 k3=105034 k4=105386 final=105329 | SA-L2: 0/295 newly-lost found by standalone | (prev: lost=211,185, diff=-105856)
  Step 2417: active=218,056 lost=105,650 (+321) | L0=66.9% L1=0.3% L2=0.2% miss=32.6% | sub-step misses: k1=105329 k2=105547 k3=105329 k4=105702 final=105650 | SA-L2: 0/321 newly-lost found by standalone | (prev: lost=211,332, diff=-105682)
  Step 2418: active=217,712 lost=105,994 (+344) | L0=66.8% L1=0.3% L2=0.2% miss=32.7% | sub-step misses: k1=105650 k2=105878 k3=105650 k4=106046 final=105994 | SA-L2: 0/344 newly-lost found by standalone | (prev: lost=211,462, diff=-105468)
  Step 2419: active=217,330 lost=106,376 (+382) | L0=66.7% L1=0.3% L2=0.2% miss=32.8% | sub-step misses: k1=105994 k2=106241 k3=105994 k4=106455 final=106376 | SA-L2: 0/382 newly-lost found by standalone | (prev: lost=211,606, diff=-105230)
  Step 2420: active=216,952 lost=106,754 (+378) | L0=66.5% L1=0.3% L2=0.2% miss=32.9% | sub-step misses: k1=106376 k2=106632 k3=106376 k4=106813 final=106754 | SA-L2: 0/378 newly-lost found by standalone | (prev: lost=211,771, diff=-105017)
  Step 2421: active=216,609 lost=107,097 (+343) | L0=66.4% L1=0.3% L2=0.2% miss=33.0% | sub-step misses: k1=106754 k2=107001 k3=106754 k4=107157 final=107097 | SA-L2: 0/343 newly-lost found by standalone | (prev: lost=211,975, diff=-104878)
  Step 2422: active=216,282 lost=107,424 (+327) | L0=66.3% L1=0.3% L2=0.2% miss=33.1% | sub-step misses: k1=107097 k2=107327 k3=107097 k4=107480 final=107424 | SA-L2: 0/327 newly-lost found by standalone | (prev: lost=212,173, diff=-104749)
  Step 2423: active=215,956 lost=107,750 (+326) | L0=66.2% L1=0.3% L2=0.2% miss=33.2% | sub-step misses: k1=107424 k2=107654 k3=107424 k4=107799 final=107750 | SA-L2: 0/326 newly-lost found by standalone | (prev: lost=212,361, diff=-104611)
  Step 2424: active=215,639 lost=108,067 (+317) | L0=66.1% L1=0.3% L2=0.2% miss=33.3% | sub-step misses: k1=107750 k2=107968 k3=107750 k4=108114 final=108067 | SA-L2: 0/317 newly-lost found by standalone | (prev: lost=212,554, diff=-104487)
  Step 2425: active=215,333 lost=108,373 (+306) | L0=66.0% L1=0.3% L2=0.2% miss=33.4% | sub-step misses: k1=108067 k2=108251 k3=108067 k4=108428 final=108373 | SA-L2: 0/306 newly-lost found by standalone | (prev: lost=212,705, diff=-104332)
  Step 2426: active=215,010 lost=108,696 (+323) | L0=65.9% L1=0.3% L2=0.2% miss=33.5% | sub-step misses: k1=108373 k2=108582 k3=108373 k4=108747 final=108696 | SA-L2: 0/323 newly-lost found by standalone | (prev: lost=212,853, diff=-104157)
  Step 2427: active=214,692 lost=109,014 (+318) | L0=65.8% L1=0.3% L2=0.2% miss=33.6% | sub-step misses: k1=108696 k2=108905 k3=108696 k4=109077 final=109014 | SA-L2: 0/318 newly-lost found by standalone | (prev: lost=212,990, diff=-103976)
  Step 2428: active=214,292 lost=109,414 (+400) | L0=65.7% L1=0.3% L2=0.2% miss=33.7% | sub-step misses: k1=109014 k2=109274 k3=109014 k4=109485 final=109414 | SA-L2: 0/400 newly-lost found by standalone | (prev: lost=213,134, diff=-103720)
  Step 2429: active=213,907 lost=109,799 (+385) | L0=65.6% L1=0.3% L2=0.2% miss=33.9% | sub-step misses: k1=109414 k2=109680 k3=109414 k4=109861 final=109799 | SA-L2: 0/385 newly-lost found by standalone | (prev: lost=213,300, diff=-103501)
  Step 2430: active=213,545 lost=110,161 (+362) | L0=65.5% L1=0.3% L2=0.2% miss=34.0% | sub-step misses: k1=109799 k2=110039 k3=109799 k4=110219 final=110161 | SA-L2: 0/362 newly-lost found by standalone | (prev: lost=213,508, diff=-103347)
  Step 2431: active=213,218 lost=110,488 (+327) | L0=65.4% L1=0.3% L2=0.2% miss=34.1% | sub-step misses: k1=110161 k2=110385 k3=110161 k4=110547 final=110488 | SA-L2: 0/327 newly-lost found by standalone | (prev: lost=213,721, diff=-103233)
  Step 2432: active=212,907 lost=110,799 (+311) | L0=65.3% L1=0.3% L2=0.2% miss=34.2% | sub-step misses: k1=110488 k2=110707 k3=110488 k4=110844 final=110799 | SA-L2: 0/311 newly-lost found by standalone | (prev: lost=213,903, diff=-103104)
  Step 2433: active=212,611 lost=111,095 (+296) | L0=65.2% L1=0.3% L2=0.2% miss=34.3% | sub-step misses: k1=110799 k2=111009 k3=110799 k4=111150 final=111095 | SA-L2: 0/296 newly-lost found by standalone | (prev: lost=214,102, diff=-103007)
  Step 2434: active=212,284 lost=111,422 (+327) | L0=65.1% L1=0.3% L2=0.2% miss=34.4% | sub-step misses: k1=111095 k2=111308 k3=111095 k4=111457 final=111422 | SA-L2: 0/327 newly-lost found by standalone | (prev: lost=214,256, diff=-102834)
  Step 2435: active=211,979 lost=111,727 (+305) | L0=65.0% L1=0.3% L2=0.2% miss=34.5% | sub-step misses: k1=111422 k2=111614 k3=111422 k4=111783 final=111727 | SA-L2: 0/305 newly-lost found by standalone | (prev: lost=214,390, diff=-102663)
  Step 2436: active=211,625 lost=112,081 (+354) | L0=64.9% L1=0.3% L2=0.2% miss=34.6% | sub-step misses: k1=111727 k2=111978 k3=111727 k4=112149 final=112081 | SA-L2: 0/354 newly-lost found by standalone | (prev: lost=214,534, diff=-102453)
  Step 2437: active=211,230 lost=112,476 (+395) | L0=64.8% L1=0.3% L2=0.2% miss=34.7% | sub-step misses: k1=112081 k2=112352 k3=112081 k4=112528 final=112476 | SA-L2: 0/395 newly-lost found by standalone | (prev: lost=214,669, diff=-102193)
  Step 2438: active=210,854 lost=112,852 (+376) | L0=64.7% L1=0.3% L2=0.2% miss=34.8% | sub-step misses: k1=112476 k2=112719 k3=112476 k4=112914 final=112852 | SA-L2: 0/376 newly-lost found by standalone | (prev: lost=214,848, diff=-101996)
  Step 2439: active=210,488 lost=113,218 (+366) | L0=64.6% L1=0.3% L2=0.2% miss=34.9% | sub-step misses: k1=112852 k2=113098 k3=112852 k4=113269 final=113218 | SA-L2: 0/366 newly-lost found by standalone | (prev: lost=215,053, diff=-101835)
  Step 2440: active=210,143 lost=113,563 (+345) | L0=64.5% L1=0.3% L2=0.2% miss=35.0% | sub-step misses: k1=113218 k2=113434 k3=113218 k4=113611 final=113563 | SA-L2: 0/345 newly-lost found by standalone | (prev: lost=215,268, diff=-101705)
  Step 2441: active=209,852 lost=113,854 (+291) | L0=64.4% L1=0.3% L2=0.2% miss=35.1% | sub-step misses: k1=113563 k2=113763 k3=113563 k4=113909 final=113854 | SA-L2: 0/291 newly-lost found by standalone | (prev: lost=215,459, diff=-101605)
  Step 2442: active=209,560 lost=114,146 (+292) | L0=64.3% L1=0.3% L2=0.2% miss=35.2% | sub-step misses: k1=113854 k2=114044 k3=113855 k4=114191 final=114146 | SA-L2: 0/292 newly-lost found by standalone | (prev: lost=215,641, diff=-101495)
  Step 2443: active=209,244 lost=114,462 (+316) | L0=64.2% L1=0.3% L2=0.2% miss=35.3% | sub-step misses: k1=114146 k2=114360 k3=114146 k4=114515 final=114462 | SA-L2: 0/316 newly-lost found by standalone | (prev: lost=215,795, diff=-101333)
  Step 2444: active=208,910 lost=114,796 (+334) | L0=64.1% L1=0.3% L2=0.2% miss=35.4% | sub-step misses: k1=114462 k2=114674 k3=114462 k4=114856 final=114796 | SA-L2: 0/334 newly-lost found by standalone | (prev: lost=215,928, diff=-101132)
  Step 2445: active=208,569 lost=115,137 (+341) | L0=64.0% L1=0.3% L2=0.2% miss=35.5% | sub-step misses: k1=114796 k2=115022 k3=114796 k4=115204 final=115137 | SA-L2: 0/341 newly-lost found by standalone | (prev: lost=216,069, diff=-100932)
  Step 2446: active=208,183 lost=115,523 (+386) | L0=63.9% L1=0.3% L2=0.2% miss=35.6% | sub-step misses: k1=115137 k2=115411 k3=115137 k4=115593 final=115523 | SA-L2: 0/386 newly-lost found by standalone | (prev: lost=216,219, diff=-100696)
  Step 2447: active=207,806 lost=115,900 (+377) | L0=63.7% L1=0.3% L2=0.2% miss=35.8% | sub-step misses: k1=115523 k2=115776 k3=115523 k4=115954 final=115900 | SA-L2: 0/377 newly-lost found by standalone | (prev: lost=216,398, diff=-100498)
  Step 2448: active=207,462 lost=116,244 (+344) | L0=63.6% L1=0.3% L2=0.2% miss=35.9% | sub-step misses: k1=115900 k2=116133 k3=115900 k4=116311 final=116244 | SA-L2: 0/344 newly-lost found by standalone | (prev: lost=216,619, diff=-100375)
  Step 2449: active=207,108 lost=116,598 (+354) | L0=63.5% L1=0.3% L2=0.2% miss=36.0% | sub-step misses: k1=116244 k2=116498 k3=116244 k4=116662 final=116598 | SA-L2: 0/354 newly-lost found by standalone | (prev: lost=216,827, diff=-100229)
  Step 2450: active=206,794 lost=116,912 (+314) | L0=63.4% L1=0.3% L2=0.2% miss=36.1% | sub-step misses: k1=116598 k2=116814 k3=116598 k4=116961 final=116912 | SA-L2: 0/314 newly-lost found by standalone | (prev: lost=217,002, diff=-100090)
  Step 2451: active=206,506 lost=117,200 (+288) | L0=63.3% L1=0.3% L2=0.2% miss=36.2% | sub-step misses: k1=116912 k2=117102 k3=116912 k4=117256 final=117200 | SA-L2: 0/288 newly-lost found by standalone | (prev: lost=217,191, diff=-99991)
  Step 2452: active=206,179 lost=117,527 (+327) | L0=63.2% L1=0.3% L2=0.2% miss=36.3% | sub-step misses: k1=117200 k2=117422 k3=117200 k4=117573 final=117527 | SA-L2: 0/327 newly-lost found by standalone | (prev: lost=217,336, diff=-99809)
  Step 2453: active=205,859 lost=117,847 (+320) | L0=63.1% L1=0.3% L2=0.2% miss=36.4% | sub-step misses: k1=117527 k2=117731 k3=117527 k4=117914 final=117847 | SA-L2: 0/320 newly-lost found by standalone | (prev: lost=217,476, diff=-99629)
  Step 2454: active=205,494 lost=118,212 (+365) | L0=63.0% L1=0.3% L2=0.2% miss=36.5% | sub-step misses: k1=117847 k2=118086 k3=117847 k4=118281 final=118212 | SA-L2: 0/365 newly-lost found by standalone | (prev: lost=217,628, diff=-99416)
  Step 2455: active=205,097 lost=118,609 (+397) | L0=62.9% L1=0.3% L2=0.2% miss=36.6% | sub-step misses: k1=118212 k2=118488 k3=118212 k4=118689 final=118609 | SA-L2: 0/397 newly-lost found by standalone | (prev: lost=217,772, diff=-99163)
  Step 2456: active=204,708 lost=118,998 (+389) | L0=62.8% L1=0.3% L2=0.2% miss=36.7% | sub-step misses: k1=118609 k2=118874 k3=118609 k4=119060 final=118998 | SA-L2: 0/389 newly-lost found by standalone | (prev: lost=217,960, diff=-98962)
  Step 2457: active=204,374 lost=119,332 (+334) | L0=62.7% L1=0.3% L2=0.2% miss=36.8% | sub-step misses: k1=118998 k2=119222 k3=118998 k4=119390 final=119332 | SA-L2: 0/334 newly-lost found by standalone | (prev: lost=218,187, diff=-98855)
  Step 2458: active=204,017 lost=119,689 (+357) | L0=62.6% L1=0.3% L2=0.2% miss=36.9% | sub-step misses: k1=119332 k2=119578 k3=119332 k4=119737 final=119689 | SA-L2: 0/357 newly-lost found by standalone | (prev: lost=218,393, diff=-98704)
  Step 2459: active=203,708 lost=119,998 (+309) | L0=62.5% L1=0.3% L2=0.2% miss=37.0% | sub-step misses: k1=119689 k2=119896 k3=119689 k4=120034 final=119998 | SA-L2: 0/309 newly-lost found by standalone | (prev: lost=218,574, diff=-98576)
  Step 2460: active=203,433 lost=120,273 (+275) | L0=62.4% L1=0.3% L2=0.2% miss=37.1% | sub-step misses: k1=119998 k2=120170 k3=119998 k4=120325 final=120273 | SA-L2: 0/275 newly-lost found by standalone | (prev: lost=218,761, diff=-98488)
  Step 2461: active=203,095 lost=120,611 (+338) | L0=62.3% L1=0.3% L2=0.2% miss=37.2% | sub-step misses: k1=120273 k2=120499 k3=120273 k4=120662 final=120611 | SA-L2: 0/338 newly-lost found by standalone | (prev: lost=218,912, diff=-98301)
  Step 2462: active=202,771 lost=120,935 (+324) | L0=62.2% L1=0.3% L2=0.2% miss=37.3% | sub-step misses: k1=120611 k2=120815 k3=120611 k4=121001 final=120935 | SA-L2: 0/324 newly-lost found by standalone | (prev: lost=219,052, diff=-98117)
  Step 2463: active=202,394 lost=121,312 (+377) | L0=62.1% L1=0.3% L2=0.2% miss=37.4% | sub-step misses: k1=120935 k2=121171 k3=120935 k4=121378 final=121312 | SA-L2: 0/377 newly-lost found by standalone | (prev: lost=219,217, diff=-97905)
  Step 2464: active=202,006 lost=121,700 (+388) | L0=62.0% L1=0.3% L2=0.2% miss=37.5% | sub-step misses: k1=121312 k2=121573 k3=121312 k4=121774 final=121700 | SA-L2: 0/388 newly-lost found by standalone | (prev: lost=219,379, diff=-97679)
  Step 2465: active=201,614 lost=122,092 (+392) | L0=61.8% L1=0.3% L2=0.2% miss=37.7% | sub-step misses: k1=121700 k2=121980 k3=121700 k4=122154 final=122092 | SA-L2: 0/392 newly-lost found by standalone | (prev: lost=219,568, diff=-97476)
  Step 2466: active=201,244 lost=122,462 (+370) | L0=61.7% L1=0.3% L2=0.2% miss=37.8% | sub-step misses: k1=122092 k2=122331 k3=122092 k4=122520 final=122462 | SA-L2: 0/370 newly-lost found by standalone | (prev: lost=219,799, diff=-97337)
  Step 2467: active=200,908 lost=122,798 (+336) | L0=61.6% L1=0.3% L2=0.2% miss=37.9% | sub-step misses: k1=122462 k2=122690 k3=122462 k4=122844 final=122798 | SA-L2: 0/336 newly-lost found by standalone | (prev: lost=220,007, diff=-97209)
  Step 2468: active=200,590 lost=123,116 (+318) | L0=61.5% L1=0.3% L2=0.2% miss=38.0% | sub-step misses: k1=122798 k2=123003 k3=122798 k4=123164 final=123116 | SA-L2: 0/318 newly-lost found by standalone | (prev: lost=220,203, diff=-97087)
  Step 2469: active=200,286 lost=123,420 (+304) | L0=61.4% L1=0.3% L2=0.2% miss=38.1% | sub-step misses: k1=123116 k2=123313 k3=123116 k4=123488 final=123420 | SA-L2: 0/304 newly-lost found by standalone | (prev: lost=220,382, diff=-96962)
  Step 2470: active=199,953 lost=123,753 (+333) | L0=61.3% L1=0.3% L2=0.2% miss=38.2% | sub-step misses: k1=123420 k2=123637 k3=123420 k4=123817 final=123753 | SA-L2: 0/333 newly-lost found by standalone | (prev: lost=220,536, diff=-96783)
  Step 2471: active=199,599 lost=124,107 (+354) | L0=61.2% L1=0.3% L2=0.2% miss=38.3% | sub-step misses: k1=123753 k2=123985 k3=123753 k4=124171 final=124107 | SA-L2: 0/354 newly-lost found by standalone | (prev: lost=220,686, diff=-96579)
  Step 2472: active=199,220 lost=124,486 (+379) | L0=61.1% L1=0.3% L2=0.2% miss=38.4% | sub-step misses: k1=124107 k2=124360 k3=124107 k4=124562 final=124486 | SA-L2: 0/379 newly-lost found by standalone | (prev: lost=220,859, diff=-96373)
  Step 2473: active=198,806 lost=124,900 (+414) | L0=61.0% L1=0.3% L2=0.2% miss=38.5% | sub-step misses: k1=124486 k2=124763 k3=124486 k4=124955 final=124900 | SA-L2: 0/414 newly-lost found by standalone | (prev: lost=221,035, diff=-96135)
  Step 2474: active=198,431 lost=125,275 (+375) | L0=60.8% L1=0.3% L2=0.2% miss=38.6% | sub-step misses: k1=124900 k2=125154 k3=124900 k4=125329 final=125275 | SA-L2: 0/375 newly-lost found by standalone | (prev: lost=221,232, diff=-95957)
  Step 2475: active=198,053 lost=125,653 (+378) | L0=60.7% L1=0.3% L2=0.2% miss=38.8% | sub-step misses: k1=125275 k2=125526 k3=125275 k4=125710 final=125653 | SA-L2: 0/378 newly-lost found by standalone | (prev: lost=221,473, diff=-95820)
  Step 2476: active=197,723 lost=125,983 (+330) | L0=60.6% L1=0.3% L2=0.2% miss=38.9% | sub-step misses: k1=125653 k2=125882 k3=125653 k4=126030 final=125983 | SA-L2: 0/330 newly-lost found by standalone | (prev: lost=221,685, diff=-95702)
  Step 2477: active=197,423 lost=126,283 (+300) | L0=60.5% L1=0.3% L2=0.2% miss=39.0% | sub-step misses: k1=125983 k2=126185 k3=125983 k4=126339 final=126283 | SA-L2: 0/300 newly-lost found by standalone | (prev: lost=221,886, diff=-95603)
  Step 2478: active=197,102 lost=126,604 (+321) | L0=60.4% L1=0.3% L2=0.2% miss=39.1% | sub-step misses: k1=126283 k2=126500 k3=126283 k4=126675 final=126604 | SA-L2: 0/321 newly-lost found by standalone | (prev: lost=222,063, diff=-95459)
  Step 2479: active=196,767 lost=126,939 (+335) | L0=60.3% L1=0.3% L2=0.2% miss=39.2% | sub-step misses: k1=126604 k2=126831 k3=126604 k4=126996 final=126939 | SA-L2: 0/335 newly-lost found by standalone | (prev: lost=222,225, diff=-95286)
  Step 2480: active=196,386 lost=127,320 (+381) | L0=60.2% L1=0.3% L2=0.2% miss=39.3% | sub-step misses: k1=126939 k2=127185 k3=126939 k4=127380 final=127320 | SA-L2: 0/381 newly-lost found by standalone | (prev: lost=222,394, diff=-95074)
  Step 2481: active=196,011 lost=127,695 (+375) | L0=60.1% L1=0.3% L2=0.2% miss=39.4% | sub-step misses: k1=127320 k2=127570 k3=127320 k4=127767 final=127695 | SA-L2: 0/375 newly-lost found by standalone | (prev: lost=222,564, diff=-94869)
  Step 2482: active=195,598 lost=128,108 (+413) | L0=60.0% L1=0.3% L2=0.2% miss=39.5% | sub-step misses: k1=127695 k2=127982 k3=127695 k4=128164 final=128108 | SA-L2: 0/413 newly-lost found by standalone | (prev: lost=222,747, diff=-94639)
  Step 2483: active=195,231 lost=128,475 (+367) | L0=59.9% L1=0.3% L2=0.2% miss=39.6% | sub-step misses: k1=128108 k2=128360 k3=128108 k4=128527 final=128475 | SA-L2: 0/367 newly-lost found by standalone | (prev: lost=222,956, diff=-94481)
  Step 2484: active=194,864 lost=128,842 (+367) | L0=59.8% L1=0.3% L2=0.2% miss=39.8% | sub-step misses: k1=128475 k2=128717 k3=128475 k4=128895 final=128842 | SA-L2: 0/367 newly-lost found by standalone | (prev: lost=223,192, diff=-94350)
  Step 2485: active=194,534 lost=129,172 (+330) | L0=59.6% L1=0.3% L2=0.2% miss=39.9% | sub-step misses: k1=128842 k2=129077 k3=128842 k4=129219 final=129172 | SA-L2: 0/330 newly-lost found by standalone | (prev: lost=223,413, diff=-94241)
  Step 2486: active=194,191 lost=129,515 (+343) | L0=59.5% L1=0.3% L2=0.2% miss=40.0% | sub-step misses: k1=129172 k2=129391 k3=129172 k4=129565 final=129515 | SA-L2: 0/343 newly-lost found by standalone | (prev: lost=223,626, diff=-94111)
  Step 2487: active=193,867 lost=129,839 (+324) | L0=59.4% L1=0.3% L2=0.2% miss=40.1% | sub-step misses: k1=129515 k2=129720 k3=129515 k4=129888 final=129839 | SA-L2: 0/324 newly-lost found by standalone | (prev: lost=223,795, diff=-93956)
  Step 2488: active=193,547 lost=130,159 (+320) | L0=59.3% L1=0.3% L2=0.2% miss=40.2% | sub-step misses: k1=129839 k2=130047 k3=129839 k4=130214 final=130159 | SA-L2: 0/320 newly-lost found by standalone | (prev: lost=223,965, diff=-93806)
  Step 2489: active=193,157 lost=130,549 (+390) | L0=59.2% L1=0.3% L2=0.2% miss=40.3% | sub-step misses: k1=130159 k2=130400 k3=130159 k4=130607 final=130549 | SA-L2: 0/390 newly-lost found by standalone | (prev: lost=224,131, diff=-93582)
  Step 2490: active=192,781 lost=130,925 (+376) | L0=59.1% L1=0.3% L2=0.2% miss=40.4% | sub-step misses: k1=130549 k2=130790 k3=130549 k4=130999 final=130925 | SA-L2: 0/376 newly-lost found by standalone | (prev: lost=224,307, diff=-93382)
  Step 2491: active=192,384 lost=131,322 (+397) | L0=59.0% L1=0.3% L2=0.2% miss=40.5% | sub-step misses: k1=130925 k2=131194 k3=130925 k4=131389 final=131322 | SA-L2: 0/397 newly-lost found by standalone | (prev: lost=224,497, diff=-93175)
  Step 2492: active=192,001 lost=131,705 (+383) | L0=58.9% L1=0.3% L2=0.2% miss=40.6% | sub-step misses: k1=131322 k2=131587 k3=131322 k4=131763 final=131705 | SA-L2: 0/383 newly-lost found by standalone | (prev: lost=224,718, diff=-93013)
  Step 2493: active=191,619 lost=132,087 (+382) | L0=58.8% L1=0.3% L2=0.2% miss=40.8% | sub-step misses: k1=131705 k2=131944 k3=131705 k4=132139 final=132087 | SA-L2: 0/382 newly-lost found by standalone | (prev: lost=224,952, diff=-92865)
  Step 2494: active=191,318 lost=132,388 (+301) | L0=58.6% L1=0.3% L2=0.2% miss=40.9% | sub-step misses: k1=132087 k2=132295 k3=132087 k4=132444 final=132388 | SA-L2: 0/301 newly-lost found by standalone | (prev: lost=225,172, diff=-92784)
  Step 2495: active=190,987 lost=132,719 (+331) | L0=58.6% L1=0.3% L2=0.2% miss=41.0% | sub-step misses: k1=132388 k2=132623 k3=132388 k4=132776 final=132719 | SA-L2: 0/331 newly-lost found by standalone | (prev: lost=225,375, diff=-92656)
  Step 2496: active=190,667 lost=133,039 (+320) | L0=58.4% L1=0.3% L2=0.2% miss=41.1% | sub-step misses: k1=132719 k2=132934 k3=132719 k4=133092 final=133039 | SA-L2: 0/320 newly-lost found by standalone | (prev: lost=225,550, diff=-92511)
  Step 2497: active=190,335 lost=133,371 (+332) | L0=58.3% L1=0.3% L2=0.2% miss=41.2% | sub-step misses: k1=133039 k2=133255 k3=133039 k4=133410 final=133371 | SA-L2: 0/332 newly-lost found by standalone | (prev: lost=225,711, diff=-92340)
  Step 2498: active=189,959 lost=133,747 (+376) | L0=58.2% L1=0.3% L2=0.2% miss=41.3% | sub-step misses: k1=133371 k2=133606 k3=133371 k4=133823 final=133747 | SA-L2: 0/376 newly-lost found by standalone | (prev: lost=225,876, diff=-92129)
  Step 2499: active=189,543 lost=134,163 (+416) | L0=58.1% L1=0.3% L2=0.2% miss=41.4% | sub-step misses: k1=133747 k2=134028 k3=133747 k4=134239 final=134163 | SA-L2: 0/416 newly-lost found by standalone | (prev: lost=226,050, diff=-91887)
  Step 2500: active=189,148 lost=134,558 (+395) | L0=58.0% L1=0.3% L2=0.2% miss=41.5% | sub-step misses: k1=134163 k2=134431 k3=134163 k4=134640 final=134558 | SA-L2: 0/395 newly-lost found by standalone | (prev: lost=226,249, diff=-91691)

================================================================================
DIAGNOSTIC SUMMARY
================================================================================
  Particles: 323,706
  Final active: 189,148 (58.43%)
  Final lost: 134,558 (41.57%)
  Steps: 2500
  Time: 8660.4s (93,444 p*step/s)
  L0: ON
  L1: ON
  Output: output/rk4_diagnostic/L0=ON_L1=ON
  Stats: output/rk4_diagnostic/L0=ON_L1=ON/search_stats.csv

  Comparison with previous run:
    Previous lost at step 2500: 226,249
    This run lost at step 2500: 134,558
    Difference: -91691

  Final standalone L2 on all 134,558 lost particles...
    Standalone L2 found: 0/134,558 (0.00%)
    Standalone L2 missed: 134,558/134,558 (100.00%)
    134,558 particles are genuinely outside the mesh at their final positions.

================================================================================
Done.
