<?xml version="1.0"?>
<VTKFile type="UnstructuredGrid" version="1.0" byte_order="LittleEndian">
  <UnstructuredGrid>
    <Piece NumberOfPoints="6620" NumberOfCells="6620">
      <Points>
        <DataArray type="Float32" NumberOfComponents="3" format="ascii">
          -9.355527e-03 9.448899e-03 -3.030915e-03
          -9.352130e-03 8.883451e-03 -1.212977e-03
          -9.353169e-03 8.879901e-03 -2.425059e-03
          -9.355371e-03 8.880509e-03 -2.727785e-03
          -9.355385e-03 8.880496e-03 -3.030815e-03
          -9.355399e-03 8.880483e-03 -3.333844e-03
          -9.355413e-03 8.880469e-03 -3.636873e-03
          -9.357308e-03 8.589231e-03 -3.636794e-03
          -9.355523e-03 8.301841e-03 -3.636868e-03
          -9.358290e-03 8.298193e-03 -4.242791e-03
          -9.355422e-03 8.012691e-03 -3.636871e-03
          -9.355425e-03 7.723431e-03 -3.636870e-03
          -9.369556e-03 6.844291e-03 -3.939522e-03
          -9.369571e-03 6.555036e-03 -3.939521e-03
          -9.369594e-03 6.555006e-03 -4.242552e-03
          -9.360358e-03 6.294776e-03 -3.636724e-03
          -9.357375e-03 5.729133e-03 -6.072248e-04
          -9.372827e-03 5.694345e-03 -3.939521e-03
          -9.372851e-03 5.405091e-03 -3.939522e-03
          -9.365202e-03 4.852529e-03 -3.036383e-04
          -9.365566e-03 4.852127e-03 -6.065618e-04
          -9.366578e-03 4.850992e-03 -9.093406e-04
          -9.376108e-03 4.833649e-03 -3.939524e-03
          -9.364786e-03 4.564095e-03 -7.476088e-07
          -9.365616e-03 4.563173e-03 -3.035383e-04
          -9.365645e-03 4.563141e-03 -6.065607e-04
          -9.366614e-03 4.561802e-03 -9.093400e-04
          -9.366638e-03 4.561765e-03 -1.212366e-03
          -9.369564e-03 4.557078e-03 -2.121285e-03
          -9.369590e-03 4.557030e-03 -2.424315e-03
          -9.366257e-03 4.578092e-03 -3.333994e-03
          -9.376149e-03 4.544391e-03 -3.939526e-03
          -9.369682e-03 4.267647e-03 -2.727344e-03
          -9.363426e-03 4.298856e-03 -3.031127e-03
          -9.369037e-03 4.288436e-03 -3.333962e-03
          -9.376191e-03 4.255132e-03 -3.939527e-03
          -9.376212e-03 4.255078e-03 -4.242559e-03
          -9.363442e-03 4.009670e-03 -2.728097e-03
          -9.363467e-03 4.009609e-03 -3.031128e-03
          -9.369078e-03 3.999185e-03 -3.333963e-03
          -9.376232e-03 3.965874e-03 -3.939529e-03
          -9.376254e-03 3.965816e-03 -4.242560e-03
          -9.376275e-03 3.965758e-03 -4.545591e-03
          -9.376009e-03 3.699511e-03 -2.121334e-03
          -9.378406e-03 3.727303e-03 -2.728319e-03
          -9.378430e-03 3.727239e-03 -3.031351e-03
          -9.378454e-03 3.727174e-03 -3.334382e-03
          -9.381373e-03 3.715457e-03 -3.637751e-03
          -9.376067e-03 3.410268e-03 -2.121334e-03
          -9.376092e-03 3.410198e-03 -2.424366e-03
          -9.382333e-03 3.427165e-03 -2.727910e-03
          -9.382355e-03 3.427096e-03 -3.030942e-03
          -9.383055e-03 3.424285e-03 -3.334056e-03
          -9.379322e-03 3.433976e-03 -3.637635e-03
          -9.381863e-03 3.414526e-03 -4.243684e-03
          -9.378120e-03 3.150299e-03 -1.818739e-03
          -9.382163e-03 3.138527e-03 -3.334004e-03
          -9.377508e-03 3.151619e-03 -3.637532e-03
          -9.381477e-03 3.135553e-03 -3.941041e-03
          -9.383663e-03 3.127999e-03 -4.243816e-03
          -9.377960e-03 2.865153e-03 -1.818741e-03
          -9.383525e-03 2.839179e-03 -2.121510e-03
          -9.382219e-03 2.849267e-03 -3.334006e-03
          -9.377562e-03 2.862356e-03 -3.637535e-03
          -9.381529e-03 2.846287e-03 -3.941043e-03
          -9.385404e-03 2.551329e-03 -2.121540e-03
          -9.389318e-03 2.530353e-03 -3.940132e-03
          -9.384184e-03 2.271562e-03 -1.515253e-03
          -9.385482e-03 2.262064e-03 -2.121542e-03
          -9.389387e-03 2.241067e-03 -3.940135e-03
          -9.389394e-03 2.240996e-03 -4.243166e-03
          -9.389239e-03 1.984913e-03 -1.515393e-03
          -9.387740e-03 1.973792e-03 -2.121593e-03
          -9.389456e-03 1.951781e-03 -3.940137e-03
          -9.389461e-03 1.951706e-03 -4.243168e-03
          -9.385669e-03 1.683348e-03 -2.727611e-03
          -9.389525e-03 1.662494e-03 -3.940140e-03
          -9.389529e-03 1.662416e-03 -4.243171e-03
          -9.389533e-03 1.662338e-03 -4.546201e-03
          -9.397331e-03 1.401789e-03 -2.121938e-03
          -9.389593e-03 1.373208e-03 -3.940143e-03
          -9.389596e-03 1.373126e-03 -4.243173e-03
          -9.389598e-03 1.373045e-03 -4.546203e-03
          -9.389601e-03 1.372963e-03 -4.849234e-03
          -9.397696e-03 1.110382e-03 -2.121818e-03
          -9.403204e-03 1.102397e-03 -2.728202e-03
          -9.409724e-03 1.128070e-03 -3.638804e-03
          -9.397783e-03 8.210857e-04 -2.121819e-03
          -9.397786e-03 8.209833e-04 -2.424853e-03
          -9.410134e-03 8.275029e-04 -3.334693e-03
          -9.399327e-03 7.983726e-04 -3.940442e-03
          -9.399325e-03 7.982937e-04 -4.243472e-03
          -9.399459e-03 5.068073e-04 -3.940445e-03
          -9.408604e-03 5.081598e-04 -4.243757e-03
          -9.408770e-03 2.432439e-04 -2.121941e-03
          -9.405920e-03 2.185024e-04 -3.940643e-03
          -9.409178e-03 2.189368e-04 -4.243775e-03
          -9.420884e-03 -2.249677e-05 -1.819455e-03
          -9.410835e-03 -4.593505e-05 -2.121963e-03
          -9.409252e-03 -7.030466e-05 -3.940745e-03
          -9.409244e-03 -7.037974e-05 -4.243776e-03
          -9.410919e-03 -3.352681e-04 -2.121963e-03
          -9.409319e-03 -3.596360e-04 -3.940745e-03
          -9.409308e-03 -3.597112e-04 -4.243776e-03
          -9.419187e-03 -6.159309e-04 -1.515716e-03
          -9.428755e-03 -6.117001e-04 -3.336377e-03
          -9.409386e-03 -6.489673e-04 -3.940746e-03
          -9.409371e-03 -6.490426e-04 -4.243776e-03
          -9.411060e-03 -9.141284e-04 -2.728031e-03
          -9.431943e-03 -8.892408e-04 -3.034002e-03
          -9.428828e-03 -9.010327e-04 -3.336377e-03
          -9.409453e-03 -9.382985e-04 -3.940746e-03
          -9.409434e-03 -9.383739e-04 -4.243776e-03
          -9.423472e-03 -1.206967e-03 -2.121939e-03
          -9.434930e-03 -1.181264e-03 -2.730781e-03
          -9.434914e-03 -1.181352e-03 -3.033816e-03
          -9.431796e-03 -1.193143e-03 -3.336191e-03
          -9.412283e-03 -1.228669e-03 -3.940739e-03
          -9.412261e-03 -1.228744e-03 -4.243769e-03
          -9.423396e-03 -1.496815e-03 -2.121885e-03
          -9.440617e-03 -1.491732e-03 -2.728924e-03
          -9.440598e-03 -1.491817e-03 -3.031959e-03
          -9.440580e-03 -1.491902e-03 -3.334995e-03
          -9.440144e-03 -1.496023e-03 -3.638964e-03
          -9.423467e-03 -1.786178e-03 -2.121882e-03
          -9.443434e-03 -1.776826e-03 -3.638796e-03
          -9.437239e-03 -1.791824e-03 -3.942454e-03
          -9.437216e-03 -1.791891e-03 -4.245485e-03
          -9.444300e-03 -2.064039e-03 -3.638753e-03
          -9.439212e-03 -2.079374e-03 -3.942628e-03
          -9.443600e-03 -2.349057e-03 -1.818016e-03
          -9.444359e-03 -2.353387e-03 -3.638750e-03
          -9.426446e-03 -2.392114e-03 -3.940633e-03
          -9.426492e-03 -2.681470e-03 -3.940630e-03
          -9.426532e-03 -2.970832e-03 -3.940626e-03
          -9.426572e-03 -3.260194e-03 -3.940622e-03
          -9.426612e-03 -3.549556e-03 -3.940619e-03
          -9.437167e-03 -3.839147e-03 -2.727513e-03
          -9.455359e-03 -5.581650e-03 -3.332386e-03
          -9.457848e-03 -5.870565e-03 -3.029008e-03
          -9.457878e-03 -6.159908e-03 -2.725966e-03
          -9.457851e-03 -6.159940e-03 -3.029003e-03
          -9.453824e-03 -6.162798e-03 -3.332041e-03
          -9.441084e-03 -8.214444e-03 -2.116298e-03
          -9.440349e-03 -8.215256e-03 -2.420376e-03
          -9.440919e-03 -8.504307e-03 -2.116262e-03
          -9.440184e-03 -8.505118e-03 -2.420340e-03
          -9.445975e-03 -9.356496e-03 -2.978353e-04
          -9.445964e-03 -9.356514e-03 -6.008802e-04
          -9.445946e-03 -9.645901e-03 -2.978322e-04
          -9.653345e-03 8.880595e-03 -1.213029e-03
          -9.655634e-03 8.876597e-03 -2.424775e-03
          -9.656508e-03 8.877740e-03 -2.727655e-03
          -9.656520e-03 8.877726e-03 -3.030684e-03
          -9.656533e-03 8.877712e-03 -3.333714e-03
          -9.656545e-03 8.877699e-03 -3.636744e-03
          -9.656954e-03 8.588201e-03 -3.636732e-03
          -9.656955e-03 8.298936e-03 -3.636731e-03
          -9.662170e-03 6.290731e-03 -3.636527e-03
          -9.665883e-03 6.002972e-03 -3.333401e-03
          -9.657382e-03 5.724880e-03 -6.070171e-04
          -9.663406e-03 4.560610e-03 -6.135776e-07
          -9.664271e-03 4.570531e-03 -3.333796e-03
          -9.664289e-03 4.281327e-03 -3.030766e-03
          -9.664311e-03 4.281276e-03 -3.333797e-03
          -9.666276e-03 3.994536e-03 -3.030832e-03
          -9.666298e-03 3.994481e-03 -3.333863e-03
          -9.675247e-03 3.966528e-03 -3.939577e-03
          -9.678799e-03 3.715806e-03 -2.727886e-03
          -9.678819e-03 3.715749e-03 -3.030918e-03
          -9.678840e-03 3.715692e-03 -3.333949e-03
          -9.679927e-03 3.711219e-03 -3.637128e-03
          -9.681616e-03 3.418767e-03 -3.030628e-03
          -9.681636e-03 3.418706e-03 -3.333660e-03
          -9.678373e-03 3.427886e-03 -3.637040e-03
          -9.682240e-03 3.409271e-03 -4.546572e-03
          -9.676707e-03 3.144693e-03 -1.818465e-03
          -9.681689e-03 3.129442e-03 -3.333661e-03
          -9.678424e-03 3.138618e-03 -3.637041e-03
          -9.676219e-03 2.859367e-03 -1.818456e-03
          -9.678565e-03 2.849098e-03 -3.637034e-03
          -9.686108e-03 2.239696e-03 -3.940044e-03
          -9.686174e-03 1.950407e-03 -3.940047e-03
          -9.686239e-03 1.661119e-03 -3.940049e-03
          -9.685841e-03 1.662332e-03 -4.243165e-03
          -9.688439e-03 1.374824e-03 -3.940117e-03
          -9.705860e-03 1.115183e-03 -3.637655e-03
          -9.706886e-03 8.214988e-04 -3.334089e-03
          -9.717600e-03 -6.188297e-04 -3.335841e-03
          -9.722490e-03 -9.035228e-04 -2.122097e-03
          -9.707276e-03 -9.147682e-04 -2.727993e-03
          -9.718027e-03 -9.081978e-04 -3.032809e-03
          -9.718016e-03 -9.082770e-04 -3.335844e-03
          -9.725610e-03 -1.198541e-03 -2.729462e-03
          -9.725596e-03 -1.198619e-03 -3.032497e-03
          -9.725582e-03 -1.198697e-03 -3.335532e-03
          -9.730718e-03 -1.503241e-03 -3.333756e-03
          -9.732728e-03 -1.500082e-03 -3.637348e-03
          -9.733380e-03 -1.787849e-03 -3.637316e-03
          -9.733435e-03 -2.077194e-03 -3.637313e-03
          -9.735872e-03 -2.356767e-03 -1.817363e-03
          -9.733490e-03 -2.366540e-03 -3.637311e-03
          -9.733024e-03 -3.833895e-03 -1.513357e-03
          -9.731595e-03 -3.837473e-03 -2.120122e-03
          -9.733244e-03 -4.128036e-03 -1.816480e-03
          -9.731376e-03 -7.922766e-03 -2.420489e-03
          -9.731661e-03 -8.212125e-03 -2.116781e-03
          -9.731211e-03 -8.212623e-03 -2.420453e-03
          -9.742184e-03 -9.067156e-03 -9.039277e-04
          -9.742176e-03 -9.356526e-03 -2.978361e-04
          -9.742166e-03 -9.356542e-03 -6.008803e-04
          -9.742148e-03 -9.645929e-03 -2.978333e-04
          -9.953998e-03 8.878056e-03 -6.070456e-04
          -9.954006e-03 8.878051e-03 -9.100739e-04
          -9.954038e-03 8.878029e-03 -1.213092e-03
          -9.955059e-03 8.877366e-03 -1.515687e-03
          -9.955066e-03 8.877360e-03 -1.818715e-03
          -9.955073e-03 8.877354e-03 -2.121744e-03
          -9.957210e-03 8.875184e-03 -3.636626e-03
          -9.960369e-03 6.560087e-03 -7.122103e-07
          -9.965502e-03 6.553573e-03 -3.939416e-03
          -9.957364e-03 6.297982e-03 -7.497247e-07
          -9.957372e-03 6.297975e-03 -3.037769e-04
          -9.957440e-03 6.298132e-03 -6.067929e-04
          -9.957464e-03 6.297893e-03 -9.097986e-04
          -9.957472e-03 6.297886e-03 -1.212826e-03
          -9.966025e-03 6.274772e-03 -1.515096e-03
          -9.966827e-03 6.274170e-03 -1.818033e-03
          -9.966898e-03 6.273664e-03 -2.121051e-03
          -9.961938e-03 6.291595e-03 -2.424311e-03
          -9.962172e-03 6.292224e-03 -2.727339e-03
          -9.962190e-03 6.292198e-03 -3.030369e-03
          -9.962208e-03 6.292172e-03 -3.333399e-03
          -9.962226e-03 6.292146e-03 -3.636429e-03
          -9.965761e-03 6.284909e-03 -4.545502e-03
          -9.966375e-03 6.283700e-03 -4.848551e-03
          -9.957383e-03 6.008744e-03 -7.483590e-07
          -9.957477e-03 6.009131e-03 -3.037705e-04
          -9.957460e-03 6.008892e-03 -6.067917e-04
          -9.957485e-03 6.008653e-03 -9.097975e-04
          -9.957493e-03 6.008645e-03 -1.212825e-03
          -9.966131e-03 5.985843e-03 -1.515092e-03
          -9.966849e-03 5.984925e-03 -1.818032e-03
          -9.962213e-03 6.002945e-03 -3.030369e-03
          -9.962231e-03 6.002917e-03 -3.333399e-03
          -9.962249e-03 6.002888e-03 -3.636429e-03
          -9.966501e-03 5.697573e-03 -1.515072e-03
          -9.962254e-03 5.713660e-03 -3.333399e-03
          -9.962273e-03 5.713629e-03 -3.636429e-03
          -9.968649e-03 5.410576e-03 -1.514928e-03
          -9.962296e-03 5.424370e-03 -3.636429e-03
          -9.965209e-03 4.285759e-03 -1.818341e-03
          -9.976886e-03 3.965687e-03 -3.939572e-03
          -9.977885e-03 3.707982e-03 -2.727591e-03
          -9.977904e-03 3.707932e-03 -3.030623e-03
          -9.977922e-03 3.707881e-03 -3.333655e-03
          -9.977940e-03 3.707831e-03 -3.636686e-03
          -9.977937e-03 3.418720e-03 -2.727592e-03
          -9.977954e-03 3.418667e-03 -3.030624e-03
          -9.977971e-03 3.418614e-03 -3.333656e-03
          -9.977988e-03 3.418560e-03 -3.636688e-03
          -9.973159e-03 3.144714e-03 -3.030362e-04
          -9.973137e-03 3.144610e-03 -6.060672e-04
          -9.974528e-03 3.141436e-03 -9.091207e-04
          -9.974896e-03 3.140378e-03 -1.212174e-03
          -9.975087e-03 3.140525e-03 -1.515203e-03
          -9.975102e-03 3.140487e-03 -1.818234e-03
          -9.978005e-03 3.129402e-03 -3.030625e-03
          -9.978021e-03 3.129345e-03 -3.333657e-03
          -9.978036e-03 3.129289e-03 -3.636689e-03
          -9.975158e-03 2.851226e-03 -1.818234e-03
          -9.978070e-03 2.840077e-03 -3.333658e-03
          -9.978084e-03 2.840018e-03 -3.636690e-03
          -9.978124e-03 2.550803e-03 -3.333660e-03
          -9.978137e-03 2.550742e-03 -3.636692e-03
          -9.983742e-03 2.524514e-03 -3.939747e-03
          -9.978188e-03 2.261518e-03 -3.333661e-03
          -9.984779e-03 2.237850e-03 -3.636290e-03
          -9.983804e-03 2.235225e-03 -3.939749e-03
          -9.984832e-03 1.948628e-03 -3.333259e-03
          -9.984842e-03 1.948562e-03 -3.636292e-03
          -9.983867e-03 1.945935e-03 -3.939750e-03
          -9.987349e-03 1.707490e-03 -3.023542e-04
          -9.987296e-03 1.707411e-03 -6.053975e-04
          -9.988564e-03 1.701886e-03 -1.515192e-03
          -9.988574e-03 1.701836e-03 -1.818225e-03
          -9.987465e-03 1.667208e-03 -3.030637e-03
          -9.983929e-03 1.656645e-03 -3.939752e-03
          -9.987539e-03 1.418221e-03 -6.053921e-04
          -9.988634e-03 1.412605e-03 -1.515191e-03
          -9.988643e-03 1.412554e-03 -1.818225e-03
          -9.985681e-03 1.369724e-03 -3.939806e-03
          -9.989922e-03 1.383619e-03 -4.849463e-03
          -1.000311e-02 1.110828e-03 -2.728014e-03
          -1.000311e-02 1.110758e-03 -3.031047e-03
          -1.000312e-02 1.110688e-03 -3.334080e-03
          -1.000312e-02 1.110618e-03 -3.637113e-03
          -1.000105e-02 1.097230e-03 -4.243662e-03
          -1.000257e-02 1.097246e-03 -4.546727e-03
          -9.993668e-03 8.383515e-04 -1.211885e-03
          -1.000318e-02 8.215244e-04 -2.728014e-03
          -1.000318e-02 8.214539e-04 -3.031047e-03
          -1.000318e-02 8.213832e-04 -3.334081e-03
          -1.000319e-02 8.213124e-04 -3.637114e-03
          -1.000359e-02 5.526647e-04 -3.015942e-04
          -1.000359e-02 5.526475e-04 -6.046329e-04
          -1.000346e-02 5.463357e-04 -1.515157e-03
          -1.000347e-02 5.462808e-04 -1.818191e-03
          -1.000325e-02 5.321496e-04 -3.031048e-03
          -1.000325e-02 5.320784e-04 -3.334082e-03
          -1.000325e-02 5.320072e-04 -3.637115e-03
          -1.000367e-02 2.633569e-04 -3.015908e-04
          -1.000367e-02 2.633394e-04 -6.046307e-04
          -1.000353e-02 2.570266e-04 -1.515156e-03
          -1.000354e-02 2.569715e-04 -1.818191e-03
          -1.000332e-02 2.428453e-04 -3.031049e-03
          -1.000331e-02 2.427737e-04 -3.334082e-03
          -1.000331e-02 2.427021e-04 -3.637116e-03
          -1.001167e-02 -2.802196e-05 -6.042444e-04
          -1.000338e-02 -4.647176e-05 -3.031049e-03
          -1.000338e-02 -4.654322e-05 -3.334083e-03
          -1.000319e-02 -5.082132e-05 -3.637282e-03
          -1.001175e-02 -3.173500e-04 -6.042411e-04
          -1.000789e-02 -3.202170e-04 -1.211745e-03
          -1.000345e-02 -3.358018e-04 -3.031048e-03
          -1.000340e-02 -3.369399e-04 -3.334124e-03
          -1.001698e-02 -6.095198e-04 -6.039391e-04
          -1.001642e-02 -6.129553e-04 -1.211454e-03
          -1.001610e-02 -6.155907e-04 -1.817904e-03
          -1.001564e-02 -6.222999e-04 -2.424513e-03
          -1.000341e-02 -6.262463e-04 -3.030984e-03
          -1.001888e-02 -8.998692e-04 -6.038292e-04
          -1.001770e-02 -9.056739e-04 -1.817843e-03
          -1.001894e-02 -1.189251e-03 -6.038535e-04
          -1.001776e-02 -1.195013e-03 -1.817841e-03
          -1.002593e-02 -1.505229e-03 -3.030498e-03
          -1.002592e-02 -1.505295e-03 -3.333533e-03
          -1.002590e-02 -1.505361e-03 -3.636568e-03
          -1.002597e-02 -1.794640e-03 -3.333531e-03
          -1.002595e-02 -1.794703e-03 -3.636566e-03
          -1.002602e-02 -2.083985e-03 -3.333529e-03
          -1.002600e-02 -2.084046e-03 -3.636564e-03
          -1.002607e-02 -2.373330e-03 -3.333527e-03
          -1.002606e-02 -2.373389e-03 -3.636562e-03
          -1.001590e-02 -2.397752e-03 -3.939937e-03
          -1.002612e-02 -2.662685e-03 -3.333524e-03
          -1.001590e-02 -2.685353e-03 -3.636055e-03
          -1.001594e-02 -2.687102e-03 -3.939934e-03
          -1.002617e-02 -2.951992e-03 -3.030484e-03
          -1.001593e-02 -2.974711e-03 -3.636052e-03
          -1.001776e-02 -3.263520e-03 -3.333113e-03
          -1.004009e-02 -3.834634e-03 -2.985353e-04
          -1.004009e-02 -3.834652e-03 -6.015767e-04
          -1.004008e-02 -3.834669e-03 -9.046180e-04
          -1.002343e-02 -3.842137e-03 -1.512969e-03
          -1.002281e-02 -3.844064e-03 -1.816563e-03
          -1.002277e-02 -3.844184e-03 -2.119626e-03
          -1.002276e-02 -3.844221e-03 -2.422665e-03
          -1.002345e-02 -4.131516e-03 -1.512964e-03
          -1.002283e-02 -4.133440e-03 -1.816558e-03
          -1.002279e-02 -4.133558e-03 -2.119621e-03
          -1.002348e-02 -4.420895e-03 -1.512960e-03
          -1.002286e-02 -4.422817e-03 -1.816554e-03
          -1.002489e-02 -4.713740e-03 -1.512720e-03
          -1.003199e-02 -5.313158e-03 -4.847410e-03
          -1.003204e-02 -5.602513e-03 -4.544361e-03
          -1.003201e-02 -5.602550e-03 -4.847402e-03
          -1.003208e-02 -5.891873e-03 -4.241313e-03
          -1.002326e-02 -7.625611e-03 -2.725960e-03
          -1.002221e-02 -7.920506e-03 -2.420879e-03
          -1.002219e-02 -8.209885e-03 -2.117830e-03
          -1.002219e-02 -8.209898e-03 -2.420873e-03
          -1.002218e-02 -8.499267e-03 -1.814782e-03
          -1.002217e-02 -8.499279e-03 -2.117825e-03
          -1.002216e-02 -8.499291e-03 -2.420868e-03
          -1.002216e-02 -8.788649e-03 -1.511734e-03
          -1.002215e-02 -8.788660e-03 -1.814777e-03
          -1.002215e-02 -8.788672e-03 -2.117820e-03
          -1.002214e-02 -8.788684e-03 -2.420862e-03
          -1.003841e-02 -9.067167e-03 -2.978394e-04
          -1.003840e-02 -9.067182e-03 -6.008828e-04
          -1.003839e-02 -9.067198e-03 -9.039268e-04
          -1.002215e-02 -9.078031e-03 -1.208687e-03
          -1.002214e-02 -9.078043e-03 -1.511729e-03
          -1.002213e-02 -9.078054e-03 -1.814772e-03
          -1.002212e-02 -9.078065e-03 -2.117814e-03
          -1.002211e-02 -9.078076e-03 -2.420857e-03
          -1.003838e-02 -9.356568e-03 -2.978366e-04
          -1.003837e-02 -9.356582e-03 -6.008799e-04
          -1.002213e-02 -9.367415e-03 -9.056397e-04
          -1.002212e-02 -9.367426e-03 -1.208682e-03
          -1.002211e-02 -9.367437e-03 -1.511724e-03
          -1.002211e-02 -9.367447e-03 -1.814767e-03
          -1.002210e-02 -9.367458e-03 -2.117809e-03
          -1.002209e-02 -9.367468e-03 -2.420852e-03
          -1.003784e-02 -9.647665e-03 -2.977870e-04
          -1.002201e-02 -9.657713e-03 -6.025358e-04
          -1.002200e-02 -9.657723e-03 -9.055779e-04
          -1.002199e-02 -9.657733e-03 -1.208620e-03
          -1.002198e-02 -9.657743e-03 -1.511662e-03
          -1.002197e-02 -9.657753e-03 -1.814704e-03
          -1.002197e-02 -9.657763e-03 -2.117747e-03
          -1.002196e-02 -9.657773e-03 -2.420789e-03
          -1.002158e-02 -9.951647e-03 -2.986589e-04
          -1.002139e-02 -9.952190e-03 -6.022120e-04
          -1.002138e-02 -9.952200e-03 -9.052539e-04
          -1.002137e-02 -9.952209e-03 -1.208296e-03
          -1.002136e-02 -9.952219e-03 -1.511338e-03
          -1.002136e-02 -9.952228e-03 -1.814380e-03
          -1.002135e-02 -9.952238e-03 -2.117422e-03
          -1.002134e-02 -9.952247e-03 -2.420464e-03
          -1.025033e-02 8.878038e-03 -9.864994e-07
          -1.025033e-02 8.878033e-03 -3.040150e-04
          -1.025034e-02 8.878027e-03 -6.070435e-04
          -1.025035e-02 8.878022e-03 -9.100720e-04
          -1.025035e-02 8.878017e-03 -1.213100e-03
          -1.025140e-02 8.877338e-03 -1.515685e-03
          -1.025141e-02 8.877333e-03 -1.818714e-03
          -1.025141e-02 8.877327e-03 -2.121742e-03
          -1.025316e-02 8.875560e-03 -2.424550e-03
          -1.025351e-02 8.875197e-03 -2.727536e-03
          -1.025352e-02 8.875185e-03 -3.030565e-03
          -1.025353e-02 8.875173e-03 -3.333595e-03
          -1.025354e-02 8.875161e-03 -3.636625e-03
          -1.025034e-02 8.588768e-03 -6.070427e-04
          -1.025034e-02 8.588762e-03 -9.100712e-04
          -1.025035e-02 8.588756e-03 -1.213100e-03
          -1.025355e-02 8.585894e-03 -3.636624e-03
          -1.025952e-02 6.557235e-03 -5.942738e-07
          -1.026375e-02 6.551360e-03 -3.939367e-03
          -1.025390e-02 6.298697e-03 -7.359243e-07
          -1.025391e-02 6.298691e-03 -3.037634e-04
          -1.025392e-02 6.298684e-03 -6.067908e-04
          -1.025392e-02 6.298678e-03 -9.098182e-04
          -1.025393e-02 6.298671e-03 -1.212846e-03
          -1.025851e-02 6.292187e-03 -2.424307e-03
          -1.025853e-02 6.292166e-03 -2.727337e-03
          -1.025854e-02 6.292144e-03 -3.030367e-03
          -1.025856e-02 6.292121e-03 -3.333398e-03
          -1.025857e-02 6.292099e-03 -3.636428e-03
          -1.026167e-02 6.284534e-03 -4.545495e-03
          -1.026278e-02 6.284234e-03 -4.848547e-03
          -1.025392e-02 6.009453e-03 -7.344105e-07
          -1.025393e-02 6.009446e-03 -3.037619e-04
          -1.025394e-02 6.009439e-03 -6.067894e-04
          -1.025394e-02 6.009432e-03 -9.098170e-04
          -1.025395e-02 6.009425e-03 -1.212844e-03
          -1.025864e-02 6.002624e-03 -2.121272e-03
          -1.025853e-02 6.002934e-03 -2.424307e-03
          -1.025855e-02 6.002911e-03 -2.727337e-03
          -1.025856e-02 6.002886e-03 -3.030367e-03
          -1.025858e-02 6.002861e-03 -3.333397e-03
          -1.025859e-02 6.002837e-03 -3.636427e-03
          -1.026210e-02 5.996198e-03 -4.545496e-03
          -1.025394e-02 5.720209e-03 -7.328942e-07
          -1.025395e-02 5.720201e-03 -3.037605e-04
          -1.025396e-02 5.720193e-03 -6.067881e-04
          -1.025396e-02 5.720185e-03 -9.098157e-04
          -1.025397e-02 5.720177e-03 -1.212843e-03
          -1.025857e-02 5.713655e-03 -2.727336e-03
          -1.025859e-02 5.713628e-03 -3.030366e-03
          -1.025860e-02 5.713601e-03 -3.333397e-03
          -1.025862e-02 5.713574e-03 -3.636427e-03
          -1.025397e-02 5.430956e-03 -3.037591e-04
          -1.025398e-02 5.430947e-03 -6.067868e-04
          -1.025399e-02 5.430939e-03 -9.098144e-04
          -1.025399e-02 5.430930e-03 -1.212842e-03
          -1.025861e-02 5.424370e-03 -3.030366e-03
          -1.025862e-02 5.424341e-03 -3.333396e-03
          -1.025864e-02 5.424311e-03 -3.636427e-03
          -1.025865e-02 5.135080e-03 -3.333396e-03
          -1.025866e-02 5.135048e-03 -3.636427e-03
          -1.026850e-02 4.847206e-03 -3.939645e-03
          -1.027423e-02 3.707880e-03 -2.727588e-03
          -1.027424e-02 3.707836e-03 -3.030619e-03
          -1.027426e-02 3.707793e-03 -3.333651e-03
          -1.027427e-02 3.707750e-03 -3.636683e-03
          -1.027428e-02 3.418612e-03 -2.727588e-03
          -1.027429e-02 3.418567e-03 -3.030620e-03
          -1.027431e-02 3.418521e-03 -3.333652e-03
          -1.027432e-02 3.418475e-03 -3.636684e-03
          -1.026974e-02 3.136703e-03 -3.029673e-04
          -1.027157e-02 3.138450e-03 -6.058911e-04
          -1.027309e-02 3.134352e-03 -1.211995e-03
          -1.027309e-02 3.134623e-03 -1.515065e-03
          -1.027356e-02 3.133077e-03 -1.818129e-03
          -1.027433e-02 3.129345e-03 -2.727589e-03
          -1.027434e-02 3.129297e-03 -3.030621e-03
          -1.027435e-02 3.129249e-03 -3.333653e-03
          -1.027436e-02 3.129201e-03 -3.636685e-03
          -1.027162e-02 2.849191e-03 -6.058896e-04
          -1.027354e-02 2.844048e-03 -1.818121e-03
          -1.027437e-02 2.840078e-03 -2.727590e-03
          -1.027439e-02 2.840028e-03 -3.030622e-03
          -1.027440e-02 2.839977e-03 -3.333654e-03
          -1.027441e-02 2.839926e-03 -3.636686e-03
          -1.027443e-02 2.550805e-03 -2.727590e-03
          -1.027444e-02 2.550752e-03 -3.030622e-03
          -1.027445e-02 2.550700e-03 -3.333655e-03
          -1.027446e-02 2.550647e-03 -3.636687e-03
          -1.028101e-02 2.521409e-03 -3.939542e-03
          -1.027449e-02 2.261520e-03 -2.727591e-03
          -1.027450e-02 2.261466e-03 -3.030623e-03
          -1.027451e-02 2.261412e-03 -3.333656e-03
          -1.028107e-02 2.232118e-03 -3.939543e-03
          -1.028113e-02 1.942826e-03 -3.939544e-03
          -1.028457e-02 1.699411e-03 -6.052273e-04
          -1.028531e-02 1.695971e-03 -1.211839e-03
          -1.028560e-02 1.694615e-03 -1.818021e-03
          -1.028017e-02 1.661995e-03 -2.727230e-03
          -1.028119e-02 1.653535e-03 -3.939546e-03
          -1.028644e-02 1.673226e-03 -4.849465e-03
          -1.028464e-02 1.410131e-03 -6.052254e-04
          -1.028656e-02 1.399087e-03 -2.727864e-03
          -1.028125e-02 1.364243e-03 -3.939547e-03
          -1.028788e-02 1.385861e-03 -4.849510e-03
          -1.029053e-02 1.117055e-03 -1.514955e-03
          -1.029941e-02 1.110692e-03 -2.728006e-03
          -1.029942e-02 1.110633e-03 -3.031040e-03
          -1.029942e-02 1.110573e-03 -3.334073e-03
          -1.029942e-02 1.110513e-03 -3.637106e-03
          -1.029172e-02 1.096857e-03 -4.243530e-03
          -1.029736e-02 1.097094e-03 -4.546688e-03
          -1.029947e-02 8.213878e-04 -2.728007e-03
          -1.029948e-02 8.213280e-04 -3.031040e-03
          -1.029948e-02 8.212679e-04 -3.334073e-03
          -1.029948e-02 8.212076e-04 -3.637107e-03
          -1.029454e-02 8.076944e-04 -4.243593e-03
          -1.029654e-02 5.441049e-04 -3.016010e-04
          -1.029914e-02 5.439253e-04 -6.044873e-04
          -1.029916e-02 5.386618e-04 -1.514891e-03
          -1.029922e-02 5.369790e-04 -1.818074e-03
          -1.029954e-02 5.320833e-04 -2.728007e-03
          -1.029954e-02 5.320232e-04 -3.031040e-03
          -1.029954e-02 5.319627e-04 -3.334074e-03
          -1.029954e-02 5.319019e-04 -3.637107e-03
          -1.029921e-02 2.546360e-04 -3.014474e-04
          -1.029921e-02 2.546191e-04 -6.044853e-04
          -1.029927e-02 2.482296e-04 -1.818023e-03
          -1.029960e-02 2.427788e-04 -2.728007e-03
          -1.029960e-02 2.427183e-04 -3.031040e-03
          -1.029960e-02 2.426574e-04 -3.334074e-03
          -1.029960e-02 2.425963e-04 -3.637108e-03
          -1.029967e-02 -4.653766e-05 -2.728006e-03
          -1.029966e-02 -4.659813e-05 -3.031040e-03
          -1.029966e-02 -4.665892e-05 -3.334074e-03
          -1.029947e-02 -5.092655e-05 -3.637273e-03
          -1.030951e-02 -6.344854e-05 -3.940730e-03
          -1.029960e-02 -3.371834e-04 -2.727930e-03
          -1.029960e-02 -3.372433e-04 -3.030964e-03
          -1.030010e-02 -3.377270e-04 -3.333996e-03
          -1.031168e-02 -6.178107e-04 -6.037741e-04
          -1.031139e-02 -6.192934e-04 -1.210908e-03
          -1.031298e-02 -9.078238e-04 -6.036994e-04
          -1.029796e-02 -9.346833e-04 -2.726854e-03
          -1.031316e-02 -1.197279e-03 -6.037085e-04
          -1.032220e-02 -1.505288e-03 -2.727454e-03
          -1.032218e-02 -1.505344e-03 -3.030489e-03
          -1.032217e-02 -1.505400e-03 -3.333524e-03
          -1.032216e-02 -1.505457e-03 -3.636559e-03
          -1.032225e-02 -1.794633e-03 -2.727452e-03
          -1.032223e-02 -1.794687e-03 -3.030487e-03
          -1.032222e-02 -1.794742e-03 -3.333522e-03
          -1.032221e-02 -1.794796e-03 -3.636557e-03
          -1.032230e-02 -2.083979e-03 -2.727449e-03
          -1.032228e-02 -2.084031e-03 -3.030485e-03
          -1.032227e-02 -2.084083e-03 -3.333520e-03
          -1.032226e-02 -2.084136e-03 -3.636555e-03
          -1.032235e-02 -2.373324e-03 -2.727447e-03
          -1.032233e-02 -2.373374e-03 -3.030482e-03
          -1.032232e-02 -2.373425e-03 -3.333518e-03
          -1.032231e-02 -2.373475e-03 -3.636553e-03
          -1.031078e-02 -2.400287e-03 -3.939624e-03
          -1.032239e-02 -2.662680e-03 -2.727444e-03
          -1.032238e-02 -2.662728e-03 -3.030479e-03
          -1.032236e-02 -2.662776e-03 -3.333515e-03
          -1.032385e-02 -2.952568e-03 -2.424095e-03
          -1.032091e-02 -2.955424e-03 -3.030401e-03
          -1.033251e-02 -3.243139e-03 -1.209058e-03
          -1.032820e-02 -3.243706e-03 -2.120096e-03
          -1.032824e-02 -3.243664e-03 -2.423138e-03
          -1.032054e-02 -3.549421e-03 -2.990603e-04
          -1.033286e-02 -3.531247e-03 -9.052907e-04
          -1.033285e-02 -3.531265e-03 -1.208332e-03
          -1.031882e-02 -3.550613e-03 -1.512840e-03
          -1.033199e-02 -3.534560e-03 -2.119269e-03
          -1.033203e-02 -3.534519e-03 -2.422311e-03
          -1.032503e-02 -3.550052e-03 -4.848904e-03
          -1.033630e-02 -3.834755e-03 -2.985335e-04
          -1.033630e-02 -3.834771e-03 -6.015740e-04
          -1.033629e-02 -3.834786e-03 -9.046145e-04
          -1.033629e-02 -3.834802e-03 -1.207655e-03
          -1.031900e-02 -3.844266e-03 -2.119615e-03
          -1.033265e-02 -3.842240e-03 -3.331898e-03
          -1.033264e-02 -3.842279e-03 -3.634934e-03
          -1.032887e-02 -3.848352e-03 -4.848091e-03
          -1.033266e-02 -4.131635e-03 -3.634930e-03
          -1.033269e-02 -4.420990e-03 -3.634926e-03
          -1.033271e-02 -4.710346e-03 -3.634922e-03
          -1.033638e-02 -4.992297e-03 -1.207638e-03
          -1.032258e-02 -5.009358e-03 -1.512927e-03
          -1.033275e-02 -4.999673e-03 -3.331881e-03
          -1.033273e-02 -4.999701e-03 -3.634917e-03
          -1.033640e-02 -5.281638e-03 -2.985163e-04
          -1.033640e-02 -5.281649e-03 -6.015554e-04
          -1.033639e-02 -5.281661e-03 -9.045946e-04
          -1.033278e-02 -5.289007e-03 -3.028840e-03
          -1.033276e-02 -5.289033e-03 -3.331877e-03
          -1.032821e-02 -5.313221e-03 -4.847400e-03
          -1.033643e-02 -5.574108e-03 -6.014583e-04
          -1.032825e-02 -5.602578e-03 -4.544351e-03
          -1.031612e-02 -7.331195e-03 -2.724660e-03
          -1.031401e-02 -7.624190e-03 -2.725891e-03
          -1.031841e-02 -7.920556e-03 -2.420875e-03
          -1.031840e-02 -8.209935e-03 -2.117827e-03
          -1.031839e-02 -8.209947e-03 -2.420870e-03
          -1.033462e-02 -8.488482e-03 -1.510020e-03
          -1.031838e-02 -8.499315e-03 -1.814779e-03
          -1.031837e-02 -8.499327e-03 -2.117822e-03
          -1.031837e-02 -8.499339e-03 -2.420864e-03
          -1.033463e-02 -8.777818e-03 -2.978433e-04
          -1.033463e-02 -8.777831e-03 -6.008851e-04
          -1.033462e-02 -8.777846e-03 -9.039284e-04
          -1.033461e-02 -8.777863e-03 -1.206972e-03
          -1.031837e-02 -8.788696e-03 -1.511732e-03
          -1.033461e-02 -9.067217e-03 -2.978407e-04
          -1.033460e-02 -9.067229e-03 -6.008823e-04
          -1.033459e-02 -9.067244e-03 -9.039254e-04
          -1.033281e-02 -9.070303e-03 -2.724461e-03
          -1.033403e-02 -9.358458e-03 -2.977871e-04
          -1.033402e-02 -9.358470e-03 -6.008285e-04
          -1.033106e-02 -9.360625e-03 -2.724389e-03
          -1.031779e-02 -9.662410e-03 -6.017081e-04
          -1.031760e-02 -9.662942e-03 -9.052512e-04
          -1.031752e-02 -9.955203e-03 -2.978729e-04
          -1.031731e-02 -9.955776e-03 -6.014542e-04
          -1.031712e-02 -9.956308e-03 -9.049971e-04
          -1.031711e-02 -9.956317e-03 -1.208039e-03
          -1.031710e-02 -9.956327e-03 -1.511080e-03
          -1.031709e-02 -9.956336e-03 -1.814122e-03
          -1.031709e-02 -9.956346e-03 -2.117164e-03
          -1.031708e-02 -9.956355e-03 -2.420205e-03
          -1.054667e-02 8.878008e-03 -9.840689e-07
          -1.054668e-02 8.878003e-03 -3.040127e-04
          -1.054668e-02 8.877998e-03 -6.070414e-04
          -1.054669e-02 8.877993e-03 -9.100700e-04
          -1.054669e-02 8.877988e-03 -1.213099e-03
          -1.054820e-02 8.876962e-03 -1.515668e-03
          -1.054821e-02 8.876957e-03 -1.818697e-03
          -1.054821e-02 8.876952e-03 -2.121725e-03
          -1.054949e-02 8.875534e-03 -2.424549e-03
          -1.054985e-02 8.875172e-03 -2.727535e-03
          -1.054986e-02 8.875161e-03 -3.030564e-03
          -1.054987e-02 8.875149e-03 -3.333594e-03
          -1.054988e-02 8.875138e-03 -3.636624e-03
          -1.054667e-02 8.588747e-03 -9.832278e-07
          -1.054667e-02 8.588741e-03 -3.040119e-04
          -1.054668e-02 8.588736e-03 -6.070405e-04
          -1.054669e-02 8.588730e-03 -9.100691e-04
          -1.054669e-02 8.588725e-03 -1.213098e-03
          -1.054985e-02 8.585905e-03 -2.727534e-03
          -1.054986e-02 8.585893e-03 -3.030563e-03
          -1.054987e-02 8.585881e-03 -3.333593e-03
          -1.054988e-02 8.585869e-03 -3.636623e-03
          -1.054667e-02 8.299478e-03 -3.040110e-04
          -1.054668e-02 8.299472e-03 -6.070396e-04
          -1.054669e-02 8.299467e-03 -9.100682e-04
          -1.054669e-02 8.299461e-03 -1.213097e-03
          -1.054987e-02 8.296611e-03 -3.333593e-03
          -1.054989e-02 8.296598e-03 -3.636622e-03
          -1.054758e-02 7.150169e-03 -1.212905e-03
          -1.054910e-02 7.148747e-03 -2.424571e-03
          -1.054751e-02 6.864362e-03 -1.213010e-03
          -1.054878e-02 6.863236e-03 -2.424599e-03
          -1.055135e-02 6.860063e-03 -3.030396e-03
          -1.055588e-02 6.557167e-03 -5.908096e-07
          -1.054752e-02 6.575105e-03 -1.213009e-03
          -1.054879e-02 6.573975e-03 -2.424598e-03
          -1.055137e-02 6.570800e-03 -3.030395e-03
          -1.055027e-02 6.298624e-03 -7.322904e-07
          -1.055027e-02 6.298618e-03 -3.037600e-04
          -1.055028e-02 6.298612e-03 -6.067877e-04
          -1.055029e-02 6.298606e-03 -9.098154e-04
          -1.055029e-02 6.298600e-03 -1.212843e-03
          -1.055487e-02 6.292125e-03 -2.424305e-03
          -1.055488e-02 6.292107e-03 -2.727335e-03
          -1.055489e-02 6.292089e-03 -3.030365e-03
          -1.055490e-02 6.292070e-03 -3.333396e-03
          -1.055492e-02 6.292051e-03 -3.636426e-03
          -1.055665e-02 6.281374e-03 -4.545488e-03
          -1.055874e-02 6.284950e-03 -4.848535e-03
          -1.055029e-02 6.009373e-03 -7.306270e-07
          -1.055030e-02 6.009366e-03 -3.037584e-04
          -1.055030e-02 6.009360e-03 -6.067862e-04
          -1.055031e-02 6.009354e-03 -9.098140e-04
          -1.055032e-02 6.009347e-03 -1.212842e-03
          -1.055489e-02 6.002867e-03 -2.424305e-03
          -1.055490e-02 6.002847e-03 -2.727335e-03
          -1.055491e-02 6.002827e-03 -3.030365e-03
          -1.055493e-02 6.002806e-03 -3.333395e-03
          -1.055494e-02 6.002785e-03 -3.636426e-03
          -1.055822e-02 5.995672e-03 -4.545494e-03
          -1.055031e-02 5.720121e-03 -7.289599e-07
          -1.055032e-02 5.720115e-03 -3.037568e-04
          -1.055032e-02 5.720108e-03 -6.067847e-04
          -1.055033e-02 5.720101e-03 -9.098126e-04
          -1.055034e-02 5.720094e-03 -1.212840e-03
          -1.055491e-02 5.713608e-03 -2.424304e-03
          -1.055492e-02 5.713587e-03 -2.727334e-03
          -1.055494e-02 5.713564e-03 -3.030364e-03
          -1.055495e-02 5.713541e-03 -3.333395e-03
          -1.055496e-02 5.713518e-03 -3.636425e-03
          -1.055835e-02 5.706701e-03 -4.242463e-03
          -1.055033e-02 5.430870e-03 -7.272906e-07
          -1.055034e-02 5.430863e-03 -3.037553e-04
          -1.055034e-02 5.430856e-03 -6.067832e-04
          -1.055035e-02 5.430848e-03 -9.098112e-04
          -1.055036e-02 5.430841e-03 -1.212839e-03
          -1.055493e-02 5.424350e-03 -2.424303e-03
          -1.055495e-02 5.424327e-03 -2.727333e-03
          -1.055496e-02 5.424302e-03 -3.030363e-03
          -1.055497e-02 5.424277e-03 -3.333394e-03
          -1.055498e-02 5.424252e-03 -3.636425e-03
          -1.055850e-02 5.417713e-03 -4.242463e-03
          -1.055497e-02 5.135066e-03 -2.727332e-03
          -1.055498e-02 5.135039e-03 -3.030363e-03
          -1.055500e-02 5.135012e-03 -3.333394e-03
          -1.055501e-02 5.134985e-03 -3.636424e-03
          -1.056262e-02 5.133651e-03 -3.939569e-03
          -1.056263e-02 5.133626e-03 -4.242600e-03
          -1.056355e-02 5.131195e-03 -4.545656e-03
          -1.056707e-02 4.842954e-03 -4.242499e-03
          -1.057057e-02 3.707777e-03 -2.727584e-03
          -1.057059e-02 3.707741e-03 -3.030616e-03
          -1.057060e-02 3.707705e-03 -3.333648e-03
          -1.057061e-02 3.707668e-03 -3.636679e-03
          -1.056660e-02 3.691306e-03 -4.242744e-03
          -1.057062e-02 3.418505e-03 -2.727585e-03
          -1.057063e-02 3.418467e-03 -3.030616e-03
          -1.057064e-02 3.418429e-03 -3.333648e-03
          -1.057065e-02 3.418390e-03 -3.636680e-03
          -1.056998e-02 3.404738e-03 -3.939850e-03
          -1.056999e-02 3.404707e-03 -4.242883e-03
          -1.057020e-02 3.130347e-03 -6.056873e-04
          -1.057066e-02 3.129233e-03 -2.727585e-03
          -1.057067e-02 3.129193e-03 -3.030617e-03
          -1.057068e-02 3.129153e-03 -3.333649e-03
          -1.057069e-02 3.129112e-03 -3.636681e-03
          -1.057326e-02 3.118047e-03 -3.939984e-03
          -1.057071e-02 2.839961e-03 -2.727585e-03
          -1.057072e-02 2.839919e-03 -3.030617e-03
          -1.057073e-02 2.839877e-03 -3.333649e-03
          -1.057074e-02 2.839834e-03 -3.636681e-03
          -1.057330e-02 2.828767e-03 -3.939985e-03
          -1.057091e-02 2.550104e-03 -2.727575e-03
          -1.057092e-02 2.550061e-03 -3.030608e-03
          -1.057093e-02 2.550017e-03 -3.333640e-03
          -1.057094e-02 2.549973e-03 -3.636672e-03
          -1.058232e-02 1.969501e-03 -3.333935e-03
          -1.058199e-02 1.959991e-03 -4.849359e-03
          -1.057738e-02 1.658506e-03 -2.727166e-03
          -1.058282e-02 1.688193e-03 -3.030890e-03
          -1.058336e-02 1.682705e-03 -3.334099e-03
          -1.058403e-02 1.675933e-03 -3.637350e-03
          -1.057750e-02 1.653442e-03 -3.939540e-03
          -1.058335e-02 1.672502e-03 -4.849401e-03
          -1.058287e-02 1.398952e-03 -2.727857e-03
          -1.058287e-02 1.398903e-03 -3.030890e-03
          -1.058342e-02 1.393414e-03 -3.334099e-03
          -1.058409e-02 1.386641e-03 -3.637350e-03
          -1.057756e-02 1.364149e-03 -3.939540e-03
          -1.057757e-02 1.364107e-03 -4.242574e-03
          -1.058341e-02 1.383204e-03 -4.849402e-03
          -1.059571e-02 1.110556e-03 -2.727999e-03
          -1.059572e-02 1.110507e-03 -3.031032e-03
          -1.059572e-02 1.110458e-03 -3.334066e-03
          -1.059573e-02 1.110409e-03 -3.637099e-03
          -1.058708e-02 1.096766e-03 -3.940470e-03
          -1.058709e-02 1.096724e-03 -4.243503e-03
          -1.059111e-02 1.096888e-03 -4.546626e-03
          -1.059432e-02 1.087685e-03 -4.849804e-03
          -1.059577e-02 8.212511e-04 -2.727999e-03
          -1.059578e-02 8.212019e-04 -3.031032e-03
          -1.059578e-02 8.211524e-04 -3.334066e-03
          -1.059578e-02 8.211027e-04 -3.637099e-03
          -1.059203e-02 8.077108e-04 -3.940579e-03
          -1.059204e-02 8.076701e-04 -4.243613e-03
          -1.059488e-02 8.040949e-04 -4.546738e-03
          -1.059583e-02 5.319460e-04 -2.727999e-03
          -1.059583e-02 5.318964e-04 -3.031032e-03
          -1.059583e-02 5.318467e-04 -3.334066e-03
          -1.059583e-02 5.317966e-04 -3.637099e-03
          -1.059526e-02 5.185679e-04 -3.940651e-03
          -1.059527e-02 5.185279e-04 -4.243684e-03
          -1.059493e-02 5.147909e-04 -4.546738e-03
          -1.059589e-02 2.426409e-04 -2.727998e-03
          -1.059589e-02 2.425910e-04 -3.031032e-03
          -1.059589e-02 2.425409e-04 -3.334066e-03
          -1.059589e-02 2.424906e-04 -3.637100e-03
          -1.059532e-02 2.292622e-04 -3.940651e-03
          -1.059531e-02 2.292231e-04 -4.243684e-03
          -1.059497e-02 2.254869e-04 -4.546738e-03
          -1.059577e-02 -4.859967e-05 -2.727888e-03
          -1.059576e-02 -4.864957e-05 -3.030922e-03
          -1.059576e-02 -4.869958e-05 -3.333956e-03
          -1.059648e-02 -5.205562e-05 -3.637157e-03
          -1.060540e-02 -6.480474e-05 -3.940597e-03
          -1.060540e-02 -6.484417e-05 -4.243630e-03
          -1.060154e-02 -6.729920e-05 -4.546660e-03
          -1.059564e-02 -3.473682e-04 -3.333419e-03
          -1.060925e-02 -1.219602e-03 -3.637389e-03
          -1.061845e-02 -1.505412e-03 -2.727445e-03
          -1.061844e-02 -1.505459e-03 -3.030480e-03
          -1.061843e-02 -1.505506e-03 -3.333515e-03
          -1.061843e-02 -1.505553e-03 -3.636550e-03
          -1.060927e-02 -1.512391e-03 -3.940597e-03
          -1.060926e-02 -1.512433e-03 -4.243631e-03
          -1.060823e-02 -1.516090e-03 -4.546643e-03
          -1.061850e-02 -1.794754e-03 -2.727443e-03
          -1.061849e-02 -1.794799e-03 -3.030478e-03
          -1.061848e-02 -1.794844e-03 -3.333513e-03
          -1.061847e-02 -1.794889e-03 -3.636548e-03
          -1.061316e-02 -1.804361e-03 -3.940451e-03
          -1.061315e-02 -1.804400e-03 -4.243485e-03
          -1.061854e-02 -2.084095e-03 -2.727441e-03
          -1.061853e-02 -2.084139e-03 -3.030476e-03
          -1.061852e-02 -2.084182e-03 -3.333511e-03
          -1.061851e-02 -2.084226e-03 -3.636546e-03
          -1.061492e-02 -2.094870e-03 -3.940385e-03
          -1.061859e-02 -2.373437e-03 -2.727438e-03
          -1.061858e-02 -2.373478e-03 -3.030474e-03
          -1.061857e-02 -2.373520e-03 -3.333509e-03
          -1.061856e-02 -2.373562e-03 -3.636544e-03
          -1.062022e-02 -2.663383e-03 -2.424052e-03
          -1.061693e-02 -2.666556e-03 -2.727351e-03
          -1.061692e-02 -2.666596e-03 -3.030387e-03
          -1.061691e-02 -2.666636e-03 -3.333422e-03
          -1.062461e-02 -2.954475e-03 -2.423095e-03
          -1.062150e-02 -2.962118e-03 -3.332979e-03
          -1.062903e-02 -3.242021e-03 -1.208332e-03
          -1.062822e-02 -3.245259e-03 -2.422308e-03
          -1.062386e-02 -3.255426e-03 -3.333127e-03
          -1.061957e-02 -3.261678e-03 -4.848877e-03
          -1.062907e-02 -3.531382e-03 -1.208328e-03
          -1.062826e-02 -3.534614e-03 -2.422304e-03
          -1.062544e-02 -3.541633e-03 -3.029725e-03
          -1.062389e-02 -3.544777e-03 -3.333124e-03
          -1.061961e-02 -3.551032e-03 -4.848874e-03
          -1.063251e-02 -3.834876e-03 -2.985317e-04
          -1.063251e-02 -3.834890e-03 -6.015713e-04
          -1.063251e-02 -3.834903e-03 -9.046109e-04
          -1.063251e-02 -3.834917e-03 -1.207651e-03
          -1.062892e-02 -3.842249e-03 -2.725818e-03
          -1.062890e-02 -3.842282e-03 -3.028854e-03
          -1.062889e-02 -3.842314e-03 -3.331890e-03
          -1.062888e-02 -3.842348e-03 -3.634926e-03
          -1.062134e-02 -3.839388e-03 -4.242827e-03
          -1.062255e-02 -3.842278e-03 -4.545602e-03
          -1.062460e-02 -3.847171e-03 -4.848196e-03
          -1.063254e-02 -4.124245e-03 -2.985284e-04
          -1.063253e-02 -4.124258e-03 -6.015678e-04
          -1.063253e-02 -4.124271e-03 -9.046072e-04
          -1.063253e-02 -4.124283e-03 -1.207647e-03
          -1.062894e-02 -4.131607e-03 -2.725814e-03
          -1.062893e-02 -4.131637e-03 -3.028850e-03
          -1.062891e-02 -4.131668e-03 -3.331887e-03
          -1.062890e-02 -4.131699e-03 -3.634922e-03
          -1.062429e-02 -4.135667e-03 -4.545233e-03
          -1.063256e-02 -4.413614e-03 -2.985250e-04
          -1.063256e-02 -4.413626e-03 -6.015643e-04
          -1.063255e-02 -4.413638e-03 -9.046035e-04
          -1.063255e-02 -4.413650e-03 -1.207643e-03
          -1.062896e-02 -4.420965e-03 -2.725810e-03
          -1.062895e-02 -4.420993e-03 -3.028846e-03
          -1.062894e-02 -4.421022e-03 -3.331883e-03
          -1.062893e-02 -4.421050e-03 -3.634919e-03
          -1.063258e-02 -4.702983e-03 -2.985217e-04
          -1.063258e-02 -4.702994e-03 -6.015608e-04
          -1.063258e-02 -4.703005e-03 -9.045999e-04
          -1.063257e-02 -4.703016e-03 -1.207639e-03
          -1.062899e-02 -4.710323e-03 -2.725806e-03
          -1.062897e-02 -4.710349e-03 -3.028843e-03
          -1.062896e-02 -4.710375e-03 -3.331879e-03
          -1.062895e-02 -4.710401e-03 -3.634915e-03
          -1.063261e-02 -4.992351e-03 -2.985184e-04
          -1.063260e-02 -4.992361e-03 -6.015573e-04
          -1.063260e-02 -4.992372e-03 -9.045962e-04
          -1.063260e-02 -4.992382e-03 -1.207635e-03
          -1.062901e-02 -4.999681e-03 -2.725803e-03
          -1.062900e-02 -4.999705e-03 -3.028839e-03
          -1.062898e-02 -4.999728e-03 -3.331875e-03
          -1.062897e-02 -4.999752e-03 -3.634911e-03
          -1.063264e-02 -5.285181e-03 -2.984104e-04
          -1.063264e-02 -5.285191e-03 -6.014487e-04
          -1.063264e-02 -5.285201e-03 -9.044870e-04
          -1.063170e-02 -5.287301e-03 -1.209132e-03
          -1.062641e-02 -5.291569e-03 -3.331687e-03
          -1.062442e-02 -5.313284e-03 -4.847391e-03
          -1.062447e-02 -5.602643e-03 -4.544342e-03
          -1.063274e-02 -6.163052e-03 -6.011426e-04
          -1.061190e-02 -7.041805e-03 -2.724665e-03
          -1.061189e-02 -7.041828e-03 -3.027704e-03
          -1.061191e-02 -7.331181e-03 -2.724660e-03
          -1.061018e-02 -7.334885e-03 -3.028930e-03
          -1.061021e-02 -7.624240e-03 -2.725887e-03
          -1.061020e-02 -7.624255e-03 -3.028925e-03
          -1.063086e-02 -8.199118e-03 -1.206977e-03
          -1.063085e-02 -8.199134e-03 -1.510020e-03
          -1.063084e-02 -8.199151e-03 -1.813064e-03
          -1.063086e-02 -8.488474e-03 -2.978477e-04
          -1.063085e-02 -8.488486e-03 -6.008887e-04
          -1.063084e-02 -8.488499e-03 -9.039304e-04
          -1.063084e-02 -8.488514e-03 -1.206974e-03
          -1.063083e-02 -8.488531e-03 -1.510017e-03
          -1.062904e-02 -8.491586e-03 -3.027508e-03
          -1.063083e-02 -8.777871e-03 -2.978451e-04
          -1.063083e-02 -8.777882e-03 -6.008860e-04
          -1.063082e-02 -8.777895e-03 -9.039275e-04
          -1.063081e-02 -8.777910e-03 -1.206970e-03
          -1.062904e-02 -8.780958e-03 -2.724463e-03
          -1.062902e-02 -8.780974e-03 -3.027503e-03
          -1.063012e-02 -9.069553e-03 -2.977793e-04
          -1.063011e-02 -9.069563e-03 -6.008200e-04
          -1.063011e-02 -9.069575e-03 -9.038613e-04
          -1.062701e-02 -9.071428e-03 -2.724380e-03
          -1.062700e-02 -9.071443e-03 -3.027419e-03
          -1.061374e-02 -9.665860e-03 -6.009179e-04
          -1.061353e-02 -9.666434e-03 -9.044990e-04
          -1.061334e-02 -9.666966e-03 -1.208042e-03
          -1.061333e-02 -9.666976e-03 -1.511083e-03
          -1.061333e-02 -9.666985e-03 -1.814125e-03
          -1.084621e-02 8.875611e-03 -1.212963e-03
          -1.084621e-02 8.586350e-03 -9.099331e-04
          -1.084621e-02 8.586345e-03 -1.212962e-03
          -1.086065e-02 6.286518e-03 -1.400187e-06
          -1.084922e-02 6.290593e-03 -3.036342e-04
          -1.084922e-02 6.290587e-03 -6.066623e-04
          -1.084923e-02 6.290582e-03 -9.096904e-04
          -1.085068e-02 6.293135e-03 -1.212520e-03
          -1.085482e-02 6.287338e-03 -2.424159e-03
          -1.085303e-02 6.285435e-03 -2.727249e-03
          -1.085305e-02 6.285418e-03 -3.030279e-03
          -1.085306e-02 6.285402e-03 -3.333310e-03
          -1.085424e-02 6.287935e-03 -3.636290e-03
          -1.085680e-02 6.281205e-03 -4.848448e-03
          -1.086368e-02 5.996747e-03 -1.391542e-06
          -1.084924e-02 6.001336e-03 -3.036326e-04
          -1.084924e-02 6.001330e-03 -6.066608e-04
          -1.085070e-02 6.003883e-03 -9.094910e-04
          -1.085071e-02 6.003877e-03 -1.212519e-03
          -1.085485e-02 5.998075e-03 -2.424158e-03
          -1.085306e-02 5.996171e-03 -2.727248e-03
          -1.085307e-02 5.996153e-03 -3.030278e-03
          -1.085425e-02 5.998684e-03 -3.333259e-03
          -1.085426e-02 5.998666e-03 -3.636290e-03
          -1.084926e-02 5.712079e-03 -3.036309e-04
          -1.085071e-02 5.714632e-03 -6.064612e-04
          -1.085072e-02 5.714625e-03 -9.094895e-04
          -1.085073e-02 5.714619e-03 -1.212518e-03
          -1.085368e-02 5.708179e-03 -3.030253e-03
          -1.085428e-02 5.709416e-03 -3.333259e-03
          -1.085429e-02 5.709396e-03 -3.636289e-03
          -1.085717e-02 5.703846e-03 -4.545386e-03
          -1.085073e-02 5.425381e-03 -3.034313e-04
          -1.085073e-02 5.425374e-03 -6.064597e-04
          -1.085074e-02 5.425368e-03 -9.094881e-04
          -1.085075e-02 5.425361e-03 -1.212516e-03
          -1.085429e-02 5.420170e-03 -3.030227e-03
          -1.085430e-02 5.420148e-03 -3.333258e-03
          -1.085431e-02 5.420126e-03 -3.636289e-03
          -1.085473e-02 5.130322e-03 -3.333239e-03
          -1.085474e-02 5.130298e-03 -3.636270e-03
          -1.086634e-02 3.698898e-03 -2.727324e-03
          -1.086635e-02 3.698867e-03 -3.030356e-03
          -1.086636e-02 3.698836e-03 -3.333387e-03
          -1.086703e-02 3.697091e-03 -3.636481e-03
          -1.086638e-02 3.409623e-03 -2.727324e-03
          -1.086639e-02 3.409591e-03 -3.030356e-03
          -1.086706e-02 3.407844e-03 -3.333450e-03
          -1.086707e-02 3.407811e-03 -3.636481e-03
          -1.086642e-02 3.120348e-03 -2.727324e-03
          -1.086709e-02 3.118600e-03 -3.030418e-03
          -1.086710e-02 3.118565e-03 -3.333450e-03
          -1.086711e-02 3.118531e-03 -3.636482e-03
          -1.086727e-02 2.829008e-03 -3.030406e-03
          -1.086728e-02 2.828971e-03 -3.333438e-03
          -1.086729e-02 2.828935e-03 -3.636470e-03
          -1.087396e-02 1.950331e-03 -1.514538e-03
          -1.087449e-02 1.943785e-03 -2.726978e-03
          -1.087450e-02 1.943746e-03 -3.030010e-03
          -1.087708e-02 1.966442e-03 -3.333664e-03
          -1.087764e-02 1.960839e-03 -3.636877e-03
          -1.087455e-02 1.654494e-03 -2.726977e-03
          -1.087713e-02 1.677189e-03 -3.030631e-03
          -1.087714e-02 1.677148e-03 -3.333664e-03
          -1.087769e-02 1.671545e-03 -3.636877e-03
          -1.087481e-02 1.650178e-03 -3.939323e-03
          -1.087787e-02 1.384762e-03 -3.333519e-03
          -1.087486e-02 1.360882e-03 -3.939324e-03
          -1.087487e-02 1.360846e-03 -4.242357e-03
          -1.087488e-02 1.360809e-03 -4.545390e-03
          -1.088804e-02 1.102469e-03 -2.727578e-03
          -1.088804e-02 1.102427e-03 -3.030611e-03
          -1.088805e-02 1.102385e-03 -3.333644e-03
          -1.089128e-02 1.102316e-03 -3.636637e-03
          -1.088571e-02 1.089241e-03 -4.546349e-03
          -1.089049e-02 1.087502e-03 -4.849302e-03
          -1.088809e-02 8.131639e-04 -2.727577e-03
          -1.088810e-02 8.131217e-04 -3.030610e-03
          -1.089132e-02 8.130532e-04 -3.333604e-03
          -1.089133e-02 8.130108e-04 -3.636637e-03
          -1.089089e-02 8.021340e-04 -4.546246e-03
          -1.089053e-02 7.981989e-04 -4.849302e-03
          -1.088815e-02 5.238592e-04 -2.727577e-03
          -1.089137e-02 5.237903e-04 -3.030570e-03
          -1.089137e-02 5.237478e-04 -3.333604e-03
          -1.089137e-02 5.237052e-04 -3.636637e-03
          -1.089093e-02 5.128648e-04 -4.243214e-03
          -1.089093e-02 5.128300e-04 -4.546247e-03
          -1.089057e-02 5.088955e-04 -4.849302e-03
          -1.089060e-02 2.324403e-04 -2.727502e-03
          -1.089060e-02 2.323975e-04 -3.030536e-03
          -1.089060e-02 2.323547e-04 -3.333569e-03
          -1.089060e-02 2.323118e-04 -3.636603e-03
          -1.089077e-02 2.219263e-04 -4.546196e-03
          -1.089114e-02 -5.847675e-05 -3.030361e-03
          -1.089113e-02 -5.851956e-05 -3.333395e-03
          -1.089120e-02 -6.115824e-05 -3.636612e-03
          -1.090876e-02 -1.510016e-03 -2.727113e-03
          -1.090876e-02 -1.510056e-03 -3.030148e-03
          -1.090875e-02 -1.510096e-03 -3.333182e-03
          -1.090842e-02 -1.512601e-03 -3.636451e-03
          -1.090881e-02 -1.799353e-03 -2.727111e-03
          -1.090880e-02 -1.799392e-03 -3.030146e-03
          -1.090847e-02 -1.801895e-03 -3.333415e-03
          -1.090846e-02 -1.801934e-03 -3.636449e-03
          -1.090885e-02 -2.088690e-03 -2.727109e-03
          -1.090852e-02 -2.091192e-03 -3.030378e-03
          -1.090851e-02 -2.091230e-03 -3.333413e-03
          -1.090850e-02 -2.091267e-03 -3.636447e-03
          -1.090783e-02 -2.382773e-03 -3.333214e-03
          -1.090782e-02 -2.382810e-03 -3.636249e-03
          -1.091733e-02 -2.958530e-03 -1.209026e-03
          -1.091737e-02 -3.247889e-03 -1.209022e-03
          -1.091528e-02 -3.256848e-03 -3.332845e-03
          -1.091743e-02 -3.537285e-03 -1.209015e-03
          -1.091530e-02 -3.546211e-03 -3.029802e-03
          -1.091529e-02 -3.546241e-03 -3.332838e-03
          -1.092372e-02 -3.840725e-03 -1.208141e-03
          -1.091970e-02 -3.843271e-03 -3.634868e-03
          -1.092110e-02 -4.135641e-03 -3.634628e-03
          -1.092112e-02 -4.424989e-03 -3.634625e-03
          -1.092260e-02 -4.704648e-03 -2.987295e-04
          -1.092115e-02 -4.714336e-03 -3.634621e-03
          -1.092064e-02 -5.313345e-03 -4.847381e-03
          -1.092068e-02 -5.602703e-03 -4.544333e-03
          -1.092702e-02 -6.752323e-03 -2.419170e-03
          -1.092703e-02 -7.041698e-03 -2.419165e-03
          -1.090810e-02 -7.041859e-03 -2.724661e-03
          -1.090809e-02 -7.041881e-03 -3.027700e-03
          -1.090636e-02 -7.045585e-03 -3.331970e-03
          -1.092706e-02 -7.331054e-03 -2.116116e-03
          -1.092705e-02 -7.331074e-03 -2.419161e-03
          -1.090812e-02 -7.331233e-03 -2.724656e-03
          -1.090639e-02 -7.334937e-03 -3.028926e-03
          -1.090637e-02 -7.334953e-03 -3.331965e-03
          -1.092709e-02 -7.620410e-03 -1.813066e-03
          -1.092708e-02 -7.620429e-03 -2.116111e-03
          -1.092707e-02 -7.620449e-03 -2.419156e-03
          -1.090641e-02 -7.624291e-03 -2.725883e-03
          -1.090640e-02 -7.624305e-03 -3.028922e-03
          -1.090639e-02 -7.624320e-03 -3.331960e-03
          -1.092710e-02 -7.909750e-03 -6.008954e-04
          -1.092709e-02 -7.909762e-03 -9.039365e-04
          -1.092708e-02 -7.909775e-03 -1.206978e-03
          -1.092707e-02 -7.909791e-03 -1.510021e-03
          -1.092706e-02 -7.909808e-03 -1.813065e-03
          -1.092706e-02 -7.909824e-03 -2.116109e-03
          -1.092528e-02 -7.912875e-03 -3.330554e-03
          -1.092708e-02 -8.199133e-03 -2.978519e-04
          -1.092707e-02 -8.199145e-03 -6.008928e-04
          -1.092707e-02 -8.199156e-03 -9.039336e-04
          -1.092706e-02 -8.199169e-03 -1.206975e-03
          -1.092705e-02 -8.199185e-03 -1.510018e-03
          -1.092704e-02 -8.199201e-03 -1.813062e-03
          -1.092528e-02 -8.202228e-03 -2.724470e-03
          -1.092527e-02 -8.202244e-03 -3.027509e-03
          -1.092526e-02 -8.202261e-03 -3.330549e-03
          -1.092706e-02 -8.488529e-03 -2.978494e-04
          -1.092705e-02 -8.488540e-03 -6.008901e-04
          -1.092704e-02 -8.488552e-03 -9.039308e-04
          -1.092704e-02 -8.488564e-03 -1.206972e-03
          -1.092703e-02 -8.488579e-03 -1.510015e-03
          -1.092526e-02 -8.491616e-03 -2.724465e-03
          -1.092525e-02 -8.491632e-03 -3.027504e-03
          -1.092524e-02 -8.491647e-03 -3.330544e-03
          -1.092348e-02 -8.493540e-03 -3.634206e-03
          -1.092625e-02 -8.780503e-03 -2.977756e-04
          -1.092625e-02 -8.780514e-03 -6.008161e-04
          -1.092624e-02 -8.780525e-03 -9.038566e-04
          -1.092624e-02 -8.780537e-03 -1.206898e-03
          -1.092281e-02 -8.782323e-03 -3.027405e-03
          -1.092280e-02 -8.782338e-03 -3.330444e-03
          -1.115413e-02 6.552190e-03 -1.998075e-07
          -1.115268e-02 6.285528e-03 -1.212071e-03
          -1.115461e-02 6.282855e-03 -2.424028e-03
          -1.115492e-02 6.281979e-03 -3.636094e-03
          -1.116433e-02 5.981816e-03 -9.464000e-07
          -1.115494e-02 5.992707e-03 -3.636093e-03
          -1.116085e-02 4.826441e-03 -1.514649e-03
          -1.116128e-02 4.537726e-03 -1.514634e-03
          -1.116132e-02 4.537643e-03 -1.817661e-03
          -1.116112e-02 4.536760e-03 -2.120691e-03
          -1.116170e-02 4.249011e-03 -1.514618e-03
          -1.116175e-02 4.248908e-03 -1.817649e-03
          -1.116183e-02 4.248734e-03 -2.120680e-03
          -1.116173e-02 3.959743e-03 -1.514616e-03
          -1.116178e-02 3.959639e-03 -1.817648e-03
          -1.116197e-02 3.959220e-03 -2.120680e-03
          -1.116198e-02 3.959203e-03 -2.423711e-03
          -1.116388e-02 3.954360e-03 -3.939051e-03
          -1.116389e-02 3.954336e-03 -4.242083e-03
          -1.117109e-02 2.520984e-03 -1.514394e-03
          -1.117100e-02 2.521329e-03 -1.817434e-03
          -1.117127e-02 2.520373e-03 -2.120483e-03
          -1.117231e-02 2.513692e-03 -3.939033e-03
          -1.117114e-02 2.231692e-03 -1.514392e-03
          -1.117123e-02 2.231386e-03 -1.817437e-03
          -1.117132e-02 2.231080e-03 -2.120482e-03
          -1.117133e-02 2.231058e-03 -2.423514e-03
          -1.117168e-02 2.229110e-03 -2.726646e-03
          -1.117192e-02 2.227676e-03 -3.029759e-03
          -1.117236e-02 2.224395e-03 -3.939033e-03
          -1.117128e-02 1.942117e-03 -1.514403e-03
          -1.117128e-02 1.942094e-03 -1.817435e-03
          -1.117138e-02 1.941787e-03 -2.120480e-03
          -1.117138e-02 1.941764e-03 -2.423513e-03
          -1.117173e-02 1.939815e-03 -2.726645e-03
          -1.117197e-02 1.938381e-03 -3.029758e-03
          -1.117241e-02 1.935097e-03 -3.939033e-03
          -1.117249e-02 1.653614e-03 -1.514354e-03
          -1.117237e-02 1.653461e-03 -1.817394e-03
          -1.117202e-02 1.652704e-03 -2.120477e-03
          -1.117261e-02 1.652890e-03 -2.423507e-03
          -1.117178e-02 1.650521e-03 -2.726645e-03
          -1.117246e-02 1.645800e-03 -3.939033e-03
          -1.117246e-02 1.645769e-03 -4.242066e-03
          -1.117254e-02 1.364323e-03 -1.514352e-03
          -1.117242e-02 1.364169e-03 -1.817392e-03
          -1.117266e-02 1.363620e-03 -2.120473e-03
          -1.117266e-02 1.363596e-03 -2.423506e-03
          -1.117255e-02 1.365149e-03 -2.726878e-03
          -1.117251e-02 1.356503e-03 -3.939033e-03
          -1.117252e-02 1.356471e-03 -4.242066e-03
          -1.117252e-02 1.356438e-03 -4.545099e-03
          -1.117253e-02 1.356406e-03 -4.848133e-03
          -1.118655e-02 1.091291e-03 -3.636007e-03
          -1.118628e-02 1.083699e-03 -4.848639e-03
          -1.118659e-02 8.020227e-04 -3.332975e-03
          -1.118659e-02 8.019865e-04 -3.636007e-03
          -1.118503e-02 -8.103140e-05 -1.513983e-03
          -1.118553e-02 -8.123170e-05 -1.816995e-03
          -1.118506e-02 -8.163012e-05 -2.120111e-03
          -1.118506e-02 -8.165591e-05 -2.423145e-03
          -1.118549e-02 -8.834781e-05 -3.938985e-03
          -1.118558e-02 -3.705199e-04 -1.513957e-03
          -1.118558e-02 -3.705574e-04 -1.816993e-03
          -1.118511e-02 -3.709556e-04 -2.120109e-03
          -1.118511e-02 -3.709813e-04 -2.423143e-03
          -1.118554e-02 -3.776728e-04 -3.938984e-03
          -1.118585e-02 -6.600711e-04 -1.513961e-03
          -1.118586e-02 -6.600413e-04 -1.816999e-03
          -1.118584e-02 -6.602365e-04 -2.120049e-03
          -1.118584e-02 -6.602620e-04 -2.423084e-03
          -1.118558e-02 -6.669977e-04 -3.938983e-03
          -1.118617e-02 -9.493342e-04 -1.513929e-03
          -1.118617e-02 -9.493709e-04 -1.816966e-03
          -1.118615e-02 -9.496481e-04 -2.120041e-03
          -1.118612e-02 -9.499368e-04 -2.423118e-03
          -1.118563e-02 -9.563227e-04 -3.938982e-03
          -1.119723e-02 -2.690879e-03 -1.513466e-03
          -1.119722e-02 -2.690902e-03 -1.816502e-03
          -1.119722e-02 -2.690924e-03 -2.119538e-03
          -1.119639e-02 -2.694050e-03 -3.029131e-03
          -1.119726e-02 -2.980232e-03 -1.513462e-03
          -1.119725e-02 -2.980253e-03 -1.816499e-03
          -1.119729e-02 -3.269584e-03 -1.513459e-03
          -1.119738e-02 -3.558972e-03 -1.513440e-03
          -1.121686e-02 -5.313404e-03 -4.847372e-03
          -1.121690e-02 -5.602761e-03 -4.544325e-03
          -1.121688e-02 -5.602790e-03 -4.847365e-03
          -1.122325e-02 -6.462883e-03 -2.978752e-04
          -1.122325e-02 -6.462900e-03 -6.009155e-04
          -1.122324e-02 -6.462916e-03 -9.039558e-04
          -1.122324e-02 -6.462932e-03 -1.206996e-03
          -1.122323e-02 -6.462947e-03 -1.510038e-03
          -1.122322e-02 -6.462964e-03 -1.813082e-03
          -1.122321e-02 -6.462982e-03 -2.116127e-03
          -1.122320e-02 -6.462999e-03 -2.419171e-03
          -1.122327e-02 -6.752264e-03 -2.978708e-04
          -1.122326e-02 -6.752280e-03 -6.009111e-04
          -1.122326e-02 -6.752295e-03 -9.039513e-04
          -1.122325e-02 -6.752308e-03 -1.206991e-03
          -1.122325e-02 -6.752322e-03 -1.510034e-03
          -1.122324e-02 -6.752339e-03 -1.813078e-03
          -1.122323e-02 -6.752357e-03 -2.116122e-03
          -1.122322e-02 -6.752375e-03 -2.419166e-03
          -1.122328e-02 -7.041644e-03 -2.978664e-04
          -1.122328e-02 -7.041659e-03 -6.009067e-04
          -1.122328e-02 -7.041671e-03 -9.039467e-04
          -1.122327e-02 -7.041683e-03 -1.206987e-03
          -1.122326e-02 -7.041697e-03 -1.510029e-03
          -1.122325e-02 -7.041714e-03 -1.813073e-03
          -1.122324e-02 -7.041732e-03 -2.116117e-03
          -1.122323e-02 -7.041750e-03 -2.419162e-03
          -1.122330e-02 -7.331025e-03 -2.978621e-04
          -1.122330e-02 -7.331036e-03 -6.009021e-04
          -1.122329e-02 -7.331047e-03 -9.039421e-04
          -1.122329e-02 -7.331058e-03 -1.206982e-03
          -1.122328e-02 -7.331072e-03 -1.510024e-03
          -1.122327e-02 -7.331090e-03 -1.813068e-03
          -1.122326e-02 -7.331107e-03 -2.116113e-03
          -1.122325e-02 -7.331125e-03 -2.419157e-03
          -1.120432e-02 -7.331285e-03 -2.724653e-03
          -1.120259e-02 -7.334989e-03 -3.028922e-03
          -1.120258e-02 -7.335004e-03 -3.331961e-03
          -1.122332e-02 -7.620403e-03 -2.978576e-04
          -1.122331e-02 -7.620413e-03 -6.008975e-04
          -1.122331e-02 -7.620423e-03 -9.039375e-04
          -1.122330e-02 -7.620433e-03 -1.206977e-03
          -1.122330e-02 -7.620447e-03 -1.510020e-03
          -1.122329e-02 -7.620465e-03 -1.813064e-03
          -1.122328e-02 -7.620482e-03 -2.116108e-03
          -1.122327e-02 -7.620500e-03 -2.419152e-03
          -1.120261e-02 -7.624342e-03 -2.725879e-03
          -1.120260e-02 -7.624357e-03 -3.028918e-03
          -1.120259e-02 -7.624371e-03 -3.331957e-03
          -1.120258e-02 -7.624385e-03 -3.634995e-03
          -1.122330e-02 -7.909797e-03 -2.978560e-04
          -1.122329e-02 -7.909808e-03 -6.008966e-04
          -1.122329e-02 -7.909819e-03 -9.039373e-04
          -1.122328e-02 -7.909831e-03 -1.206978e-03
          -1.122327e-02 -7.909844e-03 -1.510019e-03
          -1.122327e-02 -7.909859e-03 -1.813062e-03
          -1.122326e-02 -7.909875e-03 -2.116106e-03
          -1.122151e-02 -7.912890e-03 -2.724472e-03
          -1.122149e-02 -7.912906e-03 -3.027511e-03
          -1.122148e-02 -7.912923e-03 -3.330550e-03
          -1.122147e-02 -7.912939e-03 -3.633589e-03
          -1.121967e-02 -7.914878e-03 -3.937265e-03
          -1.122328e-02 -8.199190e-03 -2.978535e-04
          -1.122327e-02 -8.199201e-03 -6.008941e-04
          -1.122327e-02 -8.199212e-03 -9.039346e-04
          -1.122326e-02 -8.199223e-03 -1.206975e-03
          -1.122325e-02 -8.199236e-03 -1.510016e-03
          -1.122324e-02 -8.199250e-03 -1.813059e-03
          -1.122149e-02 -8.202275e-03 -2.724467e-03
          -1.122148e-02 -8.202291e-03 -3.027506e-03
          -1.122146e-02 -8.202307e-03 -3.330545e-03
          -1.122145e-02 -8.202322e-03 -3.633584e-03
          -1.121965e-02 -8.204261e-03 -3.937261e-03
          -1.122234e-02 -8.491605e-03 -2.977675e-04
          -1.122234e-02 -8.491616e-03 -6.008079e-04
          -1.122233e-02 -8.491627e-03 -9.038482e-04
          -1.122233e-02 -8.491638e-03 -1.206889e-03
          -1.122232e-02 -8.491650e-03 -1.509930e-03
          -1.121863e-02 -8.493206e-03 -3.027390e-03
          -1.121861e-02 -8.493221e-03 -3.330429e-03
          -1.121860e-02 -8.493236e-03 -3.633468e-03
          -1.145096e-02 6.282880e-03 -1.211915e-03
          -1.145098e-02 6.282845e-03 -2.424034e-03
          -1.145205e-02 6.279195e-03 -3.636055e-03
          -1.145103e-02 5.993528e-03 -2.121001e-03
          -1.145104e-02 5.993519e-03 -2.424031e-03
          -1.145256e-02 5.990858e-03 -3.636035e-03
          -1.145637e-02 4.844025e-03 -1.211711e-03
          -1.145828e-02 4.535331e-03 -1.514595e-03
          -1.145831e-02 4.246058e-03 -1.514594e-03
          -1.145832e-02 4.246045e-03 -1.817625e-03
          -1.145833e-02 4.246031e-03 -2.120655e-03
          -1.145835e-02 3.956786e-03 -1.514592e-03
          -1.145835e-02 3.956771e-03 -1.817623e-03
          -1.145836e-02 3.956757e-03 -2.120654e-03
          -1.145837e-02 3.956742e-03 -2.423686e-03
          -1.145995e-02 3.952550e-03 -3.938964e-03
          -1.145995e-02 3.952528e-03 -4.241996e-03
          -1.146261e-02 3.695050e-03 -1.211442e-03
          -1.146360e-02 3.693199e-03 -2.423679e-03
          -1.146264e-02 3.405783e-03 -9.084109e-04
          -1.146264e-02 3.405774e-03 -1.211441e-03
          -1.146397e-02 3.402504e-03 -2.120629e-03
          -1.146398e-02 3.402488e-03 -2.423661e-03
          -1.146267e-02 3.116507e-03 -9.084097e-04
          -1.146268e-02 3.116498e-03 -1.211441e-03
          -1.146390e-02 2.801840e-03 -3.332739e-03
          -1.146800e-02 2.518430e-03 -1.514360e-03
          -1.146805e-02 2.229136e-03 -1.514358e-03
          -1.146805e-02 2.229118e-03 -1.817390e-03
          -1.146810e-02 1.939841e-03 -1.514356e-03
          -1.146810e-02 1.939823e-03 -1.817388e-03
          -1.146811e-02 1.939804e-03 -2.120421e-03
          -1.146616e-02 1.655927e-03 -3.019219e-04
          -1.146814e-02 1.650546e-03 -1.514353e-03
          -1.146815e-02 1.650527e-03 -1.817386e-03
          -1.146815e-02 1.650508e-03 -2.120420e-03
          -1.146816e-02 1.650489e-03 -2.423452e-03
          -1.146914e-02 1.644524e-03 -3.938949e-03
          -1.146819e-02 1.361251e-03 -1.514351e-03
          -1.146820e-02 1.361231e-03 -1.817385e-03
          -1.146820e-02 1.361211e-03 -2.120418e-03
          -1.146820e-02 1.361191e-03 -2.423451e-03
          -1.146869e-02 1.358253e-03 -2.726652e-03
          -1.146869e-02 1.358224e-03 -3.029684e-03
          -1.146870e-02 1.358194e-03 -3.332716e-03
          -1.146870e-02 1.358164e-03 -3.635748e-03
          -1.146918e-02 1.355224e-03 -3.938948e-03
          -1.146919e-02 1.355196e-03 -4.241981e-03
          -1.148241e-02 1.094067e-03 -1.211061e-03
          -1.147299e-02 1.093261e-03 -2.120391e-03
          -1.148242e-02 1.093988e-03 -2.423195e-03
          -1.147509e-02 1.069993e-03 -2.726463e-03
          -1.148263e-02 1.088877e-03 -3.635869e-03
          -1.148239e-02 1.082006e-03 -4.848498e-03
          -1.147600e-02 7.812601e-04 -2.726410e-03
          -1.148033e-02 2.094159e-04 -3.009397e-04
          -1.148055e-02 2.084365e-04 -6.042264e-04
          -1.148069e-02 2.077933e-04 -9.074252e-04
          -1.148070e-02 2.077793e-04 -1.210459e-03
          -1.148111e-02 2.059496e-04 -1.513967e-03
          -1.148111e-02 2.059292e-04 -1.817001e-03
          -1.147523e-02 2.019334e-04 -3.332525e-03
          -1.149162e-02 -6.612282e-05 -1.210633e-03
          -1.148115e-02 -8.336400e-05 -1.513965e-03
          -1.148116e-02 -8.338444e-05 -1.816999e-03
          -1.148280e-02 -6.831819e-05 -3.332835e-03
          -1.148120e-02 -3.726890e-04 -1.513962e-03
          -1.148120e-02 -3.727093e-04 -1.816996e-03
          -1.148282e-02 -3.582541e-04 -3.332879e-03
          -1.148125e-02 -6.620140e-04 -1.513959e-03
          -1.148125e-02 -6.620342e-04 -1.816994e-03
          -1.148129e-02 -9.513389e-04 -1.513957e-03
          -1.148129e-02 -9.513591e-04 -1.816992e-03
          -1.148129e-02 -9.513794e-04 -2.120027e-03
          -1.149174e-02 -1.510297e-03 -9.065063e-04
          -1.149185e-02 -1.512813e-03 -2.119725e-03
          -1.149932e-02 -1.518311e-03 -2.422258e-03
          -1.149142e-02 -1.517726e-03 -3.332630e-03
          -1.149293e-02 -2.402723e-03 -1.513406e-03
          -1.151308e-02 -5.313464e-03 -4.847364e-03
          -1.151277e-02 -5.602725e-03 -4.544312e-03
          -1.151309e-02 -5.602847e-03 -4.847357e-03
          -1.151279e-02 -5.892105e-03 -4.544306e-03
          -1.151311e-02 -5.892225e-03 -4.847351e-03
          -1.151943e-02 -6.173559e-03 -2.978813e-04
          -1.151942e-02 -6.173576e-03 -6.009217e-04
          -1.151942e-02 -6.173592e-03 -9.039622e-04
          -1.151941e-02 -6.173609e-03 -1.207003e-03
          -1.151941e-02 -6.173624e-03 -1.510044e-03
          -1.151940e-02 -6.173638e-03 -1.813085e-03
          -1.151939e-02 -6.173655e-03 -2.116129e-03
          -1.151938e-02 -6.173672e-03 -2.419172e-03
          -1.151944e-02 -6.462944e-03 -2.978770e-04
          -1.151944e-02 -6.462961e-03 -6.009173e-04
          -1.151944e-02 -6.462977e-03 -9.039576e-04
          -1.151943e-02 -6.462993e-03 -1.206998e-03
          -1.151942e-02 -6.463005e-03 -1.510039e-03
          -1.151942e-02 -6.463019e-03 -1.813081e-03
          -1.151941e-02 -6.463035e-03 -2.116124e-03
          -1.151940e-02 -6.463051e-03 -2.419167e-03
          -1.151946e-02 -6.752325e-03 -2.978726e-04
          -1.151946e-02 -6.752341e-03 -6.009129e-04
          -1.151945e-02 -6.752356e-03 -9.039531e-04
          -1.151945e-02 -6.752369e-03 -1.206993e-03
          -1.151944e-02 -6.752381e-03 -1.510034e-03
          -1.151943e-02 -6.752394e-03 -1.813076e-03
          -1.151943e-02 -6.752410e-03 -2.116119e-03
          -1.151942e-02 -6.752427e-03 -2.419163e-03
          -1.151948e-02 -7.041705e-03 -2.978683e-04
          -1.151947e-02 -7.041720e-03 -6.009085e-04
          -1.151947e-02 -7.041732e-03 -9.039485e-04
          -1.151946e-02 -7.041744e-03 -1.206989e-03
          -1.151946e-02 -7.041756e-03 -1.510029e-03
          -1.151945e-02 -7.041769e-03 -1.813071e-03
          -1.151944e-02 -7.041785e-03 -2.116115e-03
          -1.151943e-02 -7.041802e-03 -2.419158e-03
          -1.151950e-02 -7.331086e-03 -2.978639e-04
          -1.151949e-02 -7.331097e-03 -6.009039e-04
          -1.151949e-02 -7.331108e-03 -9.039439e-04
          -1.151948e-02 -7.331119e-03 -1.206984e-03
          -1.151948e-02 -7.331131e-03 -1.510025e-03
          -1.151947e-02 -7.331145e-03 -1.813067e-03
          -1.151946e-02 -7.331161e-03 -2.116110e-03
          -1.151945e-02 -7.331177e-03 -2.419154e-03
          -1.151951e-02 -7.620464e-03 -2.978594e-04
          -1.151951e-02 -7.620474e-03 -6.008994e-04
          -1.151950e-02 -7.620484e-03 -9.039394e-04
          -1.151950e-02 -7.620494e-03 -1.206979e-03
          -1.151949e-02 -7.620506e-03 -1.510020e-03
          -1.151949e-02 -7.620520e-03 -1.813062e-03
          -1.151948e-02 -7.620536e-03 -2.116105e-03
          -1.151947e-02 -7.620552e-03 -2.419149e-03
          -1.151949e-02 -7.909855e-03 -2.978575e-04
          -1.151949e-02 -7.909866e-03 -6.008978e-04
          -1.151948e-02 -7.909877e-03 -9.039382e-04
          -1.151948e-02 -7.909888e-03 -1.206979e-03
          -1.151947e-02 -7.909899e-03 -1.510019e-03
          -1.151947e-02 -7.909911e-03 -1.813060e-03
          -1.151946e-02 -7.909926e-03 -2.116102e-03
          -1.151771e-02 -7.912939e-03 -2.724468e-03
          -1.151770e-02 -7.912954e-03 -3.027507e-03
          -1.151769e-02 -7.912970e-03 -3.330546e-03
          -1.151767e-02 -7.912985e-03 -3.633585e-03
          -1.151766e-02 -7.913000e-03 -3.936623e-03
          -1.151586e-02 -7.914938e-03 -4.240300e-03
          -1.151843e-02 -8.202710e-03 -2.977594e-04
          -1.151842e-02 -8.202720e-03 -6.007995e-04
          -1.151842e-02 -8.202731e-03 -9.038397e-04
          -1.151841e-02 -8.202742e-03 -1.206880e-03
          -1.151841e-02 -8.202752e-03 -1.509920e-03
          -1.151840e-02 -8.202764e-03 -1.812961e-03
          -1.151472e-02 -8.203926e-03 -2.724347e-03
          -1.151471e-02 -8.203941e-03 -3.027386e-03
          -1.151470e-02 -8.203956e-03 -3.330425e-03
          -1.151469e-02 -8.203970e-03 -3.633464e-03
          -1.151468e-02 -8.203985e-03 -3.936503e-03
          -1.174745e-02 6.282560e-03 -1.211905e-03
          -1.174749e-02 6.282511e-03 -2.424025e-03
          -1.174854e-02 6.278920e-03 -3.636051e-03
          -1.175271e-02 4.843944e-03 -1.211709e-03
          -1.175241e-02 4.555097e-03 -9.087244e-04
          -1.175274e-02 4.554668e-03 -1.211707e-03
          -1.175193e-02 4.266497e-03 -6.057673e-04
          -1.175245e-02 4.265821e-03 -9.087223e-04
          -1.175278e-02 4.265392e-03 -1.211705e-03
          -1.175435e-02 4.261858e-03 -3.029911e-03
          -1.175177e-02 3.977461e-03 -3.027614e-04
          -1.175196e-02 3.977221e-03 -6.057652e-04
          -1.175248e-02 3.976545e-03 -9.087203e-04
          -1.175281e-02 3.976116e-03 -1.211703e-03
          -1.175894e-02 3.694952e-03 -1.211439e-03
          -1.176031e-02 3.691512e-03 -2.423657e-03
          -1.175897e-02 3.405672e-03 -1.211438e-03
          -1.175901e-02 3.116392e-03 -1.211438e-03
          -1.175904e-02 2.827112e-03 -1.211437e-03
          -1.175979e-02 2.536503e-03 -1.211518e-03
          -1.176240e-02 2.249758e-03 -9.082070e-04
          -1.176322e-02 2.248006e-03 -1.211458e-03
          -1.176685e-02 1.961009e-03 -9.081613e-04
          -1.176712e-02 1.960273e-03 -1.211349e-03
          -1.176850e-02 1.673644e-03 -6.048336e-04
          -1.176891e-02 1.672529e-03 -9.081028e-04
          -1.176919e-02 1.671792e-03 -1.211291e-03
          -1.176842e-02 1.384673e-03 -3.017305e-04
          -1.176854e-02 1.384346e-03 -6.048305e-04
          -1.176896e-02 1.383231e-03 -9.080998e-04
          -1.176923e-02 1.382494e-03 -1.211288e-03
          -1.176450e-02 1.361128e-03 -1.514347e-03
          -1.176499e-02 1.358150e-03 -2.726648e-03
          -1.177838e-02 1.090701e-03 -1.210952e-03
          -1.177847e-02 1.090322e-03 -2.423170e-03
          -1.177760e-02 1.085435e-03 -3.635809e-03
          -1.177835e-02 1.079366e-03 -4.848411e-03
          -1.178790e-02 -6.624875e-05 -1.210629e-03
          -1.177898e-02 -7.110176e-05 -3.636059e-03
          -1.178790e-02 -3.547104e-04 -9.072177e-04
          -1.178794e-02 -3.555729e-04 -1.210626e-03
          -1.178559e-02 -6.437561e-04 -6.036070e-04
          -1.178795e-02 -6.440345e-04 -9.072145e-04
          -1.178799e-02 -6.448969e-04 -1.210623e-03
          -1.178793e-02 -9.320425e-04 -6.036028e-04
          -1.178799e-02 -9.333585e-04 -9.072113e-04
          -1.178803e-02 -9.342210e-04 -1.210620e-03
          -1.178761e-02 -9.391351e-04 -3.029593e-03
          -1.178804e-02 -1.222859e-03 -1.210314e-03
          -1.179583e-02 -1.516222e-03 -1.208830e-03
          -1.179587e-02 -1.805548e-03 -1.208828e-03
          -1.179591e-02 -2.094874e-03 -1.208826e-03
          -1.179595e-02 -2.384200e-03 -1.208824e-03
          -1.179608e-02 -2.676167e-03 -1.210065e-03
          -1.180130e-02 -3.841196e-03 -2.421613e-03
          -1.180016e-02 -3.844757e-03 -3.634772e-03
          -1.180922e-02 -5.313505e-03 -4.847354e-03
          -1.181215e-02 -5.594929e-03 -9.044222e-04
          -1.181215e-02 -5.594943e-03 -1.207461e-03
          -1.180924e-02 -5.602879e-03 -4.847348e-03
          -1.181560e-02 -5.884240e-03 -2.978875e-04
          -1.181560e-02 -5.884256e-03 -6.009279e-04
          -1.181559e-02 -5.884273e-03 -9.039683e-04
          -1.181559e-02 -5.884290e-03 -1.207009e-03
          -1.181559e-02 -5.884305e-03 -1.510049e-03
          -1.181558e-02 -5.884320e-03 -1.813090e-03
          -1.181557e-02 -5.884333e-03 -2.116131e-03
          -1.181557e-02 -5.884349e-03 -2.419173e-03
          -1.180926e-02 -5.892249e-03 -4.847343e-03
          -1.181562e-02 -6.173623e-03 -2.978832e-04
          -1.181562e-02 -6.173640e-03 -6.009235e-04
          -1.181561e-02 -6.173656e-03 -9.039639e-04
          -1.181561e-02 -6.173673e-03 -1.207004e-03
          -1.181560e-02 -6.173687e-03 -1.510045e-03
          -1.181560e-02 -6.173699e-03 -1.813085e-03
          -1.181559e-02 -6.173711e-03 -2.116126e-03
          -1.181558e-02 -6.173726e-03 -2.419169e-03
          -1.180928e-02 -6.181616e-03 -4.847338e-03
          -1.181564e-02 -6.463006e-03 -2.978788e-04
          -1.181563e-02 -6.463022e-03 -6.009191e-04
          -1.181563e-02 -6.463038e-03 -9.039594e-04
          -1.181563e-02 -6.463054e-03 -1.207000e-03
          -1.181562e-02 -6.463065e-03 -1.510040e-03
          -1.181561e-02 -6.463076e-03 -1.813080e-03
          -1.181561e-02 -6.463088e-03 -2.116121e-03
          -1.181560e-02 -6.463103e-03 -2.419164e-03
          -1.180929e-02 -6.470983e-03 -4.847334e-03
          -1.181566e-02 -6.752386e-03 -2.978745e-04
          -1.181565e-02 -6.752402e-03 -6.009147e-04
          -1.181565e-02 -6.752417e-03 -9.039550e-04
          -1.181564e-02 -6.752430e-03 -1.206995e-03
          -1.181564e-02 -6.752441e-03 -1.510035e-03
          -1.181563e-02 -6.752452e-03 -1.813076e-03
          -1.181563e-02 -6.752464e-03 -2.116117e-03
          -1.181562e-02 -6.752479e-03 -2.419159e-03
          -1.180931e-02 -6.760349e-03 -4.847329e-03
          -1.181567e-02 -7.041767e-03 -2.978701e-04
          -1.181567e-02 -7.041781e-03 -6.009103e-04
          -1.181566e-02 -7.041793e-03 -9.039504e-04
          -1.181566e-02 -7.041805e-03 -1.206990e-03
          -1.181565e-02 -7.041816e-03 -1.510031e-03
          -1.181565e-02 -7.041827e-03 -1.813071e-03
          -1.181564e-02 -7.041839e-03 -2.116112e-03
          -1.181563e-02 -7.041854e-03 -2.419155e-03
          -1.180933e-02 -7.049714e-03 -4.847324e-03
          -1.181569e-02 -7.331147e-03 -2.978658e-04
          -1.181569e-02 -7.331158e-03 -6.009058e-04
          -1.181568e-02 -7.331169e-03 -9.039458e-04
          -1.181568e-02 -7.331180e-03 -1.206986e-03
          -1.181567e-02 -7.331191e-03 -1.510026e-03
          -1.181567e-02 -7.331202e-03 -1.813066e-03
          -1.181566e-02 -7.331214e-03 -2.116107e-03
          -1.181565e-02 -7.331229e-03 -2.419150e-03
          -1.180935e-02 -7.339080e-03 -4.847320e-03
          -1.181571e-02 -7.620525e-03 -2.978613e-04
          -1.181570e-02 -7.620535e-03 -6.009012e-04
          -1.181570e-02 -7.620545e-03 -9.039412e-04
          -1.181569e-02 -7.620556e-03 -1.206981e-03
          -1.181569e-02 -7.620566e-03 -1.510021e-03
          -1.181568e-02 -7.620577e-03 -1.813062e-03
          -1.181568e-02 -7.620589e-03 -2.116103e-03
          -1.181567e-02 -7.620604e-03 -2.419145e-03
          -1.180937e-02 -7.628445e-03 -4.847315e-03
          -1.181460e-02 -7.913524e-03 -2.977592e-04
          -1.181460e-02 -7.913535e-03 -6.007992e-04
          -1.181459e-02 -7.913545e-03 -9.038391e-04
          -1.181459e-02 -7.913555e-03 -1.206879e-03
          -1.181458e-02 -7.913566e-03 -1.509919e-03
          -1.181457e-02 -7.913576e-03 -1.812959e-03
          -1.181457e-02 -7.913588e-03 -2.116000e-03
          -1.181053e-02 -7.914815e-03 -2.724332e-03
          -1.181052e-02 -7.914829e-03 -3.027370e-03
          -1.181051e-02 -7.914844e-03 -3.330409e-03
          -1.181050e-02 -7.914858e-03 -3.633448e-03
          -1.181049e-02 -7.914872e-03 -3.936487e-03
          -1.181048e-02 -7.914887e-03 -4.239526e-03
          -1.180855e-02 -7.916959e-03 -4.543247e-03
          -1.180941e-02 -7.919952e-03 -4.846741e-03
          -1.181223e-02 -8.210719e-03 -2.975410e-04
          -1.181222e-02 -8.210729e-03 -6.005809e-04
          -1.181222e-02 -8.210739e-03 -9.036207e-04
          -1.181221e-02 -8.210749e-03 -1.206660e-03
          -1.181221e-02 -8.210759e-03 -1.509700e-03
          -1.181220e-02 -8.210769e-03 -1.812740e-03
          -1.180955e-02 -8.505691e-03 -4.844834e-03
          -1.180955e-02 -8.795054e-03 -4.844831e-03
          -1.180955e-02 -9.084418e-03 -4.844828e-03
          -1.180954e-02 -9.373781e-03 -4.844825e-03
          -1.180954e-02 -9.663146e-03 -4.844822e-03
          -1.180953e-02 -9.952510e-03 -4.844819e-03
          -1.205474e-02 7.705535e-03 -1.026257e-06
          -1.205477e-02 7.416327e-03 -1.022563e-06
          -1.204208e-02 7.142324e-03 -9.091690e-04
          -1.204946e-02 4.839065e-03 -1.211679e-03
          -1.204897e-02 4.550481e-03 -9.087232e-04
          -1.204950e-02 4.549791e-03 -1.211677e-03
          -1.204882e-02 4.261449e-03 -6.057167e-04
          -1.204901e-02 4.261207e-03 -9.087211e-04
          -1.205682e-02 3.688827e-03 -1.211379e-03
          -1.205685e-02 3.399552e-03 -1.211377e-03
          -1.205689e-02 3.110277e-03 -1.211375e-03
          -1.205693e-02 2.821002e-03 -1.211374e-03
          -1.206127e-02 2.533688e-03 -1.211066e-03
          -1.206541e-02 2.245536e-03 -1.210983e-03
          -1.206679e-02 1.958107e-03 -9.076531e-04
          -1.206722e-02 1.956950e-03 -1.210932e-03
          -1.206672e-02 1.669138e-03 -6.045492e-04
          -1.206684e-02 1.668808e-03 -9.076500e-04
          -1.206727e-02 1.667650e-03 -1.210929e-03
          -1.206676e-02 1.379853e-03 -3.015130e-04
          -1.206677e-02 1.379840e-03 -6.045458e-04
          -1.206689e-02 1.379509e-03 -9.076468e-04
          -1.206732e-02 1.378351e-03 -1.210926e-03
          -1.206214e-02 1.354226e-03 -2.726558e-03
          -1.208144e-02 -7.070916e-05 -1.210639e-03
          -1.207622e-02 -7.498890e-05 -3.635812e-03
          -1.208143e-02 -3.586942e-04 -9.070169e-04
          -1.208149e-02 -3.600355e-04 -1.210636e-03
          -1.208147e-02 -6.480205e-04 -9.070135e-04
          -1.208153e-02 -6.493619e-04 -1.210633e-03
          -1.208112e-02 -6.547886e-04 -3.332684e-03
          -1.208150e-02 -9.369942e-04 -6.038266e-04
          -1.208152e-02 -9.373468e-04 -9.070102e-04
          -1.208158e-02 -9.386416e-04 -1.210609e-03
          -1.208117e-02 -9.441144e-04 -3.332683e-03
          -1.208112e-02 -1.228820e-03 -9.069913e-04
          -1.208146e-02 -1.228994e-03 -1.210563e-03
          -1.208979e-02 -1.522302e-03 -1.209243e-03
          -1.208984e-02 -1.811628e-03 -1.209240e-03
          -1.208994e-02 -2.389959e-03 -1.209113e-03
          -1.210683e-02 -5.594962e-03 -2.985363e-04
          -1.210683e-02 -5.594978e-03 -6.015765e-04
          -1.210683e-02 -5.594993e-03 -9.046166e-04
          -1.210682e-02 -5.595009e-03 -1.207657e-03
          -1.210682e-02 -5.595025e-03 -1.510697e-03
          -1.210681e-02 -5.595041e-03 -1.813737e-03
          -1.210721e-02 -5.598059e-03 -2.116616e-03
          -1.210720e-02 -5.598073e-03 -2.419657e-03
          -1.210685e-02 -5.884342e-03 -2.985320e-04
          -1.210685e-02 -5.884357e-03 -6.015721e-04
          -1.210684e-02 -5.884372e-03 -9.046123e-04
          -1.210684e-02 -5.884388e-03 -1.207652e-03
          -1.210684e-02 -5.884403e-03 -1.510692e-03
          -1.210723e-02 -5.887421e-03 -1.813572e-03
          -1.210722e-02 -5.887434e-03 -2.116612e-03
          -1.210722e-02 -5.887447e-03 -2.419652e-03
          -1.210687e-02 -6.173721e-03 -2.985277e-04
          -1.210687e-02 -6.173736e-03 -6.015678e-04
          -1.210686e-02 -6.173751e-03 -9.046079e-04
          -1.210686e-02 -6.173766e-03 -1.207648e-03
          -1.210725e-02 -6.176784e-03 -1.510527e-03
          -1.210725e-02 -6.176796e-03 -1.813567e-03
          -1.210724e-02 -6.176808e-03 -2.116607e-03
          -1.210723e-02 -6.176821e-03 -2.419648e-03
          -1.210689e-02 -6.463101e-03 -2.985234e-04
          -1.210688e-02 -6.463115e-03 -6.015635e-04
          -1.210688e-02 -6.463130e-03 -9.046036e-04
          -1.210727e-02 -6.466147e-03 -1.207483e-03
          -1.210727e-02 -6.466159e-03 -1.510523e-03
          -1.210726e-02 -6.466171e-03 -1.813563e-03
          -1.210726e-02 -6.466182e-03 -2.116603e-03
          -1.210725e-02 -6.466195e-03 -2.419643e-03
          -1.210691e-02 -6.752480e-03 -2.985190e-04
          -1.210690e-02 -6.752495e-03 -6.015591e-04
          -1.210729e-02 -6.755512e-03 -9.044383e-04
          -1.210729e-02 -6.755523e-03 -1.207478e-03
          -1.210728e-02 -6.755534e-03 -1.510518e-03
          -1.210728e-02 -6.755546e-03 -1.813558e-03
          -1.210727e-02 -6.755557e-03 -2.116598e-03
          -1.210727e-02 -6.755570e-03 -2.419639e-03
          -1.210692e-02 -7.041860e-03 -2.985147e-04
          -1.210732e-02 -7.044877e-03 -6.013939e-04
          -1.210731e-02 -7.044888e-03 -9.044338e-04
          -1.210731e-02 -7.044898e-03 -1.207474e-03
          -1.210730e-02 -7.044909e-03 -1.510514e-03
          -1.210730e-02 -7.044920e-03 -1.813553e-03
          -1.210729e-02 -7.044931e-03 -2.116593e-03
          -1.210729e-02 -7.044944e-03 -2.419634e-03
          -1.210734e-02 -7.334243e-03 -2.983495e-04
          -1.210733e-02 -7.334253e-03 -6.013894e-04
          -1.210733e-02 -7.334264e-03 -9.044293e-04
          -1.210732e-02 -7.334274e-03 -1.207469e-03
          -1.210732e-02 -7.334285e-03 -1.510509e-03
          -1.210731e-02 -7.334295e-03 -1.813549e-03
          -1.210731e-02 -7.334306e-03 -2.116589e-03
          -1.210730e-02 -7.334318e-03 -2.419630e-03
          -1.210754e-02 -7.623232e-03 -2.979824e-04
          -1.210754e-02 -7.623242e-03 -6.010223e-04
          -1.210753e-02 -7.623253e-03 -9.040622e-04
          -1.210753e-02 -7.623263e-03 -1.207102e-03
          -1.210753e-02 -7.623273e-03 -1.510142e-03
          -1.210752e-02 -7.623283e-03 -1.813182e-03
          -1.210752e-02 -7.623293e-03 -2.116222e-03
          -1.210751e-02 -7.623305e-03 -2.419262e-03
          -1.235463e-02 7.987534e-03 -9.692166e-07
          -1.235522e-02 7.700945e-03 -8.182966e-07
          -1.234318e-02 7.430062e-03 -1.211784e-03
          -1.234737e-02 6.544100e-03 -1.514889e-03
          -1.234738e-02 6.544091e-03 -1.817919e-03
          -1.234738e-02 6.544083e-03 -2.120949e-03
          -1.234739e-02 6.544075e-03 -2.423979e-03
          -1.234797e-02 6.543307e-03 -2.727020e-03
          -1.234798e-02 6.543292e-03 -3.030050e-03
          -1.234799e-02 6.543276e-03 -3.333081e-03
          -1.234848e-02 5.968574e-03 -9.087306e-04
          -1.234862e-02 5.968393e-03 -1.211756e-03
          -1.234867e-02 5.968333e-03 -1.514785e-03
          -1.234867e-02 5.968324e-03 -1.817815e-03
          -1.234885e-02 5.968093e-03 -2.120839e-03
          -1.234886e-02 5.968084e-03 -2.423869e-03
          -1.234923e-02 5.967629e-03 -2.726916e-03
          -1.234897e-02 5.965463e-03 -3.939101e-03
          -1.234850e-02 5.679327e-03 -6.056979e-04
          -1.234851e-02 5.679318e-03 -9.087279e-04
          -1.234865e-02 5.679136e-03 -1.211754e-03
          -1.234870e-02 5.679077e-03 -1.514782e-03
          -1.234888e-02 5.678845e-03 -1.817807e-03
          -1.234888e-02 5.678836e-03 -2.120837e-03
          -1.234889e-02 5.678827e-03 -2.423867e-03
          -1.234926e-02 5.678372e-03 -2.726914e-03
          -1.234927e-02 5.678355e-03 -3.029945e-03
          -1.234928e-02 5.678334e-03 -3.332976e-03
          -1.234917e-02 5.677927e-03 -3.636018e-03
          -1.234900e-02 5.676200e-03 -3.939100e-03
          -1.234901e-02 5.676179e-03 -4.242131e-03
          -1.235007e-02 5.391863e-03 -3.024379e-04
          -1.235019e-02 5.391716e-03 -6.054733e-04
          -1.235020e-02 5.391707e-03 -9.085033e-04
          -1.235032e-02 5.391542e-03 -1.211529e-03
          -1.235042e-02 5.391415e-03 -1.514556e-03
          -1.235057e-02 5.391233e-03 -1.817582e-03
          -1.235057e-02 5.391224e-03 -2.120612e-03
          -1.235058e-02 5.391214e-03 -2.423642e-03
          -1.234929e-02 5.389113e-03 -2.726912e-03
          -1.234930e-02 5.389093e-03 -3.029943e-03
          -1.234931e-02 5.389071e-03 -3.332974e-03
          -1.234920e-02 5.388663e-03 -3.636016e-03
          -1.234903e-02 5.386936e-03 -3.939098e-03
          -1.234972e-02 5.387974e-03 -4.242098e-03
          -1.234973e-02 5.387953e-03 -4.545129e-03
          -1.236531e-02 2.526926e-03 -1.210305e-03
          -1.235980e-02 2.504195e-03 -2.726348e-03
          -1.235981e-02 2.504166e-03 -3.029381e-03
          -1.235981e-02 2.504135e-03 -3.332413e-03
          -1.235984e-02 2.503951e-03 -3.635454e-03
          -1.236005e-02 2.502713e-03 -3.938556e-03
          -1.236005e-02 2.502682e-03 -4.241589e-03
          -1.236006e-02 2.502650e-03 -4.544621e-03
          -1.236702e-02 2.237973e-03 -1.210276e-03
          -1.235937e-02 2.215981e-03 -2.423044e-03
          -1.235987e-02 2.214896e-03 -2.726346e-03
          -1.235987e-02 2.214867e-03 -3.029379e-03
          -1.235988e-02 2.214835e-03 -3.332411e-03
          -1.235999e-02 2.214124e-03 -3.635483e-03
          -1.236011e-02 2.213413e-03 -3.938554e-03
          -1.236012e-02 2.213382e-03 -4.241587e-03
          -1.236012e-02 2.213350e-03 -4.544619e-03
          -1.236695e-02 1.949051e-03 -9.071619e-04
          -1.236709e-02 1.948677e-03 -1.210272e-03
          -1.235943e-02 1.926700e-03 -2.120007e-03
          -1.235943e-02 1.926682e-03 -2.423042e-03
          -1.235993e-02 1.925597e-03 -2.726344e-03
          -1.235994e-02 1.925567e-03 -3.029377e-03
          -1.236005e-02 1.924856e-03 -3.332449e-03
          -1.236006e-02 1.924825e-03 -3.635481e-03
          -1.236017e-02 1.924113e-03 -3.938553e-03
          -1.236018e-02 1.924082e-03 -4.241586e-03
          -1.236018e-02 1.924050e-03 -4.544619e-03
          -1.235949e-02 1.637420e-03 -1.816970e-03
          -1.235949e-02 1.637402e-03 -2.120005e-03
          -1.235950e-02 1.637383e-03 -2.423039e-03
          -1.236000e-02 1.636298e-03 -2.726342e-03
          -1.236012e-02 1.635588e-03 -3.029414e-03
          -1.236012e-02 1.635557e-03 -3.332447e-03
          -1.236012e-02 1.635525e-03 -3.635479e-03
          -1.236024e-02 1.634814e-03 -3.938551e-03
          -1.236024e-02 1.634781e-03 -4.241585e-03
          -1.236024e-02 1.634749e-03 -4.544618e-03
          -1.235955e-02 1.348140e-03 -1.513933e-03
          -1.235955e-02 1.348121e-03 -1.816968e-03
          -1.235956e-02 1.348103e-03 -2.120002e-03
          -1.235956e-02 1.348084e-03 -2.423037e-03
          -1.236018e-02 1.346319e-03 -2.726379e-03
          -1.236018e-02 1.346289e-03 -3.029412e-03
          -1.236018e-02 1.346257e-03 -3.332445e-03
          -1.236019e-02 1.346225e-03 -3.635478e-03
          -1.236030e-02 1.345513e-03 -3.938550e-03
          -1.236030e-02 1.345481e-03 -4.241584e-03
          -1.236030e-02 1.345448e-03 -4.544618e-03
          -1.236030e-02 1.345415e-03 -4.847652e-03
          -1.236246e-02 1.059849e-03 -1.210665e-03
          -1.236249e-02 1.059709e-03 -1.513731e-03
          -1.236249e-02 1.059690e-03 -1.816766e-03
          -1.236250e-02 1.059671e-03 -2.119801e-03
          -1.236260e-02 1.059230e-03 -2.422946e-03
          -1.236310e-02 1.058144e-03 -2.726249e-03
          -1.236310e-02 1.058114e-03 -3.029282e-03
          -1.236310e-02 1.058082e-03 -3.332315e-03
          -1.236291e-02 1.057921e-03 -3.635361e-03
          -1.236168e-02 1.056395e-03 -3.938548e-03
          -1.236168e-02 1.056362e-03 -4.241582e-03
          -1.236168e-02 1.056329e-03 -4.544616e-03
          -1.236245e-02 7.708717e-04 -9.075477e-04
          -1.236252e-02 7.705509e-04 -1.210662e-03
          -1.236255e-02 7.704110e-04 -1.513728e-03
          -1.236256e-02 7.703918e-04 -1.816763e-03
          -1.236266e-02 7.699503e-04 -2.119909e-03
          -1.236267e-02 7.699311e-04 -2.422944e-03
          -1.236317e-02 7.688452e-04 -2.726247e-03
          -1.236317e-02 7.688149e-04 -3.029280e-03
          -1.236317e-02 7.687824e-04 -3.332314e-03
          -1.236297e-02 7.686205e-04 -3.635360e-03
          -1.236174e-02 7.670947e-04 -3.938547e-03
          -1.236174e-02 7.670616e-04 -4.241582e-03
          -1.236306e-02 7.672110e-04 -4.544614e-03
          -1.236306e-02 7.671779e-04 -4.847648e-03
          -1.236275e-02 4.815808e-04 -6.044858e-04
          -1.236275e-02 4.815614e-04 -9.075210e-04
          -1.236283e-02 4.812403e-04 -1.210635e-03
          -1.236286e-02 4.811002e-04 -1.513702e-03
          -1.236296e-02 4.806584e-04 -1.816848e-03
          -1.236296e-02 4.806390e-04 -2.119883e-03
          -1.236297e-02 4.806195e-04 -2.422918e-03
          -1.236323e-02 4.795460e-04 -2.726245e-03
          -1.236323e-02 4.795152e-04 -3.029278e-03
          -1.236323e-02 4.794821e-04 -3.332313e-03
          -1.236303e-02 4.793200e-04 -3.635359e-03
          -1.236181e-02 4.777941e-04 -3.938547e-03
          -1.236313e-02 4.779433e-04 -4.241580e-03
          -1.236312e-02 4.779101e-04 -4.544614e-03
          -1.236312e-02 4.778769e-04 -4.847648e-03
          -1.236588e-02 1.924798e-04 -3.010358e-04
          -1.236605e-02 1.921107e-04 -6.041598e-04
          -1.236605e-02 1.920911e-04 -9.071951e-04
          -1.236612e-02 1.917697e-04 -1.210309e-03
          -1.236625e-02 1.912070e-04 -1.513487e-03
          -1.236626e-02 1.911874e-04 -1.816522e-03
          -1.236626e-02 1.911677e-04 -2.119558e-03
          -1.236627e-02 1.911480e-04 -2.422593e-03
          -1.236329e-02 1.902448e-04 -2.726242e-03
          -1.236329e-02 1.902132e-04 -3.029277e-03
          -1.236329e-02 1.901799e-04 -3.332311e-03
          -1.236309e-02 1.900177e-04 -3.635358e-03
          -1.236318e-02 1.886740e-04 -3.938544e-03
          -1.236318e-02 1.886407e-04 -4.241579e-03
          -1.236318e-02 1.886074e-04 -4.544613e-03
          -1.236318e-02 1.885740e-04 -4.847647e-03
          -1.237747e-02 -2.413989e-03 -2.725766e-03
          -1.237638e-02 -2.704186e-03 -2.421990e-03
          -1.237643e-02 -2.705669e-03 -2.725598e-03
          -1.237642e-02 -2.705698e-03 -3.028633e-03
          -1.237642e-02 -2.705728e-03 -3.331669e-03
          -1.237624e-02 -2.706383e-03 -3.634809e-03
          -1.237607e-02 -2.707038e-03 -3.937948e-03
          -1.237606e-02 -2.707068e-03 -4.240984e-03
          -1.237642e-02 -2.993526e-03 -2.118948e-03
          -1.237642e-02 -2.993543e-03 -2.421986e-03
          -1.237647e-02 -2.995026e-03 -2.725593e-03
          -1.237646e-02 -2.995054e-03 -3.028629e-03
          -1.237629e-02 -2.995709e-03 -3.331769e-03
          -1.237628e-02 -2.995738e-03 -3.634805e-03
          -1.237610e-02 -2.996393e-03 -3.937944e-03
          -1.237610e-02 -2.996422e-03 -4.240981e-03
          -1.237646e-02 -3.282868e-03 -1.815904e-03
          -1.237646e-02 -3.282885e-03 -2.118943e-03
          -1.237645e-02 -3.282901e-03 -2.421981e-03
          -1.237651e-02 -3.284384e-03 -2.725589e-03
          -1.237644e-02 -3.284624e-03 -3.028660e-03
          -1.237632e-02 -3.285065e-03 -3.331765e-03
          -1.237632e-02 -3.285094e-03 -3.634801e-03
          -1.237614e-02 -3.285748e-03 -3.937941e-03
          -1.237650e-02 -3.572210e-03 -1.512861e-03
          -1.237650e-02 -3.572226e-03 -1.815900e-03
          -1.237649e-02 -3.572243e-03 -2.118938e-03
          -1.237649e-02 -3.572259e-03 -2.421977e-03
          -1.237654e-02 -3.573741e-03 -2.725584e-03
          -1.237637e-02 -3.574393e-03 -3.028724e-03
          -1.237636e-02 -3.574421e-03 -3.331761e-03
          -1.237635e-02 -3.574449e-03 -3.634797e-03
          -1.237618e-02 -3.575102e-03 -3.937937e-03
          -1.237768e-02 -3.862704e-03 -1.512559e-03
          -1.237767e-02 -3.862720e-03 -1.815598e-03
          -1.237767e-02 -3.862736e-03 -2.118637e-03
          -1.237754e-02 -3.864931e-03 -2.725522e-03
          -1.237753e-02 -3.864957e-03 -3.028558e-03
          -1.237752e-02 -3.864985e-03 -3.331595e-03
          -1.237827e-02 -4.152649e-03 -1.209396e-03
          -1.237824e-02 -4.152762e-03 -1.512493e-03
          -1.237824e-02 -4.152778e-03 -1.815531e-03
          -1.237823e-02 -4.152793e-03 -2.118570e-03
          -1.237816e-02 -4.153094e-03 -2.421780e-03
          -1.237821e-02 -4.154575e-03 -2.725387e-03
          -1.237821e-02 -4.154600e-03 -3.028423e-03
          -1.237820e-02 -4.154627e-03 -3.331460e-03
          -1.237702e-02 -4.154662e-03 -3.937873e-03
          -1.237835e-02 -4.441805e-03 -9.062399e-04
          -1.237830e-02 -4.442009e-03 -1.209391e-03
          -1.237828e-02 -4.442121e-03 -1.512488e-03
          -1.237828e-02 -4.442136e-03 -1.815527e-03
          -1.237820e-02 -4.442437e-03 -2.118736e-03
          -1.237820e-02 -4.442452e-03 -2.421775e-03
          -1.237825e-02 -4.443932e-03 -2.725383e-03
          -1.237824e-02 -4.443957e-03 -3.028419e-03
          -1.237823e-02 -4.443980e-03 -3.331456e-03
          -1.237705e-02 -4.444013e-03 -3.937870e-03
          -1.237919e-02 -4.732207e-03 -6.030654e-04
          -1.237918e-02 -4.732222e-03 -9.061041e-04
          -1.237913e-02 -4.732425e-03 -1.209256e-03
          -1.237911e-02 -4.732537e-03 -1.512352e-03
          -1.237903e-02 -4.732837e-03 -1.815562e-03
          -1.237903e-02 -4.732852e-03 -2.118601e-03
          -1.237903e-02 -4.732867e-03 -2.421639e-03
          -1.237829e-02 -4.733289e-03 -2.725378e-03
          -1.237828e-02 -4.733311e-03 -3.028415e-03
          -1.237827e-02 -4.733332e-03 -3.331453e-03
          -1.237709e-02 -4.733364e-03 -3.937867e-03
          -1.238082e-02 -5.023760e-03 -2.995550e-04
          -1.238083e-02 -5.024250e-03 -6.027793e-04
          -1.238083e-02 -5.024265e-03 -9.058182e-04
          -1.238078e-02 -5.024456e-03 -1.208962e-03
          -1.238069e-02 -5.024816e-03 -1.512209e-03
          -1.238069e-02 -5.024831e-03 -1.815247e-03
          -1.238069e-02 -5.024846e-03 -2.118286e-03
          -1.238069e-02 -5.024861e-03 -2.421325e-03
          -1.237832e-02 -5.022640e-03 -2.725374e-03
          -1.237831e-02 -5.022660e-03 -3.028412e-03
          -1.237830e-02 -5.022680e-03 -3.331450e-03
          -1.237789e-02 -5.023568e-03 -3.937807e-03
          -1.264367e-02 9.139814e-03 -4.564244e-08
          -1.264368e-02 8.850563e-03 -4.303419e-08
          -1.264369e-02 8.561312e-03 -4.042593e-08
          -1.264324e-02 8.561184e-03 -2.727325e-03
          -1.265261e-02 8.273376e-03 -9.444497e-07
          -1.265322e-02 7.986909e-03 -7.867376e-07
          -1.264193e-02 7.429368e-03 -9.086016e-04
          -1.264193e-02 7.429361e-03 -1.211631e-03
          -1.264194e-02 7.429355e-03 -1.514660e-03
          -1.264195e-02 7.429348e-03 -1.817689e-03
          -1.264195e-02 7.429341e-03 -2.120718e-03
          -1.264610e-02 7.409150e-03 -2.726995e-03
          -1.264196e-02 7.140119e-03 -9.085979e-04
          -1.264197e-02 7.140112e-03 -1.211627e-03
          -1.264197e-02 7.140105e-03 -1.514656e-03
          -1.264198e-02 7.140098e-03 -1.817685e-03
          -1.264563e-02 7.120508e-03 -2.120910e-03
          -1.264564e-02 7.120499e-03 -2.423940e-03
          -1.264614e-02 7.119898e-03 -2.726993e-03
          -1.264614e-02 7.119886e-03 -3.030023e-03
          -1.264566e-02 6.831266e-03 -1.817877e-03
          -1.264567e-02 6.831256e-03 -2.120907e-03
          -1.264567e-02 6.831247e-03 -2.423937e-03
          -1.264617e-02 6.830646e-03 -2.726990e-03
          -1.264618e-02 6.830633e-03 -3.030020e-03
          -1.264619e-02 6.830618e-03 -3.333051e-03
          -1.264620e-02 6.830602e-03 -3.636081e-03
          -1.264568e-02 6.542023e-03 -1.514845e-03
          -1.264569e-02 6.542014e-03 -1.817874e-03
          -1.264570e-02 6.542005e-03 -2.120904e-03
          -1.264571e-02 6.541995e-03 -2.423934e-03
          -1.264620e-02 6.541393e-03 -2.726987e-03
          -1.264621e-02 6.541380e-03 -3.030018e-03
          -1.264622e-02 6.541365e-03 -3.333048e-03
          -1.264623e-02 6.541348e-03 -3.636079e-03
          -1.264624e-02 6.541331e-03 -3.939109e-03
          -1.264571e-02 6.252782e-03 -1.211812e-03
          -1.264572e-02 6.252772e-03 -1.514842e-03
          -1.264572e-02 6.252762e-03 -1.817871e-03
          -1.264573e-02 6.252753e-03 -2.120901e-03
          -1.264574e-02 6.252743e-03 -2.423931e-03
          -1.264624e-02 6.252141e-03 -2.726984e-03
          -1.264624e-02 6.252127e-03 -3.030015e-03
          -1.264625e-02 6.252111e-03 -3.333046e-03
          -1.264626e-02 6.252093e-03 -3.636076e-03
          -1.264627e-02 6.252071e-03 -3.939107e-03
          -1.264628e-02 6.252049e-03 -4.242138e-03
          -1.264629e-02 6.252027e-03 -4.545169e-03
          -1.264573e-02 5.963541e-03 -9.087788e-04
          -1.264574e-02 5.963531e-03 -1.211809e-03
          -1.264575e-02 5.963521e-03 -1.514839e-03
          -1.264576e-02 5.963511e-03 -1.817869e-03
          -1.264577e-02 5.963501e-03 -2.120899e-03
          -1.264577e-02 5.963492e-03 -2.423928e-03
          -1.264627e-02 5.962889e-03 -2.726982e-03
          -1.264628e-02 5.962875e-03 -3.030012e-03
          -1.264629e-02 5.962858e-03 -3.333043e-03
          -1.264630e-02 5.962835e-03 -3.636074e-03
          -1.264630e-02 5.962813e-03 -3.939105e-03
          -1.264631e-02 5.962790e-03 -4.242137e-03
          -1.264632e-02 5.962768e-03 -4.545167e-03
          -1.264633e-02 5.962745e-03 -4.848199e-03
          -1.264735e-02 5.676128e-03 -6.055124e-04
          -1.264747e-02 5.675980e-03 -9.085477e-04
          -1.264748e-02 5.675970e-03 -1.211578e-03
          -1.264749e-02 5.675960e-03 -1.514608e-03
          -1.264750e-02 5.675950e-03 -1.817638e-03
          -1.264751e-02 5.675940e-03 -2.120668e-03
          -1.264751e-02 5.675930e-03 -2.423698e-03
          -1.264630e-02 5.673635e-03 -2.726979e-03
          -1.264631e-02 5.673620e-03 -3.030010e-03
          -1.264632e-02 5.673598e-03 -3.333041e-03
          -1.264633e-02 5.673575e-03 -3.636072e-03
          -1.264634e-02 5.673552e-03 -3.939103e-03
          -1.264635e-02 5.673529e-03 -4.242135e-03
          -1.264636e-02 5.673506e-03 -4.545166e-03
          -1.264637e-02 5.673483e-03 -4.848197e-03
          -1.264937e-02 5.389408e-03 -3.021671e-04
          -1.264963e-02 5.389095e-03 -6.052090e-04
          -1.264975e-02 5.388947e-03 -9.082444e-04
          -1.264976e-02 5.388937e-03 -1.211274e-03
          -1.264977e-02 5.388927e-03 -1.514304e-03
          -1.264978e-02 5.388917e-03 -1.817334e-03
          -1.264978e-02 5.388906e-03 -2.120365e-03
          -1.264979e-02 5.388896e-03 -2.423395e-03
          -1.264634e-02 5.384374e-03 -2.726976e-03
          -1.264634e-02 5.384356e-03 -3.030007e-03
          -1.264635e-02 5.384333e-03 -3.333039e-03
          -1.264636e-02 5.384310e-03 -3.636070e-03
          -1.264637e-02 5.384286e-03 -3.939101e-03
          -1.264638e-02 5.384263e-03 -4.242133e-03
          -1.264639e-02 5.384239e-03 -4.545164e-03
          -1.264640e-02 5.384215e-03 -4.848195e-03
          -1.264891e-02 5.103932e-03 -3.021575e-04
          -1.265069e-02 5.100418e-03 -2.726668e-03
          -1.264896e-02 4.814675e-03 -3.021537e-04
          -1.265286e-02 4.832143e-03 -2.423457e-03
          -1.265074e-02 4.811155e-03 -2.726667e-03
          -1.264902e-02 4.525419e-03 -3.021499e-04
          -1.265291e-02 4.542895e-03 -2.120423e-03
          -1.265292e-02 4.542880e-03 -2.423455e-03
          -1.265079e-02 4.521891e-03 -2.726665e-03
          -1.264907e-02 4.236162e-03 -3.021461e-04
          -1.265085e-02 4.232628e-03 -2.726664e-03
          -1.264913e-02 3.946905e-03 -3.021422e-04
          -1.265090e-02 3.943365e-03 -2.726662e-03
          -1.264918e-02 3.657649e-03 -3.021384e-04
          -1.265095e-02 3.654102e-03 -2.726661e-03
          -1.264923e-02 3.368392e-03 -3.021346e-04
          -1.265101e-02 3.364839e-03 -2.726660e-03
          -1.264775e-02 3.370161e-03 -3.029787e-03
          -1.265120e-02 3.081499e-03 -3.018367e-04
          -1.265478e-02 2.796300e-03 -3.015153e-04
          -1.265607e-02 2.790244e-03 -2.726367e-03
          -1.265661e-02 2.790599e-03 -3.029399e-03
          -1.265661e-02 2.790567e-03 -3.332432e-03
          -1.265662e-02 2.790534e-03 -3.635464e-03
          -1.265663e-02 2.790501e-03 -3.938497e-03
          -1.265663e-02 2.790468e-03 -4.241529e-03
          -1.265795e-02 2.508008e-03 -3.012339e-04
          -1.266484e-02 2.523490e-03 -9.069860e-04
          -1.266485e-02 2.523473e-03 -1.210019e-03
          -1.266486e-02 2.523455e-03 -1.513052e-03
          -1.266487e-02 2.523438e-03 -1.816084e-03
          -1.266488e-02 2.523420e-03 -2.119117e-03
          -1.265698e-02 2.499859e-03 -2.726305e-03
          -1.265699e-02 2.499834e-03 -3.029338e-03
          -1.265699e-02 2.499802e-03 -3.332371e-03
          -1.265700e-02 2.499768e-03 -3.635403e-03
          -1.265700e-02 2.499734e-03 -3.938436e-03
          -1.265701e-02 2.499701e-03 -4.241468e-03
          -1.265702e-02 2.499667e-03 -4.544501e-03
          -1.265702e-02 2.499633e-03 -4.847533e-03
          -1.265802e-02 2.218713e-03 -3.012285e-04
          -1.266492e-02 2.234194e-03 -9.069809e-04
          -1.266493e-02 2.234177e-03 -1.210014e-03
          -1.266493e-02 2.234159e-03 -1.513047e-03
          -1.266494e-02 2.234142e-03 -1.816080e-03
          -1.266495e-02 2.234124e-03 -2.119113e-03
          -1.265640e-02 2.211967e-03 -2.422918e-03
          -1.265705e-02 2.210560e-03 -2.726303e-03
          -1.265706e-02 2.210535e-03 -3.029335e-03
          -1.265706e-02 2.210503e-03 -3.332368e-03
          -1.265707e-02 2.210469e-03 -3.635401e-03
          -1.265707e-02 2.210435e-03 -3.938434e-03
          -1.265708e-02 2.210401e-03 -4.241467e-03
          -1.265709e-02 2.210367e-03 -4.544499e-03
          -1.265709e-02 2.210333e-03 -4.847533e-03
          -1.265810e-02 1.929418e-03 -3.012230e-04
          -1.266499e-02 1.944899e-03 -9.069757e-04
          -1.266500e-02 1.944881e-03 -1.210009e-03
          -1.266501e-02 1.944863e-03 -1.513042e-03
          -1.266502e-02 1.944845e-03 -1.816075e-03
          -1.265647e-02 1.922688e-03 -2.119881e-03
          -1.265647e-02 1.922668e-03 -2.422915e-03
          -1.265713e-02 1.921261e-03 -2.726300e-03
          -1.265713e-02 1.921236e-03 -3.029333e-03
          -1.265714e-02 1.921203e-03 -3.332366e-03
          -1.265714e-02 1.921169e-03 -3.635399e-03
          -1.265715e-02 1.921135e-03 -3.938432e-03
          -1.265715e-02 1.921101e-03 -4.241465e-03
          -1.265715e-02 1.921067e-03 -4.544498e-03
          -1.265715e-02 1.921032e-03 -4.847532e-03
          -1.265817e-02 1.640123e-03 -3.012176e-04
          -1.266508e-02 1.655567e-03 -1.513037e-03
          -1.265653e-02 1.633410e-03 -1.816843e-03
          -1.265654e-02 1.633389e-03 -2.119878e-03
          -1.265655e-02 1.633369e-03 -2.422913e-03
          -1.265720e-02 1.631962e-03 -2.726298e-03
          -1.265720e-02 1.631937e-03 -3.029331e-03
          -1.265721e-02 1.631904e-03 -3.332364e-03
          -1.265721e-02 1.631870e-03 -3.635397e-03
          -1.265722e-02 1.631836e-03 -3.938430e-03
          -1.265722e-02 1.631801e-03 -4.241464e-03
          -1.265722e-02 1.631766e-03 -4.544497e-03
          -1.265722e-02 1.631731e-03 -4.847532e-03
          -1.265825e-02 1.350828e-03 -3.012121e-04
          -1.265660e-02 1.344132e-03 -1.513804e-03
          -1.265661e-02 1.344111e-03 -1.816840e-03
          -1.265661e-02 1.344091e-03 -2.119875e-03
          -1.265662e-02 1.344070e-03 -2.422910e-03
          -1.265727e-02 1.342663e-03 -2.726295e-03
          -1.265727e-02 1.342638e-03 -3.029328e-03
          -1.265728e-02 1.342605e-03 -3.332362e-03
          -1.265728e-02 1.342571e-03 -3.635395e-03
          -1.265728e-02 1.342536e-03 -3.938428e-03
          -1.265728e-02 1.342501e-03 -4.241463e-03
          -1.265728e-02 1.342465e-03 -4.544497e-03
          -1.265728e-02 1.342430e-03 -4.847531e-03
          -1.265832e-02 1.061533e-03 -3.012067e-04
          -1.265667e-02 1.054855e-03 -1.210766e-03
          -1.265667e-02 1.054834e-03 -1.513801e-03
          -1.265668e-02 1.054813e-03 -1.816837e-03
          -1.265668e-02 1.054792e-03 -2.119872e-03
          -1.265669e-02 1.054772e-03 -2.422907e-03
          -1.265734e-02 1.053365e-03 -2.726292e-03
          -1.265735e-02 1.053339e-03 -3.029326e-03
          -1.265735e-02 1.053306e-03 -3.332359e-03
          -1.265735e-02 1.053271e-03 -3.635393e-03
          -1.265735e-02 1.053236e-03 -3.938427e-03
          -1.265735e-02 1.053200e-03 -4.241462e-03
          -1.265735e-02 1.053165e-03 -4.544496e-03
          -1.265735e-02 1.053129e-03 -4.847531e-03
          -1.265840e-02 7.722376e-04 -3.012012e-04
          -1.265711e-02 7.655582e-04 -9.076900e-04
          -1.265711e-02 7.655372e-04 -1.210726e-03
          -1.265712e-02 7.655163e-04 -1.513761e-03
          -1.265712e-02 7.654953e-04 -1.816797e-03
          -1.265713e-02 7.654744e-04 -2.119832e-03
          -1.265713e-02 7.654535e-04 -2.422868e-03
          -1.265742e-02 7.640658e-04 -2.726290e-03
          -1.265742e-02 7.640397e-04 -3.029323e-03
          -1.265742e-02 7.640064e-04 -3.332357e-03
          -1.265742e-02 7.639708e-04 -3.635392e-03
          -1.265742e-02 7.639351e-04 -3.938427e-03
          -1.265742e-02 7.638995e-04 -4.241461e-03
          -1.265741e-02 7.638638e-04 -4.544496e-03
          -1.265741e-02 7.638282e-04 -4.847530e-03
          -1.265847e-02 4.829400e-04 -3.011959e-04
          -1.266025e-02 4.764320e-04 -6.042464e-04
          -1.266041e-02 4.760878e-04 -9.073639e-04
          -1.266042e-02 4.760666e-04 -1.210400e-03
          -1.266042e-02 4.760455e-04 -1.513435e-03
          -1.266043e-02 4.760243e-04 -1.816471e-03
          -1.266043e-02 4.760032e-04 -2.119507e-03
          -1.266044e-02 4.759820e-04 -2.422542e-03
          -1.265748e-02 4.747650e-04 -2.726287e-03
          -1.265748e-02 4.747384e-04 -3.029321e-03
          -1.265748e-02 4.747043e-04 -3.332356e-03
          -1.265748e-02 4.746685e-04 -3.635391e-03
          -1.265748e-02 4.746327e-04 -3.938425e-03
          -1.265748e-02 4.745968e-04 -4.241460e-03
          -1.265748e-02 4.745610e-04 -4.544495e-03
          -1.265747e-02 4.745252e-04 -4.847530e-03
          -1.266320e-02 1.877163e-04 -3.006973e-04
          -1.266355e-02 1.869591e-04 -6.039197e-04
          -1.266371e-02 1.866146e-04 -9.070374e-04
          -1.266371e-02 1.865933e-04 -1.210073e-03
          -1.266372e-02 1.865719e-04 -1.513109e-03
          -1.266373e-02 1.865506e-04 -1.816145e-03
          -1.266373e-02 1.865292e-04 -2.119181e-03
          -1.266374e-02 1.865079e-04 -2.422217e-03
          -1.265754e-02 1.854610e-04 -2.726284e-03
          -1.265754e-02 1.854332e-04 -3.029319e-03
          -1.265754e-02 1.853989e-04 -3.332354e-03
          -1.265754e-02 1.853629e-04 -3.635389e-03
          -1.265754e-02 1.853270e-04 -3.938424e-03
          -1.265753e-02 1.852910e-04 -4.241459e-03
          -1.265753e-02 1.852550e-04 -4.544493e-03
          -1.265753e-02 1.852191e-04 -4.847529e-03
          -1.266453e-02 -9.824698e-05 -3.011383e-04
          -1.267744e-02 -8.845824e-05 -2.422521e-03
          -1.266430e-02 -1.031019e-04 -2.726049e-03
          -1.266460e-02 -3.875798e-04 -3.011328e-04
          -1.266437e-02 -3.924352e-04 -2.726046e-03
          -1.266467e-02 -6.769127e-04 -3.011272e-04
          -1.266443e-02 -6.817686e-04 -2.726043e-03
          -1.266474e-02 -9.662455e-04 -3.011217e-04
          -1.266450e-02 -9.711019e-04 -2.726040e-03
          -1.266481e-02 -1.255578e-03 -3.011162e-04
          -1.266456e-02 -1.260435e-03 -2.726037e-03
          -1.266488e-02 -1.544911e-03 -3.011107e-04
          -1.266463e-02 -1.549769e-03 -2.726034e-03
          -1.266584e-02 -1.834104e-03 -3.009593e-04
          -1.266653e-02 -1.836858e-03 -2.725975e-03
          -1.266884e-02 -2.122970e-03 -3.004710e-04
          -1.267256e-02 -2.412526e-03 -2.998499e-04
          -1.267111e-02 -2.420252e-03 -2.725616e-03
          -1.267111e-02 -2.420278e-03 -3.028652e-03
          -1.267110e-02 -2.420309e-03 -3.331688e-03
          -1.267109e-02 -2.420342e-03 -3.634724e-03
          -1.267108e-02 -2.420375e-03 -3.937760e-03
          -1.267108e-02 -2.420408e-03 -4.240797e-03
          -1.267107e-02 -2.420441e-03 -4.543832e-03
          -1.267106e-02 -2.420474e-03 -4.846869e-03
          -1.267427e-02 -2.704184e-03 -2.996283e-04
          -1.268556e-02 -2.699098e-03 -9.049905e-04
          -1.267109e-02 -2.707695e-03 -2.421840e-03
          -1.267116e-02 -2.709599e-03 -2.725612e-03
          -1.267115e-02 -2.709624e-03 -3.028648e-03
          -1.267114e-02 -2.709655e-03 -3.331684e-03
          -1.267114e-02 -2.709688e-03 -3.634720e-03
          -1.267113e-02 -2.709720e-03 -3.937757e-03
          -1.267112e-02 -2.709752e-03 -4.240793e-03
          -1.267111e-02 -2.709785e-03 -4.543829e-03
          -1.267110e-02 -2.709817e-03 -4.846866e-03
          -1.267432e-02 -2.993552e-03 -2.996225e-04
          -1.267113e-02 -2.997040e-03 -2.118796e-03
          -1.267113e-02 -2.997058e-03 -2.421835e-03
          -1.267120e-02 -2.998961e-03 -2.725607e-03
          -1.267119e-02 -2.998985e-03 -3.028643e-03
          -1.267118e-02 -2.999016e-03 -3.331679e-03
          -1.267118e-02 -2.999048e-03 -3.634716e-03
          -1.267117e-02 -2.999080e-03 -3.937752e-03
          -1.267116e-02 -2.999111e-03 -4.240789e-03
          -1.267115e-02 -2.999143e-03 -4.543825e-03
          -1.267114e-02 -2.999170e-03 -4.846863e-03
          -1.267436e-02 -3.282920e-03 -2.996168e-04
          -1.267117e-02 -3.286384e-03 -1.815751e-03
          -1.267117e-02 -3.286402e-03 -2.118790e-03
          -1.267117e-02 -3.286420e-03 -2.421830e-03
          -1.267124e-02 -3.288323e-03 -2.725602e-03
          -1.267123e-02 -3.288347e-03 -3.028638e-03
          -1.267123e-02 -3.288377e-03 -3.331675e-03
          -1.267122e-02 -3.288408e-03 -3.634711e-03
          -1.267121e-02 -3.288439e-03 -3.937748e-03
          -1.267120e-02 -3.288470e-03 -4.240785e-03
          -1.267119e-02 -3.288496e-03 -4.543822e-03
          -1.267122e-02 -3.575730e-03 -1.512707e-03
          -1.267122e-02 -3.575747e-03 -1.815746e-03
          -1.267121e-02 -3.575765e-03 -2.118785e-03
          -1.267121e-02 -3.575783e-03 -2.421825e-03
          -1.267128e-02 -3.577685e-03 -2.725597e-03
          -1.267127e-02 -3.577708e-03 -3.028633e-03
          -1.267127e-02 -3.577737e-03 -3.331670e-03
          -1.267126e-02 -3.577768e-03 -3.634707e-03
          -1.267125e-02 -3.577799e-03 -3.937743e-03
          -1.267124e-02 -3.577824e-03 -4.240781e-03
          -1.267123e-02 -3.577850e-03 -4.543819e-03
          -1.267126e-02 -3.865093e-03 -1.512702e-03
          -1.267126e-02 -3.865111e-03 -1.815741e-03
          -1.267125e-02 -3.865128e-03 -2.118780e-03
          -1.267125e-02 -3.865145e-03 -2.421820e-03
          -1.267132e-02 -3.867047e-03 -2.725592e-03
          -1.267131e-02 -3.867070e-03 -3.028629e-03
          -1.267131e-02 -3.867098e-03 -3.331666e-03
          -1.267130e-02 -3.867128e-03 -3.634702e-03
          -1.267129e-02 -3.867154e-03 -3.937740e-03
          -1.267128e-02 -3.867178e-03 -4.240778e-03
          -1.267127e-02 -3.867203e-03 -4.543815e-03
          -1.267130e-02 -4.154439e-03 -1.209657e-03
          -1.267130e-02 -4.154456e-03 -1.512696e-03
          -1.267130e-02 -4.154473e-03 -1.815736e-03
          -1.267129e-02 -4.154490e-03 -2.118775e-03
          -1.267129e-02 -4.154507e-03 -2.421815e-03
          -1.267136e-02 -4.156408e-03 -2.725587e-03
          -1.267135e-02 -4.156431e-03 -3.028624e-03
          -1.267135e-02 -4.156459e-03 -3.331661e-03
          -1.267134e-02 -4.156484e-03 -3.634699e-03
          -1.267133e-02 -4.156508e-03 -3.937736e-03
          -1.267132e-02 -4.156532e-03 -4.240775e-03
          -1.267131e-02 -4.156556e-03 -4.543812e-03
          -1.267218e-02 -4.444895e-03 -9.064751e-04
          -1.267217e-02 -4.444911e-03 -1.209515e-03
          -1.267217e-02 -4.444928e-03 -1.512554e-03
          -1.267217e-02 -4.444945e-03 -1.815593e-03
          -1.267224e-02 -4.445065e-03 -2.118620e-03
          -1.267224e-02 -4.445081e-03 -2.421659e-03
          -1.267140e-02 -4.445770e-03 -2.725582e-03
          -1.267139e-02 -4.445792e-03 -3.028619e-03
          -1.267139e-02 -4.445815e-03 -3.331657e-03
          -1.267138e-02 -4.445839e-03 -3.634695e-03
          -1.267137e-02 -4.445862e-03 -3.937733e-03
          -1.267136e-02 -4.445885e-03 -4.240771e-03
          -1.267135e-02 -4.445909e-03 -4.543809e-03
          -1.267134e-02 -4.445932e-03 -4.846847e-03
          -1.267413e-02 -4.736340e-03 -6.029256e-04
          -1.267414e-02 -4.736832e-03 -9.061506e-04
          -1.267414e-02 -4.736848e-03 -1.209190e-03
          -1.267414e-02 -4.736865e-03 -1.512229e-03
          -1.267413e-02 -4.736881e-03 -1.815269e-03
          -1.267413e-02 -4.736898e-03 -2.118309e-03
          -1.267413e-02 -4.736914e-03 -2.421348e-03
          -1.267144e-02 -4.735127e-03 -2.725578e-03
          -1.267143e-02 -4.735146e-03 -3.028615e-03
          -1.267142e-02 -4.735167e-03 -3.331653e-03
          -1.267141e-02 -4.735190e-03 -3.634692e-03
          -1.267140e-02 -4.735213e-03 -3.937730e-03
          -1.267139e-02 -4.735236e-03 -4.240768e-03
          -1.267138e-02 -4.735258e-03 -4.543806e-03
          -1.267137e-02 -4.735281e-03 -4.846845e-03
          -1.267542e-02 -5.026420e-03 -2.992831e-04
          -1.267545e-02 -5.027422e-03 -6.027067e-04
          -1.267547e-02 -5.027913e-03 -9.059317e-04
          -1.267546e-02 -5.027929e-03 -1.208971e-03
          -1.267546e-02 -5.027945e-03 -1.512011e-03
          -1.267546e-02 -5.027961e-03 -1.815050e-03
          -1.267545e-02 -5.027977e-03 -2.118090e-03
          -1.267545e-02 -5.027994e-03 -2.421129e-03
          -1.267147e-02 -5.024477e-03 -2.725574e-03
          -1.267146e-02 -5.024494e-03 -3.028612e-03
          -1.267145e-02 -5.024515e-03 -3.331650e-03
          -1.267144e-02 -5.024537e-03 -3.634688e-03
          -1.267143e-02 -5.024559e-03 -3.937727e-03
          -1.267142e-02 -5.024582e-03 -4.240765e-03
          -1.267141e-02 -5.024604e-03 -4.543803e-03
          -1.267140e-02 -5.024626e-03 -4.846842e-03
          -1.267769e-02 -5.314696e-03 -2.999625e-04
          -1.267585e-02 -5.317663e-03 -2.725269e-03
          -1.267586e-02 -5.607031e-03 -2.725265e-03
          -1.267588e-02 -5.896400e-03 -2.725260e-03
          -1.267590e-02 -6.185769e-03 -2.725256e-03
          -1.267592e-02 -6.475138e-03 -2.725252e-03
          -1.294898e-02 8.562704e-03 -9.381093e-07
          -1.294959e-02 8.276235e-03 -7.803896e-07
          -1.293828e-02 7.429305e-03 -1.211629e-03
          -1.293829e-02 7.429299e-03 -1.514658e-03
          -1.293829e-02 7.429292e-03 -1.817687e-03
          -1.293830e-02 7.429286e-03 -2.120716e-03
          -1.293831e-02 7.140054e-03 -1.211625e-03
          -1.293832e-02 7.140047e-03 -1.514654e-03
          -1.293833e-02 7.140041e-03 -1.817684e-03
          -1.293835e-02 6.850803e-03 -1.211622e-03
          -1.293835e-02 6.850796e-03 -1.514651e-03
          -1.294152e-02 6.542579e-03 -3.027016e-04
          -1.294203e-02 6.541961e-03 -1.514843e-03
          -1.294204e-02 6.541952e-03 -1.817873e-03
          -1.294205e-02 6.541943e-03 -2.120903e-03
          -1.294255e-02 6.541333e-03 -2.726986e-03
          -1.294255e-02 6.541323e-03 -3.030016e-03
          -1.294155e-02 6.253329e-03 -3.026978e-04
          -1.294206e-02 6.252717e-03 -1.211810e-03
          -1.294206e-02 6.252708e-03 -1.514840e-03
          -1.294207e-02 6.252699e-03 -1.817870e-03
          -1.294208e-02 6.252689e-03 -2.120900e-03
          -1.294209e-02 6.252680e-03 -2.423930e-03
          -1.294258e-02 6.252079e-03 -2.726983e-03
          -1.294259e-02 6.252068e-03 -3.030014e-03
          -1.294260e-02 6.252056e-03 -3.333045e-03
          -1.294260e-02 6.252040e-03 -3.636075e-03
          -1.294158e-02 5.964076e-03 -3.026939e-04
          -1.294382e-02 5.965435e-03 -9.085249e-04
          -1.294394e-02 5.965294e-03 -1.211560e-03
          -1.294394e-02 5.965284e-03 -1.514590e-03
          -1.294395e-02 5.965275e-03 -1.817620e-03
          -1.294396e-02 5.965265e-03 -2.120650e-03
          -1.294397e-02 5.965256e-03 -2.423680e-03
          -1.294262e-02 5.962823e-03 -2.726980e-03
          -1.294262e-02 5.962812e-03 -3.030011e-03
          -1.294263e-02 5.962798e-03 -3.333042e-03
          -1.294264e-02 5.962778e-03 -3.636073e-03
          -1.294265e-02 5.962756e-03 -3.939104e-03
          -1.294265e-02 5.962735e-03 -4.242136e-03
          -1.294161e-02 5.674815e-03 -3.026900e-04
          -1.294579e-02 5.678665e-03 -6.051860e-04
          -1.294605e-02 5.678353e-03 -9.082278e-04
          -1.294617e-02 5.678211e-03 -1.211263e-03
          -1.294618e-02 5.678202e-03 -1.514293e-03
          -1.294618e-02 5.678192e-03 -1.817323e-03
          -1.294619e-02 5.678183e-03 -2.120353e-03
          -1.294265e-02 5.673560e-03 -2.726977e-03
          -1.294265e-02 5.673548e-03 -3.030008e-03
          -1.294266e-02 5.673531e-03 -3.333040e-03
          -1.294267e-02 5.673510e-03 -3.636071e-03
          -1.294268e-02 5.673488e-03 -3.939102e-03
          -1.294269e-02 5.673466e-03 -4.242133e-03
          -1.294270e-02 5.673444e-03 -4.545164e-03
          -1.294270e-02 5.673422e-03 -4.848196e-03
          -1.294656e-02 5.390418e-03 -3.020303e-04
          -1.294669e-02 5.390257e-03 -6.050665e-04
          -1.294695e-02 5.389945e-03 -9.081084e-04
          -1.294706e-02 5.389803e-03 -1.211144e-03
          -1.294707e-02 5.389793e-03 -1.514174e-03
          -1.294708e-02 5.389783e-03 -1.817204e-03
          -1.294709e-02 5.389773e-03 -2.120234e-03
          -1.294710e-02 5.389764e-03 -2.423264e-03
          -1.294268e-02 5.384292e-03 -2.726973e-03
          -1.294269e-02 5.384278e-03 -3.030005e-03
          -1.294269e-02 5.384260e-03 -3.333037e-03
          -1.294270e-02 5.384238e-03 -3.636069e-03
          -1.294271e-02 5.384216e-03 -3.939100e-03
          -1.294272e-02 5.384193e-03 -4.242131e-03
          -1.294273e-02 5.384171e-03 -4.545162e-03
          -1.294274e-02 5.384148e-03 -4.848194e-03
          -1.294708e-02 5.100560e-03 -3.020491e-04
          -1.294779e-02 5.099096e-03 -2.726644e-03
          -1.294713e-02 4.811302e-03 -3.020453e-04
          -1.294920e-02 4.832056e-03 -2.423454e-03
          -1.294784e-02 4.809832e-03 -2.726642e-03
          -1.295020e-02 4.826212e-03 -4.848036e-03
          -1.294718e-02 4.522044e-03 -3.020414e-04
          -1.294925e-02 4.542806e-03 -2.120421e-03
          -1.294926e-02 4.542791e-03 -2.423452e-03
          -1.294789e-02 4.520567e-03 -2.726641e-03
          -1.294702e-02 4.521986e-03 -3.029698e-03
          -1.294724e-02 4.232785e-03 -3.020376e-04
          -1.294929e-02 4.253556e-03 -1.817387e-03
          -1.294930e-02 4.253542e-03 -2.120419e-03
          -1.294931e-02 4.253527e-03 -2.423451e-03
          -1.294794e-02 4.231302e-03 -2.726639e-03
          -1.294707e-02 4.232721e-03 -3.029697e-03
          -1.294729e-02 3.943528e-03 -3.020338e-04
          -1.294540e-02 3.946922e-03 -6.051739e-04
          -1.294799e-02 3.942038e-03 -2.726638e-03
          -1.294712e-02 3.943456e-03 -3.029695e-03
          -1.294734e-02 3.654269e-03 -3.020299e-04
          -1.294546e-02 3.657663e-03 -6.051702e-04
          -1.294805e-02 3.652773e-03 -2.726636e-03
          -1.294717e-02 3.654191e-03 -3.029694e-03
          -1.294939e-02 3.367478e-03 -3.017191e-04
          -1.295145e-02 3.080708e-03 -3.014051e-04
          -1.295296e-02 3.079418e-03 -3.029383e-03
          -1.295297e-02 3.079395e-03 -3.332416e-03
          -1.295189e-02 2.791932e-03 -3.013401e-04
          -1.295306e-02 2.789983e-03 -2.726313e-03
          -1.295325e-02 2.789015e-03 -3.029336e-03
          -1.295326e-02 2.788992e-03 -3.332369e-03
          -1.295327e-02 2.788962e-03 -3.635402e-03
          -1.295327e-02 2.788930e-03 -3.938434e-03
          -1.295194e-02 2.502652e-03 -3.013364e-04
          -1.295910e-02 2.518732e-03 -9.070764e-04
          -1.296117e-02 2.523359e-03 -1.210015e-03
          -1.296118e-02 2.523343e-03 -1.513048e-03
          -1.296118e-02 2.523326e-03 -1.816081e-03
          -1.296119e-02 2.523309e-03 -2.119114e-03
          -1.295330e-02 2.499750e-03 -2.726302e-03
          -1.295330e-02 2.499731e-03 -3.029334e-03
          -1.295331e-02 2.499708e-03 -3.332367e-03
          -1.295331e-02 2.499678e-03 -3.635400e-03
          -1.295332e-02 2.499646e-03 -3.938432e-03
          -1.295332e-02 2.499614e-03 -4.241465e-03
          -1.295201e-02 2.213355e-03 -3.013311e-04
          -1.296124e-02 2.234063e-03 -1.210010e-03
          -1.296125e-02 2.234046e-03 -1.513043e-03
          -1.296126e-02 2.234029e-03 -1.816076e-03
          -1.296126e-02 2.234012e-03 -2.119109e-03
          -1.295271e-02 2.211855e-03 -2.422914e-03
          -1.295337e-02 2.210450e-03 -2.726299e-03
          -1.295337e-02 2.210432e-03 -3.029332e-03
          -1.295338e-02 2.210408e-03 -3.332365e-03
          -1.295338e-02 2.210378e-03 -3.635397e-03
          -1.295339e-02 2.210346e-03 -3.938430e-03
          -1.295339e-02 2.210313e-03 -4.241463e-03
          -1.295209e-02 1.924059e-03 -3.013257e-04
          -1.296131e-02 1.944766e-03 -1.210005e-03
          -1.296132e-02 1.944749e-03 -1.513038e-03
          -1.296133e-02 1.944732e-03 -1.816071e-03
          -1.295278e-02 1.922575e-03 -2.119877e-03
          -1.295278e-02 1.922555e-03 -2.422912e-03
          -1.295344e-02 1.921150e-03 -2.726296e-03
          -1.295344e-02 1.921132e-03 -3.029329e-03
          -1.295345e-02 1.921108e-03 -3.332362e-03
          -1.295345e-02 1.921077e-03 -3.635395e-03
          -1.295346e-02 1.921045e-03 -3.938428e-03
          -1.295346e-02 1.921013e-03 -4.241461e-03
          -1.295216e-02 1.634763e-03 -3.013203e-04
          -1.296139e-02 1.655469e-03 -1.210000e-03
          -1.296139e-02 1.655452e-03 -1.513033e-03
          -1.295284e-02 1.633295e-03 -1.816839e-03
          -1.295285e-02 1.633275e-03 -2.119874e-03
          -1.295286e-02 1.633256e-03 -2.422909e-03
          -1.295351e-02 1.631851e-03 -2.726294e-03
          -1.295351e-02 1.631832e-03 -3.029327e-03
          -1.295352e-02 1.631808e-03 -3.332360e-03
          -1.295352e-02 1.631777e-03 -3.635393e-03
          -1.295352e-02 1.631745e-03 -3.938426e-03
          -1.295353e-02 1.631712e-03 -4.241460e-03
          -1.295223e-02 1.345467e-03 -3.013149e-04
          -1.296146e-02 1.366172e-03 -1.209995e-03
          -1.295291e-02 1.344016e-03 -1.513801e-03
          -1.295291e-02 1.343996e-03 -1.816836e-03
          -1.295292e-02 1.343976e-03 -2.119871e-03
          -1.295293e-02 1.343956e-03 -2.422906e-03
          -1.295358e-02 1.342551e-03 -2.726291e-03
          -1.295358e-02 1.342532e-03 -3.029324e-03
          -1.295358e-02 1.342508e-03 -3.332358e-03
          -1.295359e-02 1.342477e-03 -3.635391e-03
          -1.295359e-02 1.342444e-03 -3.938424e-03
          -1.295359e-02 1.342410e-03 -4.241459e-03
          -1.295359e-02 1.342377e-03 -4.544493e-03
          -1.295231e-02 1.056170e-03 -3.013095e-04
          -1.295355e-02 1.054706e-03 -1.210705e-03
          -1.295355e-02 1.054686e-03 -1.513740e-03
          -1.295356e-02 1.054666e-03 -1.816776e-03
          -1.295356e-02 1.054646e-03 -2.119811e-03
          -1.295357e-02 1.054626e-03 -2.422846e-03
          -1.295365e-02 1.053251e-03 -2.726288e-03
          -1.295365e-02 1.053232e-03 -3.029322e-03
          -1.295365e-02 1.053208e-03 -3.332355e-03
          -1.295366e-02 1.053176e-03 -3.635389e-03
          -1.295366e-02 1.053142e-03 -3.938423e-03
          -1.295365e-02 1.053109e-03 -4.241458e-03
          -1.295365e-02 1.053075e-03 -4.544492e-03
          -1.295365e-02 1.053041e-03 -4.847527e-03
          -1.295238e-02 7.668716e-04 -3.013043e-04
          -1.295670e-02 7.655645e-04 -9.072653e-04
          -1.295685e-02 7.652345e-04 -1.210379e-03
          -1.295685e-02 7.652144e-04 -1.513415e-03
          -1.295686e-02 7.651942e-04 -1.816450e-03
          -1.295687e-02 7.651741e-04 -2.119485e-03
          -1.295687e-02 7.651540e-04 -2.422521e-03
          -1.295371e-02 7.639495e-04 -2.726285e-03
          -1.295372e-02 7.639301e-04 -3.029319e-03
          -1.295372e-02 7.639051e-04 -3.332353e-03
          -1.295372e-02 7.638728e-04 -3.635388e-03
          -1.295372e-02 7.638389e-04 -3.938422e-03
          -1.295371e-02 7.638050e-04 -4.241457e-03
          -1.295371e-02 7.637711e-04 -4.544491e-03
          -1.295371e-02 7.637372e-04 -4.847526e-03
          -1.295244e-02 4.775688e-04 -3.012994e-04
          -1.295965e-02 4.768332e-04 -6.037201e-04
          -1.295999e-02 4.760902e-04 -9.069388e-04
          -1.296014e-02 4.757600e-04 -1.210053e-03
          -1.296015e-02 4.757397e-04 -1.513088e-03
          -1.296016e-02 4.757194e-04 -1.816124e-03
          -1.296016e-02 4.756991e-04 -2.119159e-03
          -1.296017e-02 4.756788e-04 -2.422195e-03
          -1.295377e-02 4.746448e-04 -2.726282e-03
          -1.295377e-02 4.746247e-04 -3.029316e-03
          -1.295377e-02 4.745987e-04 -3.332351e-03
          -1.295377e-02 4.745662e-04 -3.635386e-03
          -1.295377e-02 4.745321e-04 -3.938420e-03
          -1.295377e-02 4.744981e-04 -4.241455e-03
          -1.295377e-02 4.744640e-04 -4.544490e-03
          -1.295377e-02 4.744300e-04 -4.847525e-03
          -1.295957e-02 1.878902e-04 -3.005896e-04
          -1.295974e-02 1.875263e-04 -6.037122e-04
          -1.296008e-02 1.867831e-04 -9.069310e-04
          -1.296023e-02 1.864527e-04 -1.210045e-03
          -1.296024e-02 1.864322e-04 -1.513081e-03
          -1.296024e-02 1.864118e-04 -1.816116e-03
          -1.296025e-02 1.863913e-04 -2.119152e-03
          -1.296025e-02 1.863708e-04 -2.422188e-03
          -1.295383e-02 1.853381e-04 -2.726279e-03
          -1.295383e-02 1.853168e-04 -3.029314e-03
          -1.295382e-02 1.852905e-04 -3.332349e-03
          -1.295382e-02 1.852579e-04 -3.635384e-03
          -1.295382e-02 1.852237e-04 -3.938418e-03
          -1.295382e-02 1.851894e-04 -4.241454e-03
          -1.295382e-02 1.851552e-04 -4.544488e-03
          -1.295382e-02 1.851210e-04 -4.847523e-03
          -1.296028e-02 -1.028131e-04 -3.009360e-04
          -1.296086e-02 -9.803649e-05 -6.041865e-04
          -1.297372e-02 -8.858259e-05 -2.422516e-03
          -1.296039e-02 -1.048512e-04 -2.725955e-03
          -1.296060e-02 -1.031044e-04 -3.029086e-03
          -1.296035e-02 -3.921443e-04 -3.009306e-04
          -1.296093e-02 -3.873678e-04 -6.041812e-04
          -1.297378e-02 -3.779146e-04 -2.422513e-03
          -1.296045e-02 -3.941831e-04 -2.725952e-03
          -1.296066e-02 -3.924362e-04 -3.029083e-03
          -1.296042e-02 -6.814756e-04 -3.009251e-04
          -1.296099e-02 -6.766991e-04 -6.041760e-04
          -1.296051e-02 -6.835150e-04 -2.725949e-03
          -1.296072e-02 -6.817679e-04 -3.029080e-03
          -1.296049e-02 -9.708067e-04 -3.009197e-04
          -1.296106e-02 -9.660304e-04 -6.041707e-04
          -1.296058e-02 -9.728468e-04 -2.725946e-03
          -1.296079e-02 -9.710997e-04 -3.029077e-03
          -1.296055e-02 -1.260138e-03 -3.009143e-04
          -1.296113e-02 -1.255362e-03 -6.041654e-04
          -1.296064e-02 -1.262179e-03 -2.725943e-03
          -1.296085e-02 -1.260431e-03 -3.029074e-03
          -1.296157e-02 -1.549320e-03 -3.007529e-04
          -1.296215e-02 -1.544543e-03 -6.040042e-04
          -1.296267e-02 -1.549112e-03 -2.725880e-03
          -1.296470e-02 -1.838164e-03 -3.002446e-04
          -1.296717e-02 -2.127104e-03 -2.998424e-04
          -1.296731e-02 -2.131051e-03 -3.028649e-03
          -1.296731e-02 -2.131076e-03 -3.331685e-03
          -1.296730e-02 -2.131106e-03 -3.634721e-03
          -1.296730e-02 -2.131137e-03 -3.937757e-03
          -1.296729e-02 -2.131169e-03 -4.240793e-03
          -1.296722e-02 -2.416423e-03 -2.998384e-04
          -1.296737e-02 -2.420351e-03 -2.725611e-03
          -1.296736e-02 -2.420372e-03 -3.028647e-03
          -1.296736e-02 -2.420396e-03 -3.331683e-03
          -1.296735e-02 -2.420426e-03 -3.634719e-03
          -1.296734e-02 -2.420457e-03 -3.937755e-03
          -1.296734e-02 -2.420489e-03 -4.240791e-03
          -1.296727e-02 -2.705772e-03 -2.998336e-04
          -1.296734e-02 -2.707795e-03 -2.421836e-03
          -1.296741e-02 -2.709697e-03 -2.725608e-03
          -1.296741e-02 -2.709717e-03 -3.028643e-03
          -1.296740e-02 -2.709741e-03 -3.331679e-03
          -1.296739e-02 -2.709770e-03 -3.634715e-03
          -1.296739e-02 -2.709801e-03 -3.937751e-03
          -1.296738e-02 -2.709832e-03 -4.240788e-03
          -1.296731e-02 -2.995138e-03 -2.998279e-04
          -1.296738e-02 -2.997138e-03 -2.118792e-03
          -1.296738e-02 -2.997156e-03 -2.421831e-03
          -1.296745e-02 -2.999057e-03 -2.725603e-03
          -1.296744e-02 -2.999077e-03 -3.028638e-03
          -1.296744e-02 -2.999100e-03 -3.331675e-03
          -1.296743e-02 -2.999129e-03 -3.634711e-03
          -1.296742e-02 -2.999159e-03 -3.937747e-03
          -1.296735e-02 -3.284503e-03 -2.998223e-04
          -1.296742e-02 -3.286482e-03 -1.815748e-03
          -1.296742e-02 -3.286499e-03 -2.118787e-03
          -1.296742e-02 -3.286517e-03 -2.421826e-03
          -1.296749e-02 -3.288418e-03 -2.725598e-03
          -1.296748e-02 -3.288436e-03 -3.028634e-03
          -1.296748e-02 -3.288459e-03 -3.331670e-03
          -1.296747e-02 -3.288488e-03 -3.634706e-03
          -1.296740e-02 -3.573869e-03 -2.998167e-04
          -1.296746e-02 -3.575826e-03 -1.512704e-03
          -1.296746e-02 -3.575843e-03 -1.815743e-03
          -1.296746e-02 -3.575860e-03 -2.118782e-03
          -1.296746e-02 -3.575877e-03 -2.421821e-03
          -1.296753e-02 -3.577778e-03 -2.725593e-03
          -1.296752e-02 -3.577796e-03 -3.028629e-03
          -1.296752e-02 -3.577819e-03 -3.331665e-03
          -1.296751e-02 -3.577847e-03 -3.634702e-03
          -1.296744e-02 -3.863235e-03 -2.998110e-04
          -1.296750e-02 -3.865188e-03 -1.512698e-03
          -1.296750e-02 -3.865205e-03 -1.815738e-03
          -1.296750e-02 -3.865222e-03 -2.118777e-03
          -1.296750e-02 -3.865239e-03 -2.421816e-03
          -1.296757e-02 -3.867139e-03 -2.725588e-03
          -1.296756e-02 -3.867156e-03 -3.028624e-03
          -1.296756e-02 -3.867178e-03 -3.331661e-03
          -1.296748e-02 -4.152600e-03 -2.998054e-04
          -1.296849e-02 -4.155796e-03 -1.209498e-03
          -1.296849e-02 -4.155812e-03 -1.512537e-03
          -1.296849e-02 -4.155829e-03 -1.815576e-03
          -1.296848e-02 -4.155845e-03 -2.118615e-03
          -1.296848e-02 -4.155862e-03 -2.421654e-03
          -1.296760e-02 -4.156498e-03 -2.725583e-03
          -1.296760e-02 -4.156515e-03 -3.028620e-03
          -1.296760e-02 -4.156537e-03 -3.331656e-03
          -1.296752e-02 -4.441960e-03 -2.998002e-04
          -1.297044e-02 -4.447275e-03 -9.059628e-04
          -1.297045e-02 -4.447731e-03 -1.209173e-03
          -1.297045e-02 -4.447747e-03 -1.512213e-03
          -1.297045e-02 -4.447763e-03 -1.815252e-03
          -1.297045e-02 -4.447780e-03 -2.118291e-03
          -1.297044e-02 -4.447796e-03 -2.421330e-03
          -1.296764e-02 -4.445854e-03 -2.725579e-03
          -1.296764e-02 -4.445870e-03 -3.028615e-03
          -1.296763e-02 -4.445888e-03 -3.331653e-03
          -1.296762e-02 -4.445909e-03 -3.634690e-03
          -1.296755e-02 -4.731313e-03 -2.997954e-04
          -1.297161e-02 -4.737180e-03 -6.023329e-04
          -1.297165e-02 -4.738200e-03 -9.057632e-04
          -1.297166e-02 -4.738655e-03 -1.208974e-03
          -1.297166e-02 -4.738671e-03 -1.512013e-03
          -1.297166e-02 -4.738687e-03 -1.815052e-03
          -1.297165e-02 -4.738703e-03 -2.118091e-03
          -1.297165e-02 -4.738720e-03 -2.421130e-03
          -1.296767e-02 -4.735204e-03 -2.725574e-03
          -1.296767e-02 -4.735219e-03 -3.028611e-03
          -1.296766e-02 -4.735235e-03 -3.331649e-03
          -1.296765e-02 -4.735256e-03 -3.634687e-03
          -1.297163e-02 -5.026078e-03 -2.991197e-04
          -1.297164e-02 -5.026531e-03 -6.023282e-04
          -1.297168e-02 -5.027550e-03 -9.057585e-04
          -1.297169e-02 -5.028006e-03 -1.208969e-03
          -1.297169e-02 -5.028021e-03 -1.512008e-03
          -1.297169e-02 -5.028037e-03 -1.815048e-03
          -1.297169e-02 -5.028053e-03 -2.118087e-03
          -1.297168e-02 -5.028069e-03 -2.421126e-03
          -1.296770e-02 -5.024552e-03 -2.725570e-03
          -1.296770e-02 -5.024565e-03 -3.028608e-03
          -1.296769e-02 -5.024580e-03 -3.331646e-03
          -1.296768e-02 -5.024601e-03 -3.634684e-03
          -1.296767e-02 -5.024622e-03 -3.937722e-03
          -1.296766e-02 -5.024643e-03 -4.240761e-03
          -1.297172e-02 -5.317329e-03 -2.998509e-04
          -1.297131e-02 -5.318533e-03 -2.725203e-03
          -1.297174e-02 -5.606701e-03 -2.998466e-04
          -1.297133e-02 -5.607899e-03 -2.725199e-03
          -1.297176e-02 -5.896073e-03 -2.998424e-04
          -1.297135e-02 -5.897266e-03 -2.725195e-03
          -1.297178e-02 -6.185445e-03 -2.998381e-04
          -1.297180e-02 -6.474818e-03 -2.998339e-04
          -1.323042e-02 1.002111e-02 -2.424127e-03
          -1.324535e-02 8.852093e-03 -9.285104e-07
          -1.324597e-02 8.565623e-03 -7.707830e-07
          -1.323464e-02 7.429243e-03 -1.514656e-03
          -1.323464e-02 7.429236e-03 -1.817686e-03
          -1.323465e-02 7.429230e-03 -2.120715e-03
          -1.323467e-02 7.139989e-03 -1.514653e-03
          -1.323467e-02 7.139983e-03 -1.817682e-03
          -1.323470e-02 6.850736e-03 -1.514649e-03
          -1.323793e-02 5.963996e-03 -3.026909e-04
          -1.323794e-02 5.963991e-03 -6.057211e-04
          -1.323896e-02 5.962749e-03 -2.726978e-03
          -1.323897e-02 5.962739e-03 -3.030009e-03
          -1.323796e-02 5.674727e-03 -3.026869e-04
          -1.323899e-02 5.673479e-03 -2.726974e-03
          -1.323900e-02 5.673469e-03 -3.030005e-03
          -1.323900e-02 5.673456e-03 -3.333037e-03
          -1.323901e-02 5.673440e-03 -3.636069e-03
          -1.323902e-02 5.384209e-03 -2.726971e-03
          -1.323903e-02 5.384196e-03 -3.030003e-03
          -1.323904e-02 5.384182e-03 -3.333035e-03
          -1.323904e-02 5.384166e-03 -3.636067e-03
          -1.323905e-02 5.384145e-03 -3.939098e-03
          -1.323906e-02 5.384124e-03 -4.242130e-03
          -1.323907e-02 5.384102e-03 -4.545161e-03
          -1.324343e-02 5.100468e-03 -3.020460e-04
          -1.324348e-02 4.811208e-03 -3.020421e-04
          -1.324348e-02 4.811202e-03 -6.050726e-04
          -1.324555e-02 4.831968e-03 -2.423451e-03
          -1.324418e-02 4.809745e-03 -2.726639e-03
          -1.324654e-02 4.826142e-03 -4.848034e-03
          -1.324353e-02 4.521948e-03 -3.020383e-04
          -1.324353e-02 4.521941e-03 -6.050689e-04
          -1.324559e-02 4.542716e-03 -2.120418e-03
          -1.324560e-02 4.542703e-03 -2.423449e-03
          -1.324423e-02 4.520479e-03 -2.726638e-03
          -1.324424e-02 4.520465e-03 -3.029670e-03
          -1.324659e-02 4.536868e-03 -4.848033e-03
          -1.324358e-02 4.232688e-03 -3.020344e-04
          -1.324358e-02 4.232681e-03 -6.050652e-04
          -1.324563e-02 4.253465e-03 -1.817384e-03
          -1.324564e-02 4.253451e-03 -2.120416e-03
          -1.324565e-02 4.253437e-03 -2.423448e-03
          -1.324428e-02 4.231213e-03 -2.726636e-03
          -1.324429e-02 4.231198e-03 -3.029669e-03
          -1.324373e-02 3.943559e-03 -3.020144e-04
          -1.324374e-02 3.943551e-03 -6.050454e-04
          -1.324564e-02 3.964282e-03 -1.514341e-03
          -1.324565e-02 3.964267e-03 -1.817373e-03
          -1.324566e-02 3.964253e-03 -2.120406e-03
          -1.324567e-02 3.964238e-03 -2.423438e-03
          -1.324436e-02 3.942476e-03 -2.726631e-03
          -1.324437e-02 3.942461e-03 -3.029663e-03
          -1.324572e-02 3.656688e-03 -3.017133e-04
          -1.324572e-02 3.656680e-03 -6.047444e-04
          -1.324511e-02 3.676215e-03 -1.514183e-03
          -1.324511e-02 3.676200e-03 -1.817215e-03
          -1.324512e-02 3.676186e-03 -2.120248e-03
          -1.324513e-02 3.676171e-03 -2.423280e-03
          -1.324455e-02 3.388171e-03 -1.514021e-03
          -1.324456e-02 3.388156e-03 -1.817054e-03
          -1.324457e-02 3.388140e-03 -2.120086e-03
          -1.324458e-02 3.388125e-03 -2.423118e-03
          -1.324444e-02 3.099202e-03 -1.513979e-03
          -1.324445e-02 3.099187e-03 -1.817011e-03
          -1.324446e-02 3.099171e-03 -2.120044e-03
          -1.324447e-02 3.099156e-03 -2.423076e-03
          -1.324821e-02 2.791814e-03 -3.013367e-04
          -1.324450e-02 2.809895e-03 -2.120042e-03
          -1.324450e-02 2.809879e-03 -2.423074e-03
          -1.324957e-02 2.788909e-03 -3.029333e-03
          -1.324826e-02 2.502532e-03 -3.013331e-04
          -1.324827e-02 2.502521e-03 -6.043658e-04
          -1.325560e-02 2.518997e-03 -1.210098e-03
          -1.325749e-02 2.523230e-03 -1.513045e-03
          -1.325750e-02 2.523214e-03 -1.816077e-03
          -1.325751e-02 2.523198e-03 -2.119110e-03
          -1.324961e-02 2.499641e-03 -2.726298e-03
          -1.324962e-02 2.499624e-03 -3.029331e-03
          -1.324962e-02 2.499608e-03 -3.332364e-03
          -1.324833e-02 2.213235e-03 -3.013278e-04
          -1.324834e-02 2.213223e-03 -6.043606e-04
          -1.325567e-02 2.229700e-03 -1.210093e-03
          -1.325756e-02 2.233932e-03 -1.513040e-03
          -1.325757e-02 2.233916e-03 -1.816073e-03
          -1.325758e-02 2.233900e-03 -2.119106e-03
          -1.324968e-02 2.210340e-03 -2.726295e-03
          -1.324969e-02 2.210324e-03 -3.029328e-03
          -1.324840e-02 1.923938e-03 -3.013224e-04
          -1.324841e-02 1.923926e-03 -6.043554e-04
          -1.325763e-02 1.944634e-03 -1.513035e-03
          -1.325764e-02 1.944618e-03 -1.816068e-03
          -1.324909e-02 1.922462e-03 -2.119873e-03
          -1.324910e-02 1.922443e-03 -2.422908e-03
          -1.324975e-02 1.921040e-03 -2.726293e-03
          -1.324975e-02 1.921023e-03 -3.029326e-03
          -1.324976e-02 1.921006e-03 -3.332359e-03
          -1.324847e-02 1.634640e-03 -3.013171e-04
          -1.324848e-02 1.634628e-03 -6.043501e-04
          -1.325770e-02 1.655337e-03 -1.513030e-03
          -1.324915e-02 1.633180e-03 -1.816835e-03
          -1.324916e-02 1.633161e-03 -2.119870e-03
          -1.324916e-02 1.633143e-03 -2.422905e-03
          -1.324982e-02 1.631739e-03 -2.726290e-03
          -1.324982e-02 1.631722e-03 -3.029323e-03
          -1.324982e-02 1.631705e-03 -3.332356e-03
          -1.324855e-02 1.345343e-03 -3.013118e-04
          -1.324855e-02 1.345331e-03 -6.043449e-04
          -1.324986e-02 1.343865e-03 -1.513733e-03
          -1.324986e-02 1.343846e-03 -1.816768e-03
          -1.324987e-02 1.343827e-03 -2.119803e-03
          -1.324987e-02 1.343808e-03 -2.422838e-03
          -1.324989e-02 1.342438e-03 -2.726287e-03
          -1.324989e-02 1.342421e-03 -3.029320e-03
          -1.324989e-02 1.342404e-03 -3.332354e-03
          -1.324990e-02 1.342381e-03 -3.635387e-03
          -1.324861e-02 1.056043e-03 -3.013067e-04
          -1.324862e-02 1.056030e-03 -6.043399e-04
          -1.325302e-02 1.054695e-03 -1.210300e-03
          -1.325316e-02 1.054392e-03 -1.513407e-03
          -1.325316e-02 1.054373e-03 -1.816442e-03
          -1.325317e-02 1.054354e-03 -2.119478e-03
          -1.325317e-02 1.054335e-03 -2.422513e-03
          -1.324995e-02 1.053136e-03 -2.726284e-03
          -1.324995e-02 1.053118e-03 -3.029317e-03
          -1.324995e-02 1.053101e-03 -3.332351e-03
          -1.324996e-02 1.053077e-03 -3.635385e-03
          -1.324867e-02 7.667386e-04 -3.013018e-04
          -1.324867e-02 7.667261e-04 -6.043352e-04
          -1.325593e-02 7.659765e-04 -9.067556e-04
          -1.325628e-02 7.652211e-04 -1.209977e-03
          -1.325642e-02 7.649183e-04 -1.513084e-03
          -1.325642e-02 7.648990e-04 -1.816120e-03
          -1.325643e-02 7.648797e-04 -2.119155e-03
          -1.325643e-02 7.648603e-04 -2.422190e-03
          -1.325000e-02 7.638298e-04 -2.726280e-03
          -1.325001e-02 7.638123e-04 -3.029314e-03
          -1.325001e-02 7.637941e-04 -3.332348e-03
          -1.325001e-02 7.637698e-04 -3.635383e-03
          -1.325001e-02 7.637391e-04 -3.938417e-03
          -1.325001e-02 7.637070e-04 -4.241452e-03
          -1.324872e-02 4.774324e-04 -3.012972e-04
          -1.325581e-02 4.770462e-04 -6.036256e-04
          -1.325598e-02 4.766701e-04 -9.067512e-04
          -1.325633e-02 4.759146e-04 -1.209973e-03
          -1.325647e-02 4.756116e-04 -1.513080e-03
          -1.325647e-02 4.755921e-04 -1.816115e-03
          -1.325648e-02 4.755727e-04 -2.119151e-03
          -1.325648e-02 4.755533e-04 -2.422186e-03
          -1.325006e-02 4.745225e-04 -2.726277e-03
          -1.325006e-02 4.745045e-04 -3.029311e-03
          -1.325006e-02 4.744850e-04 -3.332346e-03
          -1.325006e-02 4.744606e-04 -3.635380e-03
          -1.325006e-02 4.744297e-04 -3.938415e-03
          -1.325006e-02 4.743974e-04 -4.241450e-03
          -1.325005e-02 4.743651e-04 -4.544485e-03
          -1.325585e-02 1.877527e-04 -3.005874e-04
          -1.325586e-02 1.877399e-04 -6.036210e-04
          -1.325603e-02 1.873637e-04 -9.067467e-04
          -1.325638e-02 1.866081e-04 -1.209969e-03
          -1.325652e-02 1.863049e-04 -1.513076e-03
          -1.325653e-02 1.862853e-04 -1.816111e-03
          -1.325653e-02 1.862658e-04 -2.119147e-03
          -1.325654e-02 1.862462e-04 -2.422182e-03
          -1.325011e-02 1.852150e-04 -2.726273e-03
          -1.325011e-02 1.851956e-04 -3.029308e-03
          -1.325011e-02 1.851760e-04 -3.332343e-03
          -1.325011e-02 1.851514e-04 -3.635378e-03
          -1.325011e-02 1.851203e-04 -3.938413e-03
          -1.325010e-02 1.850879e-04 -4.241448e-03
          -1.325010e-02 1.850554e-04 -4.544483e-03
          -1.325010e-02 1.850229e-04 -4.847518e-03
          -1.325656e-02 -1.029503e-04 -3.009339e-04
          -1.325657e-02 -1.029632e-04 -6.039676e-04
          -1.327000e-02 -8.870694e-05 -2.422510e-03
          -1.325667e-02 -1.049740e-04 -2.725949e-03
          -1.325667e-02 -1.049934e-04 -3.028984e-03
          -1.325663e-02 -3.922799e-04 -3.009286e-04
          -1.325663e-02 -3.922929e-04 -6.039624e-04
          -1.327006e-02 -3.780374e-04 -2.422507e-03
          -1.325673e-02 -3.943045e-04 -2.725946e-03
          -1.325673e-02 -3.943238e-04 -3.028982e-03
          -1.325669e-02 -6.816095e-04 -3.009232e-04
          -1.325670e-02 -6.816227e-04 -6.039572e-04
          -1.327012e-02 -6.673479e-04 -2.119467e-03
          -1.327012e-02 -6.673679e-04 -2.422504e-03
          -1.325679e-02 -6.836349e-04 -2.725943e-03
          -1.325679e-02 -6.836541e-04 -3.028979e-03
          -1.325676e-02 -9.709391e-04 -3.009179e-04
          -1.325676e-02 -9.709523e-04 -6.039521e-04
          -1.325685e-02 -9.729653e-04 -2.725941e-03
          -1.325685e-02 -9.729844e-04 -3.028976e-03
          -1.325796e-02 -1.260090e-03 -3.007264e-04
          -1.325796e-02 -1.260103e-03 -6.037608e-04
          -1.326096e-02 -1.548952e-03 -3.002384e-04
          -1.326096e-02 -1.548965e-03 -6.032729e-04
          -1.326337e-02 -1.837899e-03 -2.998463e-04
          -1.326338e-02 -1.837913e-03 -6.028810e-04
          -1.327047e-02 -1.821071e-03 -1.815077e-03
          -1.327047e-02 -1.821092e-03 -2.118115e-03
          -1.327047e-02 -1.821112e-03 -2.421153e-03
          -1.326352e-02 -1.841850e-03 -3.331683e-03
          -1.326342e-02 -2.127216e-03 -2.998417e-04
          -1.327052e-02 -2.110411e-03 -2.118113e-03
          -1.327052e-02 -2.110432e-03 -2.421151e-03
          -1.326357e-02 -2.131150e-03 -3.028645e-03
          -1.326357e-02 -2.131169e-03 -3.331680e-03
          -1.326347e-02 -2.416534e-03 -2.998378e-04
          -1.327057e-02 -2.399730e-03 -2.118110e-03
          -1.327057e-02 -2.399751e-03 -2.421148e-03
          -1.326362e-02 -2.420451e-03 -2.725607e-03
          -1.326362e-02 -2.420470e-03 -3.028643e-03
          -1.326361e-02 -2.420488e-03 -3.331678e-03
          -1.327806e-02 -2.699345e-03 -1.511061e-03
          -1.327806e-02 -2.699366e-03 -1.814099e-03
          -1.327806e-02 -2.699386e-03 -2.117138e-03
          -1.326366e-02 -2.709795e-03 -2.725603e-03
          -1.326366e-02 -2.709813e-03 -3.028639e-03
          -1.326370e-02 -2.999154e-03 -2.725598e-03
          -1.326676e-02 -4.158195e-03 -1.208992e-03
          -1.326677e-02 -4.158633e-03 -1.512195e-03
          -1.326785e-02 -4.448963e-03 -1.208812e-03
          -1.326786e-02 -4.449400e-03 -1.512015e-03
          -1.326786e-02 -4.449416e-03 -1.815054e-03
          -1.326795e-02 -5.317405e-03 -2.998522e-04
          -1.352677e-02 1.002108e-02 -2.424125e-03
          -1.352678e-02 9.731824e-03 -2.121094e-03
          -1.352678e-02 9.731819e-03 -2.424123e-03
          -1.354171e-02 9.141369e-03 -9.254277e-07
          -1.354232e-02 8.854896e-03 -7.676927e-07
          -1.354259e-02 8.566822e-03 -6.994289e-07
          -1.353160e-02 7.425479e-03 -1.514689e-03
          -1.353099e-02 7.429181e-03 -1.817684e-03
          -1.353099e-02 7.429175e-03 -2.120714e-03
          -1.353163e-02 7.136223e-03 -1.514685e-03
          -1.353102e-02 7.139925e-03 -1.817681e-03
          -1.353537e-02 5.384126e-03 -2.726968e-03
          -1.353537e-02 5.384114e-03 -3.030000e-03
          -1.354189e-02 4.831881e-03 -2.423448e-03
          -1.354287e-02 4.826072e-03 -4.848033e-03
          -1.354193e-02 4.542627e-03 -2.120415e-03
          -1.354194e-02 4.542614e-03 -2.423447e-03
          -1.354291e-02 4.536824e-03 -4.544999e-03
          -1.354292e-02 4.536798e-03 -4.848032e-03
          -1.354193e-02 4.253467e-03 -1.817369e-03
          -1.354193e-02 4.253454e-03 -2.120401e-03
          -1.354194e-02 4.253440e-03 -2.423433e-03
          -1.354136e-02 3.965452e-03 -1.817204e-03
          -1.354137e-02 3.965438e-03 -2.120236e-03
          -1.354138e-02 3.965425e-03 -2.423268e-03
          -1.354082e-02 3.677379e-03 -1.817045e-03
          -1.354083e-02 3.677365e-03 -2.120078e-03
          -1.354083e-02 3.677350e-03 -2.423110e-03
          -1.354197e-02 3.672976e-03 -3.029519e-03
          -1.354198e-02 3.672963e-03 -3.332552e-03
          -1.354073e-02 3.388355e-03 -1.817010e-03
          -1.354074e-02 3.388341e-03 -2.120043e-03
          -1.354075e-02 3.388326e-03 -2.423075e-03
          -1.354211e-02 3.385510e-03 -2.726472e-03
          -1.354212e-02 3.385496e-03 -3.029504e-03
          -1.354077e-02 3.099078e-03 -1.817008e-03
          -1.354078e-02 3.099063e-03 -2.120041e-03
          -1.354078e-02 3.099048e-03 -2.423073e-03
          -1.354215e-02 3.096231e-03 -2.726470e-03
          -1.354081e-02 2.809800e-03 -1.817006e-03
          -1.354081e-02 2.809785e-03 -2.120038e-03
          -1.354082e-02 2.809770e-03 -2.423071e-03
          -1.355201e-02 2.519066e-03 -1.513123e-03
          -1.355382e-02 2.523102e-03 -1.816074e-03
          -1.355382e-02 2.523087e-03 -2.119107e-03
          -1.355208e-02 2.229767e-03 -1.513118e-03
          -1.355388e-02 2.233803e-03 -1.816069e-03
          -1.355389e-02 2.233788e-03 -2.119102e-03
          -1.355215e-02 1.940468e-03 -1.513113e-03
          -1.355395e-02 1.944504e-03 -1.816064e-03
          -1.355222e-02 1.651169e-03 -1.513108e-03
          -1.354496e-02 7.666034e-04 -3.012996e-04
          -1.354496e-02 7.665917e-04 -6.043327e-04
          -1.354629e-02 7.637085e-04 -2.726275e-03
          -1.354501e-02 4.772961e-04 -3.012950e-04
          -1.354634e-02 4.744003e-04 -2.726271e-03
          -1.354634e-02 4.743840e-04 -3.029305e-03
          -1.354634e-02 4.743666e-04 -3.332340e-03
          -1.354639e-02 1.850919e-04 -2.726267e-03
          -1.354639e-02 1.850742e-04 -3.029302e-03
          -1.354639e-02 1.850566e-04 -3.332338e-03
          -1.354639e-02 1.850387e-04 -3.635373e-03
          -1.354639e-02 1.850157e-04 -3.938408e-03
          -1.355284e-02 -1.030876e-04 -3.009318e-04
          -1.355285e-02 -1.030996e-04 -6.039653e-04
          -1.355285e-02 -1.031116e-04 -9.069987e-04
          -1.355514e-02 -8.419456e-05 -2.119995e-03
          -1.356628e-02 -8.883129e-05 -2.422505e-03
          -1.355295e-02 -1.050969e-04 -2.725944e-03
          -1.355291e-02 -3.924155e-04 -3.009266e-04
          -1.355291e-02 -3.924277e-04 -6.039602e-04
          -1.355292e-02 -3.924398e-04 -9.069938e-04
          -1.356417e-02 -3.772398e-04 -2.119568e-03
          -1.356634e-02 -3.781603e-04 -2.422502e-03
          -1.355301e-02 -3.944258e-04 -2.725941e-03
          -1.356488e-02 -3.837889e-04 -4.847690e-03
          -1.355297e-02 -6.817435e-04 -3.009213e-04
          -1.355298e-02 -6.817558e-04 -6.039551e-04
          -1.355298e-02 -6.817681e-04 -9.069889e-04
          -1.356640e-02 -6.674701e-04 -2.119462e-03
          -1.356640e-02 -6.674893e-04 -2.422499e-03
          -1.355307e-02 -6.837548e-04 -2.725938e-03
          -1.355429e-02 -9.708733e-04 -3.007099e-04
          -1.356648e-02 -9.560834e-04 -1.816160e-03
          -1.356648e-02 -9.561028e-04 -2.119197e-03
          -1.356648e-02 -9.561221e-04 -2.422234e-03
          -1.356659e-02 -1.243778e-03 -1.815545e-03
          -1.356659e-02 -1.243798e-03 -2.118582e-03
          -1.356659e-02 -1.243817e-03 -2.421619e-03
          -1.356668e-02 -1.531859e-03 -1.815076e-03
          -1.356668e-02 -1.531878e-03 -2.118113e-03
          -1.356668e-02 -1.531898e-03 -2.421151e-03
          -1.356656e-02 -1.535479e-03 -2.725527e-03
          -1.356656e-02 -1.535497e-03 -3.028562e-03
          -1.356656e-02 -1.535514e-03 -3.331598e-03
          -1.356673e-02 -1.821176e-03 -1.815073e-03
          -1.356673e-02 -1.821196e-03 -2.118111e-03
          -1.356673e-02 -1.821216e-03 -2.421149e-03
          -1.356661e-02 -1.824814e-03 -3.028560e-03
          -1.356677e-02 -2.110494e-03 -1.815071e-03
          -1.356677e-02 -2.110514e-03 -2.118109e-03
          -1.356677e-02 -2.110534e-03 -2.421146e-03
          -1.356682e-02 -2.399812e-03 -1.815068e-03
          -1.356682e-02 -2.399832e-03 -2.118106e-03
          -1.356682e-02 -2.399852e-03 -2.421144e-03
          -1.357431e-02 -2.699466e-03 -1.814096e-03
          -1.357430e-02 -2.699486e-03 -2.117134e-03
          -1.357434e-02 -2.988828e-03 -1.814090e-03
          -1.382312e-02 1.002105e-02 -2.424124e-03
          -1.382478e-02 1.001857e-02 -4.848317e-03
          -1.382313e-02 9.731792e-03 -2.121093e-03
          -1.382313e-02 9.731787e-03 -2.424122e-03
          -1.383809e-02 9.430763e-03 -9.158280e-07
          -1.382278e-02 9.442884e-03 -2.121177e-03
          -1.382278e-02 9.442880e-03 -2.424206e-03
          -1.383870e-02 9.144289e-03 -7.580853e-07
          -1.382232e-02 9.154076e-03 -2.121285e-03
          -1.382233e-02 9.154071e-03 -2.424314e-03
          -1.383893e-02 8.856038e-03 -6.995937e-07
          -1.382212e-02 8.865015e-03 -2.121334e-03
          -1.382213e-02 8.865010e-03 -2.424363e-03
          -1.382213e-02 8.575744e-03 -2.121332e-03
          -1.382214e-02 8.575739e-03 -2.424361e-03
          -1.382789e-02 7.425779e-03 -1.817713e-03
          -1.382734e-02 7.429119e-03 -2.120712e-03
          -1.382793e-02 7.136521e-03 -1.817709e-03
          -1.383823e-02 4.831794e-03 -2.423445e-03
          -1.383921e-02 4.826002e-03 -4.848031e-03
          -1.383819e-02 4.542711e-03 -2.120389e-03
          -1.383819e-02 4.542699e-03 -2.423421e-03
          -1.383942e-02 4.535981e-03 -4.544967e-03
          -1.383943e-02 4.535956e-03 -4.848000e-03
          -1.383835e-02 4.251160e-03 -1.817093e-03
          -1.383765e-02 4.254641e-03 -2.120231e-03
          -1.383765e-02 4.254628e-03 -2.423263e-03
          -1.383780e-02 3.963086e-03 -1.816935e-03
          -1.383708e-02 3.966619e-03 -2.120066e-03
          -1.383708e-02 3.966606e-03 -2.423098e-03
          -1.383828e-02 3.962590e-03 -2.726482e-03
          -1.383828e-02 3.962578e-03 -3.029515e-03
          -1.383829e-02 3.962566e-03 -3.332547e-03
          -1.383829e-02 3.962553e-03 -3.635580e-03
          -1.383775e-02 3.673980e-03 -1.816910e-03
          -1.383703e-02 3.677513e-03 -2.120041e-03
          -1.383703e-02 3.677499e-03 -2.423074e-03
          -1.383840e-02 3.674685e-03 -2.726470e-03
          -1.383840e-02 3.674672e-03 -3.029503e-03
          -1.383841e-02 3.674660e-03 -3.332536e-03
          -1.383779e-02 3.384701e-03 -1.816907e-03
          -1.383706e-02 3.388234e-03 -2.120039e-03
          -1.383707e-02 3.388220e-03 -2.423072e-03
          -1.383843e-02 3.385405e-03 -2.726468e-03
          -1.383844e-02 3.385392e-03 -3.029501e-03
          -1.383782e-02 3.095422e-03 -1.816905e-03
          -1.383710e-02 3.098954e-03 -2.120037e-03
          -1.383710e-02 3.098940e-03 -2.423070e-03
          -1.383847e-02 3.096125e-03 -2.726467e-03
          -1.383786e-02 2.806143e-03 -1.816903e-03
          -1.383713e-02 2.809675e-03 -2.120035e-03
          -1.383714e-02 2.809660e-03 -2.423068e-03
          -1.384834e-02 2.518939e-03 -1.816152e-03
          -1.385014e-02 2.522975e-03 -2.119103e-03
          -1.384840e-02 2.229639e-03 -1.816147e-03
          -1.385021e-02 2.233675e-03 -2.119098e-03
          -1.384847e-02 1.940339e-03 -1.816143e-03
          -1.385142e-02 -8.431980e-05 -2.119990e-03
          -1.386256e-02 -8.895565e-05 -2.422499e-03
          -1.386044e-02 -3.773636e-04 -2.119562e-03
          -1.386262e-02 -3.782832e-04 -2.422496e-03
          -1.386116e-02 -3.838856e-04 -4.847685e-03
          -1.386270e-02 -6.667942e-04 -2.119157e-03
          -1.386270e-02 -6.668126e-04 -2.422194e-03
          -1.386142e-02 -9.577717e-04 -1.815495e-03
          -1.386281e-02 -9.545555e-04 -2.118567e-03
          -1.386281e-02 -9.545740e-04 -2.421604e-03
          -1.386151e-02 -1.245952e-03 -1.815065e-03
          -1.386289e-02 -1.242668e-03 -2.118112e-03
          -1.386289e-02 -1.242687e-03 -2.421148e-03
          -1.386278e-02 -1.246267e-03 -2.725524e-03
          -1.386277e-02 -1.246283e-03 -3.028560e-03
          -1.386277e-02 -1.246298e-03 -3.331595e-03
          -1.386277e-02 -1.246314e-03 -3.634630e-03
          -1.386155e-02 -1.535268e-03 -1.815063e-03
          -1.386294e-02 -1.531985e-03 -2.118109e-03
          -1.386294e-02 -1.532003e-03 -2.421146e-03
          -1.386282e-02 -1.535583e-03 -2.725522e-03
          -1.386282e-02 -1.535599e-03 -3.028557e-03
          -1.386282e-02 -1.535615e-03 -3.331593e-03
          -1.386160e-02 -1.824584e-03 -1.815060e-03
          -1.386298e-02 -1.821301e-03 -2.118107e-03
          -1.386298e-02 -1.821320e-03 -2.421144e-03
          -1.386286e-02 -1.824900e-03 -2.725520e-03
          -1.386286e-02 -1.824915e-03 -3.028555e-03
          -1.386164e-02 -2.113901e-03 -1.815058e-03
          -1.386303e-02 -2.110617e-03 -2.118104e-03
          -1.386303e-02 -2.110636e-03 -2.421142e-03
          -1.386291e-02 -2.114216e-03 -2.725518e-03
          -1.386169e-02 -2.403217e-03 -1.815055e-03
          -1.386307e-02 -2.399933e-03 -2.118102e-03
          -1.386307e-02 -2.399953e-03 -2.421140e-03
          -1.387056e-02 -2.699586e-03 -2.117130e-03
          -1.411947e-02 1.002102e-02 -2.424122e-03
          -1.412112e-02 1.001855e-02 -4.848317e-03
          -1.413445e-02 9.720103e-03 -9.094863e-07
          -1.412055e-02 9.730636e-03 -2.121108e-03
          -1.411909e-02 9.732137e-03 -2.424213e-03
          -1.413507e-02 9.433627e-03 -7.517359e-07
          -1.412009e-02 9.441824e-03 -2.121216e-03
          -1.411866e-02 9.443306e-03 -2.424317e-03
          -1.413527e-02 9.145258e-03 -6.997584e-07
          -1.411992e-02 9.152733e-03 -2.121258e-03
          -1.411846e-02 9.154234e-03 -2.424364e-03
          -1.411951e-02 9.153208e-03 -2.727146e-03
          -1.411951e-02 9.153204e-03 -3.030177e-03
          -1.411951e-02 9.153199e-03 -3.333207e-03
          -1.411952e-02 9.153195e-03 -3.636237e-03
          -1.411848e-02 8.864962e-03 -2.424362e-03
          -1.411952e-02 8.863936e-03 -2.727144e-03
          -1.411952e-02 8.863931e-03 -3.030175e-03
          -1.411953e-02 8.863927e-03 -3.333205e-03
          -1.411849e-02 8.575690e-03 -2.424360e-03
          -1.411953e-02 8.574664e-03 -2.727142e-03
          -1.411953e-02 8.574659e-03 -3.030173e-03
          -1.411954e-02 8.574655e-03 -3.333203e-03
          -1.411850e-02 8.286417e-03 -2.424358e-03
          -1.411851e-02 7.997145e-03 -2.424356e-03
          -1.411852e-02 7.707873e-03 -2.424354e-03
          -1.412425e-02 7.425717e-03 -2.120741e-03
          -1.412554e-02 5.112712e-03 -2.423653e-03
          -1.413446e-02 4.831933e-03 -2.423413e-03
          -1.413577e-02 4.824923e-03 -4.847990e-03
          -1.413456e-02 4.540699e-03 -2.120130e-03
          -1.413391e-02 4.543887e-03 -2.423252e-03
          -1.413399e-02 4.252675e-03 -2.119965e-03
          -1.413336e-02 4.255810e-03 -2.423094e-03
          -1.413461e-02 4.252403e-03 -2.726476e-03
          -1.413461e-02 4.252393e-03 -3.029509e-03
          -1.413462e-02 4.252382e-03 -3.332542e-03
          -1.413462e-02 4.252371e-03 -3.635574e-03
          -1.413463e-02 4.252361e-03 -3.938607e-03
          -1.413398e-02 3.963488e-03 -2.119951e-03
          -1.413332e-02 3.966676e-03 -2.423072e-03
          -1.413469e-02 3.963862e-03 -2.726469e-03
          -1.413469e-02 3.963852e-03 -3.029502e-03
          -1.413470e-02 3.963841e-03 -3.332535e-03
          -1.413470e-02 3.963831e-03 -3.635567e-03
          -1.413401e-02 3.674207e-03 -2.119948e-03
          -1.413336e-02 3.677394e-03 -2.423070e-03
          -1.413472e-02 3.674581e-03 -2.726467e-03
          -1.413473e-02 3.674570e-03 -3.029500e-03
          -1.413473e-02 3.674560e-03 -3.332533e-03
          -1.413405e-02 3.384926e-03 -2.119946e-03
          -1.413339e-02 3.388113e-03 -2.423068e-03
          -1.413476e-02 3.385300e-03 -2.726465e-03
          -1.413476e-02 3.385289e-03 -3.029498e-03
          -1.413408e-02 3.095645e-03 -2.119944e-03
          -1.413342e-02 3.098832e-03 -2.423066e-03
          -1.413479e-02 3.096018e-03 -2.726463e-03
          -1.413411e-02 2.806364e-03 -2.119942e-03
          -1.413346e-02 2.809551e-03 -2.423064e-03
          -1.414483e-02 2.519208e-03 -2.119174e-03
          -1.414284e-02 2.513468e-03 -2.422459e-03
          -1.414490e-02 2.229907e-03 -2.119169e-03
          -1.414730e-02 -8.778982e-05 -2.119833e-03
          -1.415884e-02 -8.908000e-05 -2.422494e-03
          -1.414729e-02 -9.060781e-05 -4.847987e-03
          -1.415603e-02 -3.798555e-04 -2.119211e-03
          -1.415893e-02 -3.775739e-04 -2.422178e-03
          -1.414989e-02 -3.808545e-04 -4.544597e-03
          -1.415619e-02 -3.867051e-04 -4.847487e-03
          -1.415778e-02 -6.682287e-04 -2.118518e-03
          -1.415903e-02 -6.652657e-04 -2.421563e-03
          -1.415508e-02 -6.706492e-04 -4.240945e-03
          -1.415786e-02 -9.564415e-04 -2.118101e-03
          -1.415911e-02 -9.534788e-04 -2.421146e-03
          -1.415899e-02 -9.570573e-04 -2.725522e-03
          -1.415899e-02 -9.570714e-04 -3.028557e-03
          -1.415899e-02 -9.570856e-04 -3.331592e-03
          -1.415899e-02 -9.570997e-04 -3.634628e-03
          -1.415899e-02 -9.571139e-04 -3.937663e-03
          -1.415790e-02 -1.245756e-03 -2.118099e-03
          -1.415915e-02 -1.242794e-03 -2.421144e-03
          -1.415903e-02 -1.246372e-03 -2.725520e-03
          -1.415903e-02 -1.246386e-03 -3.028555e-03
          -1.415903e-02 -1.246400e-03 -3.331590e-03
          -1.415903e-02 -1.246415e-03 -3.634626e-03
          -1.415794e-02 -1.535071e-03 -2.118097e-03
          -1.415919e-02 -1.532109e-03 -2.421142e-03
          -1.415908e-02 -1.535687e-03 -2.725518e-03
          -1.415908e-02 -1.535701e-03 -3.028553e-03
          -1.415908e-02 -1.535715e-03 -3.331588e-03
          -1.415799e-02 -1.824386e-03 -2.118094e-03
          -1.415924e-02 -1.821424e-03 -2.421140e-03
          -1.415912e-02 -1.825002e-03 -2.725515e-03
          -1.415912e-02 -1.825016e-03 -3.028551e-03
          -1.415803e-02 -2.113701e-03 -2.118092e-03
          -1.415928e-02 -2.110739e-03 -2.421138e-03
          -1.415916e-02 -2.114317e-03 -2.725513e-03
          -1.415807e-02 -2.403015e-03 -2.118090e-03
          -1.415932e-02 -2.400054e-03 -2.421135e-03
          -1.416424e-02 -2.700850e-03 -2.117288e-03
          -1.416913e-02 -5.316986e-03 -2.420874e-03
          -1.416984e-02 -5.894325e-03 -2.419589e-03
          -1.443079e-02 1.000933e-02 -9.174383e-07
          -1.441674e-02 1.001978e-02 -2.424162e-03
          -1.443425e-02 9.722720e-03 -7.597552e-07
          -1.441632e-02 9.730971e-03 -2.424264e-03
          -1.441712e-02 9.728917e-03 -2.727184e-03
          -1.441712e-02 9.728912e-03 -3.030214e-03
          -1.441713e-02 9.728906e-03 -3.333244e-03
          -1.441713e-02 9.728900e-03 -3.636274e-03
          -1.441714e-02 9.728894e-03 -3.939305e-03
          -1.441714e-02 9.728888e-03 -4.242335e-03
          -1.441616e-02 9.441889e-03 -2.424302e-03
          -1.441606e-02 9.442035e-03 -2.727151e-03
          -1.441607e-02 9.442029e-03 -3.030181e-03
          -1.441607e-02 9.442023e-03 -3.333211e-03
          -1.441608e-02 9.442017e-03 -3.636242e-03
          -1.441608e-02 9.442011e-03 -3.939272e-03
          -1.441618e-02 9.152637e-03 -2.424298e-03
          -1.441608e-02 9.152783e-03 -2.727147e-03
          -1.441609e-02 9.152777e-03 -3.030178e-03
          -1.441609e-02 9.152771e-03 -3.333208e-03
          -1.441610e-02 9.152765e-03 -3.636238e-03
          -1.441620e-02 8.863385e-03 -2.424295e-03
          -1.441610e-02 8.863531e-03 -2.727144e-03
          -1.441610e-02 8.863525e-03 -3.030174e-03
          -1.441611e-02 8.863519e-03 -3.333205e-03
          -1.441682e-02 8.862766e-03 -3.636223e-03
          -1.441621e-02 8.574133e-03 -2.424291e-03
          -1.441612e-02 8.574279e-03 -2.727140e-03
          -1.441612e-02 8.574273e-03 -3.030171e-03
          -1.441613e-02 8.574267e-03 -3.333201e-03
          -1.441623e-02 8.284880e-03 -2.424288e-03
          -1.441613e-02 8.285026e-03 -2.727137e-03
          -1.441614e-02 8.285020e-03 -3.030167e-03
          -1.441615e-02 7.995774e-03 -2.727133e-03
          -1.442322e-02 5.111241e-03 -2.423545e-03
          -1.443067e-02 4.829951e-03 -2.423180e-03
          -1.442904e-02 4.822711e-03 -4.544778e-03
          -1.443014e-02 4.541889e-03 -2.423020e-03
          -1.443089e-02 4.541125e-03 -2.726469e-03
          -1.443090e-02 4.541111e-03 -3.029503e-03
          -1.443091e-02 4.541097e-03 -3.332537e-03
          -1.443091e-02 4.541084e-03 -3.635570e-03
          -1.443092e-02 4.541070e-03 -3.938604e-03
          -1.443093e-02 4.541056e-03 -4.241638e-03
          -1.443016e-02 4.252689e-03 -2.423008e-03
          -1.443098e-02 4.252388e-03 -2.726462e-03
          -1.443098e-02 4.252374e-03 -3.029495e-03
          -1.443099e-02 4.252360e-03 -3.332529e-03
          -1.443100e-02 4.252346e-03 -3.635563e-03
          -1.443100e-02 4.252332e-03 -3.938597e-03
          -1.443021e-02 3.963424e-03 -2.423004e-03
          -1.443103e-02 3.963122e-03 -2.726458e-03
          -1.443103e-02 3.963108e-03 -3.029492e-03
          -1.443104e-02 3.963094e-03 -3.332526e-03
          -1.443105e-02 3.963079e-03 -3.635559e-03
          -1.443026e-02 3.674158e-03 -2.423000e-03
          -1.443108e-02 3.673856e-03 -2.726454e-03
          -1.443108e-02 3.673841e-03 -3.029488e-03
          -1.443109e-02 3.673827e-03 -3.332522e-03
          -1.443031e-02 3.384892e-03 -2.422996e-03
          -1.443113e-02 3.384590e-03 -2.726450e-03
          -1.443114e-02 3.384575e-03 -3.029484e-03
          -1.443036e-02 3.095626e-03 -2.422993e-03
          -1.443118e-02 3.095324e-03 -2.726447e-03
          -1.443041e-02 2.806360e-03 -2.422989e-03
          -1.444008e-02 2.513491e-03 -2.422307e-03
          -1.445376e-02 -9.112705e-05 -2.422168e-03
          -1.444608e-02 -9.158627e-05 -4.847638e-03
          -1.445389e-02 -3.788198e-04 -2.421552e-03
          -1.445101e-02 -3.835937e-04 -2.725628e-03
          -1.445101e-02 -3.836132e-04 -3.028666e-03
          -1.445101e-02 -3.836327e-04 -3.331704e-03
          -1.445101e-02 -3.836523e-04 -3.634741e-03
          -1.445101e-02 -3.836718e-04 -3.937779e-03
          -1.445102e-02 -3.836913e-04 -4.240817e-03
          -1.445131e-02 -3.812358e-04 -4.543989e-03
          -1.445399e-02 -6.671357e-04 -2.421171e-03
          -1.445482e-02 -6.683459e-04 -2.725511e-03
          -1.445482e-02 -6.683655e-04 -3.028549e-03
          -1.445483e-02 -6.683851e-04 -3.331587e-03
          -1.445483e-02 -6.684047e-04 -3.634624e-03
          -1.445483e-02 -6.684244e-04 -3.937662e-03
          -1.445483e-02 -6.684440e-04 -4.240700e-03
          -1.445406e-02 -9.564517e-04 -2.421167e-03
          -1.445489e-02 -9.576620e-04 -2.725507e-03
          -1.445489e-02 -9.576817e-04 -3.028545e-03
          -1.445489e-02 -9.577015e-04 -3.331583e-03
          -1.445489e-02 -9.577212e-04 -3.634621e-03
          -1.445489e-02 -9.577409e-04 -3.937659e-03
          -1.445412e-02 -1.245768e-03 -2.421163e-03
          -1.445495e-02 -1.246978e-03 -2.725504e-03
          -1.445496e-02 -1.246998e-03 -3.028541e-03
          -1.445496e-02 -1.247018e-03 -3.331579e-03
          -1.445496e-02 -1.247038e-03 -3.634617e-03
          -1.445419e-02 -1.535084e-03 -2.421159e-03
          -1.445502e-02 -1.536294e-03 -2.725500e-03
          -1.445502e-02 -1.536314e-03 -3.028538e-03
          -1.445502e-02 -1.536334e-03 -3.331576e-03
          -1.445425e-02 -1.824400e-03 -2.421156e-03
          -1.445509e-02 -1.825611e-03 -2.725496e-03
          -1.445509e-02 -1.825631e-03 -3.028534e-03
          -1.445432e-02 -2.113716e-03 -2.421152e-03
          -1.445515e-02 -2.114927e-03 -2.725492e-03
          -1.445439e-02 -2.403032e-03 -2.421148e-03
          -1.446502e-02 -5.895813e-03 -2.723914e-03
          -1.446502e-02 -5.895826e-03 -3.026955e-03
          -1.446501e-02 -5.895839e-03 -3.329996e-03
          -1.446501e-02 -5.895851e-03 -3.633037e-03
          -1.446501e-02 -5.895864e-03 -3.936078e-03
          -1.446505e-02 -6.185194e-03 -3.329992e-03
          -1.446505e-02 -6.185206e-03 -3.633033e-03
          -1.473007e-02 1.000931e-02 -9.959803e-07
          -1.473029e-02 9.720948e-03 -9.296724e-07
          -2.541030e-02 6.229968e-03 -1.015226e-06
          -9.363571e-03 9.442493e-03 -3.030740e-03
          -9.360249e-03 8.869817e-03 -1.212895e-03
          -9.362034e-03 8.868413e-03 -2.424718e-03
          -9.362575e-03 8.867943e-03 -2.727700e-03
          -9.363145e-03 8.867436e-03 -3.030690e-03
          -9.363715e-03 8.866929e-03 -3.333679e-03
          -9.364285e-03 8.866422e-03 -3.636669e-03
          -9.364343e-03 8.578952e-03 -3.636648e-03
          -9.364401e-03 8.291481e-03 -3.636627e-03
          -9.365642e-03 8.290150e-03 -4.242646e-03
          -9.364458e-03 8.004012e-03 -3.636607e-03
          -9.364516e-03 7.716542e-03 -3.636586e-03
          -9.366612e-03 6.853875e-03 -3.939535e-03
          -9.367090e-03 6.566615e-03 -3.939515e-03
          -9.367983e-03 6.565515e-03 -4.242561e-03
          -9.366798e-03 6.280613e-03 -3.636476e-03
          -9.360023e-03 5.718826e-03 -6.067950e-04
          -9.369400e-03 5.704909e-03 -3.939530e-03
          -9.370231e-03 5.417678e-03 -3.939540e-03
          -9.361922e-03 4.862096e-03 -3.038420e-04
          -9.362334e-03 4.861677e-03 -6.067384e-04
          -9.362997e-03 4.860781e-03 -9.096269e-04
          -9.372668e-03 4.843104e-03 -3.939623e-03
          -9.362521e-03 4.577181e-03 -8.780368e-07
          -9.362923e-03 4.576755e-03 -3.037992e-04
          -9.363323e-03 4.576328e-03 -6.067204e-04
          -9.364048e-03 4.575276e-03 -9.096138e-04
          -9.364793e-03 4.574183e-03 -1.212506e-03
          -9.367938e-03 4.569013e-03 -2.121470e-03
          -9.368970e-03 4.567319e-03 -2.424511e-03
          -9.372173e-03 4.560058e-03 -3.333604e-03
          -9.374239e-03 4.555767e-03 -3.939693e-03
          -9.371488e-03 4.277803e-03 -2.727557e-03
          -9.372597e-03 4.275416e-03 -3.030605e-03
          -9.373705e-03 4.273029e-03 -3.333654e-03
          -9.375809e-03 4.268430e-03 -3.939763e-03
          -9.376740e-03 4.266323e-03 -4.242831e-03
          -9.372998e-03 3.991095e-03 -2.727587e-03
          -9.374118e-03 3.988547e-03 -3.030645e-03
          -9.375237e-03 3.985999e-03 -3.333704e-03
          -9.377380e-03 3.981092e-03 -3.939833e-03
          -9.378348e-03 3.978846e-03 -4.242911e-03
          -9.379317e-03 3.976599e-03 -4.545988e-03
          -9.373013e-03 3.709511e-03 -2.121505e-03
          -9.374956e-03 3.704161e-03 -2.727641e-03
          -9.376045e-03 3.701451e-03 -3.030708e-03
          -9.377131e-03 3.698741e-03 -3.333776e-03
          -9.378217e-03 3.696030e-03 -3.636844e-03
          -9.375344e-03 3.423011e-03 -2.121542e-03
          -9.376452e-03 3.420379e-03 -2.424653e-03
          -9.377219e-03 3.417076e-03 -2.727711e-03
          -9.378241e-03 3.414205e-03 -3.030787e-03
          -9.379262e-03 3.411335e-03 -3.333864e-03
          -9.380281e-03 3.408464e-03 -3.636940e-03
          -9.381918e-03 3.403378e-03 -4.243082e-03
          -9.376581e-03 3.139159e-03 -1.818473e-03
          -9.381391e-03 3.123927e-03 -3.333951e-03
          -9.382344e-03 3.120896e-03 -3.637035e-03
          -9.383102e-03 3.118153e-03 -3.940106e-03
          -9.383742e-03 3.115580e-03 -4.243169e-03
          -9.379172e-03 2.852414e-03 -1.818526e-03
          -9.380110e-03 2.849354e-03 -2.121638e-03
          -9.383519e-03 2.836518e-03 -3.334038e-03
          -9.384407e-03 2.833327e-03 -3.637131e-03
          -9.385057e-03 2.830459e-03 -3.940200e-03
          -9.382631e-03 2.562286e-03 -2.121698e-03
          -9.387146e-03 2.542624e-03 -3.940299e-03
          -9.384026e-03 2.282083e-03 -1.515560e-03
          -9.385892e-03 2.274881e-03 -2.121810e-03
          -9.389837e-03 2.254193e-03 -3.940424e-03
          -9.390207e-03 2.251290e-03 -4.243469e-03
          -9.387262e-03 1.995073e-03 -1.515612e-03
          -9.389150e-03 1.987464e-03 -2.121922e-03
          -9.392526e-03 1.965761e-03 -3.940548e-03
          -9.392867e-03 1.962743e-03 -4.243589e-03
          -9.393153e-03 1.691826e-03 -2.728249e-03
          -9.395213e-03 1.677329e-03 -3.940671e-03
          -9.395526e-03 1.674194e-03 -4.243709e-03
          -9.395838e-03 1.671059e-03 -4.546747e-03
          -9.395362e-03 1.411622e-03 -2.122067e-03
          -9.397898e-03 1.388894e-03 -3.940795e-03
          -9.398182e-03 1.385644e-03 -4.243829e-03
          -9.398465e-03 1.382394e-03 -4.546863e-03
          -9.398749e-03 1.379142e-03 -4.849897e-03
          -9.398846e-03 1.123053e-03 -2.122154e-03
          -9.399335e-03 1.115077e-03 -2.728440e-03
          -9.400356e-03 1.103396e-03 -3.637817e-03
          -9.402499e-03 8.342535e-04 -2.122250e-03
          -9.402911e-03 8.300494e-04 -2.425448e-03
          -9.402983e-03 8.181374e-04 -3.334770e-03
          -9.403294e-03 8.107597e-04 -3.940961e-03
          -9.403346e-03 8.075735e-04 -4.243990e-03
          -9.405990e-03 5.216060e-04 -3.941039e-03
          -9.405914e-03 5.184728e-04 -4.244065e-03
          -9.409304e-03 2.559203e-04 -2.122341e-03
          -9.408685e-03 2.324524e-04 -3.941116e-03
          -9.408480e-03 2.293720e-04 -4.244140e-03
          -9.412813e-03 -2.952620e-05 -1.819142e-03
          -9.412667e-03 -3.371245e-05 -2.122366e-03
          -9.411348e-03 -5.707991e-05 -3.941176e-03
          -9.411023e-03 -6.013800e-05 -4.244194e-03
          -9.416208e-03 -3.241418e-04 -2.122386e-03
          -9.413965e-03 -3.473294e-04 -3.941201e-03
          -9.413544e-03 -3.504069e-04 -4.244214e-03
          -9.420252e-03 -6.056662e-04 -1.515846e-03
          -9.417514e-03 -6.303198e-04 -3.335028e-03
          -9.416580e-03 -6.375780e-04 -3.941227e-03
          -9.416062e-03 -6.406747e-04 -4.244233e-03
          -9.421479e-03 -9.129843e-04 -2.728751e-03
          -9.420918e-03 -9.168049e-04 -3.031900e-03
          -9.420354e-03 -9.206260e-04 -3.335049e-03
          -9.419193e-03 -9.278256e-04 -3.941252e-03
          -9.418579e-03 -9.309415e-04 -4.244252e-03
          -9.425836e-03 -1.195976e-03 -2.122284e-03
          -9.424554e-03 -1.203402e-03 -2.728759e-03
          -9.423871e-03 -1.207170e-03 -3.031913e-03
          -9.423187e-03 -1.210939e-03 -3.335068e-03
          -9.421799e-03 -1.218079e-03 -3.941276e-03
          -9.421089e-03 -1.221212e-03 -4.244270e-03
          -9.428725e-03 -1.487560e-03 -2.122152e-03
          -9.427125e-03 -1.494663e-03 -2.728648e-03
          -9.426347e-03 -1.498304e-03 -3.031813e-03
          -9.425566e-03 -1.501946e-03 -3.334979e-03
          -9.424784e-03 -1.505587e-03 -3.638144e-03
          -9.431601e-03 -1.779263e-03 -2.122009e-03
          -9.427027e-03 -1.796518e-03 -3.638055e-03
          -9.426174e-03 -1.799576e-03 -3.941137e-03
          -9.425332e-03 -1.802370e-03 -4.244163e-03
          -9.429268e-03 -2.087449e-03 -3.637966e-03
          -9.428341e-03 -2.090342e-03 -3.941064e-03
          -9.437387e-03 -2.359631e-03 -1.818305e-03
          -9.431508e-03 -2.378378e-03 -3.637878e-03
          -9.430508e-03 -2.381107e-03 -3.940991e-03
          -9.432329e-03 -2.672225e-03 -3.940878e-03
          -9.433847e-03 -2.963655e-03 -3.940732e-03
          -9.435364e-03 -3.255083e-03 -3.940585e-03
          -9.436880e-03 -3.546511e-03 -3.940439e-03
          -9.443195e-03 -3.828559e-03 -2.727326e-03
          -9.444559e-03 -5.584110e-03 -3.332561e-03
          -9.445719e-03 -5.874481e-03 -3.029071e-03
          -9.446873e-03 -6.165087e-03 -2.725592e-03
          -9.445775e-03 -6.166358e-03 -3.028867e-03
          -9.444676e-03 -6.167630e-03 -3.332141e-03
          -9.445751e-03 -8.204027e-03 -2.117961e-03
          -9.445475e-03 -8.204384e-03 -2.421275e-03
          -9.445079e-03 -8.495239e-03 -2.117854e-03
          -9.444830e-03 -8.495537e-03 -2.421156e-03
          -9.444536e-03 -9.366938e-03 -2.977685e-04
          -9.444336e-03 -9.367250e-03 -6.010700e-04
          -9.443991e-03 -9.658055e-03 -2.977035e-04
          -9.659218e-03 8.868836e-03 -1.212841e-03
          -9.660633e-03 8.867706e-03 -2.424664e-03
          -9.661094e-03 8.867269e-03 -2.727652e-03
          -9.661590e-03 8.866780e-03 -3.030650e-03
          -9.662085e-03 8.866292e-03 -3.333648e-03
          -9.662581e-03 8.865803e-03 -3.636646e-03
          -9.662638e-03 8.578198e-03 -3.636623e-03
          -9.662696e-03 8.290592e-03 -3.636600e-03
          -9.665403e-03 6.278748e-03 -3.636408e-03
          -9.665387e-03 5.992784e-03 -3.333396e-03
          -9.659979e-03 5.714744e-03 -6.066444e-04
          -9.662889e-03 4.571305e-03 -6.506043e-07
          -9.670868e-03 4.556819e-03 -3.333478e-03
          -9.671420e-03 4.271624e-03 -3.030464e-03
          -9.672340e-03 4.269564e-03 -3.333516e-03
          -9.672888e-03 3.984501e-03 -3.030493e-03
          -9.673811e-03 3.982307e-03 -3.333554e-03
          -9.675580e-03 3.978028e-03 -3.939684e-03
          -9.673816e-03 3.699493e-03 -2.727473e-03
          -9.674710e-03 3.697167e-03 -3.030542e-03
          -9.675603e-03 3.694840e-03 -3.333612e-03
          -9.676495e-03 3.692513e-03 -3.636681e-03
          -9.676761e-03 3.409699e-03 -3.030605e-03
          -9.677598e-03 3.407241e-03 -3.333682e-03
          -9.678433e-03 3.404783e-03 -3.636758e-03
          -9.680402e-03 3.398105e-03 -4.545974e-03
          -9.675548e-03 3.132664e-03 -1.818304e-03
          -9.679591e-03 3.119640e-03 -3.333751e-03
          -9.680370e-03 3.117051e-03 -3.636836e-03
          -9.677942e-03 2.845600e-03 -1.818333e-03
          -9.682307e-03 2.829318e-03 -3.636913e-03
          -9.687282e-03 2.250330e-03 -3.940165e-03
          -9.689757e-03 1.961791e-03 -3.940261e-03
          -9.692231e-03 1.673251e-03 -3.940357e-03
          -9.692435e-03 1.670488e-03 -4.243403e-03
          -9.694702e-03 1.384710e-03 -3.940453e-03
          -9.697049e-03 1.098715e-03 -3.637446e-03
          -9.699497e-03 8.128424e-04 -3.334363e-03
          -9.712774e-03 -6.354463e-04 -3.334515e-03
          -9.717245e-03 -9.126397e-04 -2.121758e-03
          -9.716288e-03 -9.191930e-04 -2.728167e-03
          -9.715826e-03 -9.224229e-04 -3.031344e-03
          -9.715362e-03 -9.256533e-04 -3.334521e-03
          -9.719067e-03 -1.209492e-03 -2.728157e-03
          -9.718505e-03 -1.212679e-03 -3.031341e-03
          -9.717942e-03 -1.215867e-03 -3.334526e-03
          -9.720132e-03 -1.506706e-03 -3.334442e-03
          -9.719489e-03 -1.509789e-03 -3.637635e-03
          -9.721570e-03 -1.800566e-03 -3.637553e-03
          -9.723649e-03 -2.091342e-03 -3.637471e-03
          -9.730528e-03 -2.366239e-03 -1.817824e-03
          -9.725727e-03 -2.382118e-03 -3.637388e-03
          -9.739333e-03 -3.825132e-03 -1.513488e-03
          -9.737933e-03 -3.828646e-03 -2.120237e-03
          -9.739396e-03 -4.119231e-03 -1.816665e-03
          -9.740189e-03 -7.914052e-03 -2.421294e-03
          -9.739881e-03 -8.204728e-03 -2.117883e-03
          -9.739665e-03 -8.205055e-03 -2.421187e-03
          -9.739032e-03 -9.076805e-03 -9.044520e-04
          -9.738888e-03 -9.367299e-03 -2.977953e-04
          -9.738702e-03 -9.367574e-03 -6.010833e-04
          -9.738351e-03 -9.658411e-03 -2.977347e-04
          -9.957216e-03 8.868364e-03 -6.068822e-04
          -9.957487e-03 8.868149e-03 -9.098362e-04
          -9.957757e-03 8.867934e-03 -1.212790e-03
          -9.958037e-03 8.867709e-03 -1.515746e-03
          -9.958318e-03 8.867483e-03 -1.818702e-03
          -9.958598e-03 8.867257e-03 -2.121658e-03
          -9.960600e-03 8.865165e-03 -3.636623e-03
          -9.956817e-03 6.571847e-03 -8.082437e-07
          -9.963726e-03 6.563520e-03 -3.939402e-03
          -9.957251e-03 6.285107e-03 -7.747784e-07
          -9.957552e-03 6.284837e-03 -3.036833e-04
          -9.957852e-03 6.284568e-03 -6.065918e-04
          -9.958154e-03 6.284296e-03 -9.095006e-04
          -9.958456e-03 6.284023e-03 -1.212409e-03
          -9.959004e-03 6.283342e-03 -1.515373e-03
          -9.959586e-03 6.282601e-03 -1.818345e-03
          -9.960169e-03 6.281858e-03 -2.121317e-03
          -9.960752e-03 6.281114e-03 -2.424288e-03
          -9.961453e-03 6.280143e-03 -2.727294e-03
          -9.962193e-03 6.279096e-03 -3.030311e-03
          -9.962934e-03 6.278050e-03 -3.333328e-03
          -9.963673e-03 6.277003e-03 -3.636345e-03
          -9.965882e-03 6.274075e-03 -4.545505e-03
          -9.966617e-03 6.273110e-03 -4.848563e-03
          -9.957911e-03 5.998531e-03 -7.317054e-07
          -9.958232e-03 5.998227e-03 -3.036427e-04
          -9.958552e-03 5.997922e-03 -6.065537e-04
          -9.958877e-03 5.997611e-03 -9.094651e-04
          -9.959202e-03 5.997298e-03 -1.212377e-03
          -9.959764e-03 5.996553e-03 -1.515344e-03
          -9.960361e-03 5.995745e-03 -1.818321e-03
          -9.963019e-03 5.991886e-03 -3.030304e-03
          -9.963768e-03 5.990736e-03 -3.333324e-03
          -9.964516e-03 5.989585e-03 -3.636344e-03
          -9.960525e-03 5.709761e-03 -1.515316e-03
          -9.964602e-03 5.703420e-03 -3.333319e-03
          -9.965359e-03 5.702165e-03 -3.636342e-03
          -9.961287e-03 5.422963e-03 -1.515288e-03
          -9.966202e-03 5.414746e-03 -3.636340e-03
          -9.966777e-03 4.274844e-03 -1.818218e-03
          -9.973475e-03 3.975328e-03 -3.939564e-03
          -9.972146e-03 3.695483e-03 -2.727331e-03
          -9.972904e-03 3.693457e-03 -3.030402e-03
          -9.973661e-03 3.691431e-03 -3.333473e-03
          -9.974417e-03 3.689404e-03 -3.636543e-03
          -9.974115e-03 3.407949e-03 -2.727374e-03
          -9.974823e-03 3.405811e-03 -3.030451e-03
          -9.975530e-03 3.403673e-03 -3.333529e-03
          -9.976237e-03 3.401535e-03 -3.636607e-03
          -9.971453e-03 3.133174e-03 -3.030643e-04
          -9.971741e-03 3.132726e-03 -6.060844e-04
          -9.972233e-03 3.131609e-03 -9.090784e-04
          -9.972739e-03 3.130444e-03 -1.212071e-03
          -9.973430e-03 3.128692e-03 -1.515106e-03
          -9.974147e-03 3.126857e-03 -1.818148e-03
          -9.976741e-03 3.118165e-03 -3.030500e-03
          -9.977399e-03 3.115915e-03 -3.333585e-03
          -9.978056e-03 3.113665e-03 -3.636670e-03
          -9.976344e-03 2.839498e-03 -1.818163e-03
          -9.979267e-03 2.828156e-03 -3.333642e-03
          -9.979874e-03 2.825794e-03 -3.636733e-03
          -9.981241e-03 2.540267e-03 -3.333700e-03
          -9.981800e-03 2.537796e-03 -3.636799e-03
          -9.982167e-03 2.535545e-03 -3.939879e-03
          -9.983665e-03 2.251836e-03 -3.333767e-03
          -9.984163e-03 2.249278e-03 -3.636874e-03
          -9.984494e-03 2.246932e-03 -3.939955e-03
          -9.986088e-03 1.963403e-03 -3.333834e-03
          -9.986525e-03 1.960760e-03 -3.636949e-03
          -9.986820e-03 1.958319e-03 -3.940032e-03
          -9.984727e-03 1.696706e-03 -3.025239e-04
          -9.984937e-03 1.696095e-03 -6.057136e-04
          -9.986163e-03 1.690716e-03 -1.515095e-03
          -9.986663e-03 1.688283e-03 -1.818240e-03
          -9.988133e-03 1.677699e-03 -3.030778e-03
          -9.989145e-03 1.669705e-03 -3.940108e-03
          -9.987927e-03 1.408163e-03 -6.056417e-04
          -9.988988e-03 1.402573e-03 -1.515096e-03
          -9.989405e-03 1.400051e-03 -1.818258e-03
          -9.991469e-03 1.381090e-03 -3.940185e-03
          -9.991970e-03 1.373524e-03 -4.849364e-03
          -9.992953e-03 1.103227e-03 -2.727738e-03
          -9.993185e-03 1.100376e-03 -3.030875e-03
          -9.993416e-03 1.097526e-03 -3.334012e-03
          -9.993647e-03 1.094675e-03 -3.637148e-03
          -9.993887e-03 1.089532e-03 -4.243298e-03
          -9.993981e-03 1.087025e-03 -4.546358e-03
          -9.994675e-03 8.277456e-04 -1.211895e-03
          -9.995647e-03 8.140720e-04 -2.727762e-03
          -9.995785e-03 8.112062e-04 -3.030905e-03
          -9.995923e-03 8.083403e-04 -3.334048e-03
          -9.996059e-03 8.054745e-04 -3.637191e-03
          -9.997352e-03 5.428563e-04 -3.020514e-04
          -9.997447e-03 5.421404e-04 -6.054150e-04
          -9.997957e-03 5.361066e-04 -1.515077e-03
          -9.998169e-03 5.333996e-04 -1.818283e-03
          -9.998384e-03 5.220360e-04 -3.030935e-03
          -9.998428e-03 5.191548e-04 -3.334084e-03
          -9.998471e-03 5.162735e-04 -3.637233e-03
          -1.000065e-02 2.535345e-04 -3.019287e-04
          -1.000069e-02 2.528006e-04 -6.053410e-04
          -1.000094e-02 2.467337e-04 -1.515055e-03
          -1.000105e-02 2.440247e-04 -1.818271e-03
          -1.000098e-02 2.328657e-04 -3.030966e-03
          -1.000093e-02 2.299692e-04 -3.334121e-03
          -1.000088e-02 2.270725e-04 -3.637275e-03
          -1.000391e-02 -3.679882e-05 -6.052554e-04
          -1.000354e-02 -5.664860e-05 -3.030982e-03
          -1.000340e-02 -5.954827e-05 -3.334143e-03
          -1.000326e-02 -6.244779e-05 -3.637304e-03
          -1.000709e-02 -3.269776e-04 -6.051460e-04
          -1.000693e-02 -3.304241e-04 -1.211734e-03
          -1.000602e-02 -3.468136e-04 -3.030970e-03
          -1.000580e-02 -3.496794e-04 -3.334139e-03
          -1.001023e-02 -6.172271e-04 -6.050325e-04
          -1.000993e-02 -6.206277e-04 -1.211666e-03
          -1.000966e-02 -6.258522e-04 -1.818181e-03
          -1.000948e-02 -6.314771e-04 -2.424612e-03
          -1.000850e-02 -6.369780e-04 -3.030959e-03
          -1.001314e-02 -9.080599e-04 -6.048815e-04
          -1.001231e-02 -9.164039e-04 -1.818099e-03
          -1.001603e-02 -1.198902e-03 -6.047298e-04
          -1.001496e-02 -1.206962e-03 -1.818016e-03
          -1.001554e-02 -1.508106e-03 -3.030850e-03
          -1.001501e-02 -1.510781e-03 -3.334049e-03
          -1.001447e-02 -1.513455e-03 -3.637249e-03
          -1.001701e-02 -1.801528e-03 -3.333965e-03
          -1.001641e-02 -1.804105e-03 -3.637172e-03
          -1.001901e-02 -2.092274e-03 -3.333881e-03
          -1.001835e-02 -2.094755e-03 -3.637095e-03
          -1.002102e-02 -2.383020e-03 -3.333796e-03
          -1.002029e-02 -2.385404e-03 -3.637018e-03
          -1.001957e-02 -2.387464e-03 -3.940162e-03
          -1.002270e-02 -2.674067e-03 -3.333683e-03
          -1.002193e-02 -2.676347e-03 -3.636912e-03
          -1.002117e-02 -2.678314e-03 -3.940063e-03
          -1.002491e-02 -2.963210e-03 -3.030306e-03
          -1.002332e-02 -2.967540e-03 -3.636781e-03
          -1.002553e-02 -3.256682e-03 -3.333405e-03
          -1.003360e-02 -3.825888e-03 -2.995651e-04
          -1.003343e-02 -3.826587e-03 -6.030172e-04
          -1.003325e-02 -3.827287e-03 -9.064699e-04
          -1.003255e-02 -3.829393e-03 -1.513282e-03
          -1.003196e-02 -3.830904e-03 -1.816628e-03
          -1.003138e-02 -3.832416e-03 -2.119975e-03
          -1.003079e-02 -3.833927e-03 -2.423321e-03
          -1.003332e-02 -4.121456e-03 -1.513102e-03
          -1.003275e-02 -4.122868e-03 -1.816446e-03
          -1.003217e-02 -4.124281e-03 -2.119790e-03
          -1.003410e-02 -4.413517e-03 -1.512921e-03
          -1.003353e-02 -4.414831e-03 -1.816263e-03
          -1.003487e-02 -4.705578e-03 -1.512740e-03
          -1.002857e-02 -5.301660e-03 -4.848314e-03
          -1.002949e-02 -5.591730e-03 -4.544950e-03
          -1.002886e-02 -5.592610e-03 -4.848157e-03
          -1.003036e-02 -5.882004e-03 -4.241568e-03
          -1.003460e-02 -7.624504e-03 -2.724567e-03
          -1.003458e-02 -7.914954e-03 -2.421219e-03
          -1.003432e-02 -8.205554e-03 -2.117821e-03
          -1.003413e-02 -8.205873e-03 -2.421117e-03
          -1.003404e-02 -8.496197e-03 -1.814436e-03
          -1.003385e-02 -8.496495e-03 -2.117726e-03
          -1.003367e-02 -8.496793e-03 -2.421015e-03
          -1.003375e-02 -8.786882e-03 -1.511065e-03
          -1.003357e-02 -8.787159e-03 -1.814347e-03
          -1.003339e-02 -8.787435e-03 -2.117630e-03
          -1.003321e-02 -8.787712e-03 -2.420912e-03
          -1.003396e-02 -9.076840e-03 -2.978796e-04
          -1.003379e-02 -9.077096e-03 -6.011554e-04
          -1.003361e-02 -9.077352e-03 -9.044311e-04
          -1.003344e-02 -9.077608e-03 -1.207707e-03
          -1.003327e-02 -9.077864e-03 -1.510983e-03
          -1.003309e-02 -9.078120e-03 -1.814258e-03
          -1.003292e-02 -9.078376e-03 -2.117534e-03
          -1.003275e-02 -9.078632e-03 -2.420810e-03
          -1.003345e-02 -9.367907e-03 -2.978244e-04
          -1.003329e-02 -9.368142e-03 -6.010934e-04
          -1.003312e-02 -9.368377e-03 -9.043624e-04
          -1.003295e-02 -9.368612e-03 -1.207631e-03
          -1.003279e-02 -9.368847e-03 -1.510900e-03
          -1.003262e-02 -9.369081e-03 -1.814170e-03
          -1.003245e-02 -9.369316e-03 -2.117439e-03
          -1.003229e-02 -9.369551e-03 -2.420708e-03
          -1.003295e-02 -9.658975e-03 -2.977691e-04
          -1.003279e-02 -9.659189e-03 -6.010314e-04
          -1.003263e-02 -9.659403e-03 -9.042937e-04
          -1.003247e-02 -9.659616e-03 -1.207556e-03
          -1.003231e-02 -9.659830e-03 -1.510818e-03
          -1.003215e-02 -9.660044e-03 -1.814081e-03
          -1.003199e-02 -9.660258e-03 -2.117343e-03
          -1.003183e-02 -9.660471e-03 -2.420605e-03
          -1.003244e-02 -9.950042e-03 -2.977139e-04
          -1.003229e-02 -9.950235e-03 -6.009695e-04
          -1.003214e-02 -9.950428e-03 -9.042250e-04
          -1.003198e-02 -9.950620e-03 -1.207481e-03
          -1.003183e-02 -9.950813e-03 -1.510736e-03
          -1.003167e-02 -9.951006e-03 -1.813992e-03
          -1.003152e-02 -9.951198e-03 -2.117247e-03
          -1.003137e-02 -9.951391e-03 -2.420503e-03
          -1.025467e-02 8.867777e-03 -8.851789e-07
          -1.025492e-02 8.867572e-03 -3.038458e-04
          -1.025518e-02 8.867366e-03 -6.068065e-04
          -1.025543e-02 8.867161e-03 -9.097672e-04
          -1.025568e-02 8.866955e-03 -1.212728e-03
          -1.025594e-02 8.866750e-03 -1.515689e-03
          -1.025619e-02 8.866544e-03 -1.818649e-03
          -1.025645e-02 8.866339e-03 -2.121610e-03
          -1.025670e-02 8.866133e-03 -2.424571e-03
          -1.025707e-02 8.865740e-03 -2.727566e-03
          -1.025747e-02 8.865285e-03 -3.030574e-03
          -1.025788e-02 8.864829e-03 -3.333582e-03
          -1.025828e-02 8.864374e-03 -3.636589e-03
          -1.025501e-02 8.579884e-03 -6.067818e-04
          -1.025528e-02 8.579656e-03 -9.097411e-04
          -1.025556e-02 8.579428e-03 -1.212700e-03
          -1.025835e-02 8.576565e-03 -3.636564e-03
          -1.025559e-02 6.569464e-03 -6.851956e-07
          -1.026168e-02 6.562111e-03 -3.939351e-03
          -1.025607e-02 6.282513e-03 -6.453380e-07
          -1.025635e-02 6.282263e-03 -3.035634e-04
          -1.025662e-02 6.282013e-03 -6.064816e-04
          -1.025690e-02 6.281763e-03 -9.093997e-04
          -1.025718e-02 6.281513e-03 -1.212318e-03
          -1.025920e-02 6.278934e-03 -2.424217e-03
          -1.025981e-02 6.278082e-03 -2.727226e-03
          -1.026045e-02 6.277165e-03 -3.030246e-03
          -1.026110e-02 6.276248e-03 -3.333267e-03
          -1.026174e-02 6.275331e-03 -3.636287e-03
          -1.026360e-02 6.272883e-03 -4.545458e-03
          -1.026422e-02 6.272081e-03 -4.848521e-03
          -1.025675e-02 5.995697e-03 -5.969049e-07
          -1.025704e-02 5.995417e-03 -3.035179e-04
          -1.025734e-02 5.995137e-03 -6.064388e-04
          -1.025764e-02 5.994856e-03 -9.093598e-04
          -1.025793e-02 5.994576e-03 -1.212281e-03
          -1.025948e-02 5.992466e-03 -2.121216e-03
          -1.026000e-02 5.991745e-03 -2.424197e-03
          -1.026062e-02 5.990806e-03 -2.727210e-03
          -1.026127e-02 5.989795e-03 -3.030233e-03
          -1.026192e-02 5.988784e-03 -3.333257e-03
          -1.026256e-02 5.987774e-03 -3.636280e-03
          -1.026435e-02 5.985047e-03 -4.545448e-03
          -1.025743e-02 5.708881e-03 -5.484590e-07
          -1.025774e-02 5.708570e-03 -3.034723e-04
          -1.025806e-02 5.708259e-03 -6.063961e-04
          -1.025837e-02 5.707948e-03 -9.093199e-04
          -1.025868e-02 5.707638e-03 -1.212244e-03
          -1.026143e-02 5.703530e-03 -2.727194e-03
          -1.026208e-02 5.702425e-03 -3.030220e-03
          -1.026274e-02 5.701320e-03 -3.333247e-03
          -1.026339e-02 5.700215e-03 -3.636274e-03
          -1.025844e-02 5.421723e-03 -3.034266e-04
          -1.025877e-02 5.421382e-03 -6.063533e-04
          -1.025910e-02 5.421040e-03 -9.092800e-04
          -1.025944e-02 5.420699e-03 -1.212207e-03
          -1.026290e-02 5.415054e-03 -3.030207e-03
          -1.026356e-02 5.413855e-03 -3.333238e-03
          -1.026422e-02 5.412656e-03 -3.636268e-03
          -1.026441e-02 5.126383e-03 -3.333230e-03
          -1.026508e-02 5.125090e-03 -3.636264e-03
          -1.026702e-02 4.836116e-03 -3.939348e-03
          -1.027016e-02 3.691857e-03 -2.727204e-03
          -1.027082e-02 3.690082e-03 -3.030276e-03
          -1.027148e-02 3.688307e-03 -3.333349e-03
          -1.027213e-02 3.686532e-03 -3.636421e-03
          -1.027200e-02 3.404154e-03 -2.727236e-03
          -1.027262e-02 3.402282e-03 -3.030315e-03
          -1.027323e-02 3.400409e-03 -3.333393e-03
          -1.027384e-02 3.398537e-03 -3.636472e-03
          -1.027022e-02 3.126547e-03 -3.028754e-04
          -1.027049e-02 3.126136e-03 -6.058955e-04
          -1.027131e-02 3.124341e-03 -1.211919e-03
          -1.027186e-02 3.122996e-03 -1.514959e-03
          -1.027243e-02 3.121590e-03 -1.818002e-03
          -1.027385e-02 3.116451e-03 -2.727268e-03
          -1.027441e-02 3.114481e-03 -3.030353e-03
          -1.027498e-02 3.112511e-03 -3.333438e-03
          -1.027555e-02 3.110540e-03 -3.636523e-03
          -1.027261e-02 2.838848e-03 -6.058316e-04
          -1.027444e-02 2.833972e-03 -1.818010e-03
          -1.027569e-02 2.828746e-03 -2.727299e-03
          -1.027621e-02 2.826679e-03 -3.030391e-03
          -1.027673e-02 2.824611e-03 -3.333483e-03
          -1.027725e-02 2.822543e-03 -3.636575e-03
          -1.027763e-02 2.540912e-03 -2.727331e-03
          -1.027811e-02 2.538750e-03 -3.030430e-03
          -1.027859e-02 2.536587e-03 -3.333528e-03
          -1.027906e-02 2.534425e-03 -3.636627e-03
          -1.027936e-02 2.532462e-03 -3.939711e-03
          -1.028000e-02 2.252534e-03 -2.727365e-03
          -1.028043e-02 2.250300e-03 -3.030471e-03
          -1.028086e-02 2.248066e-03 -3.333578e-03
          -1.028157e-02 2.243789e-03 -3.939772e-03
          -1.028379e-02 1.955116e-03 -3.939833e-03
          -1.028251e-02 1.687853e-03 -6.055030e-04
          -1.028313e-02 1.685499e-03 -1.211750e-03
          -1.028393e-02 1.681900e-03 -1.818013e-03
          -1.028474e-02 1.675773e-03 -2.727433e-03
          -1.028600e-02 1.666442e-03 -3.939894e-03
          -1.028666e-02 1.660158e-03 -4.849143e-03
          -1.028520e-02 1.399692e-03 -6.054302e-04
          -1.028711e-02 1.387392e-03 -2.727467e-03
          -1.028821e-02 1.377768e-03 -3.939954e-03
          -1.028891e-02 1.371234e-03 -4.849210e-03
          -1.028877e-02 1.106675e-03 -1.514848e-03
          -1.028957e-02 1.098403e-03 -2.727485e-03
          -1.028978e-02 1.095925e-03 -3.030620e-03
          -1.028998e-02 1.093447e-03 -3.333755e-03
          -1.029019e-02 1.090969e-03 -3.636890e-03
          -1.029053e-02 1.086523e-03 -4.243080e-03
          -1.029068e-02 1.084360e-03 -4.546166e-03
          -1.029205e-02 8.092284e-04 -2.727498e-03
          -1.029218e-02 8.067368e-04 -3.030638e-03
          -1.029230e-02 8.042451e-04 -3.333780e-03
          -1.029243e-02 8.017535e-04 -3.636921e-03
          -1.029257e-02 7.973731e-04 -4.243114e-03
          -1.029360e-02 5.338839e-04 -3.018544e-04
          -1.029372e-02 5.332529e-04 -6.051730e-04
          -1.029420e-02 5.286569e-04 -1.514801e-03
          -1.029440e-02 5.266140e-04 -1.817988e-03
          -1.029453e-02 5.200533e-04 -2.727510e-03
          -1.029458e-02 5.175484e-04 -3.030657e-03
          -1.029462e-02 5.150434e-04 -3.333804e-03
          -1.029466e-02 5.125382e-04 -3.636951e-03
          -1.029651e-02 2.445718e-04 -3.017343e-04
          -1.029658e-02 2.439253e-04 -6.050949e-04
          -1.029698e-02 2.372520e-04 -1.817967e-03
          -1.029701e-02 2.308781e-04 -2.727522e-03
          -1.029697e-02 2.283599e-04 -3.030676e-03
          -1.029693e-02 2.258414e-04 -3.333829e-03
          -1.029689e-02 2.233229e-04 -3.636982e-03
          -1.029945e-02 -5.862883e-05 -2.727521e-03
          -1.029934e-02 -6.115021e-05 -3.030681e-03
          -1.029922e-02 -6.367151e-05 -3.333841e-03
          -1.029910e-02 -6.619273e-05 -3.637001e-03
          -1.029893e-02 -6.840062e-05 -3.940115e-03
          -1.030182e-02 -3.487544e-04 -2.727495e-03
          -1.030163e-02 -3.512483e-04 -3.030662e-03
          -1.030145e-02 -3.537422e-04 -3.333830e-03
          -1.030504e-02 -6.258685e-04 -6.047540e-04
          -1.030489e-02 -6.284814e-04 -1.211361e-03
          -1.030765e-02 -9.164452e-04 -6.046130e-04
          -1.030655e-02 -9.290039e-04 -2.727443e-03
          -1.031026e-02 -1.207028e-03 -6.044714e-04
          -1.031091e-02 -1.509879e-03 -2.727328e-03
          -1.031047e-02 -1.512212e-03 -3.030524e-03
          -1.031002e-02 -1.514545e-03 -3.333721e-03
          -1.030957e-02 -1.516878e-03 -3.636918e-03
          -1.031288e-02 -1.800670e-03 -2.727235e-03
          -1.031238e-02 -1.802919e-03 -3.030438e-03
          -1.031188e-02 -1.805168e-03 -3.333642e-03
          -1.031138e-02 -1.807417e-03 -3.636845e-03
          -1.031485e-02 -2.091461e-03 -2.727142e-03
          -1.031430e-02 -2.093626e-03 -3.030352e-03
          -1.031375e-02 -2.095790e-03 -3.333562e-03
          -1.031319e-02 -2.097955e-03 -3.636772e-03
          -1.031682e-02 -2.382251e-03 -2.727049e-03
          -1.031622e-02 -2.384332e-03 -3.030266e-03
          -1.031561e-02 -2.386412e-03 -3.333483e-03
          -1.031500e-02 -2.388492e-03 -3.636699e-03
          -1.031441e-02 -2.390286e-03 -3.939854e-03
          -1.031848e-02 -2.673342e-03 -2.726930e-03
          -1.031783e-02 -2.675334e-03 -3.030153e-03
          -1.031719e-02 -2.677325e-03 -3.333376e-03
          -1.032071e-02 -2.963377e-03 -2.423496e-03
          -1.031919e-02 -2.966590e-03 -3.030016e-03
          -1.032400e-02 -3.249252e-03 -1.210059e-03
          -1.032282e-02 -3.253241e-03 -2.119980e-03
          -1.032217e-02 -3.254892e-03 -2.423339e-03
          -1.032577e-02 -3.538566e-03 -2.995995e-04
          -1.032547e-02 -3.539852e-03 -9.064381e-04
          -1.032527e-02 -3.540636e-03 -1.209909e-03
          -1.032497e-02 -3.541695e-03 -1.513220e-03
          -1.032406e-02 -3.544342e-03 -2.119852e-03
          -1.032341e-02 -3.545993e-03 -2.423211e-03
          -1.031771e-02 -3.558546e-03 -4.848776e-03
          -1.032693e-02 -3.830221e-03 -2.994980e-04
          -1.032678e-02 -3.830844e-03 -6.029185e-04
          -1.032663e-02 -3.831473e-03 -9.063414e-04
          -1.032648e-02 -3.832100e-03 -1.209764e-03
          -1.032506e-02 -3.835933e-03 -2.119757e-03
          -1.032246e-02 -3.841970e-03 -3.332851e-03
          -1.032174e-02 -3.843572e-03 -3.636100e-03
          -1.031889e-02 -3.849443e-03 -4.848662e-03
          -1.032260e-02 -4.134709e-03 -3.635939e-03
          -1.032345e-02 -4.425847e-03 -3.635777e-03
          -1.032431e-02 -4.716984e-03 -3.635616e-03
          -1.032959e-02 -4.999658e-03 -1.209107e-03
          -1.032916e-02 -5.000565e-03 -1.512436e-03
          -1.032583e-02 -5.006948e-03 -3.332193e-03
          -1.032516e-02 -5.008120e-03 -3.635454e-03
          -1.033046e-02 -5.290202e-03 -2.988277e-04
          -1.033029e-02 -5.290648e-03 -6.022025e-04
          -1.033011e-02 -5.291094e-03 -9.055772e-04
          -1.032692e-02 -5.297161e-03 -3.028772e-03
          -1.032626e-02 -5.298243e-03 -3.332027e-03
          -1.032332e-02 -5.302888e-03 -4.848130e-03
          -1.033045e-02 -5.582567e-03 -6.020908e-04
          -1.032418e-02 -5.593024e-03 -4.544760e-03
          -1.032901e-02 -7.334529e-03 -2.724601e-03
          -1.032915e-02 -7.625436e-03 -2.724488e-03
          -1.032911e-02 -7.915889e-03 -2.421155e-03
          -1.032887e-02 -8.206452e-03 -2.117773e-03
          -1.032869e-02 -8.206753e-03 -2.421057e-03
          -1.032879e-02 -8.496774e-03 -1.511128e-03
          -1.032862e-02 -8.497055e-03 -1.814404e-03
          -1.032845e-02 -8.497337e-03 -2.117681e-03
          -1.032827e-02 -8.497619e-03 -2.420958e-03
          -1.032902e-02 -8.786645e-03 -2.979679e-04
          -1.032885e-02 -8.786908e-03 -6.012382e-04
          -1.032868e-02 -8.787171e-03 -9.045084e-04
          -1.032852e-02 -8.787433e-03 -1.207779e-03
          -1.032835e-02 -8.787696e-03 -1.511049e-03
          -1.032855e-02 -9.077644e-03 -2.979155e-04
          -1.032840e-02 -9.077887e-03 -6.011792e-04
          -1.032824e-02 -9.078131e-03 -9.044428e-04
          -1.032712e-02 -9.079676e-03 -2.723995e-03
          -1.032809e-02 -9.368642e-03 -2.978631e-04
          -1.032794e-02 -9.368866e-03 -6.011202e-04
          -1.032672e-02 -9.370510e-03 -2.723895e-03
          -1.032749e-02 -9.659847e-03 -6.010612e-04
          -1.032734e-02 -9.660052e-03 -9.043116e-04
          -1.032717e-02 -9.950640e-03 -2.977583e-04
          -1.032703e-02 -9.950826e-03 -6.010022e-04
          -1.032689e-02 -9.951013e-03 -9.042460e-04
          -1.032675e-02 -9.951199e-03 -1.207490e-03
          -1.032661e-02 -9.951385e-03 -1.510734e-03
          -1.032647e-02 -9.951571e-03 -1.813978e-03
          -1.032633e-02 -9.951757e-03 -2.117221e-03
          -1.032619e-02 -9.951944e-03 -2.420465e-03
          -1.055263e-02 8.866717e-03 -7.989212e-07
          -1.055286e-02 8.866527e-03 -3.037651e-04
          -1.055309e-02 8.866338e-03 -6.067313e-04
          -1.055333e-02 8.866148e-03 -9.096975e-04
          -1.055356e-02 8.865958e-03 -1.212664e-03
          -1.055379e-02 8.865769e-03 -1.515630e-03
          -1.055403e-02 8.865579e-03 -1.818596e-03
          -1.055426e-02 8.865389e-03 -2.121562e-03
          -1.055449e-02 8.865200e-03 -2.424528e-03
          -1.055483e-02 8.864834e-03 -2.727527e-03
          -1.055520e-02 8.864410e-03 -3.030536e-03
          -1.055557e-02 8.863986e-03 -3.333545e-03
          -1.055594e-02 8.863562e-03 -3.636554e-03
          -1.055248e-02 8.579168e-03 -7.731500e-07
          -1.055273e-02 8.578958e-03 -3.037382e-04
          -1.055298e-02 8.578748e-03 -6.067033e-04
          -1.055323e-02 8.578538e-03 -9.096684e-04
          -1.055348e-02 8.578328e-03 -1.212633e-03
          -1.055484e-02 8.577086e-03 -2.727493e-03
          -1.055524e-02 8.576617e-03 -3.030504e-03
          -1.055564e-02 8.576149e-03 -3.333516e-03
          -1.055603e-02 8.575681e-03 -3.636527e-03
          -1.055261e-02 8.291387e-03 -3.037113e-04
          -1.055288e-02 8.291157e-03 -6.066753e-04
          -1.055314e-02 8.290927e-03 -9.096392e-04
          -1.055341e-02 8.290698e-03 -1.212603e-03
          -1.055570e-02 8.288311e-03 -3.333486e-03
          -1.055612e-02 8.287799e-03 -3.636499e-03
          -1.055457e-02 7.140882e-03 -1.212365e-03
          -1.055612e-02 7.139128e-03 -2.424273e-03
          -1.055496e-02 6.853562e-03 -1.212318e-03
          -1.055658e-02 6.851653e-03 -2.424228e-03
          -1.055756e-02 6.850354e-03 -3.030254e-03
          -1.055436e-02 6.567083e-03 -5.623941e-07
          -1.055534e-02 6.566242e-03 -1.212271e-03
          -1.055703e-02 6.564178e-03 -2.424182e-03
          -1.055806e-02 6.562785e-03 -3.030212e-03
          -1.055488e-02 6.279921e-03 -5.161525e-07
          -1.055513e-02 6.279691e-03 -3.034437e-04
          -1.055539e-02 6.279462e-03 -6.063712e-04
          -1.055565e-02 6.279233e-03 -9.092988e-04
          -1.055590e-02 6.279004e-03 -1.212226e-03
          -1.055765e-02 6.276754e-03 -2.424146e-03
          -1.055817e-02 6.276020e-03 -2.727159e-03
          -1.055871e-02 6.275234e-03 -3.030182e-03
          -1.055926e-02 6.274447e-03 -3.333205e-03
          -1.055980e-02 6.273660e-03 -3.636228e-03
          -1.056132e-02 6.271691e-03 -4.545412e-03
          -1.056182e-02 6.271053e-03 -4.848479e-03
          -1.055558e-02 5.992866e-03 -4.624021e-07
          -1.055585e-02 5.992613e-03 -3.033930e-04
          -1.055612e-02 5.992361e-03 -6.063237e-04
          -1.055639e-02 5.992108e-03 -9.092544e-04
          -1.055666e-02 5.991855e-03 -1.212185e-03
          -1.055844e-02 5.989386e-03 -2.424120e-03
          -1.055897e-02 5.988575e-03 -2.727136e-03
          -1.055952e-02 5.987704e-03 -3.030163e-03
          -1.056006e-02 5.986833e-03 -3.333190e-03
          -1.056061e-02 5.985962e-03 -3.636217e-03
          -1.056204e-02 5.983706e-03 -4.545396e-03
          -1.055628e-02 5.705811e-03 -4.086385e-07
          -1.055656e-02 5.705534e-03 -3.033424e-04
          -1.055685e-02 5.705258e-03 -6.062761e-04
          -1.055713e-02 5.704982e-03 -9.092099e-04
          -1.055742e-02 5.704706e-03 -1.212144e-03
          -1.055924e-02 5.702017e-03 -2.424094e-03
          -1.055977e-02 5.701129e-03 -2.727114e-03
          -1.056032e-02 5.700174e-03 -3.030145e-03
          -1.056087e-02 5.699219e-03 -3.333176e-03
          -1.056142e-02 5.698264e-03 -3.636206e-03
          -1.056233e-02 5.696553e-03 -4.242318e-03
          -1.055698e-02 5.418755e-03 -3.548617e-07
          -1.055728e-02 5.418455e-03 -3.032917e-04
          -1.055757e-02 5.418155e-03 -6.062286e-04
          -1.055787e-02 5.417856e-03 -9.091654e-04
          -1.055817e-02 5.417556e-03 -1.212102e-03
          -1.056003e-02 5.414648e-03 -2.424068e-03
          -1.056057e-02 5.413684e-03 -2.727092e-03
          -1.056112e-02 5.412644e-03 -3.030126e-03
          -1.056168e-02 5.411605e-03 -3.333161e-03
          -1.056223e-02 5.410566e-03 -3.636195e-03
          -1.056309e-02 5.408664e-03 -4.242305e-03
          -1.056140e-02 5.126229e-03 -2.727071e-03
          -1.056196e-02 5.125106e-03 -3.030109e-03
          -1.056251e-02 5.123983e-03 -3.333148e-03
          -1.056307e-02 5.122861e-03 -3.636186e-03
          -1.056351e-02 5.121800e-03 -3.939237e-03
          -1.056388e-02 5.120776e-03 -4.242295e-03
          -1.056426e-02 5.119752e-03 -4.545353e-03
          -1.056527e-02 4.832859e-03 -4.242336e-03
          -1.056817e-02 3.688231e-03 -2.727077e-03
          -1.056873e-02 3.686707e-03 -3.030151e-03
          -1.056929e-02 3.685184e-03 -3.333224e-03
          -1.056984e-02 3.683660e-03 -3.636298e-03
          -1.057085e-02 3.680965e-03 -4.242493e-03
          -1.056989e-02 3.400359e-03 -2.727098e-03
          -1.057041e-02 3.398752e-03 -3.030178e-03
          -1.057092e-02 3.397145e-03 -3.333258e-03
          -1.057144e-02 3.395538e-03 -3.636338e-03
          -1.057188e-02 3.394078e-03 -3.939428e-03
          -1.057227e-02 3.392705e-03 -4.242526e-03
          -1.056891e-02 3.120216e-03 -6.057185e-04
          -1.057161e-02 3.112487e-03 -2.727120e-03
          -1.057208e-02 3.110796e-03 -3.030205e-03
          -1.057256e-02 3.109106e-03 -3.333291e-03
          -1.057303e-02 3.107415e-03 -3.636377e-03
          -1.057339e-02 3.105883e-03 -3.939466e-03
          -1.057333e-02 2.824613e-03 -2.727141e-03
          -1.057376e-02 2.822839e-03 -3.030232e-03
          -1.057420e-02 2.821065e-03 -3.333324e-03
          -1.057463e-02 2.819291e-03 -3.636416e-03
          -1.057491e-02 2.817687e-03 -3.939504e-03
          -1.057514e-02 2.536615e-03 -2.727161e-03
          -1.057553e-02 2.534761e-03 -3.030259e-03
          -1.057593e-02 2.532907e-03 -3.333357e-03
          -1.057633e-02 2.531054e-03 -3.636455e-03
          -1.058018e-02 1.955682e-03 -3.333419e-03
          -1.058139e-02 1.946808e-03 -4.848927e-03
          -1.058173e-02 1.671118e-03 -2.727211e-03
          -1.058201e-02 1.669093e-03 -3.030330e-03
          -1.058230e-02 1.667068e-03 -3.333450e-03
          -1.058259e-02 1.665043e-03 -3.636569e-03
          -1.058286e-02 1.663179e-03 -3.939679e-03
          -1.058362e-02 1.657876e-03 -4.848992e-03
          -1.058392e-02 1.382617e-03 -2.727227e-03
          -1.058417e-02 1.380535e-03 -3.030354e-03
          -1.058442e-02 1.378453e-03 -3.333480e-03
          -1.058468e-02 1.376371e-03 -3.636607e-03
          -1.058496e-02 1.374445e-03 -3.939724e-03
          -1.058525e-02 1.372611e-03 -4.242835e-03
          -1.058585e-02 1.368944e-03 -4.849057e-03
          -1.058618e-02 1.093579e-03 -2.727232e-03
          -1.058636e-02 1.091473e-03 -3.030365e-03
          -1.058655e-02 1.089367e-03 -3.333498e-03
          -1.058674e-02 1.087262e-03 -3.636631e-03
          -1.058694e-02 1.085334e-03 -3.939750e-03
          -1.058716e-02 1.083514e-03 -4.242862e-03
          -1.058738e-02 1.081695e-03 -4.545973e-03
          -1.058760e-02 1.079876e-03 -4.849085e-03
          -1.058845e-02 8.043843e-04 -2.727232e-03
          -1.058856e-02 8.022669e-04 -3.030372e-03
          -1.058868e-02 8.001495e-04 -3.333511e-03
          -1.058879e-02 7.980322e-04 -3.636650e-03
          -1.058891e-02 7.961236e-04 -3.939772e-03
          -1.058902e-02 7.943404e-04 -4.242883e-03
          -1.058913e-02 7.925576e-04 -4.545993e-03
          -1.059072e-02 5.151890e-04 -2.727233e-03
          -1.059076e-02 5.130602e-04 -3.030378e-03
          -1.059081e-02 5.109313e-04 -3.333524e-03
          -1.059085e-02 5.088025e-04 -3.636670e-03
          -1.059087e-02 5.069127e-04 -3.939793e-03
          -1.059087e-02 5.051663e-04 -4.242903e-03
          -1.059088e-02 5.034201e-04 -4.546013e-03
          -1.059299e-02 2.259935e-04 -2.727233e-03
          -1.059296e-02 2.238534e-04 -3.030385e-03
          -1.059293e-02 2.217131e-04 -3.333537e-03
          -1.059290e-02 2.195727e-04 -3.636689e-03
          -1.059283e-02 2.177016e-04 -3.939814e-03
          -1.059273e-02 2.159920e-04 -4.242924e-03
          -1.059263e-02 2.142825e-04 -4.546033e-03
          -1.059523e-02 -6.350804e-05 -2.727222e-03
          -1.059513e-02 -6.565117e-05 -3.030380e-03
          -1.059504e-02 -6.779428e-05 -3.333539e-03
          -1.059494e-02 -6.993735e-05 -3.636697e-03
          -1.059480e-02 -7.180570e-05 -3.939824e-03
          -1.059463e-02 -7.350988e-05 -4.242933e-03
          -1.059446e-02 -7.521442e-05 -4.546041e-03
          -1.059710e-02 -3.578046e-04 -3.333520e-03
          -1.060298e-02 -1.229898e-03 -3.636652e-03
          -1.060574e-02 -1.514325e-03 -2.727005e-03
          -1.060539e-02 -1.516317e-03 -3.030199e-03
          -1.060503e-02 -1.518309e-03 -3.333393e-03
          -1.060468e-02 -1.520301e-03 -3.636586e-03
          -1.060437e-02 -1.522139e-03 -3.939729e-03
          -1.060410e-02 -1.523885e-03 -4.242841e-03
          -1.060383e-02 -1.525630e-03 -4.545953e-03
          -1.060755e-02 -1.804967e-03 -2.726919e-03
          -1.060715e-02 -1.806887e-03 -3.030118e-03
          -1.060675e-02 -1.808807e-03 -3.333318e-03
          -1.060635e-02 -1.810727e-03 -3.636518e-03
          -1.060600e-02 -1.812462e-03 -3.939668e-03
          -1.060567e-02 -1.814085e-03 -4.242789e-03
          -1.060937e-02 -2.095609e-03 -2.726833e-03
          -1.060892e-02 -2.097457e-03 -3.030038e-03
          -1.060848e-02 -2.099306e-03 -3.333244e-03
          -1.060803e-02 -2.101154e-03 -3.636449e-03
          -1.060762e-02 -2.102785e-03 -3.939607e-03
          -1.061118e-02 -2.386250e-03 -2.726747e-03
          -1.061069e-02 -2.388026e-03 -3.029958e-03
          -1.061020e-02 -2.389803e-03 -3.333169e-03
          -1.060971e-02 -2.391579e-03 -3.636381e-03
          -1.061323e-02 -2.675709e-03 -2.423387e-03
          -1.061271e-02 -2.677177e-03 -2.726635e-03
          -1.061219e-02 -2.678879e-03 -3.029852e-03
          -1.061167e-02 -2.680581e-03 -3.333069e-03
          -1.061467e-02 -2.967156e-03 -2.423234e-03
          -1.061293e-02 -2.971592e-03 -3.332948e-03
          -1.061740e-02 -3.253728e-03 -1.209892e-03
          -1.061603e-02 -3.258461e-03 -2.423090e-03
          -1.061419e-02 -3.262602e-03 -3.332827e-03
          -1.061163e-02 -3.269616e-03 -4.848647e-03
          -1.061867e-02 -3.544941e-03 -1.209746e-03
          -1.061723e-02 -3.549453e-03 -2.422968e-03
          -1.061602e-02 -3.552146e-03 -3.029472e-03
          -1.061545e-02 -3.553611e-03 -3.332705e-03
          -1.061284e-02 -3.560549e-03 -4.848530e-03
          -1.062027e-02 -3.834553e-03 -2.994327e-04
          -1.062014e-02 -3.835105e-03 -6.028236e-04
          -1.062001e-02 -3.835657e-03 -9.062145e-04
          -1.061988e-02 -3.836209e-03 -1.209605e-03
          -1.061781e-02 -3.841863e-03 -2.726103e-03
          -1.061723e-02 -3.843246e-03 -3.029342e-03
          -1.061665e-02 -3.844630e-03 -3.332580e-03
          -1.061607e-02 -3.846013e-03 -3.635819e-03
          -1.061502e-02 -3.848718e-03 -4.242137e-03
          -1.061451e-02 -3.850062e-03 -4.545278e-03
          -1.061400e-02 -3.851406e-03 -4.848419e-03
          -1.062107e-02 -4.126279e-03 -2.993034e-04
          -1.062094e-02 -4.126798e-03 -6.026871e-04
          -1.062080e-02 -4.127317e-03 -9.060707e-04
          -1.062067e-02 -4.127837e-03 -1.209454e-03
          -1.061862e-02 -4.133130e-03 -2.725948e-03
          -1.061805e-02 -4.134419e-03 -3.029189e-03
          -1.061748e-02 -4.135708e-03 -3.332430e-03
          -1.061691e-02 -4.136997e-03 -3.635671e-03
          -1.061540e-02 -4.140668e-03 -4.545176e-03
          -1.062188e-02 -4.418004e-03 -2.991741e-04
          -1.062174e-02 -4.418491e-03 -6.025506e-04
          -1.062160e-02 -4.418977e-03 -9.059270e-04
          -1.062145e-02 -4.419464e-03 -1.209303e-03
          -1.061944e-02 -4.424397e-03 -2.725792e-03
          -1.061888e-02 -4.425592e-03 -3.029036e-03
          -1.061832e-02 -4.426786e-03 -3.332280e-03
          -1.061776e-02 -4.427981e-03 -3.635524e-03
          -1.062268e-02 -4.709728e-03 -2.990449e-04
          -1.062254e-02 -4.710182e-03 -6.024141e-04
          -1.062239e-02 -4.710637e-03 -9.057833e-04
          -1.062224e-02 -4.711091e-03 -1.209153e-03
          -1.062025e-02 -4.715664e-03 -2.725636e-03
          -1.061970e-02 -4.716764e-03 -3.028883e-03
          -1.061915e-02 -4.717864e-03 -3.332130e-03
          -1.061860e-02 -4.718964e-03 -3.635377e-03
          -1.062349e-02 -5.001452e-03 -2.989157e-04
          -1.062334e-02 -5.001873e-03 -6.022777e-04
          -1.062318e-02 -5.002295e-03 -9.056397e-04
          -1.062303e-02 -5.002716e-03 -1.209002e-03
          -1.062107e-02 -5.006930e-03 -2.725480e-03
          -1.062053e-02 -5.007935e-03 -3.028730e-03
          -1.061999e-02 -5.008941e-03 -3.331980e-03
          -1.061945e-02 -5.009946e-03 -3.635230e-03
          -1.062387e-02 -5.293184e-03 -2.988193e-04
          -1.062372e-02 -5.293585e-03 -6.021636e-04
          -1.062357e-02 -5.293987e-03 -9.055079e-04
          -1.062342e-02 -5.294389e-03 -1.208852e-03
          -1.062048e-02 -5.300094e-03 -3.331826e-03
          -1.061807e-02 -5.304116e-03 -4.847946e-03
          -1.061888e-02 -5.594318e-03 -4.544571e-03
          -1.062441e-02 -6.168736e-03 -6.018472e-04
          -1.062324e-02 -7.044879e-03 -2.724612e-03
          -1.062288e-02 -7.045371e-03 -3.027815e-03
          -1.062347e-02 -7.335623e-03 -2.724510e-03
          -1.062314e-02 -7.336055e-03 -3.027712e-03
          -1.062370e-02 -7.626368e-03 -2.724408e-03
          -1.062339e-02 -7.626738e-03 -3.027609e-03
          -1.062391e-02 -8.206504e-03 -1.207913e-03
          -1.062375e-02 -8.206786e-03 -1.511184e-03
          -1.062358e-02 -8.207068e-03 -1.814455e-03
          -1.062399e-02 -8.496587e-03 -2.980506e-04
          -1.062383e-02 -8.496852e-03 -6.013151e-04
          -1.062367e-02 -8.497118e-03 -9.045795e-04
          -1.062351e-02 -8.497383e-03 -1.207844e-03
          -1.062336e-02 -8.497648e-03 -1.511108e-03
          -1.062219e-02 -8.499197e-03 -3.027350e-03
          -1.062357e-02 -8.787517e-03 -2.980011e-04
          -1.062342e-02 -8.787765e-03 -6.012590e-04
          -1.062327e-02 -8.788013e-03 -9.045170e-04
          -1.062311e-02 -8.788261e-03 -1.207775e-03
          -1.062221e-02 -8.789586e-03 -2.724036e-03
          -1.062185e-02 -8.789947e-03 -3.027255e-03
          -1.062315e-02 -9.078447e-03 -2.979515e-04
          -1.062301e-02 -9.078678e-03 -6.012030e-04
          -1.062286e-02 -9.078909e-03 -9.044545e-04
          -1.062185e-02 -9.080368e-03 -2.723940e-03
          -1.062151e-02 -9.080697e-03 -3.027160e-03
          -1.062218e-02 -9.660504e-03 -6.010909e-04
          -1.062205e-02 -9.660701e-03 -9.043295e-04
          -1.062192e-02 -9.660898e-03 -1.207568e-03
          -1.062179e-02 -9.661095e-03 -1.510807e-03
          -1.062165e-02 -9.661292e-03 -1.814045e-03
          -1.085143e-02 8.864961e-03 -1.212599e-03
          -1.085118e-02 8.577420e-03 -9.095956e-04
          -1.085141e-02 8.577228e-03 -1.212566e-03
          -1.085358e-02 6.277403e-03 -3.858435e-07
          -1.085382e-02 6.277194e-03 -3.033236e-04
          -1.085405e-02 6.276984e-03 -6.062613e-04
          -1.085429e-02 6.276775e-03 -9.091991e-04
          -1.085452e-02 6.276566e-03 -1.212137e-03
          -1.085601e-02 6.274631e-03 -2.424079e-03
          -1.085644e-02 6.274009e-03 -2.727095e-03
          -1.085689e-02 6.273343e-03 -3.030121e-03
          -1.085735e-02 6.272677e-03 -3.333146e-03
          -1.085780e-02 6.272011e-03 -3.636172e-03
          -1.085941e-02 6.269950e-03 -4.848434e-03
          -1.085429e-02 5.990120e-03 -3.271216e-07
          -1.085454e-02 5.989893e-03 -3.032683e-04
          -1.085479e-02 5.989666e-03 -6.062094e-04
          -1.085503e-02 5.989438e-03 -9.091506e-04
          -1.085528e-02 5.989211e-03 -1.212092e-03
          -1.085679e-02 5.987091e-03 -2.424047e-03
          -1.085723e-02 5.986401e-03 -2.727067e-03
          -1.085768e-02 5.985660e-03 -3.030097e-03
          -1.085814e-02 5.984919e-03 -3.333127e-03
          -1.085859e-02 5.984179e-03 -3.636157e-03
          -1.085526e-02 5.702591e-03 -3.032129e-04
          -1.085552e-02 5.702346e-03 -6.061575e-04
          -1.085578e-02 5.702101e-03 -9.091021e-04
          -1.085603e-02 5.701856e-03 -1.212047e-03
          -1.085847e-02 5.697977e-03 -3.030073e-03
          -1.085893e-02 5.697162e-03 -3.333107e-03
          -1.085938e-02 5.696346e-03 -3.636141e-03
          -1.086041e-02 5.694211e-03 -4.545321e-03
          -1.085599e-02 5.415289e-03 -3.031576e-04
          -1.085626e-02 5.415026e-03 -6.061056e-04
          -1.085652e-02 5.414763e-03 -9.090535e-04
          -1.085679e-02 5.414500e-03 -1.212002e-03
          -1.085926e-02 5.410293e-03 -3.030049e-03
          -1.085971e-02 5.409404e-03 -3.333088e-03
          -1.086017e-02 5.408514e-03 -3.636126e-03
          -1.086054e-02 5.121638e-03 -3.333070e-03
          -1.086099e-02 5.120675e-03 -3.636112e-03
          -1.086610e-02 3.684714e-03 -2.726957e-03
          -1.086656e-02 3.683428e-03 -3.030031e-03
          -1.086703e-02 3.682143e-03 -3.333106e-03
          -1.086749e-02 3.680857e-03 -3.636180e-03
          -1.086769e-02 3.396687e-03 -2.726969e-03
          -1.086812e-02 3.395330e-03 -3.030048e-03
          -1.086855e-02 3.393973e-03 -3.333128e-03
          -1.086898e-02 3.392617e-03 -3.636208e-03
          -1.086929e-02 3.108659e-03 -2.726980e-03
          -1.086968e-02 3.107231e-03 -3.030065e-03
          -1.087007e-02 3.105804e-03 -3.333151e-03
          -1.087046e-02 3.104376e-03 -3.636236e-03
          -1.087124e-02 2.819131e-03 -3.030082e-03
          -1.087159e-02 2.817633e-03 -3.333173e-03
          -1.087194e-02 2.816135e-03 -3.636264e-03
          -1.087561e-02 1.960387e-03 -1.514558e-03
          -1.087663e-02 1.955247e-03 -2.727001e-03
          -1.087690e-02 1.953595e-03 -3.030111e-03
          -1.087717e-02 1.951944e-03 -3.333221e-03
          -1.087744e-02 1.950292e-03 -3.636330e-03
          -1.087866e-02 1.666630e-03 -2.727002e-03
          -1.087890e-02 1.664935e-03 -3.030118e-03
          -1.087915e-02 1.663240e-03 -3.333234e-03
          -1.087940e-02 1.661545e-03 -3.636351e-03
          -1.087966e-02 1.659992e-03 -3.939470e-03
          -1.088113e-02 1.374536e-03 -3.333248e-03
          -1.088164e-02 1.371197e-03 -3.939499e-03
          -1.088198e-02 1.369679e-03 -4.242632e-03
          -1.088232e-02 1.368161e-03 -4.545763e-03
          -1.088275e-02 1.088935e-03 -2.726994e-03
          -1.088292e-02 1.087178e-03 -3.030124e-03
          -1.088308e-02 1.085421e-03 -3.333253e-03
          -1.088325e-02 1.083664e-03 -3.636383e-03
          -1.088399e-02 1.079053e-03 -4.545779e-03
          -1.088425e-02 1.077548e-03 -4.848912e-03
          -1.088483e-02 7.997272e-04 -2.726984e-03
          -1.088493e-02 7.979602e-04 -3.030120e-03
          -1.088503e-02 7.961933e-04 -3.333256e-03
          -1.088514e-02 7.944264e-04 -3.636392e-03
          -1.088556e-02 7.898915e-04 -4.545786e-03
          -1.088571e-02 7.884169e-04 -4.848917e-03
          -1.088690e-02 5.105195e-04 -2.726974e-03
          -1.088694e-02 5.087427e-04 -3.030116e-03
          -1.088698e-02 5.069658e-04 -3.333259e-03
          -1.088702e-02 5.051889e-04 -3.636402e-03
          -1.088710e-02 5.021747e-04 -4.242665e-03
          -1.088713e-02 5.007301e-04 -4.545794e-03
          -1.088717e-02 4.992857e-04 -4.848923e-03
          -1.088897e-02 2.213117e-04 -2.726963e-03
          -1.088895e-02 2.195250e-04 -3.030113e-03
          -1.088893e-02 2.177383e-04 -3.333262e-03
          -1.088890e-02 2.159515e-04 -3.636411e-03
          -1.088870e-02 2.115686e-04 -4.545801e-03
          -1.089094e-02 -6.997142e-05 -3.030098e-03
          -1.089086e-02 -7.176119e-05 -3.333254e-03
          -1.089078e-02 -7.355095e-05 -3.636410e-03
          -1.090063e-02 -1.518594e-03 -2.726704e-03
          -1.090035e-02 -1.520267e-03 -3.029892e-03
          -1.090008e-02 -1.521941e-03 -3.333081e-03
          -1.089981e-02 -1.523614e-03 -3.636270e-03
          -1.090229e-02 -1.809087e-03 -2.726624e-03
          -1.090199e-02 -1.810701e-03 -3.029818e-03
          -1.090168e-02 -1.812315e-03 -3.333012e-03
          -1.090137e-02 -1.813928e-03 -3.636206e-03
          -1.090396e-02 -2.099580e-03 -2.726544e-03
          -1.090362e-02 -2.101134e-03 -3.029743e-03
          -1.090327e-02 -2.102688e-03 -3.332943e-03
          -1.090293e-02 -2.104242e-03 -3.636142e-03
          -1.090486e-02 -2.393061e-03 -3.332873e-03
          -1.090448e-02 -2.394555e-03 -3.636078e-03
          -1.090964e-02 -2.966469e-03 -1.209892e-03
          -1.091097e-02 -3.257719e-03 -1.209748e-03
          -1.090860e-02 -3.265448e-03 -3.332553e-03
          -1.091223e-02 -3.548907e-03 -1.209603e-03
          -1.091023e-02 -3.555067e-03 -3.029217e-03
          -1.090978e-02 -3.556316e-03 -3.332439e-03
          -1.091342e-02 -3.840117e-03 -1.209461e-03
          -1.091046e-02 -3.848374e-03 -3.635549e-03
          -1.091129e-02 -4.139207e-03 -3.635416e-03
          -1.091213e-02 -4.430039e-03 -3.635284e-03
          -1.091619e-02 -4.713017e-03 -2.990264e-04
          -1.091296e-02 -4.720871e-03 -3.635151e-03
          -1.091283e-02 -5.305324e-03 -4.847765e-03
          -1.091358e-02 -5.595572e-03 -4.544390e-03
          -1.091760e-02 -6.755046e-03 -2.421382e-03
          -1.091788e-02 -7.045693e-03 -2.421290e-03
          -1.091764e-02 -7.046092e-03 -2.724515e-03
          -1.091739e-02 -7.046495e-03 -3.027707e-03
          -1.091713e-02 -7.046897e-03 -3.330900e-03
          -1.091839e-02 -7.335956e-03 -2.117879e-03
          -1.091817e-02 -7.336340e-03 -2.421198e-03
          -1.091793e-02 -7.336700e-03 -2.724422e-03
          -1.091769e-02 -7.337053e-03 -3.027615e-03
          -1.091745e-02 -7.337405e-03 -3.330807e-03
          -1.091889e-02 -7.626233e-03 -1.814469e-03
          -1.091867e-02 -7.626610e-03 -2.117788e-03
          -1.091846e-02 -7.626986e-03 -2.421106e-03
          -1.091823e-02 -7.627308e-03 -2.724330e-03
          -1.091800e-02 -7.627611e-03 -3.027522e-03
          -1.091777e-02 -7.627913e-03 -3.330715e-03
          -1.091908e-02 -7.916083e-03 -6.014391e-04
          -1.091893e-02 -7.916362e-03 -9.047038e-04
          -1.091877e-02 -7.916641e-03 -1.207968e-03
          -1.091862e-02 -7.916920e-03 -1.511233e-03
          -1.091846e-02 -7.917199e-03 -1.814498e-03
          -1.091831e-02 -7.917478e-03 -2.117762e-03
          -1.091709e-02 -7.918980e-03 -3.330677e-03
          -1.091887e-02 -8.206665e-03 -2.981277e-04
          -1.091872e-02 -8.206929e-03 -6.013861e-04
          -1.091857e-02 -8.207193e-03 -9.046444e-04
          -1.091842e-02 -8.207457e-03 -1.207903e-03
          -1.091827e-02 -8.207721e-03 -1.511161e-03
          -1.091812e-02 -8.207985e-03 -1.814419e-03
          -1.091752e-02 -8.208870e-03 -2.724161e-03
          -1.091717e-02 -8.209260e-03 -3.027374e-03
          -1.091681e-02 -8.209650e-03 -3.330587e-03
          -1.091849e-02 -8.497527e-03 -2.980810e-04
          -1.091835e-02 -8.497776e-03 -6.013330e-04
          -1.091821e-02 -8.498025e-03 -9.045850e-04
          -1.091806e-02 -8.498273e-03 -1.207837e-03
          -1.091792e-02 -8.498522e-03 -1.511089e-03
          -1.091720e-02 -8.499601e-03 -2.724069e-03
          -1.091687e-02 -8.499961e-03 -3.027283e-03
          -1.091653e-02 -8.500321e-03 -3.330498e-03
          -1.091619e-02 -8.500682e-03 -3.633712e-03
          -1.091812e-02 -8.788388e-03 -2.980342e-04
          -1.091798e-02 -8.788622e-03 -6.012799e-04
          -1.091785e-02 -8.788856e-03 -9.045256e-04
          -1.091771e-02 -8.789089e-03 -1.207771e-03
          -1.091657e-02 -8.790661e-03 -3.027192e-03
          -1.091625e-02 -8.790992e-03 -3.330408e-03
          -1.115137e-02 6.562667e-03 -3.094128e-07
          -1.115280e-02 6.274359e-03 -1.212054e-03
          -1.115407e-02 6.272692e-03 -2.424025e-03
          -1.115560e-02 6.270436e-03 -3.636125e-03
          -1.115265e-02 5.987649e-03 -1.893624e-07
          -1.115636e-02 5.982486e-03 -3.636105e-03
          -1.115734e-02 4.835921e-03 -1.514821e-03
          -1.115855e-02 4.548198e-03 -1.514778e-03
          -1.115889e-02 4.547545e-03 -1.817800e-03
          -1.115923e-02 4.546892e-03 -2.120822e-03
          -1.115976e-02 4.260474e-03 -1.514734e-03
          -1.116010e-02 4.259781e-03 -1.817764e-03
          -1.116044e-02 4.259089e-03 -2.120794e-03
          -1.116097e-02 3.972750e-03 -1.514690e-03
          -1.116131e-02 3.972018e-03 -1.817729e-03
          -1.116165e-02 3.971286e-03 -2.120767e-03
          -1.116199e-02 3.970555e-03 -2.423806e-03
          -1.116399e-02 3.965557e-03 -3.939153e-03
          -1.116438e-02 3.964675e-03 -4.242260e-03
          -1.116864e-02 2.532836e-03 -1.514543e-03
          -1.116892e-02 2.531922e-03 -1.817622e-03
          -1.116920e-02 2.531008e-03 -2.120702e-03
          -1.117068e-02 2.523632e-03 -3.939239e-03
          -1.117063e-02 2.244245e-03 -1.514485e-03
          -1.117089e-02 2.243303e-03 -1.817575e-03
          -1.117114e-02 2.242354e-03 -2.120668e-03
          -1.117140e-02 2.241404e-03 -2.423762e-03
          -1.117164e-02 2.240136e-03 -2.726859e-03
          -1.117189e-02 2.238765e-03 -3.029957e-03
          -1.117255e-02 2.234773e-03 -3.939253e-03
          -1.117261e-02 1.955652e-03 -1.514427e-03
          -1.117285e-02 1.954683e-03 -1.817528e-03
          -1.117308e-02 1.953700e-03 -2.120635e-03
          -1.117331e-02 1.952714e-03 -2.423743e-03
          -1.117354e-02 1.951410e-03 -2.726847e-03
          -1.117377e-02 1.950007e-03 -3.029950e-03
          -1.117442e-02 1.945914e-03 -3.939267e-03
          -1.117459e-02 1.667049e-03 -1.514372e-03
          -1.117480e-02 1.666044e-03 -1.817487e-03
          -1.117501e-02 1.665031e-03 -2.120605e-03
          -1.117522e-02 1.664017e-03 -2.423724e-03
          -1.117543e-02 1.662684e-03 -2.726835e-03
          -1.117629e-02 1.657054e-03 -3.939281e-03
          -1.117653e-02 1.655798e-03 -4.242407e-03
          -1.117656e-02 1.378444e-03 -1.514316e-03
          -1.117675e-02 1.377404e-03 -1.817445e-03
          -1.117694e-02 1.376362e-03 -2.120575e-03
          -1.117712e-02 1.375319e-03 -2.423705e-03
          -1.117731e-02 1.373957e-03 -2.726823e-03
          -1.117816e-02 1.368194e-03 -3.939295e-03
          -1.117846e-02 1.366899e-03 -4.242433e-03
          -1.117875e-02 1.365603e-03 -4.545570e-03
          -1.117905e-02 1.364308e-03 -4.848707e-03
          -1.117967e-02 1.080414e-03 -3.636171e-03
          -1.118056e-02 1.075199e-03 -4.848717e-03
          -1.118132e-02 7.926828e-04 -3.333046e-03
          -1.118141e-02 7.911900e-04 -3.636175e-03
          -1.118673e-02 -6.749499e-05 -1.514068e-03
          -1.118678e-02 -6.859371e-05 -1.817235e-03
          -1.118683e-02 -6.969133e-05 -2.120403e-03
          -1.118688e-02 -7.078864e-05 -2.423571e-03
          -1.118654e-02 -7.807465e-05 -3.939312e-03
          -1.118868e-02 -3.574768e-04 -1.513976e-03
          -1.118870e-02 -3.585673e-04 -1.817154e-03
          -1.118872e-02 -3.596557e-04 -2.120336e-03
          -1.118873e-02 -3.607435e-04 -2.423517e-03
          -1.118828e-02 -3.680085e-04 -3.939287e-03
          -1.119063e-02 -6.474584e-04 -1.513884e-03
          -1.119063e-02 -6.485407e-04 -1.817074e-03
          -1.119061e-02 -6.496197e-04 -2.120269e-03
          -1.119058e-02 -6.506979e-04 -2.423464e-03
          -1.119002e-02 -6.579423e-04 -3.939262e-03
          -1.119258e-02 -9.374398e-04 -1.513795e-03
          -1.119253e-02 -9.385116e-04 -1.816998e-03
          -1.119248e-02 -9.395813e-04 -2.120204e-03
          -1.119243e-02 -9.406505e-04 -2.423411e-03
          -1.119176e-02 -9.478758e-04 -3.939237e-03
          -1.120253e-02 -2.679945e-03 -1.513181e-03
          -1.120236e-02 -2.680899e-03 -1.816433e-03
          -1.120218e-02 -2.681850e-03 -2.119685e-03
          -1.120138e-02 -2.685194e-03 -3.029346e-03
          -1.120372e-02 -2.970990e-03 -1.513046e-03
          -1.120353e-02 -2.971898e-03 -1.816302e-03
          -1.120490e-02 -3.262031e-03 -1.512910e-03
          -1.120609e-02 -3.553066e-03 -1.512776e-03
          -1.120761e-02 -5.306470e-03 -4.847595e-03
          -1.120831e-02 -5.596700e-03 -4.544235e-03
          -1.120793e-02 -5.597278e-03 -4.847455e-03
          -1.121266e-02 -6.463319e-03 -2.985380e-04
          -1.121258e-02 -6.463628e-03 -6.017584e-04
          -1.121250e-02 -6.463937e-03 -9.049788e-04
          -1.121242e-02 -6.464246e-03 -1.208199e-03
          -1.121224e-02 -6.464588e-03 -1.511490e-03
          -1.121205e-02 -6.464934e-03 -1.814791e-03
          -1.121185e-02 -6.465280e-03 -2.118092e-03
          -1.121165e-02 -6.465627e-03 -2.421394e-03
          -1.121299e-02 -6.753995e-03 -2.984542e-04
          -1.121291e-02 -6.754276e-03 -6.016731e-04
          -1.121283e-02 -6.754558e-03 -9.048920e-04
          -1.121274e-02 -6.754839e-03 -1.208111e-03
          -1.121256e-02 -6.755176e-03 -1.511401e-03
          -1.121237e-02 -6.755522e-03 -1.814702e-03
          -1.121217e-02 -6.755869e-03 -2.118004e-03
          -1.121197e-02 -6.756215e-03 -2.421305e-03
          -1.121333e-02 -7.044670e-03 -2.983704e-04
          -1.121324e-02 -7.044924e-03 -6.015878e-04
          -1.121315e-02 -7.045177e-03 -9.048052e-04
          -1.121306e-02 -7.045431e-03 -1.208023e-03
          -1.121288e-02 -7.045765e-03 -1.511313e-03
          -1.121269e-02 -7.046111e-03 -1.814614e-03
          -1.121249e-02 -7.046457e-03 -2.117915e-03
          -1.121229e-02 -7.046803e-03 -2.421216e-03
          -1.121366e-02 -7.335346e-03 -2.982866e-04
          -1.121357e-02 -7.335572e-03 -6.015025e-04
          -1.121348e-02 -7.335798e-03 -9.047183e-04
          -1.121339e-02 -7.336023e-03 -1.207934e-03
          -1.121320e-02 -7.336353e-03 -1.511224e-03
          -1.121301e-02 -7.336699e-03 -1.814525e-03
          -1.121281e-02 -7.337045e-03 -2.117827e-03
          -1.121262e-02 -7.337391e-03 -2.421128e-03
          -1.121241e-02 -7.337719e-03 -2.724345e-03
          -1.121221e-02 -7.338041e-03 -3.027533e-03
          -1.121201e-02 -7.338362e-03 -3.330722e-03
          -1.121399e-02 -7.626022e-03 -2.982028e-04
          -1.121390e-02 -7.626220e-03 -6.014171e-04
          -1.121380e-02 -7.626417e-03 -9.046315e-04
          -1.121371e-02 -7.626615e-03 -1.207846e-03
          -1.121352e-02 -7.626941e-03 -1.511135e-03
          -1.121333e-02 -7.627287e-03 -1.814437e-03
          -1.121313e-02 -7.627633e-03 -2.117738e-03
          -1.121294e-02 -7.627979e-03 -2.421039e-03
          -1.121274e-02 -7.628273e-03 -2.724257e-03
          -1.121254e-02 -7.628550e-03 -3.027445e-03
          -1.121234e-02 -7.628826e-03 -3.330634e-03
          -1.121214e-02 -7.629102e-03 -3.633823e-03
          -1.121366e-02 -7.916880e-03 -2.981992e-04
          -1.121352e-02 -7.917138e-03 -6.014512e-04
          -1.121338e-02 -7.917397e-03 -9.047031e-04
          -1.121324e-02 -7.917656e-03 -1.207955e-03
          -1.121310e-02 -7.917915e-03 -1.511207e-03
          -1.121296e-02 -7.918173e-03 -1.814459e-03
          -1.121282e-02 -7.918432e-03 -2.117711e-03
          -1.121240e-02 -7.919042e-03 -2.724182e-03
          -1.121206e-02 -7.919424e-03 -3.027389e-03
          -1.121173e-02 -7.919806e-03 -3.330596e-03
          -1.121140e-02 -7.920188e-03 -3.633804e-03
          -1.121107e-02 -7.920571e-03 -3.937011e-03
          -1.121333e-02 -8.207672e-03 -2.981553e-04
          -1.121320e-02 -8.207918e-03 -6.014010e-04
          -1.121306e-02 -8.208164e-03 -9.046468e-04
          -1.121293e-02 -8.208409e-03 -1.207893e-03
          -1.121279e-02 -8.208655e-03 -1.511138e-03
          -1.121266e-02 -8.208901e-03 -1.814384e-03
          -1.121212e-02 -8.209719e-03 -2.724094e-03
          -1.121180e-02 -8.210074e-03 -3.027302e-03
          -1.121149e-02 -8.210429e-03 -3.330511e-03
          -1.121117e-02 -8.210784e-03 -3.633720e-03
          -1.121086e-02 -8.211139e-03 -3.936929e-03
          -1.121300e-02 -8.498466e-03 -2.981113e-04
          -1.121287e-02 -8.498699e-03 -6.013509e-04
          -1.121275e-02 -8.498931e-03 -9.045905e-04
          -1.121262e-02 -8.499164e-03 -1.207830e-03
          -1.121249e-02 -8.499396e-03 -1.511070e-03
          -1.121155e-02 -8.500725e-03 -3.027216e-03
          -1.121125e-02 -8.501052e-03 -3.330426e-03
          -1.121095e-02 -8.501380e-03 -3.633636e-03
          -1.145081e-02 6.272334e-03 -1.211975e-03
          -1.145191e-02 6.270898e-03 -2.423982e-03
          -1.145323e-02 6.268919e-03 -3.636084e-03
          -1.145236e-02 5.983468e-03 -2.120938e-03
          -1.145264e-02 5.983076e-03 -2.423942e-03
          -1.145395e-02 5.980863e-03 -3.636061e-03
          -1.145488e-02 4.833608e-03 -1.211725e-03
          -1.145635e-02 4.545245e-03 -1.514691e-03
          -1.145753e-02 4.257360e-03 -1.514641e-03
          -1.145782e-02 4.256777e-03 -1.817680e-03
          -1.145811e-02 4.256195e-03 -2.120719e-03
          -1.145871e-02 3.969474e-03 -1.514591e-03
          -1.145900e-02 3.968855e-03 -1.817640e-03
          -1.145929e-02 3.968237e-03 -2.120688e-03
          -1.145958e-02 3.967618e-03 -2.423736e-03
          -1.146127e-02 3.963309e-03 -3.939056e-03
          -1.146158e-02 3.962481e-03 -4.242153e-03
          -1.145976e-02 3.682063e-03 -1.211507e-03
          -1.146089e-02 3.679513e-03 -2.423722e-03
          -1.146096e-02 3.394331e-03 -9.084449e-04
          -1.146118e-02 3.393998e-03 -1.211473e-03
          -1.146200e-02 3.392018e-03 -2.120652e-03
          -1.146228e-02 3.391343e-03 -2.423712e-03
          -1.146238e-02 3.106293e-03 -9.083980e-04
          -1.146260e-02 3.105933e-03 -1.211440e-03
          -1.146579e-02 2.811773e-03 -3.332935e-03
          -1.146578e-02 2.528955e-03 -1.514440e-03
          -1.146763e-02 2.240234e-03 -1.514372e-03
          -1.146786e-02 2.239451e-03 -1.817465e-03
          -1.146948e-02 1.951512e-03 -1.514303e-03
          -1.146969e-02 1.950700e-03 -1.817410e-03
          -1.146989e-02 1.949889e-03 -2.120517e-03
          -1.147056e-02 1.664925e-03 -3.018091e-04
          -1.147133e-02 1.662790e-03 -1.514235e-03
          -1.147152e-02 1.661949e-03 -1.817355e-03
          -1.147170e-02 1.661109e-03 -2.120476e-03
          -1.147188e-02 1.660269e-03 -2.423596e-03
          -1.147280e-02 1.654298e-03 -3.939107e-03
          -1.147318e-02 1.374066e-03 -1.514166e-03
          -1.147334e-02 1.373198e-03 -1.817300e-03
          -1.147351e-02 1.372329e-03 -2.120434e-03
          -1.147367e-02 1.371460e-03 -2.423568e-03
          -1.147384e-02 1.370305e-03 -2.726678e-03
          -1.147402e-02 1.369053e-03 -3.029781e-03
          -1.147419e-02 1.367802e-03 -3.332883e-03
          -1.147436e-02 1.366551e-03 -3.635985e-03
          -1.147455e-02 1.365369e-03 -3.939106e-03
          -1.147475e-02 1.364228e-03 -4.242237e-03
          -1.147491e-02 1.085852e-03 -1.210977e-03
          -1.147534e-02 1.083259e-03 -2.120398e-03
          -1.147548e-02 1.082377e-03 -2.423538e-03
          -1.147562e-02 1.081209e-03 -2.726656e-03
          -1.147601e-02 1.077415e-03 -3.635985e-03
          -1.147660e-02 1.072832e-03 -4.848506e-03
          -1.147740e-02 7.920408e-04 -2.726632e-03
          -1.148024e-02 2.200680e-04 -3.012718e-04
          -1.148036e-02 2.195372e-04 -6.044548e-04
          -1.148048e-02 2.190063e-04 -9.076378e-04
          -1.148060e-02 2.184754e-04 -1.210821e-03
          -1.148069e-02 2.176174e-04 -1.513980e-03
          -1.148078e-02 2.167117e-04 -1.817135e-03
          -1.148091e-02 2.111196e-04 -3.332854e-03
          -1.148247e-02 -7.095929e-05 -1.210748e-03
          -1.148254e-02 -7.182223e-05 -1.513916e-03
          -1.148260e-02 -7.273194e-05 -1.817079e-03
          -1.148257e-02 -7.834554e-05 -3.332833e-03
          -1.148433e-02 -3.617694e-04 -1.513822e-03
          -1.148436e-02 -3.626727e-04 -1.816997e-03
          -1.148420e-02 -3.682512e-04 -3.332790e-03
          -1.148613e-02 -6.517164e-04 -1.513727e-03
          -1.148612e-02 -6.526132e-04 -1.816916e-03
          -1.148792e-02 -9.416631e-04 -1.513633e-03
          -1.148789e-02 -9.425536e-04 -1.816834e-03
          -1.148786e-02 -9.434440e-04 -2.120034e-03
          -1.149130e-02 -1.520507e-03 -9.069817e-04
          -1.149112e-02 -1.523612e-03 -2.119885e-03
          -1.149105e-02 -1.524484e-03 -2.423103e-03
          -1.149055e-02 -1.528082e-03 -3.332604e-03
          -1.149594e-02 -2.392694e-03 -1.513179e-03
          -1.150239e-02 -5.307576e-03 -4.847431e-03
          -1.150305e-02 -5.597748e-03 -4.544096e-03
          -1.150273e-02 -5.598272e-03 -4.847307e-03
          -1.150341e-02 -5.888467e-03 -4.543971e-03
          -1.150306e-02 -5.888968e-03 -4.847183e-03
          -1.150670e-02 -6.173492e-03 -2.986525e-04
          -1.150662e-02 -6.173814e-03 -6.018823e-04
          -1.150654e-02 -6.174136e-03 -9.051122e-04
          -1.150646e-02 -6.174458e-03 -1.208342e-03
          -1.150630e-02 -6.174789e-03 -1.511609e-03
          -1.150613e-02 -6.175121e-03 -1.814881e-03
          -1.150596e-02 -6.175453e-03 -2.118154e-03
          -1.150579e-02 -6.175786e-03 -2.421427e-03
          -1.150702e-02 -6.464484e-03 -2.985727e-04
          -1.150694e-02 -6.464793e-03 -6.017929e-04
          -1.150686e-02 -6.465102e-03 -9.050132e-04
          -1.150679e-02 -6.465411e-03 -1.208233e-03
          -1.150663e-02 -6.465714e-03 -1.511502e-03
          -1.150646e-02 -6.466016e-03 -1.814777e-03
          -1.150630e-02 -6.466318e-03 -2.118053e-03
          -1.150613e-02 -6.466620e-03 -2.421329e-03
          -1.150736e-02 -6.755159e-03 -2.984889e-04
          -1.150727e-02 -6.755440e-03 -6.017076e-04
          -1.150719e-02 -6.755721e-03 -9.049264e-04
          -1.150711e-02 -6.756003e-03 -1.208145e-03
          -1.150695e-02 -6.756302e-03 -1.511413e-03
          -1.150679e-02 -6.756604e-03 -1.814689e-03
          -1.150662e-02 -6.756905e-03 -2.117965e-03
          -1.150645e-02 -6.757207e-03 -2.421240e-03
          -1.150769e-02 -7.045834e-03 -2.984051e-04
          -1.150760e-02 -7.046087e-03 -6.016223e-04
          -1.150752e-02 -7.046340e-03 -9.048395e-04
          -1.150743e-02 -7.046594e-03 -1.208057e-03
          -1.150727e-02 -7.046889e-03 -1.511325e-03
          -1.150711e-02 -7.047191e-03 -1.814600e-03
          -1.150694e-02 -7.047493e-03 -2.117876e-03
          -1.150677e-02 -7.047795e-03 -2.421152e-03
          -1.150802e-02 -7.336508e-03 -2.983212e-04
          -1.150793e-02 -7.336734e-03 -6.015370e-04
          -1.150784e-02 -7.336959e-03 -9.047527e-04
          -1.150775e-02 -7.337185e-03 -1.207968e-03
          -1.150759e-02 -7.337477e-03 -1.511236e-03
          -1.150743e-02 -7.337778e-03 -1.814512e-03
          -1.150726e-02 -7.338080e-03 -2.117788e-03
          -1.150710e-02 -7.338382e-03 -2.421063e-03
          -1.150836e-02 -7.627183e-03 -2.982374e-04
          -1.150826e-02 -7.627381e-03 -6.014517e-04
          -1.150817e-02 -7.627578e-03 -9.046659e-04
          -1.150807e-02 -7.627776e-03 -1.207880e-03
          -1.150792e-02 -7.628064e-03 -1.511148e-03
          -1.150775e-02 -7.628366e-03 -1.814423e-03
          -1.150758e-02 -7.628667e-03 -2.117699e-03
          -1.150742e-02 -7.628969e-03 -2.420975e-03
          -1.150808e-02 -7.917955e-03 -2.982239e-04
          -1.150795e-02 -7.918194e-03 -6.014632e-04
          -1.150783e-02 -7.918432e-03 -9.047025e-04
          -1.150770e-02 -7.918671e-03 -1.207942e-03
          -1.150758e-02 -7.918909e-03 -1.511181e-03
          -1.150745e-02 -7.919148e-03 -1.814420e-03
          -1.150733e-02 -7.919386e-03 -2.117660e-03
          -1.150695e-02 -7.919942e-03 -2.724111e-03
          -1.150666e-02 -7.920287e-03 -3.027313e-03
          -1.150637e-02 -7.920632e-03 -3.330516e-03
          -1.150608e-02 -7.920977e-03 -3.633718e-03
          -1.150579e-02 -7.921322e-03 -3.936921e-03
          -1.150550e-02 -7.921667e-03 -4.240124e-03
          -1.150780e-02 -8.208680e-03 -2.981828e-04
          -1.150768e-02 -8.208907e-03 -6.014160e-04
          -1.150756e-02 -8.209135e-03 -9.046492e-04
          -1.150744e-02 -8.209362e-03 -1.207882e-03
          -1.150732e-02 -8.209589e-03 -1.511116e-03
          -1.150720e-02 -8.209817e-03 -1.814349e-03
          -1.150672e-02 -8.210568e-03 -2.724027e-03
          -1.150644e-02 -8.210887e-03 -3.027231e-03
          -1.150617e-02 -8.211207e-03 -3.330435e-03
          -1.150589e-02 -8.211527e-03 -3.633639e-03
          -1.150562e-02 -8.211847e-03 -3.936843e-03
          -1.174880e-02 6.270321e-03 -1.211897e-03
          -1.174973e-02 6.269113e-03 -2.423940e-03
          -1.175085e-02 6.267404e-03 -3.636043e-03
          -1.175274e-02 4.830741e-03 -1.211637e-03
          -1.175368e-02 4.542974e-03 -9.085655e-04
          -1.175389e-02 4.542728e-03 -1.211572e-03
          -1.175463e-02 4.255218e-03 -6.054877e-04
          -1.175483e-02 4.254966e-03 -9.084970e-04
          -1.175504e-02 4.254715e-03 -1.211506e-03
          -1.175656e-02 4.251481e-03 -3.029796e-03
          -1.175558e-02 3.967473e-03 -3.024035e-04
          -1.175578e-02 3.967215e-03 -6.054160e-04
          -1.175598e-02 3.966958e-03 -9.084285e-04
          -1.175619e-02 3.966701e-03 -1.211441e-03
          -1.175742e-02 3.678574e-03 -1.211398e-03
          -1.175838e-02 3.676481e-03 -2.423648e-03
          -1.175872e-02 3.390383e-03 -1.211367e-03
          -1.176001e-02 3.102191e-03 -1.211335e-03
          -1.176130e-02 2.813999e-03 -1.211304e-03
          -1.176269e-02 2.525667e-03 -1.211259e-03
          -1.176424e-02 2.237243e-03 -9.080864e-04
          -1.176443e-02 2.236845e-03 -1.211165e-03
          -1.176598e-02 1.948427e-03 -9.079858e-04
          -1.176617e-02 1.948021e-03 -1.211071e-03
          -1.176754e-02 1.660022e-03 -6.047932e-04
          -1.176772e-02 1.659609e-03 -9.078853e-04
          -1.176791e-02 1.659197e-03 -1.210977e-03
          -1.176910e-02 1.371629e-03 -3.015870e-04
          -1.176928e-02 1.371210e-03 -6.046858e-04
          -1.176947e-02 1.370791e-03 -9.077847e-04
          -1.176965e-02 1.370373e-03 -1.210884e-03
          -1.176979e-02 1.369711e-03 -1.514017e-03
          -1.177036e-02 1.366668e-03 -2.726535e-03
          -1.177138e-02 1.081323e-03 -1.210825e-03
          -1.177189e-02 1.078533e-03 -2.423397e-03
          -1.177235e-02 1.074427e-03 -3.635799e-03
          -1.177264e-02 1.070465e-03 -4.848295e-03
          -1.177827e-02 -7.543515e-05 -1.210603e-03
          -1.177837e-02 -8.253025e-05 -3.635774e-03
          -1.177984e-02 -3.648466e-04 -9.073113e-04
          -1.177993e-02 -3.653526e-04 -1.210494e-03
          -1.178142e-02 -6.542578e-04 -6.040088e-04
          -1.178151e-02 -6.547638e-04 -9.071969e-04
          -1.178160e-02 -6.552699e-04 -1.210385e-03
          -1.178309e-02 -9.441747e-04 -6.038889e-04
          -1.178318e-02 -9.446808e-04 -9.070825e-04
          -1.178326e-02 -9.451869e-04 -1.210276e-03
          -1.178306e-02 -9.500512e-04 -3.029350e-03
          -1.178492e-02 -1.235105e-03 -1.210168e-03
          -1.178640e-02 -1.525209e-03 -1.210084e-03
          -1.178788e-02 -1.815325e-03 -1.210001e-03
          -1.178935e-02 -2.105440e-03 -1.209918e-03
          -1.179082e-02 -2.395554e-03 -1.209835e-03
          -1.179203e-02 -2.686035e-03 -1.209727e-03
          -1.179552e-02 -3.851098e-03 -2.422197e-03
          -1.179450e-02 -3.854353e-03 -3.634909e-03
          -1.179718e-02 -5.308681e-03 -4.847268e-03
          -1.180024e-02 -5.593503e-03 -9.053318e-04
          -1.180016e-02 -5.593829e-03 -1.208574e-03
          -1.179752e-02 -5.599264e-03 -4.847159e-03
          -1.180074e-02 -5.883814e-03 -2.987681e-04
          -1.180066e-02 -5.884137e-03 -6.020022e-04
          -1.180057e-02 -5.884460e-03 -9.052362e-04
          -1.180049e-02 -5.884784e-03 -1.208470e-03
          -1.180036e-02 -5.885105e-03 -1.511715e-03
          -1.180022e-02 -5.885427e-03 -1.814962e-03
          -1.180008e-02 -5.885748e-03 -2.118208e-03
          -1.179994e-02 -5.886069e-03 -2.421455e-03
          -1.179785e-02 -5.889847e-03 -4.847050e-03
          -1.180106e-02 -6.174776e-03 -2.986885e-04
          -1.180098e-02 -6.175097e-03 -6.019146e-04
          -1.180090e-02 -6.175417e-03 -9.051407e-04
          -1.180082e-02 -6.175738e-03 -1.208367e-03
          -1.180069e-02 -6.176026e-03 -1.511612e-03
          -1.180055e-02 -6.176309e-03 -1.814861e-03
          -1.180042e-02 -6.176592e-03 -2.118110e-03
          -1.180028e-02 -6.176875e-03 -2.421358e-03
          -1.179819e-02 -6.180429e-03 -4.846941e-03
          -1.180139e-02 -6.465645e-03 -2.986074e-04
          -1.180131e-02 -6.465954e-03 -6.018277e-04
          -1.180123e-02 -6.466263e-03 -9.050479e-04
          -1.180115e-02 -6.466572e-03 -1.208268e-03
          -1.180102e-02 -6.466837e-03 -1.511514e-03
          -1.180089e-02 -6.467094e-03 -1.814764e-03
          -1.180075e-02 -6.467352e-03 -2.118015e-03
          -1.180061e-02 -6.467610e-03 -2.421265e-03
          -1.179852e-02 -6.470951e-03 -4.846839e-03
          -1.180172e-02 -6.756320e-03 -2.985236e-04
          -1.180164e-02 -6.756601e-03 -6.017423e-04
          -1.180156e-02 -6.756883e-03 -9.049611e-04
          -1.180147e-02 -6.757164e-03 -1.208180e-03
          -1.180134e-02 -6.757424e-03 -1.511426e-03
          -1.180121e-02 -6.757682e-03 -1.814676e-03
          -1.180107e-02 -6.757940e-03 -2.117926e-03
          -1.180093e-02 -6.758198e-03 -2.421176e-03
          -1.179886e-02 -6.761352e-03 -4.846751e-03
          -1.180206e-02 -7.046995e-03 -2.984398e-04
          -1.180197e-02 -7.047248e-03 -6.016570e-04
          -1.180188e-02 -7.047501e-03 -9.048743e-04
          -1.180180e-02 -7.047755e-03 -1.208091e-03
          -1.180167e-02 -7.048012e-03 -1.511337e-03
          -1.180153e-02 -7.048269e-03 -1.814587e-03
          -1.180139e-02 -7.048527e-03 -2.117837e-03
          -1.180126e-02 -7.048785e-03 -2.421087e-03
          -1.179920e-02 -7.051752e-03 -4.846663e-03
          -1.180239e-02 -7.337670e-03 -2.983560e-04
          -1.180230e-02 -7.337895e-03 -6.015717e-04
          -1.180221e-02 -7.338121e-03 -9.047874e-04
          -1.180212e-02 -7.338346e-03 -1.208003e-03
          -1.180199e-02 -7.338599e-03 -1.511249e-03
          -1.180185e-02 -7.338857e-03 -1.814499e-03
          -1.180171e-02 -7.339115e-03 -2.117749e-03
          -1.180158e-02 -7.339372e-03 -2.420999e-03
          -1.179954e-02 -7.342153e-03 -4.846575e-03
          -1.180272e-02 -7.628344e-03 -2.982721e-04
          -1.180263e-02 -7.628542e-03 -6.014864e-04
          -1.180253e-02 -7.628739e-03 -9.047006e-04
          -1.180244e-02 -7.628937e-03 -1.207915e-03
          -1.180231e-02 -7.629186e-03 -1.511160e-03
          -1.180217e-02 -7.629444e-03 -1.814410e-03
          -1.180203e-02 -7.629702e-03 -2.117660e-03
          -1.180190e-02 -7.629960e-03 -2.420910e-03
          -1.179988e-02 -7.632553e-03 -4.846488e-03
          -1.180250e-02 -7.919031e-03 -2.982487e-04
          -1.180239e-02 -7.919249e-03 -6.014752e-04
          -1.180228e-02 -7.919467e-03 -9.047018e-04
          -1.180217e-02 -7.919686e-03 -1.207928e-03
          -1.180206e-02 -7.919904e-03 -1.511155e-03
          -1.180195e-02 -7.920122e-03 -1.814382e-03
          -1.180184e-02 -7.920340e-03 -2.117608e-03
          -1.180151e-02 -7.920843e-03 -2.724040e-03
          -1.180126e-02 -7.921150e-03 -3.027237e-03
          -1.180101e-02 -7.921458e-03 -3.330435e-03
          -1.180077e-02 -7.921765e-03 -3.633633e-03
          -1.180052e-02 -7.922073e-03 -3.936831e-03
          -1.180027e-02 -7.922380e-03 -4.240028e-03
          -1.180002e-02 -7.922687e-03 -4.543226e-03
          -1.179977e-02 -7.922995e-03 -4.846424e-03
          -1.180226e-02 -8.209687e-03 -2.982103e-04
          -1.180216e-02 -8.209896e-03 -6.014310e-04
          -1.180205e-02 -8.210105e-03 -9.046517e-04
          -1.180194e-02 -8.210314e-03 -1.207872e-03
          -1.180184e-02 -8.210523e-03 -1.511093e-03
          -1.180173e-02 -8.210732e-03 -1.814314e-03
          -1.179956e-02 -8.503825e-03 -4.846291e-03
          -1.179945e-02 -8.794239e-03 -4.846224e-03
          -1.179934e-02 -9.084653e-03 -4.846157e-03
          -1.179923e-02 -9.375068e-03 -4.846091e-03
          -1.179913e-02 -9.665483e-03 -4.846024e-03
          -1.179902e-02 -9.955898e-03 -4.845958e-03
          -1.204302e-02 7.708993e-03 -1.893679e-07
          -1.204376e-02 7.420917e-03 -1.259323e-07
          -1.204478e-02 7.132502e-03 -9.090342e-04
          -1.205054e-02 4.827939e-03 -1.211559e-03
          -1.205148e-02 4.539994e-03 -9.084726e-04
          -1.205166e-02 4.539756e-03 -1.211494e-03
          -1.205241e-02 4.252061e-03 -6.053806e-04
          -1.205259e-02 4.251817e-03 -9.084046e-04
          -1.205504e-02 3.675136e-03 -1.211317e-03
          -1.205621e-02 3.386841e-03 -1.211281e-03
          -1.205737e-02 3.098547e-03 -1.211245e-03
          -1.205854e-02 2.810251e-03 -1.211209e-03
          -1.205981e-02 2.521803e-03 -1.211161e-03
          -1.206141e-02 2.232849e-03 -1.211065e-03
          -1.206284e-02 1.944274e-03 -9.078838e-04
          -1.206302e-02 1.943894e-03 -1.210969e-03
          -1.206428e-02 1.655710e-03 -6.046938e-04
          -1.206445e-02 1.655324e-03 -9.077831e-04
          -1.206462e-02 1.654938e-03 -1.210873e-03
          -1.206572e-02 1.367155e-03 -3.014945e-04
          -1.206589e-02 1.366764e-03 -6.045885e-04
          -1.206606e-02 1.366372e-03 -9.076824e-04
          -1.206623e-02 1.365981e-03 -1.210776e-03
          -1.206685e-02 1.363140e-03 -2.726401e-03
          -1.207407e-02 -7.975357e-05 -1.210467e-03
          -1.207424e-02 -8.535261e-05 -3.635583e-03
          -1.207548e-02 -3.691644e-04 -9.072000e-04
          -1.207557e-02 -3.696340e-04 -1.210362e-03
          -1.207698e-02 -6.590446e-04 -9.070918e-04
          -1.207707e-02 -6.595142e-04 -1.210258e-03
          -1.207705e-02 -6.642059e-04 -3.332348e-03
          -1.207841e-02 -9.484547e-04 -6.038141e-04
          -1.207849e-02 -9.489245e-04 -9.069837e-04
          -1.207857e-02 -9.493942e-04 -1.210153e-03
          -1.207843e-02 -9.540702e-04 -3.332291e-03
          -1.207999e-02 -1.238804e-03 -9.068756e-04
          -1.208007e-02 -1.239274e-03 -1.210049e-03
          -1.208147e-02 -1.529221e-03 -1.209970e-03
          -1.208286e-02 -1.819172e-03 -1.209892e-03
          -1.208564e-02 -2.399072e-03 -1.209736e-03
          -1.209481e-02 -5.594473e-03 -2.988856e-04
          -1.209473e-02 -5.594786e-03 -6.021126e-04
          -1.209465e-02 -5.595100e-03 -9.053395e-04
          -1.209457e-02 -5.595413e-03 -1.208566e-03
          -1.209447e-02 -5.595721e-03 -1.511793e-03
          -1.209437e-02 -5.596028e-03 -1.815020e-03
          -1.209426e-02 -5.596336e-03 -2.118247e-03
          -1.209416e-02 -5.596643e-03 -2.421473e-03
          -1.209515e-02 -5.885255e-03 -2.988041e-04
          -1.209506e-02 -5.885563e-03 -6.020281e-04
          -1.209498e-02 -5.885872e-03 -9.052522e-04
          -1.209490e-02 -5.886180e-03 -1.208476e-03
          -1.209480e-02 -5.886464e-03 -1.511702e-03
          -1.209470e-02 -5.886744e-03 -1.814929e-03
          -1.209459e-02 -5.887023e-03 -2.118156e-03
          -1.209449e-02 -5.887303e-03 -2.421383e-03
          -1.209548e-02 -6.176036e-03 -2.987226e-04
          -1.209540e-02 -6.176340e-03 -6.019437e-04
          -1.209532e-02 -6.176643e-03 -9.051648e-04
          -1.209524e-02 -6.176947e-03 -1.208386e-03
          -1.209514e-02 -6.177206e-03 -1.511612e-03
          -1.209503e-02 -6.177458e-03 -1.814839e-03
          -1.209492e-02 -6.177710e-03 -2.118065e-03
          -1.209482e-02 -6.177963e-03 -2.421292e-03
          -1.209581e-02 -6.466784e-03 -2.986404e-04
          -1.209573e-02 -6.467076e-03 -6.018591e-04
          -1.209565e-02 -6.467369e-03 -9.050778e-04
          -1.209557e-02 -6.467661e-03 -1.208296e-03
          -1.209547e-02 -6.467901e-03 -1.511522e-03
          -1.209536e-02 -6.468134e-03 -1.814749e-03
          -1.209525e-02 -6.468366e-03 -2.117976e-03
          -1.209515e-02 -6.468599e-03 -2.421202e-03
          -1.209615e-02 -6.757455e-03 -2.985569e-04
          -1.209606e-02 -6.757724e-03 -6.017743e-04
          -1.209598e-02 -6.757992e-03 -9.049918e-04
          -1.209589e-02 -6.758261e-03 -1.208209e-03
          -1.209579e-02 -6.758495e-03 -1.511434e-03
          -1.209568e-02 -6.758723e-03 -1.814661e-03
          -1.209558e-02 -6.758952e-03 -2.117888e-03
          -1.209547e-02 -6.759180e-03 -2.421114e-03
          -1.209648e-02 -7.048126e-03 -2.984733e-04
          -1.209640e-02 -7.048371e-03 -6.016895e-04
          -1.209631e-02 -7.048616e-03 -9.049058e-04
          -1.209622e-02 -7.048860e-03 -1.208122e-03
          -1.209612e-02 -7.049088e-03 -1.511347e-03
          -1.209601e-02 -7.049312e-03 -1.814573e-03
          -1.209590e-02 -7.049537e-03 -2.117800e-03
          -1.209579e-02 -7.049761e-03 -2.421026e-03
          -1.209682e-02 -7.338798e-03 -2.983898e-04
          -1.209673e-02 -7.339018e-03 -6.016047e-04
          -1.209664e-02 -7.339239e-03 -9.048197e-04
          -1.209655e-02 -7.339459e-03 -1.208035e-03
          -1.209644e-02 -7.339680e-03 -1.511259e-03
          -1.209633e-02 -7.339901e-03 -1.814486e-03
          -1.209622e-02 -7.340122e-03 -2.117712e-03
          -1.209611e-02 -7.340343e-03 -2.420938e-03
          -1.209715e-02 -7.629469e-03 -2.983062e-04
          -1.209706e-02 -7.629666e-03 -6.015200e-04
          -1.209697e-02 -7.629863e-03 -9.047337e-04
          -1.209687e-02 -7.630060e-03 -1.207947e-03
          -1.209676e-02 -7.630274e-03 -1.511172e-03
          -1.209665e-02 -7.630490e-03 -1.814398e-03
          -1.209655e-02 -7.630707e-03 -2.117624e-03
          -1.209644e-02 -7.630924e-03 -2.420850e-03
          -1.234060e-02 7.995897e-03 -1.593542e-07
          -1.234079e-02 7.707707e-03 -1.113434e-07
          -1.234192e-02 7.419056e-03 -1.212049e-03
          -1.234394e-02 6.554494e-03 -1.514868e-03
          -1.234409e-02 6.554317e-03 -1.817882e-03
          -1.234424e-02 6.554140e-03 -2.120896e-03
          -1.234439e-02 6.553962e-03 -2.423910e-03
          -1.234458e-02 6.553647e-03 -2.726938e-03
          -1.234478e-02 6.553285e-03 -3.029971e-03
          -1.234497e-02 6.552924e-03 -3.333003e-03
          -1.234490e-02 5.978561e-03 -9.087190e-04
          -1.234505e-02 5.978385e-03 -1.211733e-03
          -1.234521e-02 5.978192e-03 -1.514751e-03
          -1.234537e-02 5.977997e-03 -1.817770e-03
          -1.234553e-02 5.977802e-03 -2.120790e-03
          -1.234569e-02 5.977607e-03 -2.423809e-03
          -1.234587e-02 5.977250e-03 -2.726842e-03
          -1.234665e-02 5.975586e-03 -3.938998e-03
          -1.234537e-02 5.690612e-03 -6.056391e-04
          -1.234553e-02 5.690424e-03 -9.086566e-04
          -1.234569e-02 5.690236e-03 -1.211674e-03
          -1.234585e-02 5.690036e-03 -1.514695e-03
          -1.234601e-02 5.689834e-03 -1.817716e-03
          -1.234617e-02 5.689631e-03 -2.120737e-03
          -1.234633e-02 5.689429e-03 -2.423758e-03
          -1.234652e-02 5.689049e-03 -2.726794e-03
          -1.234671e-02 5.688610e-03 -3.029836e-03
          -1.234690e-02 5.688171e-03 -3.332877e-03
          -1.234710e-02 5.687732e-03 -3.635919e-03
          -1.234729e-02 5.687281e-03 -3.938962e-03
          -1.234748e-02 5.686823e-03 -4.242006e-03
          -1.234584e-02 5.402689e-03 -3.025520e-04
          -1.234600e-02 5.402489e-03 -6.055730e-04
          -1.234616e-02 5.402289e-03 -9.085940e-04
          -1.234632e-02 5.402089e-03 -1.211615e-03
          -1.234649e-02 5.401881e-03 -1.514638e-03
          -1.234665e-02 5.401671e-03 -1.817661e-03
          -1.234682e-02 5.401461e-03 -2.120684e-03
          -1.234698e-02 5.401251e-03 -2.423707e-03
          -1.234717e-02 5.400849e-03 -2.726746e-03
          -1.234736e-02 5.400382e-03 -3.029791e-03
          -1.234755e-02 5.399915e-03 -3.332836e-03
          -1.234774e-02 5.399449e-03 -3.635880e-03
          -1.234793e-02 5.398976e-03 -3.938926e-03
          -1.234812e-02 5.398501e-03 -4.241972e-03
          -1.234830e-02 5.398025e-03 -4.545018e-03
          -1.235673e-02 2.518737e-03 -1.211081e-03
          -1.235753e-02 2.516694e-03 -2.726471e-03
          -1.235765e-02 2.515995e-03 -3.029544e-03
          -1.235777e-02 2.515296e-03 -3.332618e-03
          -1.235788e-02 2.514598e-03 -3.635692e-03
          -1.235800e-02 2.513901e-03 -3.938766e-03
          -1.235811e-02 2.513205e-03 -4.241840e-03
          -1.235822e-02 2.512510e-03 -4.544914e-03
          -1.235821e-02 2.229684e-03 -1.210995e-03
          -1.235885e-02 2.228205e-03 -2.423347e-03
          -1.235896e-02 2.227586e-03 -2.726427e-03
          -1.235907e-02 2.226883e-03 -3.029505e-03
          -1.235917e-02 2.226180e-03 -3.332583e-03
          -1.235927e-02 2.225478e-03 -3.635661e-03
          -1.235937e-02 2.224775e-03 -3.938740e-03
          -1.235946e-02 2.224073e-03 -4.241821e-03
          -1.235955e-02 2.223371e-03 -4.544901e-03
          -1.235954e-02 1.940994e-03 -9.078194e-04
          -1.235970e-02 1.940629e-03 -1.210909e-03
          -1.236014e-02 1.939485e-03 -2.120200e-03
          -1.236029e-02 1.939103e-03 -2.423297e-03
          -1.236040e-02 1.938478e-03 -2.726383e-03
          -1.236048e-02 1.937771e-03 -3.029465e-03
          -1.236057e-02 1.937064e-03 -3.332547e-03
          -1.236066e-02 1.936357e-03 -3.635629e-03
          -1.236074e-02 1.935649e-03 -3.938714e-03
          -1.236081e-02 1.934941e-03 -4.241801e-03
          -1.236087e-02 1.934233e-03 -4.544888e-03
          -1.236146e-02 1.650789e-03 -1.817035e-03
          -1.236160e-02 1.650395e-03 -2.120142e-03
          -1.236174e-02 1.650001e-03 -2.423248e-03
          -1.236183e-02 1.649369e-03 -2.726340e-03
          -1.236190e-02 1.648658e-03 -3.029426e-03
          -1.236198e-02 1.647947e-03 -3.332512e-03
          -1.236205e-02 1.647236e-03 -3.635598e-03
          -1.236211e-02 1.646523e-03 -3.938688e-03
          -1.236215e-02 1.645808e-03 -4.241782e-03
          -1.236220e-02 1.645094e-03 -4.544875e-03
          -1.236279e-02 1.362117e-03 -1.513851e-03
          -1.236292e-02 1.361711e-03 -1.816967e-03
          -1.236305e-02 1.361304e-03 -2.120083e-03
          -1.236318e-02 1.360898e-03 -2.423199e-03
          -1.236326e-02 1.360261e-03 -2.726296e-03
          -1.236332e-02 1.359545e-03 -3.029386e-03
          -1.236338e-02 1.358830e-03 -3.332476e-03
          -1.236344e-02 1.358115e-03 -3.635566e-03
          -1.236347e-02 1.357397e-03 -3.938663e-03
          -1.236350e-02 1.356676e-03 -4.241763e-03
          -1.236353e-02 1.355955e-03 -4.544862e-03
          -1.236355e-02 1.355234e-03 -4.847962e-03
          -1.236414e-02 1.073446e-03 -1.210662e-03
          -1.236426e-02 1.073034e-03 -1.513783e-03
          -1.236438e-02 1.072619e-03 -1.816905e-03
          -1.236451e-02 1.072204e-03 -2.120028e-03
          -1.236463e-02 1.071789e-03 -2.423151e-03
          -1.236469e-02 1.071145e-03 -2.726253e-03
          -1.236472e-02 1.070425e-03 -3.029349e-03
          -1.236476e-02 1.069704e-03 -3.332445e-03
          -1.236480e-02 1.068984e-03 -3.635541e-03
          -1.236482e-02 1.068261e-03 -3.938642e-03
          -1.236483e-02 1.067536e-03 -4.241747e-03
          -1.236483e-02 1.066811e-03 -4.544851e-03
          -1.236548e-02 7.847669e-04 -9.074701e-04
          -1.236560e-02 7.843644e-04 -1.210590e-03
          -1.236572e-02 7.839445e-04 -1.513717e-03
          -1.236584e-02 7.835221e-04 -1.816845e-03
          -1.236596e-02 7.830997e-04 -2.119974e-03
          -1.236607e-02 7.826774e-04 -2.423102e-03
          -1.236611e-02 7.820277e-04 -2.726211e-03
          -1.236613e-02 7.813015e-04 -3.029313e-03
          -1.236614e-02 7.805753e-04 -3.332416e-03
          -1.236615e-02 7.798491e-04 -3.635518e-03
          -1.236615e-02 7.791215e-04 -3.938624e-03
          -1.236615e-02 7.783932e-04 -4.241733e-03
          -1.236614e-02 7.776648e-04 -4.544841e-03
          -1.236613e-02 7.769364e-04 -4.847949e-03
          -1.236684e-02 4.961118e-04 -6.042599e-04
          -1.236696e-02 4.956972e-04 -9.073887e-04
          -1.236707e-02 4.952827e-04 -1.210518e-03
          -1.236718e-02 4.948549e-04 -1.513651e-03
          -1.236730e-02 4.944252e-04 -1.816785e-03
          -1.236741e-02 4.939955e-04 -2.119919e-03
          -1.236752e-02 4.935658e-04 -2.423054e-03
          -1.236754e-02 4.929100e-04 -2.726169e-03
          -1.236753e-02 4.921781e-04 -3.029277e-03
          -1.236752e-02 4.914461e-04 -3.332386e-03
          -1.236751e-02 4.907141e-04 -3.635495e-03
          -1.236749e-02 4.899823e-04 -3.938606e-03
          -1.236747e-02 4.892506e-04 -4.241718e-03
          -1.236744e-02 4.885189e-04 -4.544830e-03
          -1.236742e-02 4.877871e-04 -4.847943e-03
          -1.236822e-02 2.074804e-04 -3.010311e-04
          -1.236833e-02 2.070539e-04 -6.041693e-04
          -1.236843e-02 2.066273e-04 -9.073075e-04
          -1.236854e-02 2.062007e-04 -1.210446e-03
          -1.236865e-02 2.057651e-04 -1.513585e-03
          -1.236875e-02 2.053281e-04 -1.816725e-03
          -1.236886e-02 2.048912e-04 -2.119865e-03
          -1.236896e-02 2.044543e-04 -2.423005e-03
          -1.236896e-02 2.037924e-04 -2.726126e-03
          -1.236893e-02 2.030546e-04 -3.029241e-03
          -1.236889e-02 2.023168e-04 -3.332357e-03
          -1.236886e-02 2.015790e-04 -3.635472e-03
          -1.236882e-02 2.008429e-04 -3.938587e-03
          -1.236878e-02 2.001079e-04 -4.241704e-03
          -1.236875e-02 1.993728e-04 -4.544820e-03
          -1.236871e-02 1.986378e-04 -4.847937e-03
          -1.238061e-02 -2.404254e-03 -2.725604e-03
          -1.238175e-02 -2.693793e-03 -2.422365e-03
          -1.238161e-02 -2.694395e-03 -2.725525e-03
          -1.238144e-02 -2.695054e-03 -3.028672e-03
          -1.238127e-02 -2.695713e-03 -3.331820e-03
          -1.238109e-02 -2.696372e-03 -3.634967e-03
          -1.238092e-02 -2.697026e-03 -3.938115e-03
          -1.238074e-02 -2.697677e-03 -4.241263e-03
          -1.238259e-02 -2.983766e-03 -2.119067e-03
          -1.238256e-02 -2.984185e-03 -2.422267e-03
          -1.238242e-02 -2.984768e-03 -2.725431e-03
          -1.238224e-02 -2.985407e-03 -3.028582e-03
          -1.238206e-02 -2.986045e-03 -3.331733e-03
          -1.238189e-02 -2.986684e-03 -3.634884e-03
          -1.238171e-02 -2.987312e-03 -3.938037e-03
          -1.238153e-02 -2.987935e-03 -4.241190e-03
          -1.238344e-02 -3.273774e-03 -1.815764e-03
          -1.238340e-02 -3.274176e-03 -2.118967e-03
          -1.238337e-02 -3.274577e-03 -2.422169e-03
          -1.238323e-02 -3.275140e-03 -2.725336e-03
          -1.238304e-02 -3.275759e-03 -3.028491e-03
          -1.238286e-02 -3.276378e-03 -3.331646e-03
          -1.238268e-02 -3.276996e-03 -3.634801e-03
          -1.238250e-02 -3.277599e-03 -3.937959e-03
          -1.238431e-02 -3.563819e-03 -1.512456e-03
          -1.238427e-02 -3.564202e-03 -1.815661e-03
          -1.238422e-02 -3.564586e-03 -2.118866e-03
          -1.238418e-02 -3.564969e-03 -2.422072e-03
          -1.238403e-02 -3.565513e-03 -2.725242e-03
          -1.238385e-02 -3.566111e-03 -3.028401e-03
          -1.238366e-02 -3.566710e-03 -3.331560e-03
          -1.238348e-02 -3.567308e-03 -3.634718e-03
          -1.238329e-02 -3.567886e-03 -3.937881e-03
          -1.238514e-02 -3.854263e-03 -1.512351e-03
          -1.238509e-02 -3.854629e-03 -1.815559e-03
          -1.238504e-02 -3.854995e-03 -2.118766e-03
          -1.238484e-02 -3.855884e-03 -2.725148e-03
          -1.238465e-02 -3.856462e-03 -3.028310e-03
          -1.238446e-02 -3.857039e-03 -3.331473e-03
          -1.238602e-02 -4.144333e-03 -1.209040e-03
          -1.238596e-02 -4.144689e-03 -1.512249e-03
          -1.238591e-02 -4.145043e-03 -1.815458e-03
          -1.238585e-02 -4.145397e-03 -2.118667e-03
          -1.238580e-02 -4.145751e-03 -2.421876e-03
          -1.238564e-02 -4.146250e-03 -2.725055e-03
          -1.238544e-02 -4.146797e-03 -3.028223e-03
          -1.238525e-02 -4.147345e-03 -3.331391e-03
          -1.238486e-02 -4.148420e-03 -3.937731e-03
          -1.238690e-02 -4.434420e-03 -9.057266e-04
          -1.238685e-02 -4.434773e-03 -1.208936e-03
          -1.238678e-02 -4.435116e-03 -1.512146e-03
          -1.238672e-02 -4.435458e-03 -1.815357e-03
          -1.238666e-02 -4.435800e-03 -2.118568e-03
          -1.238660e-02 -4.436142e-03 -2.421778e-03
          -1.238644e-02 -4.436615e-03 -2.724961e-03
          -1.238624e-02 -4.437133e-03 -3.028135e-03
          -1.238604e-02 -4.437650e-03 -3.331309e-03
          -1.238565e-02 -4.438671e-03 -3.937659e-03
          -1.238779e-02 -4.724542e-03 -6.024088e-04
          -1.238773e-02 -4.724877e-03 -9.056203e-04
          -1.238767e-02 -4.725212e-03 -1.208832e-03
          -1.238761e-02 -4.725543e-03 -1.512044e-03
          -1.238754e-02 -4.725873e-03 -1.815256e-03
          -1.238747e-02 -4.726203e-03 -2.118468e-03
          -1.238741e-02 -4.726533e-03 -2.421681e-03
          -1.238724e-02 -4.726980e-03 -2.724868e-03
          -1.238704e-02 -4.727468e-03 -3.028048e-03
          -1.238683e-02 -4.727956e-03 -3.331227e-03
          -1.238643e-02 -4.728923e-03 -3.937587e-03
          -1.238871e-02 -5.014697e-03 -2.990864e-04
          -1.238864e-02 -5.015015e-03 -6.023002e-04
          -1.238857e-02 -5.015332e-03 -9.055141e-04
          -1.238850e-02 -5.015650e-03 -1.208728e-03
          -1.238843e-02 -5.015968e-03 -1.511942e-03
          -1.238835e-02 -5.016286e-03 -1.815155e-03
          -1.238828e-02 -5.016605e-03 -2.118369e-03
          -1.238821e-02 -5.016923e-03 -2.421583e-03
          -1.238804e-02 -5.017345e-03 -2.724775e-03
          -1.238783e-02 -5.017803e-03 -3.027960e-03
          -1.238763e-02 -5.018260e-03 -3.331145e-03
          -1.238721e-02 -5.019173e-03 -3.937516e-03
          -1.263722e-02 9.147842e-03 -3.025742e-07
          -1.263741e-02 8.859596e-03 -2.527474e-07
          -1.263760e-02 8.571350e-03 -2.029194e-07
          -1.263862e-02 8.570349e-03 -2.727235e-03
          -1.263780e-02 8.283104e-03 -1.530902e-07
          -1.263799e-02 7.994858e-03 -1.032597e-07
          -1.263914e-02 7.418038e-03 -9.090026e-04
          -1.263926e-02 7.417910e-03 -1.212010e-03
          -1.263938e-02 7.417781e-03 -1.515017e-03
          -1.263951e-02 7.417653e-03 -1.818024e-03
          -1.263963e-02 7.417524e-03 -2.121031e-03
          -1.263992e-02 7.417148e-03 -2.727061e-03
          -1.263976e-02 7.129830e-03 -9.089361e-04
          -1.263988e-02 7.129693e-03 -1.211946e-03
          -1.264001e-02 7.129556e-03 -1.514955e-03
          -1.264014e-02 7.129420e-03 -1.817965e-03
          -1.264027e-02 7.129283e-03 -2.120974e-03
          -1.264040e-02 7.129146e-03 -2.423984e-03
          -1.264056e-02 7.128881e-03 -2.727009e-03
          -1.264074e-02 7.128573e-03 -3.030041e-03
          -1.264077e-02 6.841187e-03 -1.817905e-03
          -1.264090e-02 6.841042e-03 -2.120917e-03
          -1.264103e-02 6.840897e-03 -2.423929e-03
          -1.264120e-02 6.840614e-03 -2.726958e-03
          -1.264138e-02 6.840286e-03 -3.029992e-03
          -1.264156e-02 6.839957e-03 -3.333026e-03
          -1.264174e-02 6.839628e-03 -3.636060e-03
          -1.264127e-02 6.553107e-03 -1.514832e-03
          -1.264140e-02 6.552953e-03 -1.817846e-03
          -1.264154e-02 6.552800e-03 -2.120861e-03
          -1.264167e-02 6.552647e-03 -2.423875e-03
          -1.264184e-02 6.552347e-03 -2.726906e-03
          -1.264202e-02 6.551998e-03 -3.029943e-03
          -1.264220e-02 6.551649e-03 -3.332980e-03
          -1.264238e-02 6.551300e-03 -3.636017e-03
          -1.264255e-02 6.550950e-03 -3.939054e-03
          -1.264176e-02 6.265043e-03 -1.211754e-03
          -1.264190e-02 6.264882e-03 -1.514770e-03
          -1.264203e-02 6.264720e-03 -1.817787e-03
          -1.264217e-02 6.264558e-03 -2.120804e-03
          -1.264231e-02 6.264397e-03 -2.423821e-03
          -1.264248e-02 6.264079e-03 -2.726855e-03
          -1.264266e-02 6.263710e-03 -3.029894e-03
          -1.264283e-02 6.263340e-03 -3.332934e-03
          -1.264301e-02 6.262971e-03 -3.635974e-03
          -1.264319e-02 6.262601e-03 -3.939014e-03
          -1.264337e-02 6.262232e-03 -4.242054e-03
          -1.264354e-02 6.261862e-03 -4.545093e-03
          -1.264224e-02 5.976997e-03 -9.086703e-04
          -1.264238e-02 5.976827e-03 -1.211690e-03
          -1.264252e-02 5.976657e-03 -1.514709e-03
          -1.264267e-02 5.976487e-03 -1.817728e-03
          -1.264281e-02 5.976317e-03 -2.120747e-03
          -1.264295e-02 5.976147e-03 -2.423766e-03
          -1.264312e-02 5.975812e-03 -2.726803e-03
          -1.264329e-02 5.975422e-03 -3.029846e-03
          -1.264347e-02 5.975032e-03 -3.332888e-03
          -1.264365e-02 5.974642e-03 -3.635931e-03
          -1.264382e-02 5.974252e-03 -3.938974e-03
          -1.264400e-02 5.973862e-03 -4.242016e-03
          -1.264418e-02 5.973472e-03 -4.545059e-03
          -1.264435e-02 5.973082e-03 -4.848102e-03
          -1.264271e-02 5.688966e-03 -6.055823e-04
          -1.264286e-02 5.688788e-03 -9.086039e-04
          -1.264300e-02 5.688609e-03 -1.211626e-03
          -1.264315e-02 5.688431e-03 -1.514647e-03
          -1.264330e-02 5.688253e-03 -1.817669e-03
          -1.264344e-02 5.688074e-03 -2.120690e-03
          -1.264359e-02 5.687896e-03 -2.423712e-03
          -1.264376e-02 5.687544e-03 -2.726751e-03
          -1.264393e-02 5.687134e-03 -3.029797e-03
          -1.264411e-02 5.686723e-03 -3.332843e-03
          -1.264428e-02 5.686313e-03 -3.635888e-03
          -1.264446e-02 5.685902e-03 -3.938933e-03
          -1.264463e-02 5.685492e-03 -4.241979e-03
          -1.264481e-02 5.685082e-03 -4.545024e-03
          -1.264498e-02 5.684671e-03 -4.848070e-03
          -1.264318e-02 5.400952e-03 -3.024894e-04
          -1.264333e-02 5.400765e-03 -6.055134e-04
          -1.264348e-02 5.400579e-03 -9.085374e-04
          -1.264363e-02 5.400392e-03 -1.211561e-03
          -1.264378e-02 5.400206e-03 -1.514585e-03
          -1.264393e-02 5.400019e-03 -1.817610e-03
          -1.264408e-02 5.399833e-03 -2.120634e-03
          -1.264423e-02 5.399646e-03 -2.423658e-03
          -1.264440e-02 5.399277e-03 -2.726700e-03
          -1.264457e-02 5.398846e-03 -3.029748e-03
          -1.264474e-02 5.398415e-03 -3.332797e-03
          -1.264492e-02 5.397984e-03 -3.635845e-03
          -1.264509e-02 5.397553e-03 -3.938893e-03
          -1.264527e-02 5.397122e-03 -4.241942e-03
          -1.264544e-02 5.396691e-03 -4.544990e-03
          -1.264562e-02 5.396261e-03 -4.848038e-03
          -1.264382e-02 5.112747e-03 -3.024182e-04
          -1.264506e-02 5.110992e-03 -2.726650e-03
          -1.264483e-02 4.824397e-03 -3.023481e-04
          -1.264591e-02 4.822925e-03 -2.423575e-03
          -1.264607e-02 4.822519e-03 -2.726623e-03
          -1.264584e-02 4.536047e-03 -3.022780e-04
          -1.264677e-02 4.534696e-03 -2.120507e-03
          -1.264692e-02 4.534471e-03 -2.423545e-03
          -1.264708e-02 4.534047e-03 -2.726596e-03
          -1.264685e-02 4.247696e-03 -3.022080e-04
          -1.264809e-02 4.245573e-03 -2.726569e-03
          -1.264786e-02 3.959346e-03 -3.021379e-04
          -1.264909e-02 3.957101e-03 -2.726542e-03
          -1.264887e-02 3.670995e-03 -3.020678e-04
          -1.265010e-02 3.668627e-03 -2.726515e-03
          -1.264987e-02 3.382644e-03 -3.019977e-04
          -1.265111e-02 3.380154e-03 -2.726488e-03
          -1.265124e-02 3.379583e-03 -3.029554e-03
          -1.265088e-02 3.094293e-03 -3.019277e-04
          -1.265189e-02 2.805942e-03 -3.018576e-04
          -1.265312e-02 2.803207e-03 -2.726434e-03
          -1.265324e-02 2.802597e-03 -3.029505e-03
          -1.265336e-02 2.801986e-03 -3.332576e-03
          -1.265348e-02 2.801376e-03 -3.635647e-03
          -1.265360e-02 2.800765e-03 -3.938718e-03
          -1.265372e-02 2.800155e-03 -4.241789e-03
          -1.265299e-02 2.517421e-03 -3.017807e-04
          -1.265331e-02 2.516765e-03 -9.079368e-04
          -1.265346e-02 2.516438e-03 -1.211015e-03
          -1.265362e-02 2.516110e-03 -1.514093e-03
          -1.265378e-02 2.515782e-03 -1.817171e-03
          -1.265393e-02 2.515454e-03 -2.120249e-03
          -1.265421e-02 2.514574e-03 -2.726402e-03
          -1.265432e-02 2.513946e-03 -3.029476e-03
          -1.265443e-02 2.513319e-03 -3.332550e-03
          -1.265454e-02 2.512691e-03 -3.635624e-03
          -1.265465e-02 2.512064e-03 -3.938698e-03
          -1.265476e-02 2.511436e-03 -4.241772e-03
          -1.265487e-02 2.510809e-03 -4.544846e-03
          -1.265498e-02 2.510182e-03 -4.847920e-03
          -1.265441e-02 2.228344e-03 -3.016811e-04
          -1.265471e-02 2.227671e-03 -9.078504e-04
          -1.265486e-02 2.227334e-03 -1.210935e-03
          -1.265501e-02 2.226998e-03 -1.514020e-03
          -1.265516e-02 2.226662e-03 -1.817104e-03
          -1.265531e-02 2.226325e-03 -2.120189e-03
          -1.265546e-02 2.225989e-03 -2.423274e-03
          -1.265556e-02 2.225431e-03 -2.726354e-03
          -1.265566e-02 2.224798e-03 -3.029434e-03
          -1.265575e-02 2.224165e-03 -3.332513e-03
          -1.265584e-02 2.223533e-03 -3.635592e-03
          -1.265593e-02 2.222900e-03 -3.938671e-03
          -1.265603e-02 2.222268e-03 -4.241751e-03
          -1.265612e-02 2.221635e-03 -4.544830e-03
          -1.265621e-02 2.221003e-03 -4.847909e-03
          -1.265582e-02 1.939266e-03 -3.015814e-04
          -1.265611e-02 1.938576e-03 -9.077640e-04
          -1.265625e-02 1.938231e-03 -1.210855e-03
          -1.265639e-02 1.937886e-03 -1.513947e-03
          -1.265654e-02 1.937541e-03 -1.817038e-03
          -1.265668e-02 1.937196e-03 -2.120129e-03
          -1.265682e-02 1.936851e-03 -2.423221e-03
          -1.265692e-02 1.936287e-03 -2.726307e-03
          -1.265699e-02 1.935649e-03 -3.029391e-03
          -1.265707e-02 1.935012e-03 -3.332476e-03
          -1.265714e-02 1.934374e-03 -3.635560e-03
          -1.265722e-02 1.933736e-03 -3.938645e-03
          -1.265729e-02 1.933099e-03 -4.241729e-03
          -1.265737e-02 1.932461e-03 -4.544814e-03
          -1.265744e-02 1.931823e-03 -4.847898e-03
          -1.265723e-02 1.650188e-03 -3.014819e-04
          -1.265778e-02 1.648774e-03 -1.513873e-03
          -1.265792e-02 1.648421e-03 -1.816971e-03
          -1.265805e-02 1.648067e-03 -2.120069e-03
          -1.265819e-02 1.647714e-03 -2.423167e-03
          -1.265827e-02 1.647144e-03 -2.726259e-03
          -1.265833e-02 1.646501e-03 -3.029349e-03
          -1.265838e-02 1.645858e-03 -3.332439e-03
          -1.265844e-02 1.645215e-03 -3.635528e-03
          -1.265850e-02 1.644572e-03 -3.938618e-03
          -1.265856e-02 1.643930e-03 -4.241708e-03
          -1.265861e-02 1.643287e-03 -4.544797e-03
          -1.265867e-02 1.642644e-03 -4.847887e-03
          -1.265865e-02 1.361110e-03 -3.013823e-04
          -1.265917e-02 1.359662e-03 -1.513800e-03
          -1.265930e-02 1.359300e-03 -1.816905e-03
          -1.265943e-02 1.358938e-03 -2.120009e-03
          -1.265956e-02 1.358576e-03 -2.423114e-03
          -1.265962e-02 1.358000e-03 -2.726211e-03
          -1.265966e-02 1.357352e-03 -3.029306e-03
          -1.265970e-02 1.356704e-03 -3.332401e-03
          -1.265974e-02 1.356056e-03 -3.635496e-03
          -1.265978e-02 1.355408e-03 -3.938591e-03
          -1.265982e-02 1.354760e-03 -4.241687e-03
          -1.265986e-02 1.354112e-03 -4.544781e-03
          -1.265990e-02 1.353464e-03 -4.847877e-03
          -1.266006e-02 1.072031e-03 -3.012827e-04
          -1.266043e-02 1.070920e-03 -1.210616e-03
          -1.266055e-02 1.070549e-03 -1.513727e-03
          -1.266068e-02 1.070179e-03 -1.816838e-03
          -1.266080e-02 1.069808e-03 -2.119949e-03
          -1.266092e-02 1.069438e-03 -2.423060e-03
          -1.266097e-02 1.068856e-03 -2.726163e-03
          -1.266099e-02 1.068203e-03 -3.029264e-03
          -1.266102e-02 1.067550e-03 -3.332364e-03
          -1.266104e-02 1.066897e-03 -3.635464e-03
          -1.266106e-02 1.066244e-03 -3.938565e-03
          -1.266108e-02 1.065591e-03 -4.241665e-03
          -1.266111e-02 1.064938e-03 -4.544765e-03
          -1.266113e-02 1.064285e-03 -4.847866e-03
          -1.266147e-02 7.829529e-04 -3.011831e-04
          -1.266171e-02 7.821949e-04 -9.074185e-04
          -1.266182e-02 7.818159e-04 -1.210536e-03
          -1.266194e-02 7.814368e-04 -1.513654e-03
          -1.266206e-02 7.810578e-04 -1.816772e-03
          -1.266217e-02 7.806788e-04 -2.119889e-03
          -1.266229e-02 7.802998e-04 -2.423007e-03
          -1.266232e-02 7.797120e-04 -2.726116e-03
          -1.266233e-02 7.790539e-04 -3.029221e-03
          -1.266233e-02 7.783958e-04 -3.332327e-03
          -1.266234e-02 7.777377e-04 -3.635432e-03
          -1.266234e-02 7.770796e-04 -3.938538e-03
          -1.266235e-02 7.764214e-04 -4.241644e-03
          -1.266235e-02 7.757633e-04 -4.544749e-03
          -1.266236e-02 7.751051e-04 -4.847855e-03
          -1.266289e-02 4.938742e-04 -3.010835e-04
          -1.266300e-02 4.934867e-04 -6.042078e-04
          -1.266311e-02 4.930992e-04 -9.073321e-04
          -1.266322e-02 4.927116e-04 -1.210456e-03
          -1.266332e-02 4.923241e-04 -1.513581e-03
          -1.266343e-02 4.919366e-04 -1.816705e-03
          -1.266354e-02 4.915491e-04 -2.119829e-03
          -1.266365e-02 4.911615e-04 -2.422954e-03
          -1.266367e-02 4.905679e-04 -2.726068e-03
          -1.266366e-02 4.899047e-04 -3.029178e-03
          -1.266365e-02 4.892415e-04 -3.332289e-03
          -1.266363e-02 4.885782e-04 -3.635400e-03
          -1.266362e-02 4.879150e-04 -3.938511e-03
          -1.266361e-02 4.872517e-04 -4.241622e-03
          -1.266360e-02 4.865885e-04 -4.544733e-03
          -1.266358e-02 4.859252e-04 -4.847844e-03
          -1.266430e-02 2.047953e-04 -3.009840e-04
          -1.266440e-02 2.043993e-04 -6.041148e-04
          -1.266450e-02 2.040033e-04 -9.072457e-04
          -1.266461e-02 2.036073e-04 -1.210377e-03
          -1.266471e-02 2.032113e-04 -1.513507e-03
          -1.266481e-02 2.028152e-04 -1.816638e-03
          -1.266492e-02 2.024192e-04 -2.119769e-03
          -1.266502e-02 2.020232e-04 -2.422900e-03
          -1.266502e-02 2.014236e-04 -2.726020e-03
          -1.266499e-02 2.007553e-04 -3.029136e-03
          -1.266496e-02 2.000870e-04 -3.332252e-03
          -1.266493e-02 1.994186e-04 -3.635368e-03
          -1.266490e-02 1.987503e-04 -3.938484e-03
          -1.266487e-02 1.980819e-04 -4.241601e-03
          -1.266484e-02 1.974135e-04 -4.544716e-03
          -1.266481e-02 1.967451e-04 -4.847833e-03
          -1.266567e-02 -8.455491e-05 -3.008836e-04
          -1.266633e-02 -8.737106e-05 -2.422844e-03
          -1.266632e-02 -8.797298e-05 -2.725969e-03
          -1.266699e-02 -3.743252e-04 -3.007820e-04
          -1.266754e-02 -3.777498e-04 -2.725912e-03
          -1.266831e-02 -6.640952e-04 -3.006804e-04
          -1.266876e-02 -6.675264e-04 -2.725855e-03
          -1.266962e-02 -9.538648e-04 -3.005788e-04
          -1.266998e-02 -9.573027e-04 -2.725799e-03
          -1.267094e-02 -1.243634e-03 -3.004772e-04
          -1.267120e-02 -1.247079e-03 -2.725742e-03
          -1.267226e-02 -1.533404e-03 -3.003757e-04
          -1.267241e-02 -1.536855e-03 -2.725686e-03
          -1.267357e-02 -1.823172e-03 -3.002741e-04
          -1.267363e-02 -1.826631e-03 -2.725629e-03
          -1.267489e-02 -2.112941e-03 -3.001726e-04
          -1.267620e-02 -2.402710e-03 -3.000710e-04
          -1.267607e-02 -2.406181e-03 -2.725516e-03
          -1.267592e-02 -2.406796e-03 -3.028657e-03
          -1.267578e-02 -2.407411e-03 -3.331798e-03
          -1.267564e-02 -2.408025e-03 -3.634939e-03
          -1.267550e-02 -2.408640e-03 -3.938080e-03
          -1.267535e-02 -2.409254e-03 -4.241221e-03
          -1.267521e-02 -2.409869e-03 -4.544362e-03
          -1.267507e-02 -2.410483e-03 -4.847503e-03
          -1.267723e-02 -2.692851e-03 -2.999661e-04
          -1.267720e-02 -2.693670e-03 -9.063425e-04
          -1.267714e-02 -2.695716e-03 -2.422284e-03
          -1.267702e-02 -2.696266e-03 -2.725439e-03
          -1.267687e-02 -2.696865e-03 -3.028584e-03
          -1.267672e-02 -2.697464e-03 -3.331729e-03
          -1.267657e-02 -2.698063e-03 -3.634874e-03
          -1.267642e-02 -2.698662e-03 -3.938018e-03
          -1.267627e-02 -2.699261e-03 -4.241163e-03
          -1.267612e-02 -2.699860e-03 -4.544308e-03
          -1.267597e-02 -2.700458e-03 -4.847453e-03
          -1.267804e-02 -2.983274e-03 -2.998585e-04
          -1.267792e-02 -2.985652e-03 -2.118998e-03
          -1.267791e-02 -2.986049e-03 -2.422188e-03
          -1.267778e-02 -2.986579e-03 -2.725348e-03
          -1.267763e-02 -2.987155e-03 -3.028497e-03
          -1.267747e-02 -2.987731e-03 -3.331647e-03
          -1.267732e-02 -2.988307e-03 -3.634796e-03
          -1.267716e-02 -2.988883e-03 -3.937946e-03
          -1.267701e-02 -2.989458e-03 -4.241095e-03
          -1.267685e-02 -2.990034e-03 -4.544245e-03
          -1.267670e-02 -2.990610e-03 -4.847394e-03
          -1.267885e-02 -3.273696e-03 -2.997510e-04
          -1.267872e-02 -3.275614e-03 -1.815710e-03
          -1.267870e-02 -3.275998e-03 -2.118901e-03
          -1.267867e-02 -3.276381e-03 -2.422093e-03
          -1.267855e-02 -3.276891e-03 -2.725257e-03
          -1.267839e-02 -3.277444e-03 -3.028411e-03
          -1.267823e-02 -3.277997e-03 -3.331565e-03
          -1.267807e-02 -3.278550e-03 -3.634719e-03
          -1.267791e-02 -3.279103e-03 -3.937873e-03
          -1.267775e-02 -3.279656e-03 -4.241027e-03
          -1.267759e-02 -3.280209e-03 -4.544181e-03
          -1.267953e-02 -3.565602e-03 -1.512417e-03
          -1.267950e-02 -3.565973e-03 -1.815611e-03
          -1.267947e-02 -3.566343e-03 -2.118804e-03
          -1.267944e-02 -3.566714e-03 -2.421998e-03
          -1.267931e-02 -3.567204e-03 -2.725165e-03
          -1.267914e-02 -3.567734e-03 -3.028324e-03
          -1.267898e-02 -3.568263e-03 -3.331483e-03
          -1.267882e-02 -3.568793e-03 -3.634642e-03
          -1.267865e-02 -3.569323e-03 -3.937800e-03
          -1.267849e-02 -3.569853e-03 -4.240959e-03
          -1.267832e-02 -3.570383e-03 -4.544118e-03
          -1.268032e-02 -3.855973e-03 -1.512317e-03
          -1.268028e-02 -3.856331e-03 -1.815512e-03
          -1.268024e-02 -3.856689e-03 -2.118707e-03
          -1.268021e-02 -3.857047e-03 -2.421902e-03
          -1.268007e-02 -3.857516e-03 -2.725074e-03
          -1.267990e-02 -3.858023e-03 -3.028237e-03
          -1.267973e-02 -3.858530e-03 -3.331401e-03
          -1.267957e-02 -3.859037e-03 -3.634564e-03
          -1.267940e-02 -3.859544e-03 -3.937728e-03
          -1.267923e-02 -3.860050e-03 -4.240891e-03
          -1.267906e-02 -3.860557e-03 -4.544054e-03
          -1.268114e-02 -4.145998e-03 -1.209019e-03
          -1.268110e-02 -4.146343e-03 -1.512216e-03
          -1.268106e-02 -4.146689e-03 -1.815413e-03
          -1.268102e-02 -4.147034e-03 -2.118610e-03
          -1.268097e-02 -4.147379e-03 -2.421807e-03
          -1.268083e-02 -4.147828e-03 -2.724982e-03
          -1.268066e-02 -4.148312e-03 -3.028150e-03
          -1.268049e-02 -4.148796e-03 -3.331319e-03
          -1.268031e-02 -4.149279e-03 -3.634487e-03
          -1.268014e-02 -4.149763e-03 -3.937655e-03
          -1.267997e-02 -4.150247e-03 -4.240823e-03
          -1.267980e-02 -4.150731e-03 -4.543991e-03
          -1.268198e-02 -4.436049e-03 -9.057182e-04
          -1.268193e-02 -4.436382e-03 -1.208917e-03
          -1.268188e-02 -4.436714e-03 -1.512115e-03
          -1.268184e-02 -4.437047e-03 -1.815314e-03
          -1.268179e-02 -4.437379e-03 -2.118513e-03
          -1.268174e-02 -4.437712e-03 -2.421712e-03
          -1.268160e-02 -4.438140e-03 -2.724891e-03
          -1.268142e-02 -4.438601e-03 -3.028064e-03
          -1.268124e-02 -4.439062e-03 -3.331237e-03
          -1.268106e-02 -4.439523e-03 -3.634409e-03
          -1.268089e-02 -4.439984e-03 -3.937582e-03
          -1.268071e-02 -4.440444e-03 -4.240755e-03
          -1.268053e-02 -4.440905e-03 -4.543928e-03
          -1.268035e-02 -4.441366e-03 -4.847101e-03
          -1.268283e-02 -4.726126e-03 -6.024138e-04
          -1.268278e-02 -4.726445e-03 -9.056142e-04
          -1.268272e-02 -4.726765e-03 -1.208815e-03
          -1.268267e-02 -4.727085e-03 -1.512015e-03
          -1.268261e-02 -4.727405e-03 -1.815215e-03
          -1.268256e-02 -4.727724e-03 -2.118416e-03
          -1.268251e-02 -4.728044e-03 -2.421616e-03
          -1.268236e-02 -4.728452e-03 -2.724799e-03
          -1.268218e-02 -4.728890e-03 -3.027977e-03
          -1.268199e-02 -4.729328e-03 -3.331155e-03
          -1.268181e-02 -4.729766e-03 -3.634332e-03
          -1.268163e-02 -4.730204e-03 -3.937509e-03
          -1.268145e-02 -4.730642e-03 -4.240687e-03
          -1.268127e-02 -4.731079e-03 -4.543864e-03
          -1.268109e-02 -4.731517e-03 -4.847042e-03
          -1.268369e-02 -5.016227e-03 -2.991059e-04
          -1.268363e-02 -5.016534e-03 -6.023080e-04
          -1.268357e-02 -5.016841e-03 -9.055102e-04
          -1.268351e-02 -5.017148e-03 -1.208712e-03
          -1.268345e-02 -5.017455e-03 -1.511914e-03
          -1.268339e-02 -5.017762e-03 -1.815117e-03
          -1.268333e-02 -5.018069e-03 -2.118319e-03
          -1.268327e-02 -5.018376e-03 -2.421521e-03
          -1.268312e-02 -5.018763e-03 -2.724708e-03
          -1.268293e-02 -5.019178e-03 -3.027890e-03
          -1.268275e-02 -5.019593e-03 -3.331072e-03
          -1.268256e-02 -5.020008e-03 -3.634255e-03
          -1.268237e-02 -5.020423e-03 -3.937437e-03
          -1.268219e-02 -5.020838e-03 -4.240619e-03
          -1.268200e-02 -5.021253e-03 -4.543801e-03
          -1.268182e-02 -5.021668e-03 -4.846983e-03
          -1.268417e-02 -5.306744e-03 -2.990178e-04
          -1.268356e-02 -5.309169e-03 -2.724625e-03
          -1.268391e-02 -5.599606e-03 -2.724545e-03
          -1.268425e-02 -5.890043e-03 -2.724465e-03
          -1.268459e-02 -6.180479e-03 -2.724385e-03
          -1.268494e-02 -6.470916e-03 -2.724305e-03
          -1.293495e-02 8.570441e-03 -1.532476e-07
          -1.293514e-02 8.282142e-03 -1.017440e-07
          -1.293656e-02 7.416798e-03 -1.211969e-03
          -1.293667e-02 7.416677e-03 -1.514980e-03
          -1.293679e-02 7.416556e-03 -1.817991e-03
          -1.293691e-02 7.416435e-03 -2.121002e-03
          -1.293718e-02 7.128507e-03 -1.211903e-03
          -1.293730e-02 7.128379e-03 -1.514916e-03
          -1.293742e-02 7.128251e-03 -1.817929e-03
          -1.293780e-02 6.840217e-03 -1.211837e-03
          -1.293792e-02 6.840082e-03 -1.514852e-03
          -1.293804e-02 6.552353e-03 -3.027198e-04
          -1.293854e-02 6.551784e-03 -1.514788e-03
          -1.293867e-02 6.551642e-03 -1.817805e-03
          -1.293879e-02 6.551500e-03 -2.120822e-03
          -1.293907e-02 6.551085e-03 -2.726873e-03
          -1.293923e-02 6.550769e-03 -3.029912e-03
          -1.293865e-02 6.264083e-03 -3.026475e-04
          -1.293903e-02 6.263635e-03 -1.211705e-03
          -1.293916e-02 6.263486e-03 -1.514724e-03
          -1.293929e-02 6.263337e-03 -1.817743e-03
          -1.293942e-02 6.263188e-03 -2.120762e-03
          -1.293955e-02 6.263038e-03 -2.423782e-03
          -1.293970e-02 6.262750e-03 -2.726818e-03
          -1.293986e-02 6.262414e-03 -3.029860e-03
          -1.294002e-02 6.262079e-03 -3.332903e-03
          -1.294019e-02 6.261744e-03 -3.635945e-03
          -1.293926e-02 5.975814e-03 -3.025752e-04
          -1.293952e-02 5.975501e-03 -9.086176e-04
          -1.293965e-02 5.975345e-03 -1.211639e-03
          -1.293978e-02 5.975188e-03 -1.514660e-03
          -1.293992e-02 5.975032e-03 -1.817681e-03
          -1.294005e-02 5.974876e-03 -2.120703e-03
          -1.294018e-02 5.974719e-03 -2.423724e-03
          -1.294033e-02 5.974415e-03 -2.726763e-03
          -1.294049e-02 5.974060e-03 -3.029808e-03
          -1.294065e-02 5.973706e-03 -3.332854e-03
          -1.294082e-02 5.973351e-03 -3.635899e-03
          -1.294098e-02 5.972997e-03 -3.938945e-03
          -1.294114e-02 5.972643e-03 -4.241990e-03
          -1.293987e-02 5.687544e-03 -3.025029e-04
          -1.294000e-02 5.687380e-03 -6.055262e-04
          -1.294014e-02 5.687217e-03 -9.085495e-04
          -1.294027e-02 5.687053e-03 -1.211573e-03
          -1.294041e-02 5.686890e-03 -1.514596e-03
          -1.294054e-02 5.686726e-03 -1.817619e-03
          -1.294067e-02 5.686563e-03 -2.120643e-03
          -1.294096e-02 5.686079e-03 -2.726708e-03
          -1.294112e-02 5.685705e-03 -3.029756e-03
          -1.294129e-02 5.685332e-03 -3.332805e-03
          -1.294145e-02 5.684958e-03 -3.635854e-03
          -1.294161e-02 5.684585e-03 -3.938902e-03
          -1.294177e-02 5.684211e-03 -4.241951e-03
          -1.294193e-02 5.683838e-03 -4.544999e-03
          -1.294209e-02 5.683464e-03 -4.848048e-03
          -1.294048e-02 5.399274e-03 -3.024306e-04
          -1.294062e-02 5.399103e-03 -6.054559e-04
          -1.294075e-02 5.398933e-03 -9.084813e-04
          -1.294089e-02 5.398762e-03 -1.211507e-03
          -1.294103e-02 5.398592e-03 -1.514532e-03
          -1.294117e-02 5.398421e-03 -1.817557e-03
          -1.294130e-02 5.398251e-03 -2.120583e-03
          -1.294144e-02 5.398080e-03 -2.423608e-03
          -1.294159e-02 5.397743e-03 -2.726653e-03
          -1.294175e-02 5.397351e-03 -3.029705e-03
          -1.294192e-02 5.396958e-03 -3.332756e-03
          -1.294208e-02 5.396565e-03 -3.635808e-03
          -1.294224e-02 5.396173e-03 -3.938860e-03
          -1.294240e-02 5.395780e-03 -4.241911e-03
          -1.294256e-02 5.395387e-03 -4.544963e-03
          -1.294272e-02 5.394995e-03 -4.848015e-03
          -1.294112e-02 5.110993e-03 -3.023584e-04
          -1.294225e-02 5.109391e-03 -2.726600e-03
          -1.294206e-02 4.822586e-03 -3.022878e-04
          -1.294305e-02 4.821238e-03 -2.423521e-03
          -1.294320e-02 4.820868e-03 -2.726572e-03
          -1.294428e-02 4.817867e-03 -4.847969e-03
          -1.294301e-02 4.534180e-03 -3.022172e-04
          -1.294386e-02 4.532937e-03 -2.120450e-03
          -1.294400e-02 4.532730e-03 -2.423489e-03
          -1.294415e-02 4.532345e-03 -2.726543e-03
          -1.294430e-02 4.531899e-03 -3.029602e-03
          -1.294396e-02 4.245773e-03 -3.021467e-04
          -1.294467e-02 4.244666e-03 -1.817369e-03
          -1.294482e-02 4.244444e-03 -2.120413e-03
          -1.294496e-02 4.244223e-03 -2.423457e-03
          -1.294510e-02 4.243821e-03 -2.726514e-03
          -1.294524e-02 4.243358e-03 -3.029575e-03
          -1.294491e-02 3.957366e-03 -3.020761e-04
          -1.294505e-02 3.957130e-03 -6.051260e-04
          -1.294605e-02 3.955297e-03 -2.726485e-03
          -1.294619e-02 3.954818e-03 -3.029548e-03
          -1.294586e-02 3.668958e-03 -3.020055e-04
          -1.294600e-02 3.668708e-03 -6.050610e-04
          -1.294700e-02 3.666773e-03 -2.726457e-03
          -1.294713e-02 3.666276e-03 -3.029522e-03
          -1.294680e-02 3.380551e-03 -3.019349e-04
          -1.294775e-02 3.092144e-03 -3.018643e-04
          -1.294902e-02 3.089194e-03 -3.029468e-03
          -1.294914e-02 3.088663e-03 -3.332538e-03
          -1.294870e-02 2.803736e-03 -3.017937e-04
          -1.294984e-02 2.801201e-03 -2.726370e-03
          -1.294996e-02 2.800653e-03 -3.029442e-03
          -1.295007e-02 2.800105e-03 -3.332513e-03
          -1.295019e-02 2.799557e-03 -3.635585e-03
          -1.295030e-02 2.799010e-03 -3.938656e-03
          -1.294973e-02 2.515160e-03 -3.017168e-04
          -1.295003e-02 2.514548e-03 -9.078722e-04
          -1.295017e-02 2.514241e-03 -1.210950e-03
          -1.295032e-02 2.513935e-03 -1.514027e-03
          -1.295046e-02 2.513629e-03 -1.817105e-03
          -1.295061e-02 2.513323e-03 -2.120183e-03
          -1.295087e-02 2.512519e-03 -2.726336e-03
          -1.295098e-02 2.511957e-03 -3.029410e-03
          -1.295108e-02 2.511394e-03 -3.332485e-03
          -1.295119e-02 2.510832e-03 -3.635559e-03
          -1.295130e-02 2.510269e-03 -3.938633e-03
          -1.295140e-02 2.509707e-03 -4.241708e-03
          -1.295107e-02 2.226042e-03 -3.016194e-04
          -1.295149e-02 2.225102e-03 -1.210869e-03
          -1.295163e-02 2.224788e-03 -1.513953e-03
          -1.295177e-02 2.224475e-03 -1.817036e-03
          -1.295191e-02 2.224161e-03 -2.120119e-03
          -1.295205e-02 2.223848e-03 -2.423203e-03
          -1.295215e-02 2.223344e-03 -2.726283e-03
          -1.295224e-02 2.222776e-03 -3.029363e-03
          -1.295233e-02 2.222208e-03 -3.332443e-03
          -1.295242e-02 2.221641e-03 -3.635522e-03
          -1.295251e-02 2.221073e-03 -3.938602e-03
          -1.295260e-02 2.220505e-03 -4.241682e-03
          -1.295240e-02 1.936924e-03 -3.015220e-04
          -1.295280e-02 1.935962e-03 -1.210789e-03
          -1.295294e-02 1.935641e-03 -1.513878e-03
          -1.295307e-02 1.935320e-03 -1.816967e-03
          -1.295321e-02 1.935000e-03 -2.120056e-03
          -1.295334e-02 1.934679e-03 -2.423145e-03
          -1.295343e-02 1.934169e-03 -2.726231e-03
          -1.295350e-02 1.933596e-03 -3.029316e-03
          -1.295358e-02 1.933023e-03 -3.332401e-03
          -1.295365e-02 1.932449e-03 -3.635486e-03
          -1.295372e-02 1.931876e-03 -3.938571e-03
          -1.295380e-02 1.931303e-03 -4.241656e-03
          -1.295373e-02 1.647805e-03 -3.014247e-04
          -1.295412e-02 1.646821e-03 -1.210709e-03
          -1.295424e-02 1.646494e-03 -1.513803e-03
          -1.295437e-02 1.646166e-03 -1.816898e-03
          -1.295450e-02 1.645838e-03 -2.119993e-03
          -1.295463e-02 1.645510e-03 -2.423087e-03
          -1.295471e-02 1.644994e-03 -2.726178e-03
          -1.295476e-02 1.644415e-03 -3.029269e-03
          -1.295482e-02 1.643837e-03 -3.332359e-03
          -1.295488e-02 1.643258e-03 -3.635449e-03
          -1.295494e-02 1.642679e-03 -3.938540e-03
          -1.295499e-02 1.642101e-03 -4.241630e-03
          -1.295506e-02 1.358687e-03 -3.013273e-04
          -1.295543e-02 1.357681e-03 -1.210628e-03
          -1.295555e-02 1.357346e-03 -1.513728e-03
          -1.295568e-02 1.357011e-03 -1.816829e-03
          -1.295580e-02 1.356675e-03 -2.119929e-03
          -1.295592e-02 1.356340e-03 -2.423029e-03
          -1.295598e-02 1.355819e-03 -2.726126e-03
          -1.295603e-02 1.355235e-03 -3.029221e-03
          -1.295607e-02 1.354651e-03 -3.332317e-03
          -1.295611e-02 1.354066e-03 -3.635413e-03
          -1.295615e-02 1.353482e-03 -3.938508e-03
          -1.295619e-02 1.352898e-03 -4.241604e-03
          -1.295623e-02 1.352314e-03 -4.544699e-03
          -1.295639e-02 1.069568e-03 -3.012299e-04
          -1.295674e-02 1.068541e-03 -1.210548e-03
          -1.295686e-02 1.068198e-03 -1.513653e-03
          -1.295698e-02 1.067856e-03 -1.816759e-03
          -1.295710e-02 1.067513e-03 -2.119865e-03
          -1.295721e-02 1.067171e-03 -2.422971e-03
          -1.295726e-02 1.066643e-03 -2.726073e-03
          -1.295729e-02 1.066054e-03 -3.029174e-03
          -1.295731e-02 1.065464e-03 -3.332275e-03
          -1.295734e-02 1.064875e-03 -3.635376e-03
          -1.295736e-02 1.064285e-03 -3.938477e-03
          -1.295738e-02 1.063696e-03 -4.241578e-03
          -1.295741e-02 1.063107e-03 -4.544679e-03
          -1.295743e-02 1.062517e-03 -4.847780e-03
          -1.295772e-02 7.804496e-04 -3.011325e-04
          -1.295795e-02 7.797499e-04 -9.073556e-04
          -1.295806e-02 7.794001e-04 -1.210467e-03
          -1.295817e-02 7.790503e-04 -1.513579e-03
          -1.295828e-02 7.787005e-04 -1.816690e-03
          -1.295839e-02 7.783507e-04 -2.119802e-03
          -1.295850e-02 7.780009e-04 -2.422913e-03
          -1.295854e-02 7.774679e-04 -2.726021e-03
          -1.295855e-02 7.768730e-04 -3.029127e-03
          -1.295856e-02 7.762782e-04 -3.332233e-03
          -1.295856e-02 7.756833e-04 -3.635340e-03
          -1.295857e-02 7.750884e-04 -3.938446e-03
          -1.295858e-02 7.744936e-04 -4.241552e-03
          -1.295859e-02 7.738987e-04 -4.544658e-03
          -1.295860e-02 7.733038e-04 -4.847765e-03
          -1.295905e-02 4.913306e-04 -3.010352e-04
          -1.295916e-02 4.909735e-04 -6.041524e-04
          -1.295926e-02 4.906164e-04 -9.072695e-04
          -1.295937e-02 4.902593e-04 -1.210387e-03
          -1.295948e-02 4.899023e-04 -1.513504e-03
          -1.295958e-02 4.895452e-04 -1.816621e-03
          -1.295969e-02 4.891881e-04 -2.119738e-03
          -1.295979e-02 4.888310e-04 -2.422855e-03
          -1.295981e-02 4.882922e-04 -2.725968e-03
          -1.295981e-02 4.876920e-04 -3.029080e-03
          -1.295980e-02 4.870917e-04 -3.332191e-03
          -1.295979e-02 4.864915e-04 -3.635303e-03
          -1.295978e-02 4.858912e-04 -3.938414e-03
          -1.295978e-02 4.852909e-04 -4.241526e-03
          -1.295977e-02 4.846906e-04 -4.544637e-03
          -1.295976e-02 4.840903e-04 -4.847749e-03
          -1.296038e-02 2.022114e-04 -3.009378e-04
          -1.296048e-02 2.018471e-04 -6.040606e-04
          -1.296058e-02 2.014827e-04 -9.071834e-04
          -1.296068e-02 2.011184e-04 -1.210306e-03
          -1.296078e-02 2.007541e-04 -1.513429e-03
          -1.296088e-02 2.003897e-04 -1.816552e-03
          -1.296098e-02 2.000254e-04 -2.119675e-03
          -1.296108e-02 1.996611e-04 -2.422797e-03
          -1.296109e-02 1.991164e-04 -2.725916e-03
          -1.296107e-02 1.985108e-04 -3.029033e-03
          -1.296104e-02 1.979051e-04 -3.332150e-03
          -1.296102e-02 1.972995e-04 -3.635266e-03
          -1.296100e-02 1.966938e-04 -3.938383e-03
          -1.296097e-02 1.960882e-04 -4.241500e-03
          -1.296095e-02 1.954825e-04 -4.544617e-03
          -1.296092e-02 1.948768e-04 -4.847734e-03
          -1.296168e-02 -8.714244e-05 -3.008402e-04
          -1.296177e-02 -8.751253e-05 -6.039687e-04
          -1.296232e-02 -8.973294e-05 -2.422740e-03
          -1.296232e-02 -9.028009e-05 -2.725863e-03
          -1.296228e-02 -9.088710e-05 -3.028984e-03
          -1.296293e-02 -3.768535e-04 -3.007419e-04
          -1.296301e-02 -3.772260e-04 -6.038763e-04
          -1.296349e-02 -3.794609e-04 -2.422683e-03
          -1.296347e-02 -3.800043e-04 -2.725809e-03
          -1.296342e-02 -3.806054e-04 -3.028932e-03
          -1.296417e-02 -6.665644e-04 -3.006436e-04
          -1.296424e-02 -6.669393e-04 -6.037839e-04
          -1.296463e-02 -6.697283e-04 -2.725755e-03
          -1.296457e-02 -6.703235e-04 -3.028880e-03
          -1.296542e-02 -9.562749e-04 -3.005453e-04
          -1.296548e-02 -9.566522e-04 -6.036915e-04
          -1.296578e-02 -9.594520e-04 -2.725701e-03
          -1.296571e-02 -9.600414e-04 -3.028828e-03
          -1.296667e-02 -1.245985e-03 -3.004470e-04
          -1.296671e-02 -1.246365e-03 -6.035991e-04
          -1.296694e-02 -1.249176e-03 -2.725647e-03
          -1.296686e-02 -1.249759e-03 -3.028777e-03
          -1.296791e-02 -1.535695e-03 -3.003488e-04
          -1.296795e-02 -1.536078e-03 -6.035067e-04
          -1.296809e-02 -1.538899e-03 -2.725593e-03
          -1.296916e-02 -1.825405e-03 -3.002506e-04
          -1.297041e-02 -2.115115e-03 -3.001523e-04
          -1.297029e-02 -2.118911e-03 -3.028621e-03
          -1.297017e-02 -2.119477e-03 -3.331758e-03
          -1.297006e-02 -2.120043e-03 -3.634894e-03
          -1.296995e-02 -2.120609e-03 -3.938031e-03
          -1.296984e-02 -2.121175e-03 -4.241167e-03
          -1.297165e-02 -2.404824e-03 -3.000541e-04
          -1.297155e-02 -2.408068e-03 -2.725431e-03
          -1.297143e-02 -2.408628e-03 -3.028570e-03
          -1.297131e-02 -2.409188e-03 -3.331709e-03
          -1.297119e-02 -2.409748e-03 -3.634847e-03
          -1.297107e-02 -2.410308e-03 -3.937986e-03
          -1.297095e-02 -2.410869e-03 -4.241124e-03
          -1.297262e-02 -2.694904e-03 -2.999528e-04
          -1.297255e-02 -2.697597e-03 -2.422205e-03
          -1.297245e-02 -2.698102e-03 -2.725357e-03
          -1.297232e-02 -2.698648e-03 -3.028499e-03
          -1.297220e-02 -2.699193e-03 -3.331641e-03
          -1.297207e-02 -2.699739e-03 -3.634783e-03
          -1.297194e-02 -2.700285e-03 -3.937926e-03
          -1.297181e-02 -2.700831e-03 -4.241068e-03
          -1.297338e-02 -2.985259e-03 -2.998493e-04
          -1.297329e-02 -2.987501e-03 -2.118932e-03
          -1.297328e-02 -2.987875e-03 -2.422112e-03
          -1.297317e-02 -2.988361e-03 -2.725267e-03
          -1.297304e-02 -2.988886e-03 -3.028414e-03
          -1.297291e-02 -2.989410e-03 -3.331561e-03
          -1.297277e-02 -2.989935e-03 -3.634708e-03
          -1.297264e-02 -2.990459e-03 -3.937855e-03
          -1.297414e-02 -3.275613e-03 -2.997457e-04
          -1.297404e-02 -3.277428e-03 -1.815655e-03
          -1.297402e-02 -3.277790e-03 -2.118837e-03
          -1.297400e-02 -3.278153e-03 -2.422019e-03
          -1.297389e-02 -3.278621e-03 -2.725178e-03
          -1.297376e-02 -3.279124e-03 -3.028330e-03
          -1.297362e-02 -3.279627e-03 -3.331481e-03
          -1.297348e-02 -3.280130e-03 -3.634633e-03
          -1.297490e-02 -3.565968e-03 -2.996421e-04
          -1.297480e-02 -3.567375e-03 -1.512376e-03
          -1.297478e-02 -3.567727e-03 -1.815559e-03
          -1.297475e-02 -3.568079e-03 -2.118743e-03
          -1.297473e-02 -3.568431e-03 -2.421926e-03
          -1.297461e-02 -3.568880e-03 -2.725089e-03
          -1.297447e-02 -3.569362e-03 -3.028245e-03
          -1.297433e-02 -3.569843e-03 -3.331401e-03
          -1.297419e-02 -3.570325e-03 -3.634557e-03
          -1.297566e-02 -3.856322e-03 -2.995386e-04
          -1.297554e-02 -3.857686e-03 -1.512278e-03
          -1.297551e-02 -3.858027e-03 -1.815463e-03
          -1.297548e-02 -3.858368e-03 -2.118648e-03
          -1.297545e-02 -3.858709e-03 -2.421833e-03
          -1.297534e-02 -3.859139e-03 -2.725000e-03
          -1.297519e-02 -3.859600e-03 -3.028160e-03
          -1.297504e-02 -3.860060e-03 -3.331321e-03
          -1.297642e-02 -4.146676e-03 -2.994350e-04
          -1.297632e-02 -4.147666e-03 -1.208994e-03
          -1.297628e-02 -4.147997e-03 -1.512180e-03
          -1.297625e-02 -4.148327e-03 -1.815367e-03
          -1.297621e-02 -4.148657e-03 -2.118553e-03
          -1.297618e-02 -4.148987e-03 -2.421740e-03
          -1.297606e-02 -4.149398e-03 -2.724910e-03
          -1.297590e-02 -4.149837e-03 -3.028076e-03
          -1.297575e-02 -4.150276e-03 -3.331241e-03
          -1.297718e-02 -4.437030e-03 -2.993315e-04
          -1.297710e-02 -4.437669e-03 -9.057072e-04
          -1.297706e-02 -4.437988e-03 -1.208895e-03
          -1.297702e-02 -4.438307e-03 -1.512083e-03
          -1.297698e-02 -4.438626e-03 -1.815271e-03
          -1.297694e-02 -4.438945e-03 -2.118459e-03
          -1.297690e-02 -4.439265e-03 -2.421646e-03
          -1.297678e-02 -4.439657e-03 -2.724821e-03
          -1.297662e-02 -4.440075e-03 -3.027991e-03
          -1.297646e-02 -4.440493e-03 -3.331161e-03
          -1.297631e-02 -4.440910e-03 -3.634331e-03
          -1.297794e-02 -4.727384e-03 -2.992280e-04
          -1.297790e-02 -4.727693e-03 -6.024173e-04
          -1.297785e-02 -4.728001e-03 -9.056066e-04
          -1.297781e-02 -4.728309e-03 -1.208796e-03
          -1.297776e-02 -4.728617e-03 -1.511985e-03
          -1.297772e-02 -4.728926e-03 -1.815175e-03
          -1.297767e-02 -4.729234e-03 -2.118364e-03
          -1.297763e-02 -4.729542e-03 -2.421553e-03
          -1.297750e-02 -4.729916e-03 -2.724732e-03
          -1.297734e-02 -4.730313e-03 -3.027906e-03
          -1.297718e-02 -4.730709e-03 -3.331081e-03
          -1.297701e-02 -4.731105e-03 -3.634256e-03
          -1.297870e-02 -5.017738e-03 -2.991244e-04
          -1.297865e-02 -5.018035e-03 -6.023152e-04
          -1.297860e-02 -5.018333e-03 -9.055060e-04
          -1.297855e-02 -5.018630e-03 -1.208697e-03
          -1.297850e-02 -5.018927e-03 -1.511888e-03
          -1.297845e-02 -5.019225e-03 -1.815078e-03
          -1.297840e-02 -5.019522e-03 -2.118269e-03
          -1.297835e-02 -5.019819e-03 -2.421460e-03
          -1.297822e-02 -5.020175e-03 -2.724642e-03
          -1.297805e-02 -5.020550e-03 -3.027822e-03
          -1.297789e-02 -5.020925e-03 -3.331001e-03
          -1.297772e-02 -5.021300e-03 -3.634180e-03
          -1.297755e-02 -5.021675e-03 -3.937360e-03
          -1.297739e-02 -5.022050e-03 -4.240539e-03
          -1.297918e-02 -5.308172e-03 -2.990380e-04
          -1.297866e-02 -5.310504e-03 -2.724564e-03
          -1.297956e-02 -5.598632e-03 -2.989571e-04
          -1.297902e-02 -5.600857e-03 -2.724490e-03
          -1.297993e-02 -5.889092e-03 -2.988763e-04
          -1.297937e-02 -5.891210e-03 -2.724415e-03
          -1.298031e-02 -6.179552e-03 -2.987954e-04
          -1.298069e-02 -6.470012e-03 -2.987146e-04
          -1.323191e-02 1.001083e-02 -2.424378e-03
          -1.323210e-02 8.857881e-03 -1.567469e-07
          -1.323229e-02 8.569531e-03 -1.035699e-07
          -1.323397e-02 7.415572e-03 -1.514944e-03
          -1.323407e-02 7.415459e-03 -1.817958e-03
          -1.323418e-02 7.415346e-03 -2.120973e-03
          -1.323458e-02 7.127202e-03 -1.514877e-03
          -1.323469e-02 7.127083e-03 -1.817894e-03
          -1.323520e-02 6.838832e-03 -1.514811e-03
          -1.323657e-02 5.974290e-03 -3.025184e-04
          -1.323669e-02 5.974148e-03 -6.055417e-04
          -1.323754e-02 5.973017e-03 -2.726723e-03
          -1.323769e-02 5.972698e-03 -3.029771e-03
          -1.323717e-02 5.685943e-03 -3.024451e-04
          -1.323817e-02 5.684613e-03 -2.726665e-03
          -1.323832e-02 5.684277e-03 -3.029716e-03
          -1.323846e-02 5.683940e-03 -3.332768e-03
          -1.323861e-02 5.683603e-03 -3.635819e-03
          -1.323879e-02 5.396210e-03 -2.726606e-03
          -1.323894e-02 5.395855e-03 -3.029661e-03
          -1.323909e-02 5.395501e-03 -3.332716e-03
          -1.323923e-02 5.395146e-03 -3.635771e-03
          -1.323938e-02 5.394792e-03 -3.938826e-03
          -1.323953e-02 5.394437e-03 -4.241881e-03
          -1.323968e-02 5.394083e-03 -4.544936e-03
          -1.323841e-02 5.109238e-03 -3.022986e-04
          -1.323930e-02 4.820775e-03 -3.022275e-04
          -1.323942e-02 4.820600e-03 -6.052617e-04
          -1.324019e-02 4.819550e-03 -2.423467e-03
          -1.324033e-02 4.819217e-03 -2.726520e-03
          -1.324133e-02 4.816514e-03 -4.847939e-03
          -1.324018e-02 4.532312e-03 -3.021564e-04
          -1.324031e-02 4.532123e-03 -6.051960e-04
          -1.324096e-02 4.531179e-03 -2.120394e-03
          -1.324109e-02 4.530990e-03 -2.423434e-03
          -1.324122e-02 4.530643e-03 -2.726490e-03
          -1.324136e-02 4.530242e-03 -3.029551e-03
          -1.324218e-02 4.527840e-03 -4.847921e-03
          -1.324107e-02 4.243848e-03 -3.020853e-04
          -1.324120e-02 4.243646e-03 -6.051303e-04
          -1.324172e-02 4.242835e-03 -1.817310e-03
          -1.324185e-02 4.242632e-03 -2.120355e-03
          -1.324198e-02 4.242429e-03 -2.423400e-03
          -1.324211e-02 4.242068e-03 -2.726459e-03
          -1.324225e-02 4.241654e-03 -3.029522e-03
          -1.324196e-02 3.955385e-03 -3.020143e-04
          -1.324209e-02 3.955169e-03 -6.050647e-04
          -1.324248e-02 3.954519e-03 -1.514216e-03
          -1.324261e-02 3.954302e-03 -1.817266e-03
          -1.324274e-02 3.954086e-03 -2.120317e-03
          -1.324288e-02 3.953869e-03 -2.423367e-03
          -1.324300e-02 3.953494e-03 -2.726429e-03
          -1.324313e-02 3.953065e-03 -3.029494e-03
          -1.324284e-02 3.666921e-03 -3.019432e-04
          -1.324298e-02 3.666691e-03 -6.049990e-04
          -1.324337e-02 3.665999e-03 -1.514166e-03
          -1.324351e-02 3.665769e-03 -1.817222e-03
          -1.324364e-02 3.665538e-03 -2.120278e-03
          -1.324377e-02 3.665308e-03 -2.423334e-03
          -1.324426e-02 3.377480e-03 -1.514117e-03
          -1.324440e-02 3.377236e-03 -1.817178e-03
          -1.324453e-02 3.376992e-03 -2.120240e-03
          -1.324466e-02 3.376747e-03 -2.423301e-03
          -1.324515e-02 3.088961e-03 -1.514068e-03
          -1.324529e-02 3.088703e-03 -1.817134e-03
          -1.324542e-02 3.088444e-03 -2.120201e-03
          -1.324556e-02 3.088186e-03 -2.423268e-03
          -1.324550e-02 2.801530e-03 -3.017299e-04
          -1.324632e-02 2.799897e-03 -2.120162e-03
          -1.324645e-02 2.799625e-03 -2.423234e-03
          -1.324668e-02 2.798709e-03 -3.029379e-03
          -1.324648e-02 2.512898e-03 -3.016530e-04
          -1.324661e-02 2.512614e-03 -6.047303e-04
          -1.324688e-02 2.512045e-03 -1.210885e-03
          -1.324702e-02 2.511761e-03 -1.513962e-03
          -1.324715e-02 2.511476e-03 -1.817039e-03
          -1.324729e-02 2.511192e-03 -2.120117e-03
          -1.324753e-02 2.510464e-03 -2.726269e-03
          -1.324764e-02 2.509966e-03 -3.029344e-03
          -1.324774e-02 2.509469e-03 -3.332419e-03
          -1.324773e-02 2.223740e-03 -3.015578e-04
          -1.324786e-02 2.223449e-03 -6.046398e-04
          -1.324812e-02 2.222869e-03 -1.210804e-03
          -1.324825e-02 2.222578e-03 -1.513886e-03
          -1.324838e-02 2.222288e-03 -1.816968e-03
          -1.324851e-02 2.221998e-03 -2.120050e-03
          -1.324874e-02 2.221258e-03 -2.726212e-03
          -1.324882e-02 2.220754e-03 -3.029292e-03
          -1.324898e-02 1.934581e-03 -3.014626e-04
          -1.324910e-02 1.934285e-03 -6.045493e-04
          -1.324948e-02 1.933396e-03 -1.513809e-03
          -1.324960e-02 1.933099e-03 -1.816896e-03
          -1.324973e-02 1.932803e-03 -2.119983e-03
          -1.324986e-02 1.932506e-03 -2.423069e-03
          -1.324994e-02 1.932051e-03 -2.726155e-03
          -1.325001e-02 1.931542e-03 -3.029240e-03
          -1.325009e-02 1.931033e-03 -3.332326e-03
          -1.325022e-02 1.645423e-03 -3.013675e-04
          -1.325035e-02 1.645120e-03 -6.044588e-04
          -1.325071e-02 1.644213e-03 -1.513733e-03
          -1.325083e-02 1.643910e-03 -1.816824e-03
          -1.325095e-02 1.643608e-03 -2.119916e-03
          -1.325107e-02 1.643305e-03 -2.423007e-03
          -1.325114e-02 1.642844e-03 -2.726098e-03
          -1.325120e-02 1.642330e-03 -3.029189e-03
          -1.325126e-02 1.641815e-03 -3.332280e-03
          -1.325147e-02 1.356264e-03 -3.012723e-04
          -1.325159e-02 1.355955e-03 -6.043683e-04
          -1.325194e-02 1.355030e-03 -1.513656e-03
          -1.325205e-02 1.354721e-03 -1.816752e-03
          -1.325217e-02 1.354413e-03 -2.119849e-03
          -1.325229e-02 1.354104e-03 -2.422945e-03
          -1.325235e-02 1.353637e-03 -2.726041e-03
          -1.325239e-02 1.353117e-03 -3.029137e-03
          -1.325243e-02 1.352597e-03 -3.332233e-03
          -1.325247e-02 1.352077e-03 -3.635329e-03
          -1.325272e-02 1.067105e-03 -3.011772e-04
          -1.325283e-02 1.066790e-03 -6.042779e-04
          -1.325306e-02 1.066161e-03 -1.210479e-03
          -1.325317e-02 1.065847e-03 -1.513580e-03
          -1.325328e-02 1.065532e-03 -1.816681e-03
          -1.325339e-02 1.065218e-03 -2.119781e-03
          -1.325350e-02 1.064903e-03 -2.422882e-03
          -1.325355e-02 1.064430e-03 -2.725983e-03
          -1.325358e-02 1.063905e-03 -3.029085e-03
          -1.325361e-02 1.063379e-03 -3.332187e-03
          -1.325363e-02 1.062853e-03 -3.635288e-03
          -1.325397e-02 7.779458e-04 -3.010820e-04
          -1.325408e-02 7.776252e-04 -6.041874e-04
          -1.325418e-02 7.773047e-04 -9.072928e-04
          -1.325429e-02 7.769841e-04 -1.210398e-03
          -1.325440e-02 7.766635e-04 -1.513503e-03
          -1.325450e-02 7.763429e-04 -1.816609e-03
          -1.325461e-02 7.760223e-04 -2.119714e-03
          -1.325472e-02 7.757017e-04 -2.422820e-03
          -1.325475e-02 7.752234e-04 -2.725926e-03
          -1.325477e-02 7.746919e-04 -3.029033e-03
          -1.325478e-02 7.741603e-04 -3.332140e-03
          -1.325479e-02 7.736287e-04 -3.635247e-03
          -1.325480e-02 7.730971e-04 -3.938354e-03
          -1.325481e-02 7.725655e-04 -4.241461e-03
          -1.325522e-02 4.887865e-04 -3.009869e-04
          -1.325532e-02 4.884599e-04 -6.040969e-04
          -1.325542e-02 4.881333e-04 -9.072070e-04
          -1.325552e-02 4.878067e-04 -1.210317e-03
          -1.325563e-02 4.874801e-04 -1.513427e-03
          -1.325573e-02 4.871535e-04 -1.816537e-03
          -1.325583e-02 4.868269e-04 -2.119647e-03
          -1.325593e-02 4.865003e-04 -2.422757e-03
          -1.325596e-02 4.860162e-04 -2.725869e-03
          -1.325595e-02 4.854790e-04 -3.028981e-03
          -1.325595e-02 4.849417e-04 -3.332093e-03
          -1.325595e-02 4.844044e-04 -3.635206e-03
          -1.325595e-02 4.838672e-04 -3.938318e-03
          -1.325594e-02 4.833299e-04 -4.241430e-03
          -1.325594e-02 4.827925e-04 -4.544542e-03
          -1.325646e-02 1.996271e-04 -3.008917e-04
          -1.325656e-02 1.992944e-04 -6.040065e-04
          -1.325666e-02 1.989618e-04 -9.071212e-04
          -1.325676e-02 1.986292e-04 -1.210236e-03
          -1.325685e-02 1.982966e-04 -1.513351e-03
          -1.325695e-02 1.979639e-04 -1.816465e-03
          -1.325705e-02 1.976313e-04 -2.119580e-03
          -1.325715e-02 1.972987e-04 -2.422695e-03
          -1.325716e-02 1.968089e-04 -2.725812e-03
          -1.325714e-02 1.962660e-04 -3.028929e-03
          -1.325712e-02 1.957230e-04 -3.332047e-03
          -1.325711e-02 1.951801e-04 -3.635164e-03
          -1.325709e-02 1.946371e-04 -3.938282e-03
          -1.325707e-02 1.940941e-04 -4.241400e-03
          -1.325705e-02 1.935511e-04 -4.544517e-03
          -1.325704e-02 1.930081e-04 -4.847635e-03
          -1.325768e-02 -8.972945e-05 -3.007967e-04
          -1.325777e-02 -9.006731e-05 -6.039166e-04
          -1.325831e-02 -9.209439e-05 -2.422636e-03
          -1.325831e-02 -9.258681e-05 -2.725757e-03
          -1.325828e-02 -9.313152e-05 -3.028878e-03
          -1.325886e-02 -3.793814e-04 -3.007017e-04
          -1.325894e-02 -3.797224e-04 -6.038274e-04
          -1.325941e-02 -3.817688e-04 -2.422582e-03
          -1.325940e-02 -3.822584e-04 -2.725706e-03
          -1.325937e-02 -3.827982e-04 -3.028829e-03
          -1.326004e-02 -6.690330e-04 -3.006068e-04
          -1.326011e-02 -6.693773e-04 -6.037383e-04
          -1.326044e-02 -6.710988e-04 -2.119396e-03
          -1.326051e-02 -6.714431e-04 -2.422528e-03
          -1.326049e-02 -6.719298e-04 -2.725654e-03
          -1.326045e-02 -6.724647e-04 -3.028779e-03
          -1.326122e-02 -9.586844e-04 -3.005118e-04
          -1.326127e-02 -9.590320e-04 -6.036492e-04
          -1.326158e-02 -9.616009e-04 -2.725603e-03
          -1.326153e-02 -9.621309e-04 -3.028730e-03
          -1.326239e-02 -1.248336e-03 -3.004169e-04
          -1.326244e-02 -1.248686e-03 -6.035601e-04
          -1.326357e-02 -1.537987e-03 -3.003219e-04
          -1.326360e-02 -1.538341e-03 -6.034709e-04
          -1.326475e-02 -1.827637e-03 -3.002270e-04
          -1.326477e-02 -1.827995e-03 -6.033819e-04
          -1.326486e-02 -1.829424e-03 -1.816001e-03
          -1.326488e-02 -1.829781e-03 -2.119156e-03
          -1.326491e-02 -1.830138e-03 -2.422311e-03
          -1.326469e-02 -1.831644e-03 -3.331714e-03
          -1.326592e-02 -2.117288e-03 -3.001321e-04
          -1.326599e-02 -2.119451e-03 -2.119096e-03
          -1.326601e-02 -2.119811e-03 -2.422257e-03
          -1.326585e-02 -2.120794e-03 -3.028532e-03
          -1.326576e-02 -2.121305e-03 -3.331667e-03
          -1.326710e-02 -2.406938e-03 -3.000372e-04
          -1.326710e-02 -2.409121e-03 -2.119036e-03
          -1.326710e-02 -2.409484e-03 -2.422203e-03
          -1.326703e-02 -2.409954e-03 -2.725347e-03
          -1.326693e-02 -2.410460e-03 -3.028483e-03
          -1.326683e-02 -2.410965e-03 -3.331619e-03
          -1.326798e-02 -2.698397e-03 -1.512618e-03
          -1.326798e-02 -2.698757e-03 -1.815788e-03
          -1.326797e-02 -2.699118e-03 -2.118958e-03
          -1.326788e-02 -2.699937e-03 -2.725274e-03
          -1.326778e-02 -2.700429e-03 -3.028414e-03
          -1.326856e-02 -2.990143e-03 -2.725187e-03
          -1.327149e-02 -4.149334e-03 -1.208969e-03
          -1.327147e-02 -4.149649e-03 -1.512145e-03
          -1.327219e-02 -4.439594e-03 -1.208873e-03
          -1.327216e-02 -4.439900e-03 -1.512050e-03
          -1.327213e-02 -4.440205e-03 -1.815227e-03
          -1.327419e-02 -5.309599e-03 -2.990582e-04
          -1.352919e-02 1.001022e-02 -2.424352e-03
          -1.352935e-02 9.721825e-03 -2.121307e-03
          -1.352941e-02 9.721767e-03 -2.424311e-03
          -1.352926e-02 9.145424e-03 -1.635892e-07
          -1.352945e-02 8.857023e-03 -1.087385e-07
          -1.352963e-02 8.568621e-03 -5.388643e-08
          -1.353125e-02 7.414468e-03 -1.514907e-03
          -1.353135e-02 7.414362e-03 -1.817925e-03
          -1.353145e-02 7.414256e-03 -2.120944e-03
          -1.353186e-02 7.126024e-03 -1.514838e-03
          -1.353196e-02 7.125914e-03 -1.817858e-03
          -1.353599e-02 5.394676e-03 -2.726560e-03
          -1.353612e-02 5.394360e-03 -3.029618e-03
          -1.353733e-02 4.817862e-03 -2.423413e-03
          -1.353837e-02 4.815160e-03 -4.847910e-03
          -1.353805e-02 4.529419e-03 -2.120338e-03
          -1.353817e-02 4.529249e-03 -2.423378e-03
          -1.353905e-02 4.526811e-03 -4.544823e-03
          -1.353918e-02 4.526456e-03 -4.847887e-03
          -1.353877e-02 4.241003e-03 -1.817252e-03
          -1.353889e-02 4.240819e-03 -2.120298e-03
          -1.353900e-02 4.240635e-03 -2.423343e-03
          -1.353960e-02 3.952417e-03 -1.817207e-03
          -1.353972e-02 3.952219e-03 -2.120258e-03
          -1.353984e-02 3.952022e-03 -2.423309e-03
          -1.354043e-02 3.663829e-03 -1.817162e-03
          -1.354055e-02 3.663619e-03 -2.120218e-03
          -1.354067e-02 3.663408e-03 -2.423274e-03
          -1.354091e-02 3.662675e-03 -3.029408e-03
          -1.354102e-02 3.662287e-03 -3.332477e-03
          -1.354127e-02 3.375242e-03 -1.817116e-03
          -1.354139e-02 3.375018e-03 -2.120178e-03
          -1.354151e-02 3.374794e-03 -2.423239e-03
          -1.354162e-02 3.374438e-03 -2.726307e-03
          -1.354173e-02 3.374039e-03 -3.029377e-03
          -1.354210e-02 3.086655e-03 -1.817071e-03
          -1.354222e-02 3.086417e-03 -2.120138e-03
          -1.354234e-02 3.086180e-03 -2.423205e-03
          -1.354246e-02 3.085813e-03 -2.726275e-03
          -1.354293e-02 2.798068e-03 -1.817026e-03
          -1.354305e-02 2.797817e-03 -2.120098e-03
          -1.354318e-02 2.797566e-03 -2.423170e-03
          -1.354372e-02 2.509586e-03 -1.513897e-03
          -1.354384e-02 2.509323e-03 -1.816974e-03
          -1.354396e-02 2.509061e-03 -2.120050e-03
          -1.354487e-02 2.220368e-03 -1.513819e-03
          -1.354499e-02 2.220101e-03 -1.816899e-03
          -1.354511e-02 2.219833e-03 -2.119980e-03
          -1.354602e-02 1.931150e-03 -1.513741e-03
          -1.354614e-02 1.930878e-03 -1.816825e-03
          -1.354717e-02 1.641932e-03 -1.513662e-03
          -1.355022e-02 7.754418e-04 -3.010315e-04
          -1.355032e-02 7.751504e-04 -6.041307e-04
          -1.355097e-02 7.729787e-04 -2.725831e-03
          -1.355138e-02 4.862421e-04 -3.009386e-04
          -1.355209e-02 4.837400e-04 -2.725769e-03
          -1.355210e-02 4.832657e-04 -3.028882e-03
          -1.355210e-02 4.827914e-04 -3.331995e-03
          -1.355322e-02 1.945012e-04 -2.725707e-03
          -1.355321e-02 1.940209e-04 -3.028826e-03
          -1.355320e-02 1.935407e-04 -3.331944e-03
          -1.355319e-02 1.930604e-04 -3.635062e-03
          -1.355318e-02 1.925801e-04 -3.938181e-03
          -1.355369e-02 -9.231593e-05 -3.007533e-04
          -1.355378e-02 -9.262159e-05 -6.038645e-04
          -1.355386e-02 -9.292724e-05 -9.069757e-04
          -1.355421e-02 -9.414979e-05 -2.119421e-03
          -1.355430e-02 -9.445542e-05 -2.422532e-03
          -1.355431e-02 -9.489312e-05 -2.725651e-03
          -1.355480e-02 -3.819087e-04 -3.006616e-04
          -1.355487e-02 -3.822184e-04 -6.037786e-04
          -1.355495e-02 -3.825280e-04 -9.068956e-04
          -1.355526e-02 -3.837666e-04 -2.119364e-03
          -1.355534e-02 -3.840763e-04 -2.422481e-03
          -1.355533e-02 -3.845121e-04 -2.725602e-03
          -1.355513e-02 -3.878618e-04 -4.847467e-03
          -1.355590e-02 -6.715012e-04 -3.005700e-04
          -1.355597e-02 -6.718149e-04 -6.036927e-04
          -1.355604e-02 -6.721286e-04 -9.068155e-04
          -1.355630e-02 -6.733833e-04 -2.119307e-03
          -1.355637e-02 -6.736970e-04 -2.422429e-03
          -1.355636e-02 -6.741309e-04 -2.725554e-03
          -1.355701e-02 -9.610935e-04 -3.004783e-04
          -1.355729e-02 -9.626820e-04 -1.816121e-03
          -1.355735e-02 -9.629998e-04 -2.119250e-03
          -1.355740e-02 -9.633175e-04 -2.422378e-03
          -1.355835e-02 -1.252294e-03 -1.816058e-03
          -1.355839e-02 -1.252616e-03 -2.119193e-03
          -1.355844e-02 -1.252938e-03 -2.422327e-03
          -1.355940e-02 -1.541906e-03 -1.815996e-03
          -1.355943e-02 -1.542232e-03 -2.119136e-03
          -1.355947e-02 -1.542558e-03 -2.422276e-03
          -1.355944e-02 -1.542986e-03 -2.725408e-03
          -1.355938e-02 -1.543449e-03 -3.028537e-03
          -1.355932e-02 -1.543912e-03 -3.331667e-03
          -1.356045e-02 -1.831518e-03 -1.815933e-03
          -1.356048e-02 -1.831848e-03 -2.119079e-03
          -1.356050e-02 -1.832178e-03 -2.422224e-03
          -1.356040e-02 -1.833063e-03 -3.028490e-03
          -1.356151e-02 -2.121130e-03 -1.815870e-03
          -1.356152e-02 -2.121464e-03 -2.119022e-03
          -1.356153e-02 -2.121798e-03 -2.422173e-03
          -1.356256e-02 -2.410741e-03 -1.815807e-03
          -1.356256e-02 -2.411079e-03 -2.118965e-03
          -1.356257e-02 -2.411417e-03 -2.422122e-03
          -1.356338e-02 -2.700687e-03 -1.815728e-03
          -1.356338e-02 -2.701023e-03 -2.118889e-03
          -1.356403e-02 -2.990870e-03 -1.815637e-03
          -1.382647e-02 1.000961e-02 -2.424326e-03
          -1.382723e-02 1.000869e-02 -4.848521e-03
          -1.382663e-02 9.721159e-03 -2.121279e-03
          -1.382669e-02 9.721107e-03 -2.424286e-03
          -1.382642e-02 9.433072e-03 -1.737753e-07
          -1.382685e-02 9.432663e-03 -2.121237e-03
          -1.382691e-02 9.432605e-03 -2.424245e-03
          -1.382661e-02 9.144618e-03 -1.172507e-07
          -1.382706e-02 9.144168e-03 -2.121194e-03
          -1.382713e-02 9.144103e-03 -2.424205e-03
          -1.382679e-02 8.856165e-03 -6.072460e-08
          -1.382728e-02 8.855672e-03 -2.121152e-03
          -1.382735e-02 8.855602e-03 -2.424165e-03
          -1.382749e-02 8.567176e-03 -2.121110e-03
          -1.382757e-02 8.567100e-03 -2.424125e-03
          -1.382863e-02 7.413265e-03 -1.817893e-03
          -1.382872e-02 7.413167e-03 -2.120915e-03
          -1.382924e-02 7.124745e-03 -1.817822e-03
          -1.383447e-02 4.816174e-03 -2.423358e-03
          -1.383541e-02 4.813807e-03 -4.847880e-03
          -1.383515e-02 4.527660e-03 -2.120281e-03
          -1.383525e-02 4.527507e-03 -2.423322e-03
          -1.383605e-02 4.525381e-03 -4.544786e-03
          -1.383617e-02 4.525072e-03 -4.847853e-03
          -1.383582e-02 4.239172e-03 -1.817194e-03
          -1.383592e-02 4.239006e-03 -2.120240e-03
          -1.383603e-02 4.238841e-03 -2.423286e-03
          -1.383659e-02 3.950531e-03 -1.817147e-03
          -1.383670e-02 3.950352e-03 -2.120199e-03
          -1.383680e-02 3.950174e-03 -2.423250e-03
          -1.383691e-02 3.949885e-03 -2.726315e-03
          -1.383702e-02 3.949559e-03 -3.029384e-03
          -1.383713e-02 3.949233e-03 -3.332453e-03
          -1.383724e-02 3.948907e-03 -3.635523e-03
          -1.383736e-02 3.661890e-03 -1.817101e-03
          -1.383747e-02 3.661698e-03 -2.120158e-03
          -1.383758e-02 3.661507e-03 -2.423214e-03
          -1.383769e-02 3.661209e-03 -2.726281e-03
          -1.383779e-02 3.660874e-03 -3.029351e-03
          -1.383790e-02 3.660540e-03 -3.332421e-03
          -1.383813e-02 3.373248e-03 -1.817055e-03
          -1.383824e-02 3.373044e-03 -2.120116e-03
          -1.383835e-02 3.372840e-03 -2.423178e-03
          -1.383846e-02 3.372532e-03 -2.726247e-03
          -1.383856e-02 3.372190e-03 -3.029318e-03
          -1.383891e-02 3.084607e-03 -1.817008e-03
          -1.383902e-02 3.084390e-03 -2.120075e-03
          -1.383913e-02 3.084173e-03 -2.423142e-03
          -1.383923e-02 3.083856e-03 -2.726213e-03
          -1.383968e-02 2.795966e-03 -1.816962e-03
          -1.383979e-02 2.795736e-03 -2.120034e-03
          -1.383991e-02 2.795506e-03 -2.423106e-03
          -1.384053e-02 2.507170e-03 -1.816908e-03
          -1.384064e-02 2.506929e-03 -2.119984e-03
          -1.384160e-02 2.217913e-03 -1.816831e-03
          -1.384171e-02 2.217669e-03 -2.119910e-03
          -1.384267e-02 1.928656e-03 -1.816754e-03
          -1.385021e-02 -9.654258e-05 -2.119325e-03
          -1.385029e-02 -9.681602e-05 -2.422428e-03
          -1.385118e-02 -3.861051e-04 -2.119271e-03
          -1.385126e-02 -3.863833e-04 -2.422380e-03
          -1.385113e-02 -3.896863e-04 -4.847366e-03
          -1.385216e-02 -6.756674e-04 -2.119217e-03
          -1.385223e-02 -6.759505e-04 -2.422331e-03
          -1.385308e-02 -9.649416e-04 -1.816043e-03
          -1.385314e-02 -9.652296e-04 -2.119163e-03
          -1.385320e-02 -9.655175e-04 -2.422283e-03
          -1.385407e-02 -1.254499e-03 -1.815984e-03
          -1.385412e-02 -1.254791e-03 -2.119109e-03
          -1.385416e-02 -1.255084e-03 -2.422235e-03
          -1.385415e-02 -1.255463e-03 -2.725361e-03
          -1.385412e-02 -1.255872e-03 -3.028488e-03
          -1.385408e-02 -1.256280e-03 -3.331615e-03
          -1.385405e-02 -1.256689e-03 -3.634742e-03
          -1.385506e-02 -1.544056e-03 -1.815924e-03
          -1.385510e-02 -1.544353e-03 -2.119055e-03
          -1.385513e-02 -1.544651e-03 -2.422186e-03
          -1.385511e-02 -1.545029e-03 -2.725315e-03
          -1.385507e-02 -1.545435e-03 -3.028443e-03
          -1.385503e-02 -1.545840e-03 -3.331571e-03
          -1.385605e-02 -1.833613e-03 -1.815864e-03
          -1.385607e-02 -1.833915e-03 -2.119001e-03
          -1.385610e-02 -1.834217e-03 -2.422138e-03
          -1.385607e-02 -1.834595e-03 -2.725269e-03
          -1.385603e-02 -1.834997e-03 -3.028398e-03
          -1.385703e-02 -2.123169e-03 -1.815805e-03
          -1.385705e-02 -2.123476e-03 -2.118947e-03
          -1.385706e-02 -2.123784e-03 -2.422090e-03
          -1.385703e-02 -2.124160e-03 -2.725223e-03
          -1.385802e-02 -2.412726e-03 -1.815745e-03
          -1.385803e-02 -2.413038e-03 -2.118893e-03
          -1.385803e-02 -2.413350e-03 -2.422041e-03
          -1.385878e-02 -2.702927e-03 -2.118820e-03
          -1.412375e-02 1.000900e-02 -2.424300e-03
          -1.412442e-02 1.000819e-02 -4.848518e-03
          -1.412359e-02 9.720824e-03 -1.873062e-07
          -1.412392e-02 9.720494e-03 -2.121251e-03
          -1.412397e-02 9.720447e-03 -2.424260e-03
          -1.412377e-02 9.432318e-03 -1.291073e-07
          -1.412414e-02 9.431947e-03 -2.121209e-03
          -1.412419e-02 9.431894e-03 -2.424220e-03
          -1.412396e-02 9.143812e-03 -7.090703e-08
          -1.412435e-02 9.143401e-03 -2.121167e-03
          -1.412441e-02 9.143342e-03 -2.424181e-03
          -1.412449e-02 9.143243e-03 -2.727206e-03
          -1.412458e-02 9.143131e-03 -3.030235e-03
          -1.412467e-02 9.143018e-03 -3.333264e-03
          -1.412475e-02 9.142906e-03 -3.636293e-03
          -1.412462e-02 8.854790e-03 -2.424141e-03
          -1.412471e-02 8.854687e-03 -2.727167e-03
          -1.412480e-02 8.854571e-03 -3.030196e-03
          -1.412489e-02 8.854456e-03 -3.333226e-03
          -1.412484e-02 8.566238e-03 -2.424101e-03
          -1.412493e-02 8.566131e-03 -2.727128e-03
          -1.412502e-02 8.566012e-03 -3.030158e-03
          -1.412511e-02 8.565893e-03 -3.333188e-03
          -1.412506e-02 8.277684e-03 -2.424061e-03
          -1.412528e-02 7.989132e-03 -2.424021e-03
          -1.412550e-02 7.700579e-03 -2.423982e-03
          -1.412599e-02 7.412076e-03 -2.120886e-03
          -1.413090e-02 5.103205e-03 -2.423342e-03
          -1.413161e-02 4.814485e-03 -2.423304e-03
          -1.413246e-02 4.812453e-03 -4.847850e-03
          -1.413224e-02 4.525900e-03 -2.120225e-03
          -1.413233e-02 4.525766e-03 -2.423267e-03
          -1.413296e-02 4.237193e-03 -2.120182e-03
          -1.413305e-02 4.237046e-03 -2.423229e-03
          -1.413315e-02 4.236807e-03 -2.726294e-03
          -1.413325e-02 4.236538e-03 -3.029364e-03
          -1.413335e-02 4.236269e-03 -3.332435e-03
          -1.413346e-02 4.235999e-03 -3.635506e-03
          -1.413356e-02 4.235730e-03 -3.938576e-03
          -1.413367e-02 3.948485e-03 -2.120140e-03
          -1.413377e-02 3.948326e-03 -2.423191e-03
          -1.413387e-02 3.948081e-03 -2.726258e-03
          -1.413397e-02 3.947806e-03 -3.029329e-03
          -1.413407e-02 3.947531e-03 -3.332401e-03
          -1.413417e-02 3.947256e-03 -3.635472e-03
          -1.413439e-02 3.659778e-03 -2.120097e-03
          -1.413448e-02 3.659606e-03 -2.423154e-03
          -1.413458e-02 3.659353e-03 -2.726222e-03
          -1.413468e-02 3.659073e-03 -3.029294e-03
          -1.413478e-02 3.658793e-03 -3.332366e-03
          -1.413510e-02 3.371070e-03 -2.120055e-03
          -1.413520e-02 3.370886e-03 -2.423116e-03
          -1.413530e-02 3.370626e-03 -2.726186e-03
          -1.413539e-02 3.370340e-03 -3.029259e-03
          -1.413582e-02 3.082362e-03 -2.120012e-03
          -1.413592e-02 3.082166e-03 -2.423079e-03
          -1.413601e-02 3.081899e-03 -2.726150e-03
          -1.413653e-02 2.793655e-03 -2.119969e-03
          -1.413663e-02 2.793446e-03 -2.423041e-03
          -1.413732e-02 2.504798e-03 -2.119918e-03
          -1.413742e-02 2.504579e-03 -2.422994e-03
          -1.413831e-02 2.215504e-03 -2.119840e-03
          -1.414620e-02 -9.893494e-05 -2.119230e-03
          -1.414628e-02 -9.917619e-05 -2.422324e-03
          -1.414626e-02 -1.020102e-04 -4.847303e-03
          -1.414711e-02 -3.884431e-04 -2.119179e-03
          -1.414718e-02 -3.886900e-04 -2.422278e-03
          -1.414714e-02 -3.911544e-04 -4.544140e-03
          -1.414713e-02 -3.915104e-04 -4.847264e-03
          -1.414802e-02 -6.779511e-04 -2.119128e-03
          -1.414809e-02 -6.782036e-04 -2.422233e-03
          -1.414803e-02 -6.803024e-04 -4.240976e-03
          -1.414893e-02 -9.674589e-04 -2.119077e-03
          -1.414899e-02 -9.677171e-04 -2.422188e-03
          -1.414899e-02 -9.680454e-04 -2.725309e-03
          -1.414897e-02 -9.683975e-04 -3.028435e-03
          -1.414896e-02 -9.687497e-04 -3.331560e-03
          -1.414894e-02 -9.691019e-04 -3.634686e-03
          -1.414893e-02 -9.694540e-04 -3.937811e-03
          -1.414984e-02 -1.256967e-03 -2.119026e-03
          -1.414989e-02 -1.257230e-03 -2.422142e-03
          -1.414989e-02 -1.257559e-03 -2.725266e-03
          -1.414987e-02 -1.257909e-03 -3.028392e-03
          -1.414985e-02 -1.258259e-03 -3.331518e-03
          -1.414983e-02 -1.258609e-03 -3.634644e-03
          -1.415075e-02 -1.546474e-03 -2.118975e-03
          -1.415079e-02 -1.546744e-03 -2.422097e-03
          -1.415078e-02 -1.547072e-03 -2.725223e-03
          -1.415076e-02 -1.547420e-03 -3.028349e-03
          -1.415074e-02 -1.547768e-03 -3.331476e-03
          -1.415167e-02 -1.835981e-03 -2.118924e-03
          -1.415169e-02 -1.836257e-03 -2.422052e-03
          -1.415168e-02 -1.836585e-03 -2.725179e-03
          -1.415165e-02 -1.836931e-03 -3.028307e-03
          -1.415258e-02 -2.125489e-03 -2.118873e-03
          -1.415259e-02 -2.125769e-03 -2.422006e-03
          -1.415258e-02 -2.126098e-03 -2.725136e-03
          -1.415349e-02 -2.414996e-03 -2.118822e-03
          -1.415349e-02 -2.415282e-03 -2.421961e-03
          -1.415419e-02 -2.704832e-03 -2.118751e-03
          -1.415912e-02 -5.315622e-03 -2.421156e-03
          -1.415993e-02 -5.895671e-03 -2.421047e-03
          -1.442076e-02 1.000868e-02 -2.044099e-07
          -1.442104e-02 1.000838e-02 -2.424280e-03
          -1.442094e-02 9.720122e-03 -1.445423e-07
          -1.442126e-02 9.719778e-03 -2.424240e-03
          -1.442132e-02 9.719701e-03 -2.727265e-03
          -1.442140e-02 9.719612e-03 -3.030295e-03
          -1.442147e-02 9.719523e-03 -3.333326e-03
          -1.442154e-02 9.719434e-03 -3.636356e-03
          -1.442161e-02 9.719345e-03 -3.939386e-03
          -1.442169e-02 9.719256e-03 -4.242417e-03
          -1.442147e-02 9.431176e-03 -2.424200e-03
          -1.442154e-02 9.431096e-03 -2.727226e-03
          -1.442161e-02 9.431005e-03 -3.030257e-03
          -1.442169e-02 9.430915e-03 -3.333287e-03
          -1.442176e-02 9.430824e-03 -3.636318e-03
          -1.442183e-02 9.430733e-03 -3.939348e-03
          -1.442169e-02 9.142575e-03 -2.424160e-03
          -1.442176e-02 9.142492e-03 -2.727187e-03
          -1.442183e-02 9.142399e-03 -3.030218e-03
          -1.442190e-02 9.142307e-03 -3.333249e-03
          -1.442198e-02 9.142215e-03 -3.636279e-03
          -1.442190e-02 8.853973e-03 -2.424120e-03
          -1.442197e-02 8.853888e-03 -2.727148e-03
          -1.442205e-02 8.853794e-03 -3.030179e-03
          -1.442212e-02 8.853700e-03 -3.333210e-03
          -1.442220e-02 8.853606e-03 -3.636241e-03
          -1.442212e-02 8.565372e-03 -2.424080e-03
          -1.442219e-02 8.565284e-03 -2.727109e-03
          -1.442227e-02 8.565188e-03 -3.030140e-03
          -1.442234e-02 8.565092e-03 -3.333172e-03
          -1.442233e-02 8.276770e-03 -2.424040e-03
          -1.442241e-02 8.276679e-03 -2.727070e-03
          -1.442248e-02 8.276581e-03 -3.030101e-03
          -1.442262e-02 7.988075e-03 -2.727030e-03
          -1.442810e-02 5.101548e-03 -2.423299e-03
          -1.442876e-02 4.812778e-03 -2.423259e-03
          -1.442941e-02 4.811313e-03 -4.544750e-03
          -1.442941e-02 4.524008e-03 -2.423219e-03
          -1.442950e-02 4.523817e-03 -2.726283e-03
          -1.442960e-02 4.523601e-03 -3.029355e-03
          -1.442969e-02 4.523385e-03 -3.332427e-03
          -1.442978e-02 4.523168e-03 -3.635499e-03
          -1.442987e-02 4.522952e-03 -3.938570e-03
          -1.442997e-02 4.522736e-03 -4.241642e-03
          -1.443007e-02 4.235238e-03 -2.423179e-03
          -1.443016e-02 4.235042e-03 -2.726245e-03
          -1.443025e-02 4.234823e-03 -3.029317e-03
          -1.443035e-02 4.234604e-03 -3.332389e-03
          -1.443044e-02 4.234384e-03 -3.635462e-03
          -1.443053e-02 4.234165e-03 -3.938534e-03
          -1.443073e-02 3.946469e-03 -2.423139e-03
          -1.443082e-02 3.946267e-03 -2.726206e-03
          -1.443091e-02 3.946045e-03 -3.029279e-03
          -1.443100e-02 3.945823e-03 -3.332352e-03
          -1.443109e-02 3.945601e-03 -3.635424e-03
          -1.443139e-02 3.657698e-03 -2.423098e-03
          -1.443148e-02 3.657491e-03 -2.726168e-03
          -1.443157e-02 3.657267e-03 -3.029241e-03
          -1.443166e-02 3.657042e-03 -3.332314e-03
          -1.443205e-02 3.368928e-03 -2.423058e-03
          -1.443213e-02 3.368716e-03 -2.726129e-03
          -1.443222e-02 3.368488e-03 -3.029203e-03
          -1.443270e-02 3.080158e-03 -2.423018e-03
          -1.443279e-02 3.079941e-03 -2.726090e-03
          -1.443336e-02 2.791387e-03 -2.422978e-03
          -1.443408e-02 2.502472e-03 -2.422928e-03
          -1.444225e-02 -1.015449e-04 -2.422231e-03
          -1.444231e-02 -1.038770e-04 -4.847202e-03
          -1.444309e-02 -3.910036e-04 -2.422188e-03
          -1.444311e-02 -3.912777e-04 -2.725303e-03
          -1.444312e-02 -3.915711e-04 -3.028426e-03
          -1.444312e-02 -3.918646e-04 -3.331549e-03
          -1.444312e-02 -3.921580e-04 -3.634672e-03
          -1.444312e-02 -3.924514e-04 -3.937795e-03
          -1.444313e-02 -3.927448e-04 -4.240918e-03
          -1.444313e-02 -3.930382e-04 -4.544040e-03
          -1.444393e-02 -6.804623e-04 -2.422144e-03
          -1.444395e-02 -6.807373e-04 -2.725261e-03
          -1.444395e-02 -6.810300e-04 -3.028384e-03
          -1.444395e-02 -6.813227e-04 -3.331508e-03
          -1.444395e-02 -6.816154e-04 -3.634631e-03
          -1.444395e-02 -6.819081e-04 -3.937755e-03
          -1.444395e-02 -6.822008e-04 -4.240878e-03
          -1.444477e-02 -9.699207e-04 -2.422100e-03
          -1.444478e-02 -9.701968e-04 -2.725219e-03
          -1.444478e-02 -9.704887e-04 -3.028342e-03
          -1.444478e-02 -9.707807e-04 -3.331467e-03
          -1.444478e-02 -9.710727e-04 -3.634591e-03
          -1.444478e-02 -9.713646e-04 -3.937714e-03
          -1.444561e-02 -1.259379e-03 -2.422056e-03
          -1.444562e-02 -1.259656e-03 -2.725177e-03
          -1.444561e-02 -1.259947e-03 -3.028301e-03
          -1.444561e-02 -1.260239e-03 -3.331426e-03
          -1.444561e-02 -1.260530e-03 -3.634550e-03
          -1.444645e-02 -1.548837e-03 -2.422012e-03
          -1.444645e-02 -1.549115e-03 -2.725134e-03
          -1.444645e-02 -1.549406e-03 -3.028259e-03
          -1.444644e-02 -1.549696e-03 -3.331385e-03
          -1.444728e-02 -1.838295e-03 -2.421969e-03
          -1.444729e-02 -1.838574e-03 -2.725092e-03
          -1.444728e-02 -1.838864e-03 -3.028218e-03
          -1.444812e-02 -2.127753e-03 -2.421925e-03
          -1.444812e-02 -2.128033e-03 -2.725050e-03
          -1.444896e-02 -2.417211e-03 -2.421881e-03
          -1.445498e-02 -5.897024e-03 -2.724169e-03
          -1.445491e-02 -5.897193e-03 -3.027334e-03
          -1.445485e-02 -5.897362e-03 -3.330500e-03
          -1.445478e-02 -5.897531e-03 -3.633665e-03
          -1.445472e-02 -5.897700e-03 -3.936831e-03
          -1.445527e-02 -6.187292e-03 -3.330451e-03
          -1.445520e-02 -6.187459e-03 -3.633617e-03
          -1.471796e-02 1.000806e-02 -1.811359e-07
          -1.471813e-02 9.719462e-03 -1.200484e-07
          -2.539911e-02 6.230094e-03 -7.373298e-08
        </DataArray>
      </Points>
      <Cells>
        <DataArray type="Int32" Name="connectivity" format="ascii">
          0 1 2 3 4 5 6 7 8 9 10 11 12 13 14 15 16 17 18 19 20 21 22 23 24 25 26 27 28 29 30 31 32 33 34 35 36 37 38 39 40 41 42 43 44 45 46 47 48 49 50 51 52 53 54 55 56 57 58 59 60 61 62 63 64 65 66 67 68 69 70 71 72 73 74 75 76 77 78 79 80 81 82 83 84 85 86 87 88 89 90 91 92 93 94 95 96 97 98 99 100 101 102 103 104 105 106 107 108 109 110 111 112 113 114 115 116 117 118 119 120 121 122 123 124 125 126 127 128 129 130 131 132 133 134 135 136 137 138 139 140 141 142 143 144 145 146 147 148 149 150 151 152 153 154 155 156 157 158 159 160 161 162 163 164 165 166 167 168 169 170 171 172 173 174 175 176 177 178 179 180 181 182 183 184 185 186 187 188 189 190 191 192 193 194 195 196 197 198 199 200 201 202 203 204 205 206 207 208 209 210 211 212 213 214 215 216 217 218 219 220 221 222 223 224 225 226 227 228 229 230 231 232 233 234 235 236 237 238 239 240 241 242 243 244 245 246 247 248 249 250 251 252 253 254 255 256 257 258 259 260 261 262 263 264 265 266 267 268 269 270 271 272 273 274 275 276 277 278 279 280 281 282 283 284 285 286 287 288 289 290 291 292 293 294 295 296 297 298 299 300 301 302 303 304 305 306 307 308 309 310 311 312 313 314 315 316 317 318 319 320 321 322 323 324 325 326 327 328 329 330 331 332 333 334 335 336 337 338 339 340 341 342 343 344 345 346 347 348 349 350 351 352 353 354 355 356 357 358 359 360 361 362 363 364 365 366 367 368 369 370 371 372 373 374 375 376 377 378 379 380 381 382 383 384 385 386 387 388 389 390 391 392 393 394 395 396 397 398 399 400 401 402 403 404 405 406 407 408 409 410 411 412 413 414 415 416 417 418 419 420 421 422 423 424 425 426 427 428 429 430 431 432 433 434 435 436 437 438 439 440 441 442 443 444 445 446 447 448 449 450 451 452 453 454 455 456 457 458 459 460 461 462 463 464 465 466 467 468 469 470 471 472 473 474 475 476 477 478 479 480 481 482 483 484 485 486 487 488 489 490 491 492 493 494 495 496 497 498 499 500 501 502 503 504 505 506 507 508 509 510 511 512 513 514 515 516 517 518 519 520 521 522 523 524 525 526 527 528 529 530 531 532 533 534 535 536 537 538 539 540 541 542 543 544 545 546 547 548 549 550 551 552 553 554 555 556 557 558 559 560 561 562 563 564 565 566 567 568 569 570 571 572 573 574 575 576 577 578 579 580 581 582 583 584 585 586 587 588 589 590 591 592 593 594 595 596 597 598 599 600 601 602 603 604 605 606 607 608 609 610 611 612 613 614 615 616 617 618 619 620 621 622 623 624 625 626 627 628 629 630 631 632 633 634 635 636 637 638 639 640 641 642 643 644 645 646 647 648 649 650 651 652 653 654 655 656 657 658 659 660 661 662 663 664 665 666 667 668 669 670 671 672 673 674 675 676 677 678 679 680 681 682 683 684 685 686 687 688 689 690 691 692 693 694 695 696 697 698 699 700 701 702 703 704 705 706 707 708 709 710 711 712 713 714 715 716 717 718 719 720 721 722 723 724 725 726 727 728 729 730 731 732 733 734 735 736 737 738 739 740 741 742 743 744 745 746 747 748 749 750 751 752 753 754 755 756 757 758 759 760 761 762 763 764 765 766 767 768 769 770 771 772 773 774 775 776 777 778 779 780 781 782 783 784 785 786 787 788 789 790 791 792 793 794 795 796 797 798 799 800 801 802 803 804 805 806 807 808 809 810 811 812 813 814 815 816 817 818 819 820 821 822 823 824 825 826 827 828 829 830 831 832 833 834 835 836 837 838 839 840 841 842 843 844 845 846 847 848 849 850 851 852 853 854 855 856 857 858 859 860 861 862 863 864 865 866 867 868 869 870 871 872 873 874 875 876 877 878 879 880 881 882 883 884 885 886 887 888 889 890 891 892 893 894 895 896 897 898 899 900 901 902 903 904 905 906 907 908 909 910 911 912 913 914 915 916 917 918 919 920 921 922 923 924 925 926 927 928 929 930 931 932 933 934 935 936 937 938 939 940 941 942 943 944 945 946 947 948 949 950 951 952 953 954 955 956 957 958 959 960 961 962 963 964 965 966 967 968 969 970 971 972 973 974 975 976 977 978 979 980 981 982 983 984 985 986 987 988 989 990 991 992 993 994 995 996 997 998 999 1000 1001 1002 1003 1004 1005 1006 1007 1008 1009 1010 1011 1012 1013 1014 1015 1016 1017 1018 1019 1020 1021 1022 1023 1024 1025 1026 1027 1028 1029 1030 1031 1032 1033 1034 1035 1036 1037 1038 1039 1040 1041 1042 1043 1044 1045 1046 1047 1048 1049 1050 1051 1052 1053 1054 1055 1056 1057 1058 1059 1060 1061 1062 1063 1064 1065 1066 1067 1068 1069 1070 1071 1072 1073 1074 1075 1076 1077 1078 1079 1080 1081 1082 1083 1084 1085 1086 1087 1088 1089 1090 1091 1092 1093 1094 1095 1096 1097 1098 1099 1100 1101 1102 1103 1104 1105 1106 1107 1108 1109 1110 1111 1112 1113 1114 1115 1116 1117 1118 1119 1120 1121 1122 1123 1124 1125 1126 1127 1128 1129 1130 1131 1132 1133 1134 1135 1136 1137 1138 1139 1140 1141 1142 1143 1144 1145 1146 1147 1148 1149 1150 1151 1152 1153 1154 1155 1156 1157 1158 1159 1160 1161 1162 1163 1164 1165 1166 1167 1168 1169 1170 1171 1172 1173 1174 1175 1176 1177 1178 1179 1180 1181 1182 1183 1184 1185 1186 1187 1188 1189 1190 1191 1192 1193 1194 1195 1196 1197 1198 1199 1200 1201 1202 1203 1204 1205 1206 1207 1208 1209 1210 1211 1212 1213 1214 1215 1216 1217 1218 1219 1220 1221 1222 1223 1224 1225 1226 1227 1228 1229 1230 1231 1232 1233 1234 1235 1236 1237 1238 1239 1240 1241 1242 1243 1244 1245 1246 1247 1248 1249 1250 1251 1252 1253 1254 1255 1256 1257 1258 1259 1260 1261 1262 1263 1264 1265 1266 1267 1268 1269 1270 1271 1272 1273 1274 1275 1276 1277 1278 1279 1280 1281 1282 1283 1284 1285 1286 1287 1288 1289 1290 1291 1292 1293 1294 1295 1296 1297 1298 1299 1300 1301 1302 1303 1304 1305 1306 1307 1308 1309 1310 1311 1312 1313 1314 1315 1316 1317 1318 1319 1320 1321 1322 1323 1324 1325 1326 1327 1328 1329 1330 1331 1332 1333 1334 1335 1336 1337 1338 1339 1340 1341 1342 1343 1344 1345 1346 1347 1348 1349 1350 1351 1352 1353 1354 1355 1356 1357 1358 1359 1360 1361 1362 1363 1364 1365 1366 1367 1368 1369 1370 1371 1372 1373 1374 1375 1376 1377 1378 1379 1380 1381 1382 1383 1384 1385 1386 1387 1388 1389 1390 1391 1392 1393 1394 1395 1396 1397 1398 1399 1400 1401 1402 1403 1404 1405 1406 1407 1408 1409 1410 1411 1412 1413 1414 1415 1416 1417 1418 1419 1420 1421 1422 1423 1424 1425 1426 1427 1428 1429 1430 1431 1432 1433 1434 1435 1436 1437 1438 1439 1440 1441 1442 1443 1444 1445 1446 1447 1448 1449 1450 1451 1452 1453 1454 1455 1456 1457 1458 1459 1460 1461 1462 1463 1464 1465 1466 1467 1468 1469 1470 1471 1472 1473 1474 1475 1476 1477 1478 1479 1480 1481 1482 1483 1484 1485 1486 1487 1488 1489 1490 1491 1492 1493 1494 1495 1496 1497 1498 1499 1500 1501 1502 1503 1504 1505 1506 1507 1508 1509 1510 1511 1512 1513 1514 1515 1516 1517 1518 1519 1520 1521 1522 1523 1524 1525 1526 1527 1528 1529 1530 1531 1532 1533 1534 1535 1536 1537 1538 1539 1540 1541 1542 1543 1544 1545 1546 1547 1548 1549 1550 1551 1552 1553 1554 1555 1556 1557 1558 1559 1560 1561 1562 1563 1564 1565 1566 1567 1568 1569 1570 1571 1572 1573 1574 1575 1576 1577 1578 1579 1580 1581 1582 1583 1584 1585 1586 1587 1588 1589 1590 1591 1592 1593 1594 1595 1596 1597 1598 1599 1600 1601 1602 1603 1604 1605 1606 1607 1608 1609 1610 1611 1612 1613 1614 1615 1616 1617 1618 1619 1620 1621 1622 1623 1624 1625 1626 1627 1628 1629 1630 1631 1632 1633 1634 1635 1636 1637 1638 1639 1640 1641 1642 1643 1644 1645 1646 1647 1648 1649 1650 1651 1652 1653 1654 1655 1656 1657 1658 1659 1660 1661 1662 1663 1664 1665 1666 1667 1668 1669 1670 1671 1672 1673 1674 1675 1676 1677 1678 1679 1680 1681 1682 1683 1684 1685 1686 1687 1688 1689 1690 1691 1692 1693 1694 1695 1696 1697 1698 1699 1700 1701 1702 1703 1704 1705 1706 1707 1708 1709 1710 1711 1712 1713 1714 1715 1716 1717 1718 1719 1720 1721 1722 1723 1724 1725 1726 1727 1728 1729 1730 1731 1732 1733 1734 1735 1736 1737 1738 1739 1740 1741 1742 1743 1744 1745 1746 1747 1748 1749 1750 1751 1752 1753 1754 1755 1756 1757 1758 1759 1760 1761 1762 1763 1764 1765 1766 1767 1768 1769 1770 1771 1772 1773 1774 1775 1776 1777 1778 1779 1780 1781 1782 1783 1784 1785 1786 1787 1788 1789 1790 1791 1792 1793 1794 1795 1796 1797 1798 1799 1800 1801 1802 1803 1804 1805 1806 1807 1808 1809 1810 1811 1812 1813 1814 1815 1816 1817 1818 1819 1820 1821 1822 1823 1824 1825 1826 1827 1828 1829 1830 1831 1832 1833 1834 1835 1836 1837 1838 1839 1840 1841 1842 1843 1844 1845 1846 1847 1848 1849 1850 1851 1852 1853 1854 1855 1856 1857 1858 1859 1860 1861 1862 1863 1864 1865 1866 1867 1868 1869 1870 1871 1872 1873 1874 1875 1876 1877 1878 1879 1880 1881 1882 1883 1884 1885 1886 1887 1888 1889 1890 1891 1892 1893 1894 1895 1896 1897 1898 1899 1900 1901 1902 1903 1904 1905 1906 1907 1908 1909 1910 1911 1912 1913 1914 1915 1916 1917 1918 1919 1920 1921 1922 1923 1924 1925 1926 1927 1928 1929 1930 1931 1932 1933 1934 1935 1936 1937 1938 1939 1940 1941 1942 1943 1944 1945 1946 1947 1948 1949 1950 1951 1952 1953 1954 1955 1956 1957 1958 1959 1960 1961 1962 1963 1964 1965 1966 1967 1968 1969 1970 1971 1972 1973 1974 1975 1976 1977 1978 1979 1980 1981 1982 1983 1984 1985 1986 1987 1988 1989 1990 1991 1992 1993 1994 1995 1996 1997 1998 1999 2000 2001 2002 2003 2004 2005 2006 2007 2008 2009 2010 2011 2012 2013 2014 2015 2016 2017 2018 2019 2020 2021 2022 2023 2024 2025 2026 2027 2028 2029 2030 2031 2032 2033 2034 2035 2036 2037 2038 2039 2040 2041 2042 2043 2044 2045 2046 2047 2048 2049 2050 2051 2052 2053 2054 2055 2056 2057 2058 2059 2060 2061 2062 2063 2064 2065 2066 2067 2068 2069 2070 2071 2072 2073 2074 2075 2076 2077 2078 2079 2080 2081 2082 2083 2084 2085 2086 2087 2088 2089 2090 2091 2092 2093 2094 2095 2096 2097 2098 2099 2100 2101 2102 2103 2104 2105 2106 2107 2108 2109 2110 2111 2112 2113 2114 2115 2116 2117 2118 2119 2120 2121 2122 2123 2124 2125 2126 2127 2128 2129 2130 2131 2132 2133 2134 2135 2136 2137 2138 2139 2140 2141 2142 2143 2144 2145 2146 2147 2148 2149 2150 2151 2152 2153 2154 2155 2156 2157 2158 2159 2160 2161 2162 2163 2164 2165 2166 2167 2168 2169 2170 2171 2172 2173 2174 2175 2176 2177 2178 2179 2180 2181 2182 2183 2184 2185 2186 2187 2188 2189 2190 2191 2192 2193 2194 2195 2196 2197 2198 2199 2200 2201 2202 2203 2204 2205 2206 2207 2208 2209 2210 2211 2212 2213 2214 2215 2216 2217 2218 2219 2220 2221 2222 2223 2224 2225 2226 2227 2228 2229 2230 2231 2232 2233 2234 2235 2236 2237 2238 2239 2240 2241 2242 2243 2244 2245 2246 2247 2248 2249 2250 2251 2252 2253 2254 2255 2256 2257 2258 2259 2260 2261 2262 2263 2264 2265 2266 2267 2268 2269 2270 2271 2272 2273 2274 2275 2276 2277 2278 2279 2280 2281 2282 2283 2284 2285 2286 2287 2288 2289 2290 2291 2292 2293 2294 2295 2296 2297 2298 2299 2300 2301 2302 2303 2304 2305 2306 2307 2308 2309 2310 2311 2312 2313 2314 2315 2316 2317 2318 2319 2320 2321 2322 2323 2324 2325 2326 2327 2328 2329 2330 2331 2332 2333 2334 2335 2336 2337 2338 2339 2340 2341 2342 2343 2344 2345 2346 2347 2348 2349 2350 2351 2352 2353 2354 2355 2356 2357 2358 2359 2360 2361 2362 2363 2364 2365 2366 2367 2368 2369 2370 2371 2372 2373 2374 2375 2376 2377 2378 2379 2380 2381 2382 2383 2384 2385 2386 2387 2388 2389 2390 2391 2392 2393 2394 2395 2396 2397 2398 2399 2400 2401 2402 2403 2404 2405 2406 2407 2408 2409 2410 2411 2412 2413 2414 2415 2416 2417 2418 2419 2420 2421 2422 2423 2424 2425 2426 2427 2428 2429 2430 2431 2432 2433 2434 2435 2436 2437 2438 2439 2440 2441 2442 2443 2444 2445 2446 2447 2448 2449 2450 2451 2452 2453 2454 2455 2456 2457 2458 2459 2460 2461 2462 2463 2464 2465 2466 2467 2468 2469 2470 2471 2472 2473 2474 2475 2476 2477 2478 2479 2480 2481 2482 2483 2484 2485 2486 2487 2488 2489 2490 2491 2492 2493 2494 2495 2496 2497 2498 2499 2500 2501 2502 2503 2504 2505 2506 2507 2508 2509 2510 2511 2512 2513 2514 2515 2516 2517 2518 2519 2520 2521 2522 2523 2524 2525 2526 2527 2528 2529 2530 2531 2532 2533 2534 2535 2536 2537 2538 2539 2540 2541 2542 2543 2544 2545 2546 2547 2548 2549 2550 2551 2552 2553 2554 2555 2556 2557 2558 2559 2560 2561 2562 2563 2564 2565 2566 2567 2568 2569 2570 2571 2572 2573 2574 2575 2576 2577 2578 2579 2580 2581 2582 2583 2584 2585 2586 2587 2588 2589 2590 2591 2592 2593 2594 2595 2596 2597 2598 2599 2600 2601 2602 2603 2604 2605 2606 2607 2608 2609 2610 2611 2612 2613 2614 2615 2616 2617 2618 2619 2620 2621 2622 2623 2624 2625 2626 2627 2628 2629 2630 2631 2632 2633 2634 2635 2636 2637 2638 2639 2640 2641 2642 2643 2644 2645 2646 2647 2648 2649 2650 2651 2652 2653 2654 2655 2656 2657 2658 2659 2660 2661 2662 2663 2664 2665 2666 2667 2668 2669 2670 2671 2672 2673 2674 2675 2676 2677 2678 2679 2680 2681 2682 2683 2684 2685 2686 2687 2688 2689 2690 2691 2692 2693 2694 2695 2696 2697 2698 2699 2700 2701 2702 2703 2704 2705 2706 2707 2708 2709 2710 2711 2712 2713 2714 2715 2716 2717 2718 2719 2720 2721 2722 2723 2724 2725 2726 2727 2728 2729 2730 2731 2732 2733 2734 2735 2736 2737 2738 2739 2740 2741 2742 2743 2744 2745 2746 2747 2748 2749 2750 2751 2752 2753 2754 2755 2756 2757 2758 2759 2760 2761 2762 2763 2764 2765 2766 2767 2768 2769 2770 2771 2772 2773 2774 2775 2776 2777 2778 2779 2780 2781 2782 2783 2784 2785 2786 2787 2788 2789 2790 2791 2792 2793 2794 2795 2796 2797 2798 2799 2800 2801 2802 2803 2804 2805 2806 2807 2808 2809 2810 2811 2812 2813 2814 2815 2816 2817 2818 2819 2820 2821 2822 2823 2824 2825 2826 2827 2828 2829 2830 2831 2832 2833 2834 2835 2836 2837 2838 2839 2840 2841 2842 2843 2844 2845 2846 2847 2848 2849 2850 2851 2852 2853 2854 2855 2856 2857 2858 2859 2860 2861 2862 2863 2864 2865 2866 2867 2868 2869 2870 2871 2872 2873 2874 2875 2876 2877 2878 2879 2880 2881 2882 2883 2884 2885 2886 2887 2888 2889 2890 2891 2892 2893 2894 2895 2896 2897 2898 2899 2900 2901 2902 2903 2904 2905 2906 2907 2908 2909 2910 2911 2912 2913 2914 2915 2916 2917 2918 2919 2920 2921 2922 2923 2924 2925 2926 2927 2928 2929 2930 2931 2932 2933 2934 2935 2936 2937 2938 2939 2940 2941 2942 2943 2944 2945 2946 2947 2948 2949 2950 2951 2952 2953 2954 2955 2956 2957 2958 2959 2960 2961 2962 2963 2964 2965 2966 2967 2968 2969 2970 2971 2972 2973 2974 2975 2976 2977 2978 2979 2980 2981 2982 2983 2984 2985 2986 2987 2988 2989 2990 2991 2992 2993 2994 2995 2996 2997 2998 2999 3000 3001 3002 3003 3004 3005 3006 3007 3008 3009 3010 3011 3012 3013 3014 3015 3016 3017 3018 3019 3020 3021 3022 3023 3024 3025 3026 3027 3028 3029 3030 3031 3032 3033 3034 3035 3036 3037 3038 3039 3040 3041 3042 3043 3044 3045 3046 3047 3048 3049 3050 3051 3052 3053 3054 3055 3056 3057 3058 3059 3060 3061 3062 3063 3064 3065 3066 3067 3068 3069 3070 3071 3072 3073 3074 3075 3076 3077 3078 3079 3080 3081 3082 3083 3084 3085 3086 3087 3088 3089 3090 3091 3092 3093 3094 3095 3096 3097 3098 3099 3100 3101 3102 3103 3104 3105 3106 3107 3108 3109 3110 3111 3112 3113 3114 3115 3116 3117 3118 3119 3120 3121 3122 3123 3124 3125 3126 3127 3128 3129 3130 3131 3132 3133 3134 3135 3136 3137 3138 3139 3140 3141 3142 3143 3144 3145 3146 3147 3148 3149 3150 3151 3152 3153 3154 3155 3156 3157 3158 3159 3160 3161 3162 3163 3164 3165 3166 3167 3168 3169 3170 3171 3172 3173 3174 3175 3176 3177 3178 3179 3180 3181 3182 3183 3184 3185 3186 3187 3188 3189 3190 3191 3192 3193 3194 3195 3196 3197 3198 3199 3200 3201 3202 3203 3204 3205 3206 3207 3208 3209 3210 3211 3212 3213 3214 3215 3216 3217 3218 3219 3220 3221 3222 3223 3224 3225 3226 3227 3228 3229 3230 3231 3232 3233 3234 3235 3236 3237 3238 3239 3240 3241 3242 3243 3244 3245 3246 3247 3248 3249 3250 3251 3252 3253 3254 3255 3256 3257 3258 3259 3260 3261 3262 3263 3264 3265 3266 3267 3268 3269 3270 3271 3272 3273 3274 3275 3276 3277 3278 3279 3280 3281 3282 3283 3284 3285 3286 3287 3288 3289 3290 3291 3292 3293 3294 3295 3296 3297 3298 3299 3300 3301 3302 3303 3304 3305 3306 3307 3308 3309 3310 3311 3312 3313 3314 3315 3316 3317 3318 3319 3320 3321 3322 3323 3324 3325 3326 3327 3328 3329 3330 3331 3332 3333 3334 3335 3336 3337 3338 3339 3340 3341 3342 3343 3344 3345 3346 3347 3348 3349 3350 3351 3352 3353 3354 3355 3356 3357 3358 3359 3360 3361 3362 3363 3364 3365 3366 3367 3368 3369 3370 3371 3372 3373 3374 3375 3376 3377 3378 3379 3380 3381 3382 3383 3384 3385 3386 3387 3388 3389 3390 3391 3392 3393 3394 3395 3396 3397 3398 3399 3400 3401 3402 3403 3404 3405 3406 3407 3408 3409 3410 3411 3412 3413 3414 3415 3416 3417 3418 3419 3420 3421 3422 3423 3424 3425 3426 3427 3428 3429 3430 3431 3432 3433 3434 3435 3436 3437 3438 3439 3440 3441 3442 3443 3444 3445 3446 3447 3448 3449 3450 3451 3452 3453 3454 3455 3456 3457 3458 3459 3460 3461 3462 3463 3464 3465 3466 3467 3468 3469 3470 3471 3472 3473 3474 3475 3476 3477 3478 3479 3480 3481 3482 3483 3484 3485 3486 3487 3488 3489 3490 3491 3492 3493 3494 3495 3496 3497 3498 3499 3500 3501 3502 3503 3504 3505 3506 3507 3508 3509 3510 3511 3512 3513 3514 3515 3516 3517 3518 3519 3520 3521 3522 3523 3524 3525 3526 3527 3528 3529 3530 3531 3532 3533 3534 3535 3536 3537 3538 3539 3540 3541 3542 3543 3544 3545 3546 3547 3548 3549 3550 3551 3552 3553 3554 3555 3556 3557 3558 3559 3560 3561 3562 3563 3564 3565 3566 3567 3568 3569 3570 3571 3572 3573 3574 3575 3576 3577 3578 3579 3580 3581 3582 3583 3584 3585 3586 3587 3588 3589 3590 3591 3592 3593 3594 3595 3596 3597 3598 3599 3600 3601 3602 3603 3604 3605 3606 3607 3608 3609 3610 3611 3612 3613 3614 3615 3616 3617 3618 3619 3620 3621 3622 3623 3624 3625 3626 3627 3628 3629 3630 3631 3632 3633 3634 3635 3636 3637 3638 3639 3640 3641 3642 3643 3644 3645 3646 3647 3648 3649 3650 3651 3652 3653 3654 3655 3656 3657 3658 3659 3660 3661 3662 3663 3664 3665 3666 3667 3668 3669 3670 3671 3672 3673 3674 3675 3676 3677 3678 3679 3680 3681 3682 3683 3684 3685 3686 3687 3688 3689 3690 3691 3692 3693 3694 3695 3696 3697 3698 3699 3700 3701 3702 3703 3704 3705 3706 3707 3708 3709 3710 3711 3712 3713 3714 3715 3716 3717 3718 3719 3720 3721 3722 3723 3724 3725 3726 3727 3728 3729 3730 3731 3732 3733 3734 3735 3736 3737 3738 3739 3740 3741 3742 3743 3744 3745 3746 3747 3748 3749 3750 3751 3752 3753 3754 3755 3756 3757 3758 3759 3760 3761 3762 3763 3764 3765 3766 3767 3768 3769 3770 3771 3772 3773 3774 3775 3776 3777 3778 3779 3780 3781 3782 3783 3784 3785 3786 3787 3788 3789 3790 3791 3792 3793 3794 3795 3796 3797 3798 3799 3800 3801 3802 3803 3804 3805 3806 3807 3808 3809 3810 3811 3812 3813 3814 3815 3816 3817 3818 3819 3820 3821 3822 3823 3824 3825 3826 3827 3828 3829 3830 3831 3832 3833 3834 3835 3836 3837 3838 3839 3840 3841 3842 3843 3844 3845 3846 3847 3848 3849 3850 3851 3852 3853 3854 3855 3856 3857 3858 3859 3860 3861 3862 3863 3864 3865 3866 3867 3868 3869 3870 3871 3872 3873 3874 3875 3876 3877 3878 3879 3880 3881 3882 3883 3884 3885 3886 3887 3888 3889 3890 3891 3892 3893 3894 3895 3896 3897 3898 3899 3900 3901 3902 3903 3904 3905 3906 3907 3908 3909 3910 3911 3912 3913 3914 3915 3916 3917 3918 3919 3920 3921 3922 3923 3924 3925 3926 3927 3928 3929 3930 3931 3932 3933 3934 3935 3936 3937 3938 3939 3940 3941 3942 3943 3944 3945 3946 3947 3948 3949 3950 3951 3952 3953 3954 3955 3956 3957 3958 3959 3960 3961 3962 3963 3964 3965 3966 3967 3968 3969 3970 3971 3972 3973 3974 3975 3976 3977 3978 3979 3980 3981 3982 3983 3984 3985 3986 3987 3988 3989 3990 3991 3992 3993 3994 3995 3996 3997 3998 3999 4000 4001 4002 4003 4004 4005 4006 4007 4008 4009 4010 4011 4012 4013 4014 4015 4016 4017 4018 4019 4020 4021 4022 4023 4024 4025 4026 4027 4028 4029 4030 4031 4032 4033 4034 4035 4036 4037 4038 4039 4040 4041 4042 4043 4044 4045 4046 4047 4048 4049 4050 4051 4052 4053 4054 4055 4056 4057 4058 4059 4060 4061 4062 4063 4064 4065 4066 4067 4068 4069 4070 4071 4072 4073 4074 4075 4076 4077 4078 4079 4080 4081 4082 4083 4084 4085 4086 4087 4088 4089 4090 4091 4092 4093 4094 4095 4096 4097 4098 4099 4100 4101 4102 4103 4104 4105 4106 4107 4108 4109 4110 4111 4112 4113 4114 4115 4116 4117 4118 4119 4120 4121 4122 4123 4124 4125 4126 4127 4128 4129 4130 4131 4132 4133 4134 4135 4136 4137 4138 4139 4140 4141 4142 4143 4144 4145 4146 4147 4148 4149 4150 4151 4152 4153 4154 4155 4156 4157 4158 4159 4160 4161 4162 4163 4164 4165 4166 4167 4168 4169 4170 4171 4172 4173 4174 4175 4176 4177 4178 4179 4180 4181 4182 4183 4184 4185 4186 4187 4188 4189 4190 4191 4192 4193 4194 4195 4196 4197 4198 4199 4200 4201 4202 4203 4204 4205 4206 4207 4208 4209 4210 4211 4212 4213 4214 4215 4216 4217 4218 4219 4220 4221 4222 4223 4224 4225 4226 4227 4228 4229 4230 4231 4232 4233 4234 4235 4236 4237 4238 4239 4240 4241 4242 4243 4244 4245 4246 4247 4248 4249 4250 4251 4252 4253 4254 4255 4256 4257 4258 4259 4260 4261 4262 4263 4264 4265 4266 4267 4268 4269 4270 4271 4272 4273 4274 4275 4276 4277 4278 4279 4280 4281 4282 4283 4284 4285 4286 4287 4288 4289 4290 4291 4292 4293 4294 4295 4296 4297 4298 4299 4300 4301 4302 4303 4304 4305 4306 4307 4308 4309 4310 4311 4312 4313 4314 4315 4316 4317 4318 4319 4320 4321 4322 4323 4324 4325 4326 4327 4328 4329 4330 4331 4332 4333 4334 4335 4336 4337 4338 4339 4340 4341 4342 4343 4344 4345 4346 4347 4348 4349 4350 4351 4352 4353 4354 4355 4356 4357 4358 4359 4360 4361 4362 4363 4364 4365 4366 4367 4368 4369 4370 4371 4372 4373 4374 4375 4376 4377 4378 4379 4380 4381 4382 4383 4384 4385 4386 4387 4388 4389 4390 4391 4392 4393 4394 4395 4396 4397 4398 4399 4400 4401 4402 4403 4404 4405 4406 4407 4408 4409 4410 4411 4412 4413 4414 4415 4416 4417 4418 4419 4420 4421 4422 4423 4424 4425 4426 4427 4428 4429 4430 4431 4432 4433 4434 4435 4436 4437 4438 4439 4440 4441 4442 4443 4444 4445 4446 4447 4448 4449 4450 4451 4452 4453 4454 4455 4456 4457 4458 4459 4460 4461 4462 4463 4464 4465 4466 4467 4468 4469 4470 4471 4472 4473 4474 4475 4476 4477 4478 4479 4480 4481 4482 4483 4484 4485 4486 4487 4488 4489 4490 4491 4492 4493 4494 4495 4496 4497 4498 4499 4500 4501 4502 4503 4504 4505 4506 4507 4508 4509 4510 4511 4512 4513 4514 4515 4516 4517 4518 4519 4520 4521 4522 4523 4524 4525 4526 4527 4528 4529 4530 4531 4532 4533 4534 4535 4536 4537 4538 4539 4540 4541 4542 4543 4544 4545 4546 4547 4548 4549 4550 4551 4552 4553 4554 4555 4556 4557 4558 4559 4560 4561 4562 4563 4564 4565 4566 4567 4568 4569 4570 4571 4572 4573 4574 4575 4576 4577 4578 4579 4580 4581 4582 4583 4584 4585 4586 4587 4588 4589 4590 4591 4592 4593 4594 4595 4596 4597 4598 4599 4600 4601 4602 4603 4604 4605 4606 4607 4608 4609 4610 4611 4612 4613 4614 4615 4616 4617 4618 4619 4620 4621 4622 4623 4624 4625 4626 4627 4628 4629 4630 4631 4632 4633 4634 4635 4636 4637 4638 4639 4640 4641 4642 4643 4644 4645 4646 4647 4648 4649 4650 4651 4652 4653 4654 4655 4656 4657 4658 4659 4660 4661 4662 4663 4664 4665 4666 4667 4668 4669 4670 4671 4672 4673 4674 4675 4676 4677 4678 4679 4680 4681 4682 4683 4684 4685 4686 4687 4688 4689 4690 4691 4692 4693 4694 4695 4696 4697 4698 4699 4700 4701 4702 4703 4704 4705 4706 4707 4708 4709 4710 4711 4712 4713 4714 4715 4716 4717 4718 4719 4720 4721 4722 4723 4724 4725 4726 4727 4728 4729 4730 4731 4732 4733 4734 4735 4736 4737 4738 4739 4740 4741 4742 4743 4744 4745 4746 4747 4748 4749 4750 4751 4752 4753 4754 4755 4756 4757 4758 4759 4760 4761 4762 4763 4764 4765 4766 4767 4768 4769 4770 4771 4772 4773 4774 4775 4776 4777 4778 4779 4780 4781 4782 4783 4784 4785 4786 4787 4788 4789 4790 4791 4792 4793 4794 4795 4796 4797 4798 4799 4800 4801 4802 4803 4804 4805 4806 4807 4808 4809 4810 4811 4812 4813 4814 4815 4816 4817 4818 4819 4820 4821 4822 4823 4824 4825 4826 4827 4828 4829 4830 4831 4832 4833 4834 4835 4836 4837 4838 4839 4840 4841 4842 4843 4844 4845 4846 4847 4848 4849 4850 4851 4852 4853 4854 4855 4856 4857 4858 4859 4860 4861 4862 4863 4864 4865 4866 4867 4868 4869 4870 4871 4872 4873 4874 4875 4876 4877 4878 4879 4880 4881 4882 4883 4884 4885 4886 4887 4888 4889 4890 4891 4892 4893 4894 4895 4896 4897 4898 4899 4900 4901 4902 4903 4904 4905 4906 4907 4908 4909 4910 4911 4912 4913 4914 4915 4916 4917 4918 4919 4920 4921 4922 4923 4924 4925 4926 4927 4928 4929 4930 4931 4932 4933 4934 4935 4936 4937 4938 4939 4940 4941 4942 4943 4944 4945 4946 4947 4948 4949 4950 4951 4952 4953 4954 4955 4956 4957 4958 4959 4960 4961 4962 4963 4964 4965 4966 4967 4968 4969 4970 4971 4972 4973 4974 4975 4976 4977 4978 4979 4980 4981 4982 4983 4984 4985 4986 4987 4988 4989 4990 4991 4992 4993 4994 4995 4996 4997 4998 4999 5000 5001 5002 5003 5004 5005 5006 5007 5008 5009 5010 5011 5012 5013 5014 5015 5016 5017 5018 5019 5020 5021 5022 5023 5024 5025 5026 5027 5028 5029 5030 5031 5032 5033 5034 5035 5036 5037 5038 5039 5040 5041 5042 5043 5044 5045 5046 5047 5048 5049 5050 5051 5052 5053 5054 5055 5056 5057 5058 5059 5060 5061 5062 5063 5064 5065 5066 5067 5068 5069 5070 5071 5072 5073 5074 5075 5076 5077 5078 5079 5080 5081 5082 5083 5084 5085 5086 5087 5088 5089 5090 5091 5092 5093 5094 5095 5096 5097 5098 5099 5100 5101 5102 5103 5104 5105 5106 5107 5108 5109 5110 5111 5112 5113 5114 5115 5116 5117 5118 5119 5120 5121 5122 5123 5124 5125 5126 5127 5128 5129 5130 5131 5132 5133 5134 5135 5136 5137 5138 5139 5140 5141 5142 5143 5144 5145 5146 5147 5148 5149 5150 5151 5152 5153 5154 5155 5156 5157 5158 5159 5160 5161 5162 5163 5164 5165 5166 5167 5168 5169 5170 5171 5172 5173 5174 5175 5176 5177 5178 5179 5180 5181 5182 5183 5184 5185 5186 5187 5188 5189 5190 5191 5192 5193 5194 5195 5196 5197 5198 5199 5200 5201 5202 5203 5204 5205 5206 5207 5208 5209 5210 5211 5212 5213 5214 5215 5216 5217 5218 5219 5220 5221 5222 5223 5224 5225 5226 5227 5228 5229 5230 5231 5232 5233 5234 5235 5236 5237 5238 5239 5240 5241 5242 5243 5244 5245 5246 5247 5248 5249 5250 5251 5252 5253 5254 5255 5256 5257 5258 5259 5260 5261 5262 5263 5264 5265 5266 5267 5268 5269 5270 5271 5272 5273 5274 5275 5276 5277 5278 5279 5280 5281 5282 5283 5284 5285 5286 5287 5288 5289 5290 5291 5292 5293 5294 5295 5296 5297 5298 5299 5300 5301 5302 5303 5304 5305 5306 5307 5308 5309 5310 5311 5312 5313 5314 5315 5316 5317 5318 5319 5320 5321 5322 5323 5324 5325 5326 5327 5328 5329 5330 5331 5332 5333 5334 5335 5336 5337 5338 5339 5340 5341 5342 5343 5344 5345 5346 5347 5348 5349 5350 5351 5352 5353 5354 5355 5356 5357 5358 5359 5360 5361 5362 5363 5364 5365 5366 5367 5368 5369 5370 5371 5372 5373 5374 5375 5376 5377 5378 5379 5380 5381 5382 5383 5384 5385 5386 5387 5388 5389 5390 5391 5392 5393 5394 5395 5396 5397 5398 5399 5400 5401 5402 5403 5404 5405 5406 5407 5408 5409 5410 5411 5412 5413 5414 5415 5416 5417 5418 5419 5420 5421 5422 5423 5424 5425 5426 5427 5428 5429 5430 5431 5432 5433 5434 5435 5436 5437 5438 5439 5440 5441 5442 5443 5444 5445 5446 5447 5448 5449 5450 5451 5452 5453 5454 5455 5456 5457 5458 5459 5460 5461 5462 5463 5464 5465 5466 5467 5468 5469 5470 5471 5472 5473 5474 5475 5476 5477 5478 5479 5480 5481 5482 5483 5484 5485 5486 5487 5488 5489 5490 5491 5492 5493 5494 5495 5496 5497 5498 5499 5500 5501 5502 5503 5504 5505 5506 5507 5508 5509 5510 5511 5512 5513 5514 5515 5516 5517 5518 5519 5520 5521 5522 5523 5524 5525 5526 5527 5528 5529 5530 5531 5532 5533 5534 5535 5536 5537 5538 5539 5540 5541 5542 5543 5544 5545 5546 5547 5548 5549 5550 5551 5552 5553 5554 5555 5556 5557 5558 5559 5560 5561 5562 5563 5564 5565 5566 5567 5568 5569 5570 5571 5572 5573 5574 5575 5576 5577 5578 5579 5580 5581 5582 5583 5584 5585 5586 5587 5588 5589 5590 5591 5592 5593 5594 5595 5596 5597 5598 5599 5600 5601 5602 5603 5604 5605 5606 5607 5608 5609 5610 5611 5612 5613 5614 5615 5616 5617 5618 5619 5620 5621 5622 5623 5624 5625 5626 5627 5628 5629 5630 5631 5632 5633 5634 5635 5636 5637 5638 5639 5640 5641 5642 5643 5644 5645 5646 5647 5648 5649 5650 5651 5652 5653 5654 5655 5656 5657 5658 5659 5660 5661 5662 5663 5664 5665 5666 5667 5668 5669 5670 5671 5672 5673 5674 5675 5676 5677 5678 5679 5680 5681 5682 5683 5684 5685 5686 5687 5688 5689 5690 5691 5692 5693 5694 5695 5696 5697 5698 5699 5700 5701 5702 5703 5704 5705 5706 5707 5708 5709 5710 5711 5712 5713 5714 5715 5716 5717 5718 5719 5720 5721 5722 5723 5724 5725 5726 5727 5728 5729 5730 5731 5732 5733 5734 5735 5736 5737 5738 5739 5740 5741 5742 5743 5744 5745 5746 5747 5748 5749 5750 5751 5752 5753 5754 5755 5756 5757 5758 5759 5760 5761 5762 5763 5764 5765 5766 5767 5768 5769 5770 5771 5772 5773 5774 5775 5776 5777 5778 5779 5780 5781 5782 5783 5784 5785 5786 5787 5788 5789 5790 5791 5792 5793 5794 5795 5796 5797 5798 5799 5800 5801 5802 5803 5804 5805 5806 5807 5808 5809 5810 5811 5812 5813 5814 5815 5816 5817 5818 5819 5820 5821 5822 5823 5824 5825 5826 5827 5828 5829 5830 5831 5832 5833 5834 5835 5836 5837 5838 5839 5840 5841 5842 5843 5844 5845 5846 5847 5848 5849 5850 5851 5852 5853 5854 5855 5856 5857 5858 5859 5860 5861 5862 5863 5864 5865 5866 5867 5868 5869 5870 5871 5872 5873 5874 5875 5876 5877 5878 5879 5880 5881 5882 5883 5884 5885 5886 5887 5888 5889 5890 5891 5892 5893 5894 5895 5896 5897 5898 5899 5900 5901 5902 5903 5904 5905 5906 5907 5908 5909 5910 5911 5912 5913 5914 5915 5916 5917 5918 5919 5920 5921 5922 5923 5924 5925 5926 5927 5928 5929 5930 5931 5932 5933 5934 5935 5936 5937 5938 5939 5940 5941 5942 5943 5944 5945 5946 5947 5948 5949 5950 5951 5952 5953 5954 5955 5956 5957 5958 5959 5960 5961 5962 5963 5964 5965 5966 5967 5968 5969 5970 5971 5972 5973 5974 5975 5976 5977 5978 5979 5980 5981 5982 5983 5984 5985 5986 5987 5988 5989 5990 5991 5992 5993 5994 5995 5996 5997 5998 5999 6000 6001 6002 6003 6004 6005 6006 6007 6008 6009 6010 6011 6012 6013 6014 6015 6016 6017 6018 6019 6020 6021 6022 6023 6024 6025 6026 6027 6028 6029 6030 6031 6032 6033 6034 6035 6036 6037 6038 6039 6040 6041 6042 6043 6044 6045 6046 6047 6048 6049 6050 6051 6052 6053 6054 6055 6056 6057 6058 6059 6060 6061 6062 6063 6064 6065 6066 6067 6068 6069 6070 6071 6072 6073 6074 6075 6076 6077 6078 6079 6080 6081 6082 6083 6084 6085 6086 6087 6088 6089 6090 6091 6092 6093 6094 6095 6096 6097 6098 6099 6100 6101 6102 6103 6104 6105 6106 6107 6108 6109 6110 6111 6112 6113 6114 6115 6116 6117 6118 6119 6120 6121 6122 6123 6124 6125 6126 6127 6128 6129 6130 6131 6132 6133 6134 6135 6136 6137 6138 6139 6140 6141 6142 6143 6144 6145 6146 6147 6148 6149 6150 6151 6152 6153 6154 6155 6156 6157 6158 6159 6160 6161 6162 6163 6164 6165 6166 6167 6168 6169 6170 6171 6172 6173 6174 6175 6176 6177 6178 6179 6180 6181 6182 6183 6184 6185 6186 6187 6188 6189 6190 6191 6192 6193 6194 6195 6196 6197 6198 6199 6200 6201 6202 6203 6204 6205 6206 6207 6208 6209 6210 6211 6212 6213 6214 6215 6216 6217 6218 6219 6220 6221 6222 6223 6224 6225 6226 6227 6228 6229 6230 6231 6232 6233 6234 6235 6236 6237 6238 6239 6240 6241 6242 6243 6244 6245 6246 6247 6248 6249 6250 6251 6252 6253 6254 6255 6256 6257 6258 6259 6260 6261 6262 6263 6264 6265 6266 6267 6268 6269 6270 6271 6272 6273 6274 6275 6276 6277 6278 6279 6280 6281 6282 6283 6284 6285 6286 6287 6288 6289 6290 6291 6292 6293 6294 6295 6296 6297 6298 6299 6300 6301 6302 6303 6304 6305 6306 6307 6308 6309 6310 6311 6312 6313 6314 6315 6316 6317 6318 6319 6320 6321 6322 6323 6324 6325 6326 6327 6328 6329 6330 6331 6332 6333 6334 6335 6336 6337 6338 6339 6340 6341 6342 6343 6344 6345 6346 6347 6348 6349 6350 6351 6352 6353 6354 6355 6356 6357 6358 6359 6360 6361 6362 6363 6364 6365 6366 6367 6368 6369 6370 6371 6372 6373 6374 6375 6376 6377 6378 6379 6380 6381 6382 6383 6384 6385 6386 6387 6388 6389 6390 6391 6392 6393 6394 6395 6396 6397 6398 6399 6400 6401 6402 6403 6404 6405 6406 6407 6408 6409 6410 6411 6412 6413 6414 6415 6416 6417 6418 6419 6420 6421 6422 6423 6424 6425 6426 6427 6428 6429 6430 6431 6432 6433 6434 6435 6436 6437 6438 6439 6440 6441 6442 6443 6444 6445 6446 6447 6448 6449 6450 6451 6452 6453 6454 6455 6456 6457 6458 6459 6460 6461 6462 6463 6464 6465 6466 6467 6468 6469 6470 6471 6472 6473 6474 6475 6476 6477 6478 6479 6480 6481 6482 6483 6484 6485 6486 6487 6488 6489 6490 6491 6492 6493 6494 6495 6496 6497 6498 6499 6500 6501 6502 6503 6504 6505 6506 6507 6508 6509 6510 6511 6512 6513 6514 6515 6516 6517 6518 6519 6520 6521 6522 6523 6524 6525 6526 6527 6528 6529 6530 6531 6532 6533 6534 6535 6536 6537 6538 6539 6540 6541 6542 6543 6544 6545 6546 6547 6548 6549 6550 6551 6552 6553 6554 6555 6556 6557 6558 6559 6560 6561 6562 6563 6564 6565 6566 6567 6568 6569 6570 6571 6572 6573 6574 6575 6576 6577 6578 6579 6580 6581 6582 6583 6584 6585 6586 6587 6588 6589 6590 6591 6592 6593 6594 6595 6596 6597 6598 6599 6600 6601 6602 6603 6604 6605 6606 6607 6608 6609 6610 6611 6612 6613 6614 6615 6616 6617 6618 6619
        </DataArray>
        <DataArray type="Int32" Name="offsets" format="ascii">
          1 2 3 4 5 6 7 8 9 10 11 12 13 14 15 16 17 18 19 20 21 22 23 24 25 26 27 28 29 30 31 32 33 34 35 36 37 38 39 40 41 42 43 44 45 46 47 48 49 50 51 52 53 54 55 56 57 58 59 60 61 62 63 64 65 66 67 68 69 70 71 72 73 74 75 76 77 78 79 80 81 82 83 84 85 86 87 88 89 90 91 92 93 94 95 96 97 98 99 100 101 102 103 104 105 106 107 108 109 110 111 112 113 114 115 116 117 118 119 120 121 122 123 124 125 126 127 128 129 130 131 132 133 134 135 136 137 138 139 140 141 142 143 144 145 146 147 148 149 150 151 152 153 154 155 156 157 158 159 160 161 162 163 164 165 166 167 168 169 170 171 172 173 174 175 176 177 178 179 180 181 182 183 184 185 186 187 188 189 190 191 192 193 194 195 196 197 198 199 200 201 202 203 204 205 206 207 208 209 210 211 212 213 214 215 216 217 218 219 220 221 222 223 224 225 226 227 228 229 230 231 232 233 234 235 236 237 238 239 240 241 242 243 244 245 246 247 248 249 250 251 252 253 254 255 256 257 258 259 260 261 262 263 264 265 266 267 268 269 270 271 272 273 274 275 276 277 278 279 280 281 282 283 284 285 286 287 288 289 290 291 292 293 294 295 296 297 298 299 300 301 302 303 304 305 306 307 308 309 310 311 312 313 314 315 316 317 318 319 320 321 322 323 324 325 326 327 328 329 330 331 332 333 334 335 336 337 338 339 340 341 342 343 344 345 346 347 348 349 350 351 352 353 354 355 356 357 358 359 360 361 362 363 364 365 366 367 368 369 370 371 372 373 374 375 376 377 378 379 380 381 382 383 384 385 386 387 388 389 390 391 392 393 394 395 396 397 398 399 400 401 402 403 404 405 406 407 408 409 410 411 412 413 414 415 416 417 418 419 420 421 422 423 424 425 426 427 428 429 430 431 432 433 434 435 436 437 438 439 440 441 442 443 444 445 446 447 448 449 450 451 452 453 454 455 456 457 458 459 460 461 462 463 464 465 466 467 468 469 470 471 472 473 474 475 476 477 478 479 480 481 482 483 484 485 486 487 488 489 490 491 492 493 494 495 496 497 498 499 500 501 502 503 504 505 506 507 508 509 510 511 512 513 514 515 516 517 518 519 520 521 522 523 524 525 526 527 528 529 530 531 532 533 534 535 536 537 538 539 540 541 542 543 544 545 546 547 548 549 550 551 552 553 554 555 556 557 558 559 560 561 562 563 564 565 566 567 568 569 570 571 572 573 574 575 576 577 578 579 580 581 582 583 584 585 586 587 588 589 590 591 592 593 594 595 596 597 598 599 600 601 602 603 604 605 606 607 608 609 610 611 612 613 614 615 616 617 618 619 620 621 622 623 624 625 626 627 628 629 630 631 632 633 634 635 636 637 638 639 640 641 642 643 644 645 646 647 648 649 650 651 652 653 654 655 656 657 658 659 660 661 662 663 664 665 666 667 668 669 670 671 672 673 674 675 676 677 678 679 680 681 682 683 684 685 686 687 688 689 690 691 692 693 694 695 696 697 698 699 700 701 702 703 704 705 706 707 708 709 710 711 712 713 714 715 716 717 718 719 720 721 722 723 724 725 726 727 728 729 730 731 732 733 734 735 736 737 738 739 740 741 742 743 744 745 746 747 748 749 750 751 752 753 754 755 756 757 758 759 760 761 762 763 764 765 766 767 768 769 770 771 772 773 774 775 776 777 778 779 780 781 782 783 784 785 786 787 788 789 790 791 792 793 794 795 796 797 798 799 800 801 802 803 804 805 806 807 808 809 810 811 812 813 814 815 816 817 818 819 820 821 822 823 824 825 826 827 828 829 830 831 832 833 834 835 836 837 838 839 840 841 842 843 844 845 846 847 848 849 850 851 852 853 854 855 856 857 858 859 860 861 862 863 864 865 866 867 868 869 870 871 872 873 874 875 876 877 878 879 880 881 882 883 884 885 886 887 888 889 890 891 892 893 894 895 896 897 898 899 900 901 902 903 904 905 906 907 908 909 910 911 912 913 914 915 916 917 918 919 920 921 922 923 924 925 926 927 928 929 930 931 932 933 934 935 936 937 938 939 940 941 942 943 944 945 946 947 948 949 950 951 952 953 954 955 956 957 958 959 960 961 962 963 964 965 966 967 968 969 970 971 972 973 974 975 976 977 978 979 980 981 982 983 984 985 986 987 988 989 990 991 992 993 994 995 996 997 998 999 1000 1001 1002 1003 1004 1005 1006 1007 1008 1009 1010 1011 1012 1013 1014 1015 1016 1017 1018 1019 1020 1021 1022 1023 1024 1025 1026 1027 1028 1029 1030 1031 1032 1033 1034 1035 1036 1037 1038 1039 1040 1041 1042 1043 1044 1045 1046 1047 1048 1049 1050 1051 1052 1053 1054 1055 1056 1057 1058 1059 1060 1061 1062 1063 1064 1065 1066 1067 1068 1069 1070 1071 1072 1073 1074 1075 1076 1077 1078 1079 1080 1081 1082 1083 1084 1085 1086 1087 1088 1089 1090 1091 1092 1093 1094 1095 1096 1097 1098 1099 1100 1101 1102 1103 1104 1105 1106 1107 1108 1109 1110 1111 1112 1113 1114 1115 1116 1117 1118 1119 1120 1121 1122 1123 1124 1125 1126 1127 1128 1129 1130 1131 1132 1133 1134 1135 1136 1137 1138 1139 1140 1141 1142 1143 1144 1145 1146 1147 1148 1149 1150 1151 1152 1153 1154 1155 1156 1157 1158 1159 1160 1161 1162 1163 1164 1165 1166 1167 1168 1169 1170 1171 1172 1173 1174 1175 1176 1177 1178 1179 1180 1181 1182 1183 1184 1185 1186 1187 1188 1189 1190 1191 1192 1193 1194 1195 1196 1197 1198 1199 1200 1201 1202 1203 1204 1205 1206 1207 1208 1209 1210 1211 1212 1213 1214 1215 1216 1217 1218 1219 1220 1221 1222 1223 1224 1225 1226 1227 1228 1229 1230 1231 1232 1233 1234 1235 1236 1237 1238 1239 1240 1241 1242 1243 1244 1245 1246 1247 1248 1249 1250 1251 1252 1253 1254 1255 1256 1257 1258 1259 1260 1261 1262 1263 1264 1265 1266 1267 1268 1269 1270 1271 1272 1273 1274 1275 1276 1277 1278 1279 1280 1281 1282 1283 1284 1285 1286 1287 1288 1289 1290 1291 1292 1293 1294 1295 1296 1297 1298 1299 1300 1301 1302 1303 1304 1305 1306 1307 1308 1309 1310 1311 1312 1313 1314 1315 1316 1317 1318 1319 1320 1321 1322 1323 1324 1325 1326 1327 1328 1329 1330 1331 1332 1333 1334 1335 1336 1337 1338 1339 1340 1341 1342 1343 1344 1345 1346 1347 1348 1349 1350 1351 1352 1353 1354 1355 1356 1357 1358 1359 1360 1361 1362 1363 1364 1365 1366 1367 1368 1369 1370 1371 1372 1373 1374 1375 1376 1377 1378 1379 1380 1381 1382 1383 1384 1385 1386 1387 1388 1389 1390 1391 1392 1393 1394 1395 1396 1397 1398 1399 1400 1401 1402 1403 1404 1405 1406 1407 1408 1409 1410 1411 1412 1413 1414 1415 1416 1417 1418 1419 1420 1421 1422 1423 1424 1425 1426 1427 1428 1429 1430 1431 1432 1433 1434 1435 1436 1437 1438 1439 1440 1441 1442 1443 1444 1445 1446 1447 1448 1449 1450 1451 1452 1453 1454 1455 1456 1457 1458 1459 1460 1461 1462 1463 1464 1465 1466 1467 1468 1469 1470 1471 1472 1473 1474 1475 1476 1477 1478 1479 1480 1481 1482 1483 1484 1485 1486 1487 1488 1489 1490 1491 1492 1493 1494 1495 1496 1497 1498 1499 1500 1501 1502 1503 1504 1505 1506 1507 1508 1509 1510 1511 1512 1513 1514 1515 1516 1517 1518 1519 1520 1521 1522 1523 1524 1525 1526 1527 1528 1529 1530 1531 1532 1533 1534 1535 1536 1537 1538 1539 1540 1541 1542 1543 1544 1545 1546 1547 1548 1549 1550 1551 1552 1553 1554 1555 1556 1557 1558 1559 1560 1561 1562 1563 1564 1565 1566 1567 1568 1569 1570 1571 1572 1573 1574 1575 1576 1577 1578 1579 1580 1581 1582 1583 1584 1585 1586 1587 1588 1589 1590 1591 1592 1593 1594 1595 1596 1597 1598 1599 1600 1601 1602 1603 1604 1605 1606 1607 1608 1609 1610 1611 1612 1613 1614 1615 1616 1617 1618 1619 1620 1621 1622 1623 1624 1625 1626 1627 1628 1629 1630 1631 1632 1633 1634 1635 1636 1637 1638 1639 1640 1641 1642 1643 1644 1645 1646 1647 1648 1649 1650 1651 1652 1653 1654 1655 1656 1657 1658 1659 1660 1661 1662 1663 1664 1665 1666 1667 1668 1669 1670 1671 1672 1673 1674 1675 1676 1677 1678 1679 1680 1681 1682 1683 1684 1685 1686 1687 1688 1689 1690 1691 1692 1693 1694 1695 1696 1697 1698 1699 1700 1701 1702 1703 1704 1705 1706 1707 1708 1709 1710 1711 1712 1713 1714 1715 1716 1717 1718 1719 1720 1721 1722 1723 1724 1725 1726 1727 1728 1729 1730 1731 1732 1733 1734 1735 1736 1737 1738 1739 1740 1741 1742 1743 1744 1745 1746 1747 1748 1749 1750 1751 1752 1753 1754 1755 1756 1757 1758 1759 1760 1761 1762 1763 1764 1765 1766 1767 1768 1769 1770 1771 1772 1773 1774 1775 1776 1777 1778 1779 1780 1781 1782 1783 1784 1785 1786 1787 1788 1789 1790 1791 1792 1793 1794 1795 1796 1797 1798 1799 1800 1801 1802 1803 1804 1805 1806 1807 1808 1809 1810 1811 1812 1813 1814 1815 1816 1817 1818 1819 1820 1821 1822 1823 1824 1825 1826 1827 1828 1829 1830 1831 1832 1833 1834 1835 1836 1837 1838 1839 1840 1841 1842 1843 1844 1845 1846 1847 1848 1849 1850 1851 1852 1853 1854 1855 1856 1857 1858 1859 1860 1861 1862 1863 1864 1865 1866 1867 1868 1869 1870 1871 1872 1873 1874 1875 1876 1877 1878 1879 1880 1881 1882 1883 1884 1885 1886 1887 1888 1889 1890 1891 1892 1893 1894 1895 1896 1897 1898 1899 1900 1901 1902 1903 1904 1905 1906 1907 1908 1909 1910 1911 1912 1913 1914 1915 1916 1917 1918 1919 1920 1921 1922 1923 1924 1925 1926 1927 1928 1929 1930 1931 1932 1933 1934 1935 1936 1937 1938 1939 1940 1941 1942 1943 1944 1945 1946 1947 1948 1949 1950 1951 1952 1953 1954 1955 1956 1957 1958 1959 1960 1961 1962 1963 1964 1965 1966 1967 1968 1969 1970 1971 1972 1973 1974 1975 1976 1977 1978 1979 1980 1981 1982 1983 1984 1985 1986 1987 1988 1989 1990 1991 1992 1993 1994 1995 1996 1997 1998 1999 2000 2001 2002 2003 2004 2005 2006 2007 2008 2009 2010 2011 2012 2013 2014 2015 2016 2017 2018 2019 2020 2021 2022 2023 2024 2025 2026 2027 2028 2029 2030 2031 2032 2033 2034 2035 2036 2037 2038 2039 2040 2041 2042 2043 2044 2045 2046 2047 2048 2049 2050 2051 2052 2053 2054 2055 2056 2057 2058 2059 2060 2061 2062 2063 2064 2065 2066 2067 2068 2069 2070 2071 2072 2073 2074 2075 2076 2077 2078 2079 2080 2081 2082 2083 2084 2085 2086 2087 2088 2089 2090 2091 2092 2093 2094 2095 2096 2097 2098 2099 2100 2101 2102 2103 2104 2105 2106 2107 2108 2109 2110 2111 2112 2113 2114 2115 2116 2117 2118 2119 2120 2121 2122 2123 2124 2125 2126 2127 2128 2129 2130 2131 2132 2133 2134 2135 2136 2137 2138 2139 2140 2141 2142 2143 2144 2145 2146 2147 2148 2149 2150 2151 2152 2153 2154 2155 2156 2157 2158 2159 2160 2161 2162 2163 2164 2165 2166 2167 2168 2169 2170 2171 2172 2173 2174 2175 2176 2177 2178 2179 2180 2181 2182 2183 2184 2185 2186 2187 2188 2189 2190 2191 2192 2193 2194 2195 2196 2197 2198 2199 2200 2201 2202 2203 2204 2205 2206 2207 2208 2209 2210 2211 2212 2213 2214 2215 2216 2217 2218 2219 2220 2221 2222 2223 2224 2225 2226 2227 2228 2229 2230 2231 2232 2233 2234 2235 2236 2237 2238 2239 2240 2241 2242 2243 2244 2245 2246 2247 2248 2249 2250 2251 2252 2253 2254 2255 2256 2257 2258 2259 2260 2261 2262 2263 2264 2265 2266 2267 2268 2269 2270 2271 2272 2273 2274 2275 2276 2277 2278 2279 2280 2281 2282 2283 2284 2285 2286 2287 2288 2289 2290 2291 2292 2293 2294 2295 2296 2297 2298 2299 2300 2301 2302 2303 2304 2305 2306 2307 2308 2309 2310 2311 2312 2313 2314 2315 2316 2317 2318 2319 2320 2321 2322 2323 2324 2325 2326 2327 2328 2329 2330 2331 2332 2333 2334 2335 2336 2337 2338 2339 2340 2341 2342 2343 2344 2345 2346 2347 2348 2349 2350 2351 2352 2353 2354 2355 2356 2357 2358 2359 2360 2361 2362 2363 2364 2365 2366 2367 2368 2369 2370 2371 2372 2373 2374 2375 2376 2377 2378 2379 2380 2381 2382 2383 2384 2385 2386 2387 2388 2389 2390 2391 2392 2393 2394 2395 2396 2397 2398 2399 2400 2401 2402 2403 2404 2405 2406 2407 2408 2409 2410 2411 2412 2413 2414 2415 2416 2417 2418 2419 2420 2421 2422 2423 2424 2425 2426 2427 2428 2429 2430 2431 2432 2433 2434 2435 2436 2437 2438 2439 2440 2441 2442 2443 2444 2445 2446 2447 2448 2449 2450 2451 2452 2453 2454 2455 2456 2457 2458 2459 2460 2461 2462 2463 2464 2465 2466 2467 2468 2469 2470 2471 2472 2473 2474 2475 2476 2477 2478 2479 2480 2481 2482 2483 2484 2485 2486 2487 2488 2489 2490 2491 2492 2493 2494 2495 2496 2497 2498 2499 2500 2501 2502 2503 2504 2505 2506 2507 2508 2509 2510 2511 2512 2513 2514 2515 2516 2517 2518 2519 2520 2521 2522 2523 2524 2525 2526 2527 2528 2529 2530 2531 2532 2533 2534 2535 2536 2537 2538 2539 2540 2541 2542 2543 2544 2545 2546 2547 2548 2549 2550 2551 2552 2553 2554 2555 2556 2557 2558 2559 2560 2561 2562 2563 2564 2565 2566 2567 2568 2569 2570 2571 2572 2573 2574 2575 2576 2577 2578 2579 2580 2581 2582 2583 2584 2585 2586 2587 2588 2589 2590 2591 2592 2593 2594 2595 2596 2597 2598 2599 2600 2601 2602 2603 2604 2605 2606 2607 2608 2609 2610 2611 2612 2613 2614 2615 2616 2617 2618 2619 2620 2621 2622 2623 2624 2625 2626 2627 2628 2629 2630 2631 2632 2633 2634 2635 2636 2637 2638 2639 2640 2641 2642 2643 2644 2645 2646 2647 2648 2649 2650 2651 2652 2653 2654 2655 2656 2657 2658 2659 2660 2661 2662 2663 2664 2665 2666 2667 2668 2669 2670 2671 2672 2673 2674 2675 2676 2677 2678 2679 2680 2681 2682 2683 2684 2685 2686 2687 2688 2689 2690 2691 2692 2693 2694 2695 2696 2697 2698 2699 2700 2701 2702 2703 2704 2705 2706 2707 2708 2709 2710 2711 2712 2713 2714 2715 2716 2717 2718 2719 2720 2721 2722 2723 2724 2725 2726 2727 2728 2729 2730 2731 2732 2733 2734 2735 2736 2737 2738 2739 2740 2741 2742 2743 2744 2745 2746 2747 2748 2749 2750 2751 2752 2753 2754 2755 2756 2757 2758 2759 2760 2761 2762 2763 2764 2765 2766 2767 2768 2769 2770 2771 2772 2773 2774 2775 2776 2777 2778 2779 2780 2781 2782 2783 2784 2785 2786 2787 2788 2789 2790 2791 2792 2793 2794 2795 2796 2797 2798 2799 2800 2801 2802 2803 2804 2805 2806 2807 2808 2809 2810 2811 2812 2813 2814 2815 2816 2817 2818 2819 2820 2821 2822 2823 2824 2825 2826 2827 2828 2829 2830 2831 2832 2833 2834 2835 2836 2837 2838 2839 2840 2841 2842 2843 2844 2845 2846 2847 2848 2849 2850 2851 2852 2853 2854 2855 2856 2857 2858 2859 2860 2861 2862 2863 2864 2865 2866 2867 2868 2869 2870 2871 2872 2873 2874 2875 2876 2877 2878 2879 2880 2881 2882 2883 2884 2885 2886 2887 2888 2889 2890 2891 2892 2893 2894 2895 2896 2897 2898 2899 2900 2901 2902 2903 2904 2905 2906 2907 2908 2909 2910 2911 2912 2913 2914 2915 2916 2917 2918 2919 2920 2921 2922 2923 2924 2925 2926 2927 2928 2929 2930 2931 2932 2933 2934 2935 2936 2937 2938 2939 2940 2941 2942 2943 2944 2945 2946 2947 2948 2949 2950 2951 2952 2953 2954 2955 2956 2957 2958 2959 2960 2961 2962 2963 2964 2965 2966 2967 2968 2969 2970 2971 2972 2973 2974 2975 2976 2977 2978 2979 2980 2981 2982 2983 2984 2985 2986 2987 2988 2989 2990 2991 2992 2993 2994 2995 2996 2997 2998 2999 3000 3001 3002 3003 3004 3005 3006 3007 3008 3009 3010 3011 3012 3013 3014 3015 3016 3017 3018 3019 3020 3021 3022 3023 3024 3025 3026 3027 3028 3029 3030 3031 3032 3033 3034 3035 3036 3037 3038 3039 3040 3041 3042 3043 3044 3045 3046 3047 3048 3049 3050 3051 3052 3053 3054 3055 3056 3057 3058 3059 3060 3061 3062 3063 3064 3065 3066 3067 3068 3069 3070 3071 3072 3073 3074 3075 3076 3077 3078 3079 3080 3081 3082 3083 3084 3085 3086 3087 3088 3089 3090 3091 3092 3093 3094 3095 3096 3097 3098 3099 3100 3101 3102 3103 3104 3105 3106 3107 3108 3109 3110 3111 3112 3113 3114 3115 3116 3117 3118 3119 3120 3121 3122 3123 3124 3125 3126 3127 3128 3129 3130 3131 3132 3133 3134 3135 3136 3137 3138 3139 3140 3141 3142 3143 3144 3145 3146 3147 3148 3149 3150 3151 3152 3153 3154 3155 3156 3157 3158 3159 3160 3161 3162 3163 3164 3165 3166 3167 3168 3169 3170 3171 3172 3173 3174 3175 3176 3177 3178 3179 3180 3181 3182 3183 3184 3185 3186 3187 3188 3189 3190 3191 3192 3193 3194 3195 3196 3197 3198 3199 3200 3201 3202 3203 3204 3205 3206 3207 3208 3209 3210 3211 3212 3213 3214 3215 3216 3217 3218 3219 3220 3221 3222 3223 3224 3225 3226 3227 3228 3229 3230 3231 3232 3233 3234 3235 3236 3237 3238 3239 3240 3241 3242 3243 3244 3245 3246 3247 3248 3249 3250 3251 3252 3253 3254 3255 3256 3257 3258 3259 3260 3261 3262 3263 3264 3265 3266 3267 3268 3269 3270 3271 3272 3273 3274 3275 3276 3277 3278 3279 3280 3281 3282 3283 3284 3285 3286 3287 3288 3289 3290 3291 3292 3293 3294 3295 3296 3297 3298 3299 3300 3301 3302 3303 3304 3305 3306 3307 3308 3309 3310 3311 3312 3313 3314 3315 3316 3317 3318 3319 3320 3321 3322 3323 3324 3325 3326 3327 3328 3329 3330 3331 3332 3333 3334 3335 3336 3337 3338 3339 3340 3341 3342 3343 3344 3345 3346 3347 3348 3349 3350 3351 3352 3353 3354 3355 3356 3357 3358 3359 3360 3361 3362 3363 3364 3365 3366 3367 3368 3369 3370 3371 3372 3373 3374 3375 3376 3377 3378 3379 3380 3381 3382 3383 3384 3385 3386 3387 3388 3389 3390 3391 3392 3393 3394 3395 3396 3397 3398 3399 3400 3401 3402 3403 3404 3405 3406 3407 3408 3409 3410 3411 3412 3413 3414 3415 3416 3417 3418 3419 3420 3421 3422 3423 3424 3425 3426 3427 3428 3429 3430 3431 3432 3433 3434 3435 3436 3437 3438 3439 3440 3441 3442 3443 3444 3445 3446 3447 3448 3449 3450 3451 3452 3453 3454 3455 3456 3457 3458 3459 3460 3461 3462 3463 3464 3465 3466 3467 3468 3469 3470 3471 3472 3473 3474 3475 3476 3477 3478 3479 3480 3481 3482 3483 3484 3485 3486 3487 3488 3489 3490 3491 3492 3493 3494 3495 3496 3497 3498 3499 3500 3501 3502 3503 3504 3505 3506 3507 3508 3509 3510 3511 3512 3513 3514 3515 3516 3517 3518 3519 3520 3521 3522 3523 3524 3525 3526 3527 3528 3529 3530 3531 3532 3533 3534 3535 3536 3537 3538 3539 3540 3541 3542 3543 3544 3545 3546 3547 3548 3549 3550 3551 3552 3553 3554 3555 3556 3557 3558 3559 3560 3561 3562 3563 3564 3565 3566 3567 3568 3569 3570 3571 3572 3573 3574 3575 3576 3577 3578 3579 3580 3581 3582 3583 3584 3585 3586 3587 3588 3589 3590 3591 3592 3593 3594 3595 3596 3597 3598 3599 3600 3601 3602 3603 3604 3605 3606 3607 3608 3609 3610 3611 3612 3613 3614 3615 3616 3617 3618 3619 3620 3621 3622 3623 3624 3625 3626 3627 3628 3629 3630 3631 3632 3633 3634 3635 3636 3637 3638 3639 3640 3641 3642 3643 3644 3645 3646 3647 3648 3649 3650 3651 3652 3653 3654 3655 3656 3657 3658 3659 3660 3661 3662 3663 3664 3665 3666 3667 3668 3669 3670 3671 3672 3673 3674 3675 3676 3677 3678 3679 3680 3681 3682 3683 3684 3685 3686 3687 3688 3689 3690 3691 3692 3693 3694 3695 3696 3697 3698 3699 3700 3701 3702 3703 3704 3705 3706 3707 3708 3709 3710 3711 3712 3713 3714 3715 3716 3717 3718 3719 3720 3721 3722 3723 3724 3725 3726 3727 3728 3729 3730 3731 3732 3733 3734 3735 3736 3737 3738 3739 3740 3741 3742 3743 3744 3745 3746 3747 3748 3749 3750 3751 3752 3753 3754 3755 3756 3757 3758 3759 3760 3761 3762 3763 3764 3765 3766 3767 3768 3769 3770 3771 3772 3773 3774 3775 3776 3777 3778 3779 3780 3781 3782 3783 3784 3785 3786 3787 3788 3789 3790 3791 3792 3793 3794 3795 3796 3797 3798 3799 3800 3801 3802 3803 3804 3805 3806 3807 3808 3809 3810 3811 3812 3813 3814 3815 3816 3817 3818 3819 3820 3821 3822 3823 3824 3825 3826 3827 3828 3829 3830 3831 3832 3833 3834 3835 3836 3837 3838 3839 3840 3841 3842 3843 3844 3845 3846 3847 3848 3849 3850 3851 3852 3853 3854 3855 3856 3857 3858 3859 3860 3861 3862 3863 3864 3865 3866 3867 3868 3869 3870 3871 3872 3873 3874 3875 3876 3877 3878 3879 3880 3881 3882 3883 3884 3885 3886 3887 3888 3889 3890 3891 3892 3893 3894 3895 3896 3897 3898 3899 3900 3901 3902 3903 3904 3905 3906 3907 3908 3909 3910 3911 3912 3913 3914 3915 3916 3917 3918 3919 3920 3921 3922 3923 3924 3925 3926 3927 3928 3929 3930 3931 3932 3933 3934 3935 3936 3937 3938 3939 3940 3941 3942 3943 3944 3945 3946 3947 3948 3949 3950 3951 3952 3953 3954 3955 3956 3957 3958 3959 3960 3961 3962 3963 3964 3965 3966 3967 3968 3969 3970 3971 3972 3973 3974 3975 3976 3977 3978 3979 3980 3981 3982 3983 3984 3985 3986 3987 3988 3989 3990 3991 3992 3993 3994 3995 3996 3997 3998 3999 4000 4001 4002 4003 4004 4005 4006 4007 4008 4009 4010 4011 4012 4013 4014 4015 4016 4017 4018 4019 4020 4021 4022 4023 4024 4025 4026 4027 4028 4029 4030 4031 4032 4033 4034 4035 4036 4037 4038 4039 4040 4041 4042 4043 4044 4045 4046 4047 4048 4049 4050 4051 4052 4053 4054 4055 4056 4057 4058 4059 4060 4061 4062 4063 4064 4065 4066 4067 4068 4069 4070 4071 4072 4073 4074 4075 4076 4077 4078 4079 4080 4081 4082 4083 4084 4085 4086 4087 4088 4089 4090 4091 4092 4093 4094 4095 4096 4097 4098 4099 4100 4101 4102 4103 4104 4105 4106 4107 4108 4109 4110 4111 4112 4113 4114 4115 4116 4117 4118 4119 4120 4121 4122 4123 4124 4125 4126 4127 4128 4129 4130 4131 4132 4133 4134 4135 4136 4137 4138 4139 4140 4141 4142 4143 4144 4145 4146 4147 4148 4149 4150 4151 4152 4153 4154 4155 4156 4157 4158 4159 4160 4161 4162 4163 4164 4165 4166 4167 4168 4169 4170 4171 4172 4173 4174 4175 4176 4177 4178 4179 4180 4181 4182 4183 4184 4185 4186 4187 4188 4189 4190 4191 4192 4193 4194 4195 4196 4197 4198 4199 4200 4201 4202 4203 4204 4205 4206 4207 4208 4209 4210 4211 4212 4213 4214 4215 4216 4217 4218 4219 4220 4221 4222 4223 4224 4225 4226 4227 4228 4229 4230 4231 4232 4233 4234 4235 4236 4237 4238 4239 4240 4241 4242 4243 4244 4245 4246 4247 4248 4249 4250 4251 4252 4253 4254 4255 4256 4257 4258 4259 4260 4261 4262 4263 4264 4265 4266 4267 4268 4269 4270 4271 4272 4273 4274 4275 4276 4277 4278 4279 4280 4281 4282 4283 4284 4285 4286 4287 4288 4289 4290 4291 4292 4293 4294 4295 4296 4297 4298 4299 4300 4301 4302 4303 4304 4305 4306 4307 4308 4309 4310 4311 4312 4313 4314 4315 4316 4317 4318 4319 4320 4321 4322 4323 4324 4325 4326 4327 4328 4329 4330 4331 4332 4333 4334 4335 4336 4337 4338 4339 4340 4341 4342 4343 4344 4345 4346 4347 4348 4349 4350 4351 4352 4353 4354 4355 4356 4357 4358 4359 4360 4361 4362 4363 4364 4365 4366 4367 4368 4369 4370 4371 4372 4373 4374 4375 4376 4377 4378 4379 4380 4381 4382 4383 4384 4385 4386 4387 4388 4389 4390 4391 4392 4393 4394 4395 4396 4397 4398 4399 4400 4401 4402 4403 4404 4405 4406 4407 4408 4409 4410 4411 4412 4413 4414 4415 4416 4417 4418 4419 4420 4421 4422 4423 4424 4425 4426 4427 4428 4429 4430 4431 4432 4433 4434 4435 4436 4437 4438 4439 4440 4441 4442 4443 4444 4445 4446 4447 4448 4449 4450 4451 4452 4453 4454 4455 4456 4457 4458 4459 4460 4461 4462 4463 4464 4465 4466 4467 4468 4469 4470 4471 4472 4473 4474 4475 4476 4477 4478 4479 4480 4481 4482 4483 4484 4485 4486 4487 4488 4489 4490 4491 4492 4493 4494 4495 4496 4497 4498 4499 4500 4501 4502 4503 4504 4505 4506 4507 4508 4509 4510 4511 4512 4513 4514 4515 4516 4517 4518 4519 4520 4521 4522 4523 4524 4525 4526 4527 4528 4529 4530 4531 4532 4533 4534 4535 4536 4537 4538 4539 4540 4541 4542 4543 4544 4545 4546 4547 4548 4549 4550 4551 4552 4553 4554 4555 4556 4557 4558 4559 4560 4561 4562 4563 4564 4565 4566 4567 4568 4569 4570 4571 4572 4573 4574 4575 4576 4577 4578 4579 4580 4581 4582 4583 4584 4585 4586 4587 4588 4589 4590 4591 4592 4593 4594 4595 4596 4597 4598 4599 4600 4601 4602 4603 4604 4605 4606 4607 4608 4609 4610 4611 4612 4613 4614 4615 4616 4617 4618 4619 4620 4621 4622 4623 4624 4625 4626 4627 4628 4629 4630 4631 4632 4633 4634 4635 4636 4637 4638 4639 4640 4641 4642 4643 4644 4645 4646 4647 4648 4649 4650 4651 4652 4653 4654 4655 4656 4657 4658 4659 4660 4661 4662 4663 4664 4665 4666 4667 4668 4669 4670 4671 4672 4673 4674 4675 4676 4677 4678 4679 4680 4681 4682 4683 4684 4685 4686 4687 4688 4689 4690 4691 4692 4693 4694 4695 4696 4697 4698 4699 4700 4701 4702 4703 4704 4705 4706 4707 4708 4709 4710 4711 4712 4713 4714 4715 4716 4717 4718 4719 4720 4721 4722 4723 4724 4725 4726 4727 4728 4729 4730 4731 4732 4733 4734 4735 4736 4737 4738 4739 4740 4741 4742 4743 4744 4745 4746 4747 4748 4749 4750 4751 4752 4753 4754 4755 4756 4757 4758 4759 4760 4761 4762 4763 4764 4765 4766 4767 4768 4769 4770 4771 4772 4773 4774 4775 4776 4777 4778 4779 4780 4781 4782 4783 4784 4785 4786 4787 4788 4789 4790 4791 4792 4793 4794 4795 4796 4797 4798 4799 4800 4801 4802 4803 4804 4805 4806 4807 4808 4809 4810 4811 4812 4813 4814 4815 4816 4817 4818 4819 4820 4821 4822 4823 4824 4825 4826 4827 4828 4829 4830 4831 4832 4833 4834 4835 4836 4837 4838 4839 4840 4841 4842 4843 4844 4845 4846 4847 4848 4849 4850 4851 4852 4853 4854 4855 4856 4857 4858 4859 4860 4861 4862 4863 4864 4865 4866 4867 4868 4869 4870 4871 4872 4873 4874 4875 4876 4877 4878 4879 4880 4881 4882 4883 4884 4885 4886 4887 4888 4889 4890 4891 4892 4893 4894 4895 4896 4897 4898 4899 4900 4901 4902 4903 4904 4905 4906 4907 4908 4909 4910 4911 4912 4913 4914 4915 4916 4917 4918 4919 4920 4921 4922 4923 4924 4925 4926 4927 4928 4929 4930 4931 4932 4933 4934 4935 4936 4937 4938 4939 4940 4941 4942 4943 4944 4945 4946 4947 4948 4949 4950 4951 4952 4953 4954 4955 4956 4957 4958 4959 4960 4961 4962 4963 4964 4965 4966 4967 4968 4969 4970 4971 4972 4973 4974 4975 4976 4977 4978 4979 4980 4981 4982 4983 4984 4985 4986 4987 4988 4989 4990 4991 4992 4993 4994 4995 4996 4997 4998 4999 5000 5001 5002 5003 5004 5005 5006 5007 5008 5009 5010 5011 5012 5013 5014 5015 5016 5017 5018 5019 5020 5021 5022 5023 5024 5025 5026 5027 5028 5029 5030 5031 5032 5033 5034 5035 5036 5037 5038 5039 5040 5041 5042 5043 5044 5045 5046 5047 5048 5049 5050 5051 5052 5053 5054 5055 5056 5057 5058 5059 5060 5061 5062 5063 5064 5065 5066 5067 5068 5069 5070 5071 5072 5073 5074 5075 5076 5077 5078 5079 5080 5081 5082 5083 5084 5085 5086 5087 5088 5089 5090 5091 5092 5093 5094 5095 5096 5097 5098 5099 5100 5101 5102 5103 5104 5105 5106 5107 5108 5109 5110 5111 5112 5113 5114 5115 5116 5117 5118 5119 5120 5121 5122 5123 5124 5125 5126 5127 5128 5129 5130 5131 5132 5133 5134 5135 5136 5137 5138 5139 5140 5141 5142 5143 5144 5145 5146 5147 5148 5149 5150 5151 5152 5153 5154 5155 5156 5157 5158 5159 5160 5161 5162 5163 5164 5165 5166 5167 5168 5169 5170 5171 5172 5173 5174 5175 5176 5177 5178 5179 5180 5181 5182 5183 5184 5185 5186 5187 5188 5189 5190 5191 5192 5193 5194 5195 5196 5197 5198 5199 5200 5201 5202 5203 5204 5205 5206 5207 5208 5209 5210 5211 5212 5213 5214 5215 5216 5217 5218 5219 5220 5221 5222 5223 5224 5225 5226 5227 5228 5229 5230 5231 5232 5233 5234 5235 5236 5237 5238 5239 5240 5241 5242 5243 5244 5245 5246 5247 5248 5249 5250 5251 5252 5253 5254 5255 5256 5257 5258 5259 5260 5261 5262 5263 5264 5265 5266 5267 5268 5269 5270 5271 5272 5273 5274 5275 5276 5277 5278 5279 5280 5281 5282 5283 5284 5285 5286 5287 5288 5289 5290 5291 5292 5293 5294 5295 5296 5297 5298 5299 5300 5301 5302 5303 5304 5305 5306 5307 5308 5309 5310 5311 5312 5313 5314 5315 5316 5317 5318 5319 5320 5321 5322 5323 5324 5325 5326 5327 5328 5329 5330 5331 5332 5333 5334 5335 5336 5337 5338 5339 5340 5341 5342 5343 5344 5345 5346 5347 5348 5349 5350 5351 5352 5353 5354 5355 5356 5357 5358 5359 5360 5361 5362 5363 5364 5365 5366 5367 5368 5369 5370 5371 5372 5373 5374 5375 5376 5377 5378 5379 5380 5381 5382 5383 5384 5385 5386 5387 5388 5389 5390 5391 5392 5393 5394 5395 5396 5397 5398 5399 5400 5401 5402 5403 5404 5405 5406 5407 5408 5409 5410 5411 5412 5413 5414 5415 5416 5417 5418 5419 5420 5421 5422 5423 5424 5425 5426 5427 5428 5429 5430 5431 5432 5433 5434 5435 5436 5437 5438 5439 5440 5441 5442 5443 5444 5445 5446 5447 5448 5449 5450 5451 5452 5453 5454 5455 5456 5457 5458 5459 5460 5461 5462 5463 5464 5465 5466 5467 5468 5469 5470 5471 5472 5473 5474 5475 5476 5477 5478 5479 5480 5481 5482 5483 5484 5485 5486 5487 5488 5489 5490 5491 5492 5493 5494 5495 5496 5497 5498 5499 5500 5501 5502 5503 5504 5505 5506 5507 5508 5509 5510 5511 5512 5513 5514 5515 5516 5517 5518 5519 5520 5521 5522 5523 5524 5525 5526 5527 5528 5529 5530 5531 5532 5533 5534 5535 5536 5537 5538 5539 5540 5541 5542 5543 5544 5545 5546 5547 5548 5549 5550 5551 5552 5553 5554 5555 5556 5557 5558 5559 5560 5561 5562 5563 5564 5565 5566 5567 5568 5569 5570 5571 5572 5573 5574 5575 5576 5577 5578 5579 5580 5581 5582 5583 5584 5585 5586 5587 5588 5589 5590 5591 5592 5593 5594 5595 5596 5597 5598 5599 5600 5601 5602 5603 5604 5605 5606 5607 5608 5609 5610 5611 5612 5613 5614 5615 5616 5617 5618 5619 5620 5621 5622 5623 5624 5625 5626 5627 5628 5629 5630 5631 5632 5633 5634 5635 5636 5637 5638 5639 5640 5641 5642 5643 5644 5645 5646 5647 5648 5649 5650 5651 5652 5653 5654 5655 5656 5657 5658 5659 5660 5661 5662 5663 5664 5665 5666 5667 5668 5669 5670 5671 5672 5673 5674 5675 5676 5677 5678 5679 5680 5681 5682 5683 5684 5685 5686 5687 5688 5689 5690 5691 5692 5693 5694 5695 5696 5697 5698 5699 5700 5701 5702 5703 5704 5705 5706 5707 5708 5709 5710 5711 5712 5713 5714 5715 5716 5717 5718 5719 5720 5721 5722 5723 5724 5725 5726 5727 5728 5729 5730 5731 5732 5733 5734 5735 5736 5737 5738 5739 5740 5741 5742 5743 5744 5745 5746 5747 5748 5749 5750 5751 5752 5753 5754 5755 5756 5757 5758 5759 5760 5761 5762 5763 5764 5765 5766 5767 5768 5769 5770 5771 5772 5773 5774 5775 5776 5777 5778 5779 5780 5781 5782 5783 5784 5785 5786 5787 5788 5789 5790 5791 5792 5793 5794 5795 5796 5797 5798 5799 5800 5801 5802 5803 5804 5805 5806 5807 5808 5809 5810 5811 5812 5813 5814 5815 5816 5817 5818 5819 5820 5821 5822 5823 5824 5825 5826 5827 5828 5829 5830 5831 5832 5833 5834 5835 5836 5837 5838 5839 5840 5841 5842 5843 5844 5845 5846 5847 5848 5849 5850 5851 5852 5853 5854 5855 5856 5857 5858 5859 5860 5861 5862 5863 5864 5865 5866 5867 5868 5869 5870 5871 5872 5873 5874 5875 5876 5877 5878 5879 5880 5881 5882 5883 5884 5885 5886 5887 5888 5889 5890 5891 5892 5893 5894 5895 5896 5897 5898 5899 5900 5901 5902 5903 5904 5905 5906 5907 5908 5909 5910 5911 5912 5913 5914 5915 5916 5917 5918 5919 5920 5921 5922 5923 5924 5925 5926 5927 5928 5929 5930 5931 5932 5933 5934 5935 5936 5937 5938 5939 5940 5941 5942 5943 5944 5945 5946 5947 5948 5949 5950 5951 5952 5953 5954 5955 5956 5957 5958 5959 5960 5961 5962 5963 5964 5965 5966 5967 5968 5969 5970 5971 5972 5973 5974 5975 5976 5977 5978 5979 5980 5981 5982 5983 5984 5985 5986 5987 5988 5989 5990 5991 5992 5993 5994 5995 5996 5997 5998 5999 6000 6001 6002 6003 6004 6005 6006 6007 6008 6009 6010 6011 6012 6013 6014 6015 6016 6017 6018 6019 6020 6021 6022 6023 6024 6025 6026 6027 6028 6029 6030 6031 6032 6033 6034 6035 6036 6037 6038 6039 6040 6041 6042 6043 6044 6045 6046 6047 6048 6049 6050 6051 6052 6053 6054 6055 6056 6057 6058 6059 6060 6061 6062 6063 6064 6065 6066 6067 6068 6069 6070 6071 6072 6073 6074 6075 6076 6077 6078 6079 6080 6081 6082 6083 6084 6085 6086 6087 6088 6089 6090 6091 6092 6093 6094 6095 6096 6097 6098 6099 6100 6101 6102 6103 6104 6105 6106 6107 6108 6109 6110 6111 6112 6113 6114 6115 6116 6117 6118 6119 6120 6121 6122 6123 6124 6125 6126 6127 6128 6129 6130 6131 6132 6133 6134 6135 6136 6137 6138 6139 6140 6141 6142 6143 6144 6145 6146 6147 6148 6149 6150 6151 6152 6153 6154 6155 6156 6157 6158 6159 6160 6161 6162 6163 6164 6165 6166 6167 6168 6169 6170 6171 6172 6173 6174 6175 6176 6177 6178 6179 6180 6181 6182 6183 6184 6185 6186 6187 6188 6189 6190 6191 6192 6193 6194 6195 6196 6197 6198 6199 6200 6201 6202 6203 6204 6205 6206 6207 6208 6209 6210 6211 6212 6213 6214 6215 6216 6217 6218 6219 6220 6221 6222 6223 6224 6225 6226 6227 6228 6229 6230 6231 6232 6233 6234 6235 6236 6237 6238 6239 6240 6241 6242 6243 6244 6245 6246 6247 6248 6249 6250 6251 6252 6253 6254 6255 6256 6257 6258 6259 6260 6261 6262 6263 6264 6265 6266 6267 6268 6269 6270 6271 6272 6273 6274 6275 6276 6277 6278 6279 6280 6281 6282 6283 6284 6285 6286 6287 6288 6289 6290 6291 6292 6293 6294 6295 6296 6297 6298 6299 6300 6301 6302 6303 6304 6305 6306 6307 6308 6309 6310 6311 6312 6313 6314 6315 6316 6317 6318 6319 6320 6321 6322 6323 6324 6325 6326 6327 6328 6329 6330 6331 6332 6333 6334 6335 6336 6337 6338 6339 6340 6341 6342 6343 6344 6345 6346 6347 6348 6349 6350 6351 6352 6353 6354 6355 6356 6357 6358 6359 6360 6361 6362 6363 6364 6365 6366 6367 6368 6369 6370 6371 6372 6373 6374 6375 6376 6377 6378 6379 6380 6381 6382 6383 6384 6385 6386 6387 6388 6389 6390 6391 6392 6393 6394 6395 6396 6397 6398 6399 6400 6401 6402 6403 6404 6405 6406 6407 6408 6409 6410 6411 6412 6413 6414 6415 6416 6417 6418 6419 6420 6421 6422 6423 6424 6425 6426 6427 6428 6429 6430 6431 6432 6433 6434 6435 6436 6437 6438 6439 6440 6441 6442 6443 6444 6445 6446 6447 6448 6449 6450 6451 6452 6453 6454 6455 6456 6457 6458 6459 6460 6461 6462 6463 6464 6465 6466 6467 6468 6469 6470 6471 6472 6473 6474 6475 6476 6477 6478 6479 6480 6481 6482 6483 6484 6485 6486 6487 6488 6489 6490 6491 6492 6493 6494 6495 6496 6497 6498 6499 6500 6501 6502 6503 6504 6505 6506 6507 6508 6509 6510 6511 6512 6513 6514 6515 6516 6517 6518 6519 6520 6521 6522 6523 6524 6525 6526 6527 6528 6529 6530 6531 6532 6533 6534 6535 6536 6537 6538 6539 6540 6541 6542 6543 6544 6545 6546 6547 6548 6549 6550 6551 6552 6553 6554 6555 6556 6557 6558 6559 6560 6561 6562 6563 6564 6565 6566 6567 6568 6569 6570 6571 6572 6573 6574 6575 6576 6577 6578 6579 6580 6581 6582 6583 6584 6585 6586 6587 6588 6589 6590 6591 6592 6593 6594 6595 6596 6597 6598 6599 6600 6601 6602 6603 6604 6605 6606 6607 6608 6609 6610 6611 6612 6613 6614 6615 6616 6617 6618 6619 6620
        </DataArray>
        <DataArray type="UInt8" Name="types" format="ascii">
          1 1 1 1 1 1 1 1 1 1 1 1 1 1 1 1 1 1 1 1 1 1 1 1 1 1 1 1 1 1 1 1 1 1 1 1 1 1 1 1 1 1 1 1 1 1 1 1 1 1 1 1 1 1 1 1 1 1 1 1 1 1 1 1 1 1 1 1 1 1 1 1 1 1 1 1 1 1 1 1 1 1 1 1 1 1 1 1 1 1 1 1 1 1 1 1 1 1 1 1 1 1 1 1 1 1 1 1 1 1 1 1 1 1 1 1 1 1 1 1 1 1 1 1 1 1 1 1 1 1 1 1 1 1 1 1 1 1 1 1 1 1 1 1 1 1 1 1 1 1 1 1 1 1 1 1 1 1 1 1 1 1 1 1 1 1 1 1 1 1 1 1 1 1 1 1 1 1 1 1 1 1 1 1 1 1 1 1 1 1 1 1 1 1 1 1 1 1 1 1 1 1 1 1 1 1 1 1 1 1 1 1 1 1 1 1 1 1 1 1 1 1 1 1 1 1 1 1 1 1 1 1 1 1 1 1 1 1 1 1 1 1 1 1 1 1 1 1 1 1 1 1 1 1 1 1 1 1 1 1 1 1 1 1 1 1 1 1 1 1 1 1 1 1 1 1 1 1 1 1 1 1 1 1 1 1 1 1 1 1 1 1 1 1 1 1 1 1 1 1 1 1 1 1 1 1 1 1 1 1 1 1 1 1 1 1 1 1 1 1 1 1 1 1 1 1 1 1 1 1 1 1 1 1 1 1 1 1 1 1 1 1 1 1 1 1 1 1 1 1 1 1 1 1 1 1 1 1 1 1 1 1 1 1 1 1 1 1 1 1 1 1 1 1 1 1 1 1 1 1 1 1 1 1 1 1 1 1 1 1 1 1 1 1 1 1 1 1 1 1 1 1 1 1 1 1 1 1 1 1 1 1 1 1 1 1 1 1 1 1 1 1 1 1 1 1 1 1 1 1 1 1 1 1 1 1 1 1 1 1 1 1 1 1 1 1 1 1 1 1 1 1 1 1 1 1 1 1 1 1 1 1 1 1 1 1 1 1 1 1 1 1 1 1 1 1 1 1 1 1 1 1 1 1 1 1 1 1 1 1 1 1 1 1 1 1 1 1 1 1 1 1 1 1 1 1 1 1 1 1 1 1 1 1 1 1 1 1 1 1 1 1 1 1 1 1 1 1 1 1 1 1 1 1 1 1 1 1 1 1 1 1 1 1 1 1 1 1 1 1 1 1 1 1 1 1 1 1 1 1 1 1 1 1 1 1 1 1 1 1 1 1 1 1 1 1 1 1 1 1 1 1 1 1 1 1 1 1 1 1 1 1 1 1 1 1 1 1 1 1 1 1 1 1 1 1 1 1 1 1 1 1 1 1 1 1 1 1 1 1 1 1 1 1 1 1 1 1 1 1 1 1 1 1 1 1 1 1 1 1 1 1 1 1 1 1 1 1 1 1 1 1 1 1 1 1 1 1 1 1 1 1 1 1 1 1 1 1 1 1 1 1 1 1 1 1 1 1 1 1 1 1 1 1 1 1 1 1 1 1 1 1 1 1 1 1 1 1 1 1 1 1 1 1 1 1 1 1 1 1 1 1 1 1 1 1 1 1 1 1 1 1 1 1 1 1 1 1 1 1 1 1 1 1 1 1 1 1 1 1 1 1 1 1 1 1 1 1 1 1 1 1 1 1 1 1 1 1 1 1 1 1 1 1 1 1 1 1 1 1 1 1 1 1 1 1 1 1 1 1 1 1 1 1 1 1 1 1 1 1 1 1 1 1 1 1 1 1 1 1 1 1 1 1 1 1 1 1 1 1 1 1 1 1 1 1 1 1 1 1 1 1 1 1 1 1 1 1 1 1 1 1 1 1 1 1 1 1 1 1 1 1 1 1 1 1 1 1 1 1 1 1 1 1 1 1 1 1 1 1 1 1 1 1 1 1 1 1 1 1 1 1 1 1 1 1 1 1 1 1 1 1 1 1 1 1 1 1 1 1 1 1 1 1 1 1 1 1 1 1 1 1 1 1 1 1 1 1 1 1 1 1 1 1 1 1 1 1 1 1 1 1 1 1 1 1 1 1 1 1 1 1 1 1 1 1 1 1 1 1 1 1 1 1 1 1 1 1 1 1 1 1 1 1 1 1 1 1 1 1 1 1 1 1 1 1 1 1 1 1 1 1 1 1 1 1 1 1 1 1 1 1 1 1 1 1 1 1 1 1 1 1 1 1 1 1 1 1 1 1 1 1 1 1 1 1 1 1 1 1 1 1 1 1 1 1 1 1 1 1 1 1 1 1 1 1 1 1 1 1 1 1 1 1 1 1 1 1 1 1 1 1 1 1 1 1 1 1 1 1 1 1 1 1 1 1 1 1 1 1 1 1 1 1 1 1 1 1 1 1 1 1 1 1 1 1 1 1 1 1 1 1 1 1 1 1 1 1 1 1 1 1 1 1 1 1 1 1 1 1 1 1 1 1 1 1 1 1 1 1 1 1 1 1 1 1 1 1 1 1 1 1 1 1 1 1 1 1 1 1 1 1 1 1 1 1 1 1 1 1 1 1 1 1 1 1 1 1 1 1 1 1 1 1 1 1 1 1 1 1 1 1 1 1 1 1 1 1 1 1 1 1 1 1 1 1 1 1 1 1 1 1 1 1 1 1 1 1 1 1 1 1 1 1 1 1 1 1 1 1 1 1 1 1 1 1 1 1 1 1 1 1 1 1 1 1 1 1 1 1 1 1 1 1 1 1 1 1 1 1 1 1 1 1 1 1 1 1 1 1 1 1 1 1 1 1 1 1 1 1 1 1 1 1 1 1 1 1 1 1 1 1 1 1 1 1 1 1 1 1 1 1 1 1 1 1 1 1 1 1 1 1 1 1 1 1 1 1 1 1 1 1 1 1 1 1 1 1 1 1 1 1 1 1 1 1 1 1 1 1 1 1 1 1 1 1 1 1 1 1 1 1 1 1 1 1 1 1 1 1 1 1 1 1 1 1 1 1 1 1 1 1 1 1 1 1 1 1 1 1 1 1 1 1 1 1 1 1 1 1 1 1 1 1 1 1 1 1 1 1 1 1 1 1 1 1 1 1 1 1 1 1 1 1 1 1 1 1 1 1 1 1 1 1 1 1 1 1 1 1 1 1 1 1 1 1 1 1 1 1 1 1 1 1 1 1 1 1 1 1 1 1 1 1 1 1 1 1 1 1 1 1 1 1 1 1 1 1 1 1 1 1 1 1 1 1 1 1 1 1 1 1 1 1 1 1 1 1 1 1 1 1 1 1 1 1 1 1 1 1 1 1 1 1 1 1 1 1 1 1 1 1 1 1 1 1 1 1 1 1 1 1 1 1 1 1 1 1 1 1 1 1 1 1 1 1 1 1 1 1 1 1 1 1 1 1 1 1 1 1 1 1 1 1 1 1 1 1 1 1 1 1 1 1 1 1 1 1 1 1 1 1 1 1 1 1 1 1 1 1 1 1 1 1 1 1 1 1 1 1 1 1 1 1 1 1 1 1 1 1 1 1 1 1 1 1 1 1 1 1 1 1 1 1 1 1 1 1 1 1 1 1 1 1 1 1 1 1 1 1 1 1 1 1 1 1 1 1 1 1 1 1 1 1 1 1 1 1 1 1 1 1 1 1 1 1 1 1 1 1 1 1 1 1 1 1 1 1 1 1 1 1 1 1 1 1 1 1 1 1 1 1 1 1 1 1 1 1 1 1 1 1 1 1 1 1 1 1 1 1 1 1 1 1 1 1 1 1 1 1 1 1 1 1 1 1 1 1 1 1 1 1 1 1 1 1 1 1 1 1 1 1 1 1 1 1 1 1 1 1 1 1 1 1 1 1 1 1 1 1 1 1 1 1 1 1 1 1 1 1 1 1 1 1 1 1 1 1 1 1 1 1 1 1 1 1 1 1 1 1 1 1 1 1 1 1 1 1 1 1 1 1 1 1 1 1 1 1 1 1 1 1 1 1 1 1 1 1 1 1 1 1 1 1 1 1 1 1 1 1 1 1 1 1 1 1 1 1 1 1 1 1 1 1 1 1 1 1 1 1 1 1 1 1 1 1 1 1 1 1 1 1 1 1 1 1 1 1 1 1 1 1 1 1 1 1 1 1 1 1 1 1 1 1 1 1 1 1 1 1 1 1 1 1 1 1 1 1 1 1 1 1 1 1 1 1 1 1 1 1 1 1 1 1 1 1 1 1 1 1 1 1 1 1 1 1 1 1 1 1 1 1 1 1 1 1 1 1 1 1 1 1 1 1 1 1 1 1 1 1 1 1 1 1 1 1 1 1 1 1 1 1 1 1 1 1 1 1 1 1 1 1 1 1 1 1 1 1 1 1 1 1 1 1 1 1 1 1 1 1 1 1 1 1 1 1 1 1 1 1 1 1 1 1 1 1 1 1 1 1 1 1 1 1 1 1 1 1 1 1 1 1 1 1 1 1 1 1 1 1 1 1 1 1 1 1 1 1 1 1 1 1 1 1 1 1 1 1 1 1 1 1 1 1 1 1 1 1 1 1 1 1 1 1 1 1 1 1 1 1 1 1 1 1 1 1 1 1 1 1 1 1 1 1 1 1 1 1 1 1 1 1 1 1 1 1 1 1 1 1 1 1 1 1 1 1 1 1 1 1 1 1 1 1 1 1 1 1 1 1 1 1 1 1 1 1 1 1 1 1 1 1 1 1 1 1 1 1 1 1 1 1 1 1 1 1 1 1 1 1 1 1 1 1 1 1 1 1 1 1 1 1 1 1 1 1 1 1 1 1 1 1 1 1 1 1 1 1 1 1 1 1 1 1 1 1 1 1 1 1 1 1 1 1 1 1 1 1 1 1 1 1 1 1 1 1 1 1 1 1 1 1 1 1 1 1 1 1 1 1 1 1 1 1 1 1 1 1 1 1 1 1 1 1 1 1 1 1 1 1 1 1 1 1 1 1 1 1 1 1 1 1 1 1 1 1 1 1 1 1 1 1 1 1 1 1 1 1 1 1 1 1 1 1 1 1 1 1 1 1 1 1 1 1 1 1 1 1 1 1 1 1 1 1 1 1 1 1 1 1 1 1 1 1 1 1 1 1 1 1 1 1 1 1 1 1 1 1 1 1 1 1 1 1 1 1 1 1 1 1 1 1 1 1 1 1 1 1 1 1 1 1 1 1 1 1 1 1 1 1 1 1 1 1 1 1 1 1 1 1 1 1 1 1 1 1 1 1 1 1 1 1 1 1 1 1 1 1 1 1 1 1 1 1 1 1 1 1 1 1 1 1 1 1 1 1 1 1 1 1 1 1 1 1 1 1 1 1 1 1 1 1 1 1 1 1 1 1 1 1 1 1 1 1 1 1 1 1 1 1 1 1 1 1 1 1 1 1 1 1 1 1 1 1 1 1 1 1 1 1 1 1 1 1 1 1 1 1 1 1 1 1 1 1 1 1 1 1 1 1 1 1 1 1 1 1 1 1 1 1 1 1 1 1 1 1 1 1 1 1 1 1 1 1 1 1 1 1 1 1 1 1 1 1 1 1 1 1 1 1 1 1 1 1 1 1 1 1 1 1 1 1 1 1 1 1 1 1 1 1 1 1 1 1 1 1 1 1 1 1 1 1 1 1 1 1 1 1 1 1 1 1 1 1 1 1 1 1 1 1 1 1 1 1 1 1 1 1 1 1 1 1 1 1 1 1 1 1 1 1 1 1 1 1 1 1 1 1 1 1 1 1 1 1 1 1 1 1 1 1 1 1 1 1 1 1 1 1 1 1 1 1 1 1 1 1 1 1 1 1 1 1 1 1 1 1 1 1 1 1 1 1 1 1 1 1 1 1 1 1 1 1 1 1 1 1 1 1 1 1 1 1 1 1 1 1 1 1 1 1 1 1 1 1 1 1 1 1 1 1 1 1 1 1 1 1 1 1 1 1 1 1 1 1 1 1 1 1 1 1 1 1 1 1 1 1 1 1 1 1 1 1 1 1 1 1 1 1 1 1 1 1 1 1 1 1 1 1 1 1 1 1 1 1 1 1 1 1 1 1 1 1 1 1 1 1 1 1 1 1 1 1 1 1 1 1 1 1 1 1 1 1 1 1 1 1 1 1 1 1 1 1 1 1 1 1 1 1 1 1 1 1 1 1 1 1 1 1 1 1 1 1 1 1 1 1 1 1 1 1 1 1 1 1 1 1 1 1 1 1 1 1 1 1 1 1 1 1 1 1 1 1 1 1 1 1 1 1 1 1 1 1 1 1 1 1 1 1 1 1 1 1 1 1 1 1 1 1 1 1 1 1 1 1 1 1 1 1 1 1 1 1 1 1 1 1 1 1 1 1 1 1 1 1 1 1 1 1 1 1 1 1 1 1 1 1 1 1 1 1 1 1 1 1 1 1 1 1 1 1 1 1 1 1 1 1 1 1 1 1 1 1 1 1 1 1 1 1 1 1 1 1 1 1 1 1 1 1 1 1 1 1 1 1 1 1 1 1 1 1 1 1 1 1 1 1 1 1 1 1 1 1 1 1 1 1 1 1 1 1 1 1 1 1 1 1 1 1 1 1 1 1 1 1 1 1 1 1 1 1 1 1 1 1 1 1 1 1 1 1 1 1 1 1 1 1 1 1 1 1 1 1 1 1 1 1 1 1 1 1 1 1 1 1 1 1 1 1 1 1 1 1 1 1 1 1 1 1 1 1 1 1 1 1 1 1 1 1 1 1 1 1 1 1 1 1 1 1 1 1 1 1 1 1 1 1 1 1 1 1 1 1 1 1 1 1 1 1 1 1 1 1 1 1 1 1 1 1 1 1 1 1 1 1 1 1 1 1 1 1 1 1 1 1 1 1 1 1 1 1 1 1 1 1 1 1 1 1 1 1 1 1 1 1 1 1 1 1 1 1 1 1 1 1 1 1 1 1 1 1 1 1 1 1 1 1 1 1 1 1 1 1 1 1 1 1 1 1 1 1 1 1 1 1 1 1 1 1 1 1 1 1 1 1 1 1 1 1 1 1 1 1 1 1 1 1 1 1 1 1 1 1 1 1 1 1 1 1 1 1 1 1 1 1 1 1 1 1 1 1 1 1 1 1 1 1 1 1 1 1 1 1 1 1 1 1 1 1 1 1 1 1 1 1 1 1 1 1 1 1 1 1 1 1 1 1 1 1 1 1 1 1 1 1 1 1 1 1 1 1 1 1 1 1 1 1 1 1 1 1 1 1 1 1 1 1 1 1 1 1 1 1 1 1 1 1 1 1 1 1 1 1 1 1 1 1 1 1 1 1 1 1 1 1 1 1 1 1 1 1 1 1 1 1 1 1 1 1 1 1 1 1 1 1 1 1 1 1 1 1 1 1 1 1 1 1 1 1 1 1 1 1 1 1 1 1 1 1 1 1 1 1 1 1 1 1 1 1 1 1 1 1 1 1 1 1 1 1 1 1 1 1 1 1 1 1 1 1 1 1 1 1 1 1 1 1 1 1 1 1 1 1 1 1 1 1 1 1 1 1 1 1 1 1 1 1 1 1 1 1 1 1 1 1 1 1 1 1 1 1 1 1 1 1 1 1 1 1 1 1 1 1 1 1 1 1 1 1 1 1 1 1 1 1 1 1 1 1 1 1 1 1 1 1 1 1 1 1 1 1 1 1 1 1 1 1 1 1 1 1 1 1 1 1 1 1 1 1 1 1 1 1 1 1 1 1 1 1 1 1 1 1 1 1 1 1 1 1 1 1 1 1 1 1 1 1 1 1 1 1 1 1 1 1 1 1 1 1 1 1 1 1 1 1 1 1 1 1 1 1 1 1 1 1 1 1 1 1 1 1 1 1 1 1 1 1 1 1 1 1 1 1 1 1 1 1 1 1 1 1 1 1 1 1 1 1 1 1 1 1 1 1 1 1 1 1 1 1 1 1 1 1 1 1 1 1 1 1 1 1 1 1 1 1 1 1 1 1 1 1 1 1 1 1 1 1 1 1 1 1 1 1 1 1 1 1 1 1 1 1 1 1 1 1 1 1 1 1 1 1 1 1 1 1 1 1 1 1 1 1 1 1 1 1 1 1 1 1 1 1 1 1 1 1 1 1 1 1 1 1 1 1 1 1 1 1 1 1 1 1 1 1 1 1 1 1 1 1 1 1 1 1 1 1 1 1 1 1 1 1 1 1 1 1 1 1 1 1 1 1 1 1 1 1 1 1 1 1 1 1 1 1 1 1 1 1 1 1 1 1 1 1 1 1 1 1 1 1 1 1 1 1 1 1 1 1 1 1 1 1 1 1 1 1 1 1 1 1 1 1 1 1 1 1 1 1 1 1 1 1 1 1 1 1 1 1 1 1 1 1 1 1 1 1 1 1 1 1 1 1 1 1 1 1 1 1 1 1 1 1 1 1 1 1 1 1 1 1 1 1 1 1 1 1 1 1 1 1 1 1 1 1 1 1 1 1 1 1 1 1 1 1 1 1 1 1 1 1 1 1 1 1 1 1 1 1 1 1 1 1 1 1 1 1 1 1 1 1 1 1 1 1 1 1 1 1 1 1 1 1 1 1 1 1 1 1 1 1 1 1 1 1 1 1 1 1 1 1 1 1 1 1 1 1 1 1 1 1 1 1 1 1 1 1 1 1 1 1 1 1 1 1 1 1 1 1 1 1 1 1 1 1 1 1 1 1 1 1 1 1 1 1 1 1 1 1 1 1 1 1 1 1 1 1 1 1 1 1 1 1 1 1 1 1 1 1 1 1 1 1 1 1 1 1 1 1 1 1 1 1 1 1 1 1 1 1 1 1 1 1 1 1 1 1 1 1 1 1 1 1 1 1 1 1 1 1 1 1 1 1 1 1 1 1 1 1 1 1 1 1 1 1 1 1 1 1 1 1 1 1 1 1 1 1 1 1 1 1 1 1 1 1 1 1 1 1 1 1 1 1 1 1 1 1 1 1 1 1 1 1 1 1 1 1 1 1 1 1 1 1 1 1 1 1 1 1 1 1 1 1 1 1 1 1 1 1 1 1 1 1 1 1 1 1 1 1 1 1 1 1 1 1 1 1 1 1 1 1 1 1 1 1 1 1 1 1 1 1 1 1 1 1 1 1 1 1 1 1 1 1 1 1 1 1 1 1 1 1 1 1 1 1 1 1 1 1 1 1 1 1 1 1 1 1 1 1 1 1 1 1 1 1 1 1 1 1 1 1 1 1 1 1 1 1 1 1 1 1 1 1 1 1 1 1 1 1 1 1 1 1 1 1 1 1 1 1 1 1 1 1 1 1 1 1 1 1 1 1 1 1 1 1 1 1 1 1 1 1 1 1 1 1 1 1 1 1 1 1 1 1 1 1 1 1 1 1 1 1 1 1 1 1 1 1 1 1 1 1 1 1 1 1 1 1 1 1 1 1 1 1 1 1 1 1 1 1 1 1 1 1 1 1 1 1 1 1 1 1 1 1 1 1 1 1 1 1 1 1 1 1 1 1 1 1 1 1 1 1 1 1 1 1 1 1 1 1 1 1 1 1 1 1 1 1 1 1 1 1 1 1 1 1 1 1 1 1 1 1 1 1 1 1 1 1 1 1 1 1 1 1 1 1 1 1 1 1 1 1 1 1 1 1 1 1 1 1 1 1 1 1 1 1 1 1 1 1 1 1 1 1 1 1 1 1 1 1 1 1 1 1 1 1 1 1 1 1 1 1 1 1 1 1 1 1 1 1 1 1 1 1 1 1 1 1 1 1 1 1 1 1 1 1 1 1 1 1 1 1 1 1 1 1 1 1 1 1 1 1 1 1 1 1 1 1 1 1 1 1 1 1 1 1 1 1 1 1 1 1 1 1 1 1 1 1 1 1 1 1 1 1 1 1 1 1 1 1 1 1 1 1 1 1 1 1 1 1 1 1 1 1 1 1 1 1 1 1 1 1 1 1 1 1 1 1 1 1 1 1 1 1 1 1 1 1 1 1 1 1 1 1 1 1 1 1 1 1 1 1 1 1 1 1 1 1 1 1 1 1 1 1 1 1 1 1 1 1 1 1 1 1 1 1 1 1 1 1 1 1 1 1 1 1 1 1 1 1 1 1 1 1 1 1 1 1 1 1 1 1 1 1 1 1 1 1 1 1 1 1 1 1 1 1 1 1 1 1 1 1 1 1 1 1 1 1 1 1 1 1 1 1 1 1 1 1 1 1 1 1 1 1 1 1 1 1 1 1 1 1 1 1 1 1 1 1 1 1 1 1 1 1 1 1 1 1 1 1 1 1 1 1 1 1 1 1 1 1 1 1 1 1 1 1 1 1 1 1 1 1 1 1 1 1 1 1 1 1 1 1 1 1 1 1 1 1 1 1 1 1 1 1 1 1 1 1 1 1 1 1 1 1 1 1 1 1 1 1 1 1 1 1 1 1 1 1 1 1 1 1 1 1 1 1 1 1 1 1 1 1 1 1 1 1 1 1 1 1 1 1 1 1 1 1 1 1 1 1 1 1 1 1 1 1 1 1 1 1 1 1 1 1 1 1 1 1 1 1 1 1 1 1 1 1 1 1 1 1 1 1 1 1 1 1 1 1 1 1 1 1 1 1 1 1 1 1 1 1 1 1 1 1 1 1 1 1 1 1 1 1 1 1 1 1 1 1 1 1 1 1 1 1 1 1 1 1 1 1 1 1 1 1 1 1 1 1 1 1 1 1 1 1 1 1 1 1 1 1 1 1 1 1 1 1 1 1 1 1 1 1 1 1 1 1 1 1 1 1 1 1 1 1 1 1 1 1 1 1 1 1 1 1 1 1 1 1 1 1 1 1 1 1 1 1 1 1 1 1 1 1 1 1 1 1 1 1 1 1 1 1 1 1 1 1 1 1 1 1 1 1 1 1 1 1 1 1 1 1 1 1 1 1 1 1 1 1 1 1 1 1 1 1 1 1 1 1 1 1 1 1 1 1 1 1 1 1 1 1 1 1 1 1 1 1 1 1 1 1 1 1 1 1 1 1 1 1 1 1 1 1 1 1 1 1 1 1 1 1 1 1 1 1 1 1 1 1 1 1 1 1 1 1 1 1 1 1 1 1 1 1 1 1 1 1 1 1 1 1 1 1 1 1 1 1 1 1 1 1 1 1 1 1 1 1 1 1 1 1 1 1 1 1 1 1 1 1 1 1 1 1 1 1 1 1 1 1 1 1 1 1 1 1 1 1 1 1 1 1 1 1 1 1 1 1 1 1 1 1 1 1 1 1 1 1 1 1 1 1 1 1 1 1 1 1 1 1 1 1 1 1 1 1 1 1 1 1 1 1 1 1 1 1 1 1 1 1 1 1 1 1 1 1 1 1 1 1 1 1 1 1 1 1 1 1 1 1 1 1 1 1 1 1 1 1 1 1 1 1 1 1 1 1 1 1 1 1 1 1 1 1 1 1 1 1 1 1 1 1 1 1 1 1 1 1 1 1 1 1 1 1 1 1 1 1 1 1 1 1 1 1 1 1 1 1 1 1 1 1 1 1 1 1 1 1 1 1 1 1 1 1 1 1 1 1 1 1 1 1 1 1 1 1 1 1 1 1 1 1 1 1 1 1 1 1 1 1 1 1 1 1 1 1 1 1 1 1 1 1 1 1 1 1 1 1 1 1 1 1 1 1 1 1 1 1 1 1 1 1 1 1 1 1 1 1 1 1 1 1 1 1 1 1 1 1 1 1 1 1 1 1 1 1 1 1 1 1 1 1 1 1 1 1 1 1 1 1 1 1 1 1 1 1 1 1 1 1 1 1 1 1 1 1 1 1 1 1 1 1 1 1 1 1 1 1 1 1 1 1 1 1 1 1 1 1 1 1 1 1 1 1 1 1 1 1 1 1 1 1 1 1 1 1 1 1 1 1 1 1 1 1 1 1 1 1 1 1 1 1 1 1 1 1 1 1 1 1 1 1 1 1 1 1 1 1 1 1 1 1 1 1 1 1 1 1 1 1 1 1 1 1 1 1 1 1 1 1 1 1 1 1 1 1 1 1 1 1 1 1 1 1 1 1 1 1 1 1 1 1 1 1 1 1 1 1 1 1 1 1 1 1 1 1 1 1 1 1 1 1 1 1 1 1 1 1 1 1 1 1 1 1 1 1 1 1 1 1 1 1 1 1 1 1 1 1 1 1 1 1 1 1 1 1 1 1 1 1 1 1 1 1 1 1 1 1 1 1 1 1 1 1 1 1 1 1 1 1 1 1 1 1 1 1 1 1 1 1 1 1 1 1 1 1 1 1 1 1 1 1 1 1 1 1 1 1 1 1 1 1 1 1 1 1 1 1 1 1 1 1 1 1 1 1 1 1 1 1 1 1 1 1 1 1 1 1 1 1 1 1 1 1 1 1 1 1 1 1 1 1 1 1 1 1 1 1 1 1 1 1 1 1 1 1 1 1 1 1 1 1 1 1 1 1 1 1 1 1 1 1 1 1 1 1 1 1 1 1 1 1 1 1 1 1 1 1 1 1 1 1 1 1 1 1 1 1 1 1 1 1 1 1 1 1 1 1 1 1 1 1 1 1 1 1 1 1 1 1 1 1 1 1 1 1 1 1 1 1 1 1 1 1 1 1 1 1 1 1 1 1 1 1 1 1 1 1 1 1 1 1 1 1 1 1 1 1 1 1 1 1 1 1 1 1 1 1 1 1 1 1 1 1 1 1 1 1 1 1 1 1 1 1 1 1 1 1 1 1 1 1 1 1 1 1 1 1 1 1 1 1 1 1 1 1 1 1 1 1 1 1 1 1 1 1 1 1 1 1 1 1 1 1 1 1 1 1 1 1 1 1 1 1 1 1 1 1 1 1 1 1 1 1 1 1 1 1 1 1 1 1 1 1 1 1 1 1 1 1 1 1 1 1 1 1 1 1 1 1 1 1 1 1 1 1 1 1 1 1 1 1 1 1 1 1 1 1 1 1 1 1 1 1 1 1 1 1 1 1 1 1 1 1 1 1 1 1 1 1 1 1 1 1 1 1 1 1 1 1 1 1 1 1 1 1 1 1 1 1 1 1 1 1 1 1 1 1 1 1 1 1 1 1 1 1 1 1 1 1 1 1 1 1 1 1 1 1 1 1 1 1 1 1 1 1 1 1 1 1 1 1 1 1 1 1 1 1 1 1 1 1 1 1 1 1 1 1 1 1 1 1 1 1 1 1 1 1 1 1 1 1 1 1 1 1 1 1 1 1 1 1 1 1 1 1 1 1 1 1 1 1 1 1 1 1 1 1 1 1 1 1 1 1 1 1 1 1 1 1 1 1 1 1 1 1 1 1 1 1 1 1 1 1 1 1 1 1 1 1 1 1 1 1 1 1 1 1 1 1 1 1 1 1 1 1 1 1 1 1 1 1 1 1 1 1 1 1 1 1 1 1 1 1 1 1 1 1 1 1 1 1 1 1 1 1 1 1 1 1 1 1 1 1 1 1 1 1 1 1 1 1 1 1 1 1 1 1 1 1 1 1 1 1 1 1 1 1 1 1 1 1 1 1 1 1 1 1 1 1 1 1 1 1 1 1 1 1 1 1 1 1 1 1 1 1 1 1 1 1 1 1 1 1 1 1 1 1 1 1 1 1 1 1 1 1 1 1 1 1 1 1 1 1 1 1 1 1 1 1 1 1 1 1 1 1 1 1 1 1 1 1 1 1 1 1 1 1 1 1 1 1 1 1 1 1 1 1 1 1 1 1 1 1 1 1 1 1 1 1 1 1 1 1 1 1 1 1 1 1 1 1 1 1 1 1 1 1 1 1 1 1 1 1 1 1 1 1 1 1 1 1 1 1 1 1 1 1 1 1 1 1 1 1 1 1 1 1 1 1 1 1 1 1 1 1 1 1 1 1 1 1 1 1 1 1 1 1 1 1 1 1 1 1 1 1 1 1 1 1 1 1 1 1 1 1 1 1 1 1 1 1 1 1 1 1 1 1 1 1 1 1 1 1 1 1 1 1 1 1 1 1 1 1 1 1 1 1 1 1 1 1 1 1 1 1 1 1 1 1 1 1 1 1 1 1 1 1 1 1 1 1 1 1 1 1 1 1 1 1 1 1 1 1 1 1 1 1 1 1 1 1 1 1 1 1 1 1 1 1 1 1 1 1 1 1 1 1 1 1 1 1 1 1 1 1 1 1 1 1 1 1 1 1 1 1 1 1 1 1 1 1 1 1 1 1 1 1 1 1 1 1 1 1 1 1 1 1 1 1 1 1 1 1 1 1 1 1 1 1 1 1 1 1 1 1 1 1 1 1 1 1 1 1 1 1 1 1 1 1 1 1 1 1 1 1 1 1 1 1 1 1 1 1 1 1 1 1 1 1 1 1 1 1 1 1 1 1 1 1 1 1 1 1 1 1 1 1 1 1 1 1 1 1 1 1 1 1 1 1 1 1 1 1 1 1 1 1 1 1 1 1 1 1 1 1 1 1 1 1 1 1 1 1 1 1 1 1 1 1 1 1 1 1 1 1 1 1 1 1 1 1 1 1 1 1 1 1 1 1 1 1 1 1 1 1 1 1 1 1 1 1 1 1 1 1 1 1 1 1 1 1 1 1 1 1 1 1 1 1 1 1 1 1 1 1 1 1 1 1 1 1 1 1 1 1 1 1 1 1 1 1 1 1 1 1 1 1 1 1 1 1 1 1 1 1 1 1 1 1 1 1 1 1 1 1 1 1 1 1 1 1 1 1 1 1 1 1 1 1 1 1 1 1 1 1 1 1 1 1 1 1 1 1 1 1 1 1 1 1 1 1 1 1 1 1 1 1 1 1 1 1 1 1 1 1 1 1 1 1 1 1 1 1 1 1 1 1 1 1 1 1 1 1 1 1 1 1 1 1 1 1 1 1 1 1 1 1 1 1 1 1 1 1 1 1 1 1 1 1 1 1 1 1 1 1
        </DataArray>
      </Cells>
      <PointData>
        <DataArray type="Int32" Name="ParticleID" format="ascii">
          1608 1670 1674 1675 1676 1677 1678 1712 1746 1748 1780 1814 1917 1951 1952 1984 2042 2053 2087 2143 2144 2145 2155 2176 2177 2178 2179 2180 2183 2184 2187 2189 2219 2220 2221 2223 2224 2253 2254 2255 2257 2258 2259 2285 2287 2288 2289 2290 2319 2320 2321 2322 2323 2324 2326 2352 2357 2358 2359 2360 2386 2387 2391 2392 2393 2421 2427 2453 2455 2461 2462 2487 2489 2495 2496 2525 2529 2530 2531 2557 2563 2564 2565 2566 2591 2593 2596 2625 2626 2629 2631 2632 2665 2666 2693 2699 2700 2726 2727 2733 2734 2761 2767 2768 2793 2799 2801 2802 2831 2832 2833 2835 2836 2863 2865 2866 2867 2869 2870 2897 2899 2900 2901 2902 2931 2936 2937 2938 2970 2971 2998 3004 3005 3039 3073 3107 3141 3171 3377 3410 3443 3444 3445 3679 3680 3713 3714 3809 3810 3843 7110 7114 7115 7116 7117 7118 7152 7186 7424 7457 7482 7616 7627 7660 7661 7694 7695 7697 7727 7728 7729 7730 7762 7763 7764 7767 7792 7797 7798 7826 7832 7901 7935 7969 7970 8003 8036 8069 8239 8269 8271 8272 8273 8305 8306 8307 8341 8342 8376 8410 8438 8444 8607 8609 8642 9086 9119 9120 9217 9249 9250 9283 12548 12549 12550 12551 12552 12553 12558 12818 12831 12852 12853 12854 12855 12856 12857 12858 12859 12860 12861 12862 12863 12864 12867 12868 12886 12887 12888 12889 12890 12891 12892 12896 12897 12898 12925 12931 12932 12959 12966 13096 13137 13167 13168 13169 13170 13201 13202 13203 13204 13227 13228 13229 13230 13231 13232 13236 13237 13238 13266 13271 13272 13305 13306 13307 13339 13340 13341 13373 13374 13375 13397 13398 13401 13402 13406 13409 13432 13435 13436 13443 13446 13473 13474 13475 13476 13478 13479 13502 13507 13508 13509 13510 13533 13534 13537 13538 13542 13543 13544 13567 13568 13571 13572 13576 13577 13578 13602 13610 13611 13612 13636 13638 13644 13645 13670 13672 13674 13676 13678 13704 13708 13738 13742 13780 13781 13782 13815 13816 13849 13850 13883 13884 13885 13917 13918 13919 13950 13952 13985 14043 14044 14045 14047 14048 14049 14050 14081 14082 14083 14115 14116 14149 14228 14261 14262 14294 14493 14526 14559 14560 14592 14593 14594 14625 14626 14627 14628 14655 14656 14657 14658 14659 14660 14661 14662 14689 14690 14691 14692 14693 14694 14695 14696 14723 14724 14725 14726 14727 14728 14729 14730 14757 14758 14759 14760 14761 14762 14763 14764 17986 17987 17988 17989 17990 17991 17992 17993 17994 17995 17996 17997 17998 18022 18023 18024 18032 18258 18271 18292 18293 18294 18295 18296 18300 18301 18302 18303 18304 18307 18308 18326 18327 18328 18329 18330 18333 18334 18335 18336 18337 18338 18341 18360 18361 18362 18363 18364 18369 18370 18371 18372 18395 18396 18397 18398 18404 18405 18406 18439 18440 18475 18607 18608 18609 18610 18641 18642 18643 18644 18667 18668 18670 18671 18672 18675 18676 18677 18678 18702 18706 18709 18710 18711 18712 18743 18744 18745 18746 18747 18777 18778 18779 18781 18815 18838 18840 18842 18845 18849 18852 18872 18879 18883 18886 18909 18913 18914 18915 18916 18918 18919 18947 18948 18949 18950 18952 18973 18974 18977 18978 18981 18982 18983 18984 19007 19008 19012 19015 19016 19017 19018 19049 19050 19051 19052 19053 19083 19084 19085 19110 19112 19144 19151 19178 19219 19220 19221 19222 19253 19254 19255 19256 19287 19288 19289 19290 19321 19322 19323 19324 19325 19355 19356 19357 19388 19390 19418 19421 19422 19449 19451 19452 19453 19455 19456 19464 19483 19484 19485 19486 19489 19493 19494 19498 19528 19562 19596 19622 19623 19629 19630 19653 19654 19655 19662 19663 19668 19688 19701 19899 19933 19966 19999 20000 20031 20032 20033 20034 20061 20062 20063 20064 20065 20095 20096 20097 20103 20129 20130 20137 20164 20165 20197 20198 20199 20200 20201 20202 20203 20204 23426 23427 23428 23429 23430 23431 23432 23433 23434 23435 23436 23437 23438 23460 23461 23462 23463 23464 23469 23470 23471 23472 23495 23496 23497 23498 23505 23506 23634 23638 23668 23672 23674 23698 23702 23706 23708 23732 23733 23734 23735 23736 23740 23741 23742 23743 23744 23747 23748 23766 23767 23768 23769 23770 23774 23775 23776 23777 23778 23781 23800 23801 23802 23803 23804 23808 23809 23810 23811 23812 23814 23834 23835 23836 23837 23838 23842 23843 23844 23845 23846 23848 23877 23878 23879 23880 23881 23882 23883 23916 24047 24048 24049 24050 24052 24081 24082 24083 24084 24085 24086 24108 24115 24116 24117 24118 24119 24149 24150 24151 24152 24153 24183 24184 24185 24186 24253 24258 24285 24286 24287 24288 24289 24292 24319 24320 24321 24322 24323 24324 24326 24353 24354 24355 24356 24357 24358 24359 24360 24387 24388 24389 24390 24391 24392 24393 24421 24422 24423 24424 24425 24426 24427 24455 24456 24457 24458 24459 24460 24461 24489 24490 24491 24492 24493 24494 24495 24525 24628 24659 24660 24661 24662 24663 24664 24665 24693 24694 24695 24696 24697 24698 24727 24728 24729 24730 24731 24761 24762 24763 24764 24794 24795 24796 24797 24828 24831 24858 24862 24865 24870 24892 24896 24898 24899 24904 24923 24924 24925 24926 24931 24932 24933 24934 24936 24937 24938 24957 24958 24959 24960 24965 24966 24967 24968 24971 24991 24992 24993 24994 24999 25000 25001 25002 25025 25026 25027 25028 25033 25034 25035 25036 25059 25060 25061 25062 25067 25068 25069 25070 25093 25094 25095 25096 25103 25108 25141 25196 25305 25306 25339 25340 25373 25374 25436 25437 25438 25467 25468 25469 25470 25471 25476 25501 25502 25503 25504 25509 25510 25535 25536 25537 25543 25544 25604 25605 25606 25607 25608 28870 28903 28904 29172 29173 29174 29175 29176 29180 29181 29182 29183 29184 29188 29206 29207 29208 29209 29210 29214 29215 29216 29217 29218 29241 29242 29243 29244 29250 29251 29252 29255 29275 29276 29277 29278 29284 29285 29286 29319 29320 29487 29488 29489 29490 29521 29522 29523 29524 29555 29556 29557 29558 29590 29591 29592 29687 29691 29692 29693 29694 29725 29726 29727 29728 29729 29761 29763 29764 29765 29793 29794 29795 29796 29799 29800 29827 29828 29829 29830 29833 29834 29861 29862 29863 29864 29866 29867 29868 29895 29896 29897 29898 29901 29930 29931 29932 30099 30100 30101 30102 30133 30134 30135 30136 30167 30168 30169 30170 30203 30204 30264 30298 30305 30332 30338 30339 30366 30374 30408 30442 30465 30476 30548 30581 30710 30744 30745 30746 30747 30777 30778 30779 30780 30781 30810 30811 30812 30813 30814 30815 30840 30841 30842 30843 30844 30845 30849 30873 30874 30875 30876 30877 30878 30881 30882 30883 30907 30908 30909 30910 30911 30915 30916 30917 30918 30941 30942 30943 30944 30950 30951 34578 34616 34620 34624 34646 34658 34787 34821 34822 34823 34855 34856 34857 34889 34890 34891 34892 34897 34898 35059 35060 35061 35067 35093 35094 35095 35096 35097 35098 35101 35127 35128 35129 35130 35131 35132 35135 35161 35162 35163 35164 35165 35169 35170 35195 35196 35197 35198 35199 35203 35204 35205 35206 35236 35240 35269 35270 35365 35366 35367 35368 35373 35399 35400 35401 35402 35407 35433 35434 35435 35436 35441 35467 35468 35469 35470 35475 35671 35672 35673 35676 35705 35706 35739 35773 35988 36021 36022 36109 36110 36111 36112 36113 36114 36115 36116 36143 36144 36145 36146 36147 36148 36149 36150 36177 36178 36179 36180 36181 36182 36183 36184 36211 36212 36213 36214 36215 36216 36217 36218 36219 36220 36221 36245 36246 36247 36248 36249 36250 36251 36252 36253 36254 36255 36256 36279 36280 36281 36282 36283 36284 36285 36287 36288 36289 36290 36291 36313 36314 36315 36316 36317 36318 36321 36322 36323 36324 36325 36347 36348 36349 36350 36351 36356 36357 36358 40056 40060 40064 40093 40094 40098 40226 40261 40295 40296 40297 40329 40330 40331 40332 40337 40338 40362 40366 40395 40396 40399 40400 40429 40430 40471 40499 40533 40534 40567 40568 40569 40597 40601 40602 40603 40604 40609 40635 40636 40637 40638 40639 40640 40641 40642 40643 40644 40668 40671 40672 40673 40676 40680 40707 40767 40768 40769 40770 40771 40772 40777 40804 40805 40806 40811 40839 40840 40845 40873 40874 40907 40908 40909 40973 40977 40978 40981 41077 41428 41461 41462 41495 41496 41515 41516 41517 41518 41519 41520 41521 41522 41549 41550 41551 41552 41553 41554 41555 41556 41583 41584 41585 41586 41587 41588 41589 41590 41617 41618 41619 41620 41621 41622 41623 41624 41651 41652 41653 41654 41655 41656 41657 41658 41685 41686 41687 41688 41689 41690 41691 41692 41719 41720 41721 41722 41723 41724 41725 41727 41728 41729 41730 41731 41732 41753 41754 41755 41756 41757 41758 41761 41762 41763 41764 41765 45496 45500 45504 45666 45699 45700 45732 45733 45734 45740 45765 45766 45767 45768 45802 45806 45836 45870 45904 45938 45971 45972 46005 46006 46038 46039 46040 46071 46072 46073 46074 46075 46079 46108 46112 46116 46120 46244 46252 46277 46278 46310 46311 46312 46344 46345 46346 46352 46380 46414 46448 46482 46516 46550 46690 46694 46868 46889 46890 46902 46921 46922 46923 46924 46925 46926 46927 46928 46936 46955 46956 46957 46958 46959 46960 46961 46962 46970 46989 46990 46991 46992 46993 46994 46995 46996 47004 47023 47024 47025 47026 47027 47028 47029 47030 47038 47057 47058 47059 47060 47061 47062 47063 47064 47072 47091 47092 47093 47094 47095 47096 47097 47098 47106 47125 47126 47127 47128 47129 47130 47131 47132 47140 47159 47160 47161 47162 47163 47164 47165 47167 47168 47169 47170 47171 47172 47173 47174 47193 47194 47195 47196 47197 47198 47242 47276 47310 47344 47378 47412 50762 50796 50833 51106 51139 51140 51172 51173 51242 51276 51310 51344 51378 51412 51445 51446 51478 51479 51480 51511 51512 51513 51514 51519 51684 51692 51717 51718 51751 51752 51759 51784 51785 51786 51793 51819 51820 51854 51888 51956 52327 52328 52329 52330 52331 52332 52333 52334 52361 52362 52363 52364 52365 52366 52367 52368 52395 52396 52397 52398 52399 52400 52401 52402 52429 52430 52431 52432 52433 52434 52435 52436 52463 52464 52465 52466 52467 52468 52469 52470 52497 52498 52499 52500 52501 52502 52503 52504 52531 52532 52533 52534 52535 52536 52537 52538 52565 52566 52567 52568 52569 52570 52571 52572 56168 56202 56240 56343 56344 56345 56346 56347 56348 56349 56409 56410 56411 56412 56413 56414 56415 56419 56442 56443 56444 56445 56446 56447 56448 56449 56450 56451 56452 56453 56454 56475 56476 56477 56478 56479 56480 56481 56482 56483 56484 56485 56486 56487 56488 56489 56818 56823 56824 56825 56826 56827 56828 56829 56852 56856 56857 56858 56859 56860 56861 56862 56863 56885 56886 56889 56890 56891 56892 56893 56894 56895 56896 56897 56922 56923 56924 56925 56926 56927 56928 56929 56930 56931 56955 56956 56957 56958 56959 56960 56961 56962 56963 56964 56965 56966 56988 56989 56990 56991 56992 56993 56994 56995 56996 56997 56998 56999 57021 57022 57023 57024 57025 57026 57027 57028 57029 57030 57031 57032 57033 57034 57054 57055 57056 57057 57058 57059 57060 57061 57062 57063 57064 57065 57066 57067 57068 57087 57088 57089 57090 57091 57092 57093 57094 57095 57096 57097 57098 57099 57100 57101 57102 57401 57434 57435 57436 57437 57438 57439 57440 57467 57468 57469 57470 57471 57472 57473 57474 57500 57501 57502 57503 57504 57505 57506 57507 57533 57534 57535 57536 57537 57538 57539 57540 57541 57567 57568 57569 57571 57572 57573 57600 57601 57602 57603 57604 57605 57606 57607 57609 57633 57634 57635 57636 57637 57638 57639 57640 57641 57643 57666 57667 57668 57669 57670 57671 57672 57673 57674 57675 57677 57699 57700 57701 57702 57703 57704 57705 57706 57707 57708 57709 57711 61472 61506 61540 61549 61574 61608 61679 61680 61681 61682 61683 61685 61713 61714 61715 61716 61717 61718 61719 61720 61750 61751 61752 61753 61754 61755 61756 61783 61784 61785 61786 61787 61788 61789 61790 61791 61816 61817 61818 61819 61820 61821 61822 61823 61824 61825 61826 61827 61849 61850 61851 61852 61853 61854 61855 61856 61857 61858 61859 61860 61861 61862 61882 61883 61884 61885 61886 61887 61888 61889 61890 61891 61892 61893 61894 61895 61896 61915 61916 61917 61918 61919 61920 61921 61922 61923 61924 61925 61926 61927 61928 61929 61930 61949 61957 61983 61990 61991 62017 62023 62024 62025 62051 62059 62085 62093 62119 62127 62153 62161 62162 62187 62221 62229 62230 62231 62232 62233 62234 62255 62257 62258 62259 62260 62261 62263 62264 62265 62266 62267 62268 62269 62270 62289 62291 62292 62293 62294 62295 62296 62297 62298 62299 62300 62301 62302 62303 62304 62323 62325 62326 62327 62328 62329 62330 62331 62332 62333 62334 62335 62336 62337 62338 62357 62361 62362 62363 62364 62365 62366 62367 62368 62369 62370 62371 62372 62391 62395 62396 62397 62398 62399 62400 62401 62402 62403 62404 62405 62406 62425 62428 62429 62430 62431 62432 62433 62434 62435 62436 62437 62438 62439 62440 62459 62461 62462 62463 62464 62465 62466 62467 62468 62469 62470 62471 62472 62473 62474 62493 62494 62495 62496 62497 62498 62499 62500 62501 62502 62503 62504 62505 62506 62507 62508 62527 62528 62529 62530 62531 62532 62533 62534 62535 62536 62537 62538 62539 62540 62541 62542 62561 62568 62569 62595 62603 62629 62637 62663 62671 62697 62705 62731 62739 62765 62773 62799 62833 62841 62842 62843 62844 62845 62846 62847 62848 62867 62869 62874 62875 62876 62877 62878 62879 62880 62881 62882 62901 62907 62908 62909 62910 62911 62912 62913 62914 62915 62916 62935 62940 62941 62942 62943 62944 62945 62946 62947 62948 62949 62973 62974 62975 62976 62977 62978 62979 62980 62981 62982 62983 63007 63008 63009 63010 63011 63012 63013 63014 63015 63016 63017 63040 63041 63042 63043 63044 63045 63046 63047 63048 63049 63050 63051 63073 63074 63075 63076 63077 63078 63079 63080 63081 63082 63083 63084 63085 63086 63106 63107 63108 63109 63110 63111 63112 63113 63114 63115 63116 63117 63118 63119 63120 63139 63140 63141 63142 63143 63144 63145 63146 63147 63148 63149 63150 63151 63152 63153 63154 63173 63181 63215 63249 63283 63317 66980 67014 67120 67121 67122 67123 67154 67155 67156 67188 67189 67219 67223 67224 67225 67227 67228 67253 67256 67257 67258 67259 67260 67261 67262 67263 67264 67287 67289 67290 67291 67292 67293 67294 67295 67296 67297 67298 67299 67300 67321 67322 67323 67324 67325 67326 67327 67329 67330 67331 67332 67333 67334 67335 67336 67355 67356 67357 67358 67359 67360 67361 67362 67363 67364 67365 67366 67367 67368 67369 67370 67389 67397 67423 67430 67431 67438 67457 67463 67464 67465 67466 67491 67496 67497 67498 67499 67500 67525 67526 67533 67534 67559 67560 67567 67568 67593 67627 67636 67637 67661 67669 67670 67671 67672 67673 67695 67697 67698 67699 67700 67701 67703 67704 67705 67706 67707 67708 67729 67732 67733 67734 67735 67736 67737 67738 67739 67740 67741 67742 67763 67766 67767 67768 67769 67770 67771 67772 67773 67774 67775 67776 67797 67800 67801 67802 67803 67804 67805 67806 67807 67808 67809 67810 67831 67834 67835 67836 67837 67838 67839 67840 67841 67842 67843 67844 67845 67865 67868 67869 67870 67871 67872 67873 67874 67875 67876 67877 67878 67879 67880 67899 67901 67902 67903 67904 67905 67906 67907 67908 67909 67910 67911 67912 67913 67914 67933 67934 67935 67936 67937 67938 67939 67940 67941 67942 67943 67944 67945 67946 67947 67948 67967 67968 67969 67970 67971 67972 67973 67974 67975 67976 67977 67978 67979 67980 67981 67982 68001 68002 68008 68009 68010 68035 68036 68042 68043 68044 68069 68070 68077 68078 68103 68104 68111 68112 68137 68138 68145 68146 68171 68172 68179 68205 68239 68248 68249 68250 68251 68252 68273 68281 68282 68283 68284 68285 68286 68307 68314 68315 68316 68317 68318 68319 68320 68341 68347 68348 68349 68350 68351 68352 68353 68375 68380 68381 68382 68383 68384 68385 68386 68409 68413 68414 68415 68416 68417 68418 68419 68420 68443 68447 68448 68449 68450 68451 68452 68453 68477 68480 68481 68482 68483 68484 68485 68486 68487 68511 68513 68514 68515 68516 68517 68518 68519 68520 68521 68522 68545 68546 68547 68548 68549 68550 68551 68552 68553 68554 68555 68556 68579 68580 68581 68582 68583 68584 68585 68586 68587 68588 68589 68590 68591 68592 68613 68621 68647 68655 68681 68689 68715 68749 72258 72386 72420 72561 72562 72563 72595 72596 72629 72727 72728 72735 72736 72761 72769 72770 72771 72772 72803 72804 72805 72806 72807 72808 72809 72829 72863 72864 72870 72871 72878 72897 72898 72903 72904 72905 72906 72912 72931 72932 72936 72937 72938 72939 72940 72965 72966 72969 72970 72971 72972 72973 72974 72999 73000 73003 73004 73005 73006 73037 73038 73039 73040 73071 73072 73073 73074 73101 73107 73108 73110 73135 73136 73138 73139 73140 73141 73143 73144 73145 73169 73170 73172 73173 73174 73175 73177 73178 73203 73204 73207 73208 73209 73210 73211 73212 73213 73237 73238 73241 73242 73243 73244 73245 73246 73247 73271 73272 73275 73276 73277 73278 73279 73280 73281 73282 73305 73306 73308 73309 73310 73311 73312 73313 73314 73315 73316 73339 73340 73341 73342 73343 73344 73345 73346 73347 73348 73349 73350 73351 73352 73373 73374 73375 73376 73377 73378 73379 73380 73381 73382 73383 73384 73385 73386 73387 73407 73408 73409 73410 73411 73412 73413 73414 73415 73416 73417 73418 73419 73420 73421 73422 73441 73442 73448 73449 73450 73475 73476 73482 73483 73484 73509 73510 73515 73516 73517 73518 73543 73544 73551 73552 73577 73578 73611 73612 73645 73646 73650 73651 73652 73655 73679 73685 73686 73688 73689 73713 73719 73720 73721 73722 73723 73751 73752 73753 73755 73756 73789 73920 73921 73954 73955 73956 74053 77698 77731 77732 77792 77826 77860 78001 78002 78003 78035 78036 78243 78244 78310 78318 78343 78344 78351 78352 78376 78377 78378 78410 78411 78412 78444 78445 78446 78448 78449 78478 78479 78480 78481 78482 78512 78513 78514 78515 78546 78547 78548 78579 78580 78581 78613 78614 78615 78647 78648 78681 78779 78780 78787 78813 78821 78822 78823 78855 78856 78857 78858 78859 78881 78882 78883 78887 78888 78889 78915 78916 78917 78921 78922 78923 78930 78949 78950 78951 78955 78956 78957 78983 78988 78989 78990 79022 79023 79024 79056 79057 79058 79059 79060 79061 79090 79091 79092 79094 79124 79125 79126 79158 79159 79160 79192 79193 79226 83138 83146 83171 83172 83198 83205 83206 83232 83239 83240 83266 83273 83274 83307 83308 83442 83443 83476 83750 83758 83783 83784 83791 83792 83816 83817 83818 83850 83851 83852 83853 83854 83855 83856 83884 83885 83886 83887 83888 83889 83918 83919 83920 83921 83922 83952 83953 83954 83955 83986 83987 83988 84020 84021 84054 84055 84088 84327 84328 84361 84362 84370 84395 84396 84428 84429 84430 84462 84463 84464 84465 84466 84467 84468 84496 84497 84498 84499 84500 84501 84530 84531 84532 84533 84534 84564 84565 84566 84567 84598 84599 84600 84633 88578 88586 88604 88611 88612 88638 88645 88646 88672 88679 88680 88681 88682 88683 88684 88714 88715 88716 88717 88748 88749 88750 88751 88782 88816 88850 88883 89156 89190 89198 89223 89224 89257 89258 89259 89260 89261 89262 89263 89291 89292 89293 89294 89295 89296 89325 89326 89327 89328 89329 89359 89360 89361 89362 89393 89394 89395 89427 89428 89461 89462 89495 89767 89768 89776 89801 89802 89809 89810 89835 89836 89842 89869 89870 89871 89872 89873 89874 89875 89903 89904 89905 89906 89907 89908 89937 89938 89939 89940 89941 89971 89972 89973 89974 90005 90006 90007 90039 90040 90073 90380 90448 94010 94018 94044 94052 94053 94054 94055 94056 94057 94058 94086 94087 94088 94089 94090 94091 94120 94121 94122 94123 94124 94154 94155 94156 94157 94158 94188 94189 94190 94191 94222 94223 94224 94257 94596 94630 94637 94664 94665 94666 94667 94668 94669 94670 94698 94699 94700 94701 94702 94703 94732 94733 94734 94735 94736 94766 94767 94768 94769 94800 94801 94802 94834 94835 94868 94902 95208 95216 95242 95243 95244 95245 95246 95247 95248 95249 95276 95277 95278 95279 95280 95281 95282 95310 95311 95312 95313 95314 95315 95344 95345 95346 95347 95348 95378 95379 95380 95381 95412 95413 95414 95446 95447 95480 95889 95890 95891 95892 95893 95925 95926 99450 99484 295732 1608 1670 1674 1675 1676 1677 1678 1712 1746 1748 1780 1814 1917 1951 1952 1984 2042 2053 2087 2143 2144 2145 2155 2176 2177 2178 2179 2180 2183 2184 2187 2189 2219 2220 2221 2223 2224 2253 2254 2255 2257 2258 2259 2285 2287 2288 2289 2290 2319 2320 2321 2322 2323 2324 2326 2352 2357 2358 2359 2360 2386 2387 2391 2392 2393 2421 2427 2453 2455 2461 2462 2487 2489 2495 2496 2525 2529 2530 2531 2557 2563 2564 2565 2566 2591 2593 2596 2625 2626 2629 2631 2632 2665 2666 2693 2699 2700 2726 2727 2733 2734 2761 2767 2768 2793 2799 2801 2802 2831 2832 2833 2835 2836 2863 2865 2866 2867 2869 2870 2897 2899 2900 2901 2902 2931 2936 2937 2938 2970 2971 2998 3004 3005 3039 3073 3107 3141 3171 3377 3410 3443 3444 3445 3679 3680 3713 3714 3809 3810 3843 7110 7114 7115 7116 7117 7118 7152 7186 7424 7457 7482 7616 7627 7660 7661 7694 7695 7697 7727 7728 7729 7730 7762 7763 7764 7767 7792 7797 7798 7826 7832 7901 7935 7969 7970 8003 8036 8069 8239 8269 8271 8272 8273 8305 8306 8307 8341 8342 8376 8410 8438 8444 8607 8609 8642 9086 9119 9120 9217 9249 9250 9283 12548 12549 12550 12551 12552 12553 12558 12818 12831 12852 12853 12854 12855 12856 12857 12858 12859 12860 12861 12862 12863 12864 12867 12868 12886 12887 12888 12889 12890 12891 12892 12896 12897 12898 12925 12931 12932 12959 12966 13096 13137 13167 13168 13169 13170 13201 13202 13203 13204 13227 13228 13229 13230 13231 13232 13236 13237 13238 13266 13271 13272 13305 13306 13307 13339 13340 13341 13373 13374 13375 13397 13398 13401 13402 13406 13409 13432 13435 13436 13443 13446 13473 13474 13475 13476 13478 13479 13502 13507 13508 13509 13510 13533 13534 13537 13538 13542 13543 13544 13567 13568 13571 13572 13576 13577 13578 13602 13610 13611 13612 13636 13638 13644 13645 13670 13672 13674 13676 13678 13704 13708 13738 13742 13780 13781 13782 13815 13816 13849 13850 13883 13884 13885 13917 13918 13919 13950 13952 13985 14043 14044 14045 14047 14048 14049 14050 14081 14082 14083 14115 14116 14149 14228 14261 14262 14294 14493 14526 14559 14560 14592 14593 14594 14625 14626 14627 14628 14655 14656 14657 14658 14659 14660 14661 14662 14689 14690 14691 14692 14693 14694 14695 14696 14723 14724 14725 14726 14727 14728 14729 14730 14757 14758 14759 14760 14761 14762 14763 14764 17986 17987 17988 17989 17990 17991 17992 17993 17994 17995 17996 17997 17998 18022 18023 18024 18032 18258 18271 18292 18293 18294 18295 18296 18300 18301 18302 18303 18304 18307 18308 18326 18327 18328 18329 18330 18333 18334 18335 18336 18337 18338 18341 18360 18361 18362 18363 18364 18369 18370 18371 18372 18395 18396 18397 18398 18404 18405 18406 18439 18440 18475 18607 18608 18609 18610 18641 18642 18643 18644 18667 18668 18670 18671 18672 18675 18676 18677 18678 18702 18706 18709 18710 18711 18712 18743 18744 18745 18746 18747 18777 18778 18779 18781 18815 18838 18840 18842 18845 18849 18852 18872 18879 18883 18886 18909 18913 18914 18915 18916 18918 18919 18947 18948 18949 18950 18952 18973 18974 18977 18978 18981 18982 18983 18984 19007 19008 19012 19015 19016 19017 19018 19049 19050 19051 19052 19053 19083 19084 19085 19110 19112 19144 19151 19178 19219 19220 19221 19222 19253 19254 19255 19256 19287 19288 19289 19290 19321 19322 19323 19324 19325 19355 19356 19357 19388 19390 19418 19421 19422 19449 19451 19452 19453 19455 19456 19464 19483 19484 19485 19486 19489 19493 19494 19498 19528 19562 19596 19622 19623 19629 19630 19653 19654 19655 19662 19663 19668 19688 19701 19899 19933 19966 19999 20000 20031 20032 20033 20034 20061 20062 20063 20064 20065 20095 20096 20097 20103 20129 20130 20137 20164 20165 20197 20198 20199 20200 20201 20202 20203 20204 23426 23427 23428 23429 23430 23431 23432 23433 23434 23435 23436 23437 23438 23460 23461 23462 23463 23464 23469 23470 23471 23472 23495 23496 23497 23498 23505 23506 23634 23638 23668 23672 23674 23698 23702 23706 23708 23732 23733 23734 23735 23736 23740 23741 23742 23743 23744 23747 23748 23766 23767 23768 23769 23770 23774 23775 23776 23777 23778 23781 23800 23801 23802 23803 23804 23808 23809 23810 23811 23812 23814 23834 23835 23836 23837 23838 23842 23843 23844 23845 23846 23848 23877 23878 23879 23880 23881 23882 23883 23916 24047 24048 24049 24050 24052 24081 24082 24083 24084 24085 24086 24108 24115 24116 24117 24118 24119 24149 24150 24151 24152 24153 24183 24184 24185 24186 24253 24258 24285 24286 24287 24288 24289 24292 24319 24320 24321 24322 24323 24324 24326 24353 24354 24355 24356 24357 24358 24359 24360 24387 24388 24389 24390 24391 24392 24393 24421 24422 24423 24424 24425 24426 24427 24455 24456 24457 24458 24459 24460 24461 24489 24490 24491 24492 24493 24494 24495 24525 24628 24659 24660 24661 24662 24663 24664 24665 24693 24694 24695 24696 24697 24698 24727 24728 24729 24730 24731 24761 24762 24763 24764 24794 24795 24796 24797 24828 24831 24858 24862 24865 24870 24892 24896 24898 24899 24904 24923 24924 24925 24926 24931 24932 24933 24934 24936 24937 24938 24957 24958 24959 24960 24965 24966 24967 24968 24971 24991 24992 24993 24994 24999 25000 25001 25002 25025 25026 25027 25028 25033 25034 25035 25036 25059 25060 25061 25062 25067 25068 25069 25070 25093 25094 25095 25096 25103 25108 25141 25196 25305 25306 25339 25340 25373 25374 25436 25437 25438 25467 25468 25469 25470 25471 25476 25501 25502 25503 25504 25509 25510 25535 25536 25537 25543 25544 25604 25605 25606 25607 25608 28870 28903 28904 29172 29173 29174 29175 29176 29180 29181 29182 29183 29184 29188 29206 29207 29208 29209 29210 29214 29215 29216 29217 29218 29241 29242 29243 29244 29250 29251 29252 29255 29275 29276 29277 29278 29284 29285 29286 29319 29320 29487 29488 29489 29490 29521 29522 29523 29524 29555 29556 29557 29558 29590 29591 29592 29687 29691 29692 29693 29694 29725 29726 29727 29728 29729 29761 29763 29764 29765 29793 29794 29795 29796 29799 29800 29827 29828 29829 29830 29833 29834 29861 29862 29863 29864 29866 29867 29868 29895 29896 29897 29898 29901 29930 29931 29932 30099 30100 30101 30102 30133 30134 30135 30136 30167 30168 30169 30170 30203 30204 30264 30298 30305 30332 30338 30339 30366 30374 30408 30442 30465 30476 30548 30581 30710 30744 30745 30746 30747 30777 30778 30779 30780 30781 30810 30811 30812 30813 30814 30815 30840 30841 30842 30843 30844 30845 30849 30873 30874 30875 30876 30877 30878 30881 30882 30883 30907 30908 30909 30910 30911 30915 30916 30917 30918 30941 30942 30943 30944 30950 30951 34578 34616 34620 34624 34646 34658 34787 34821 34822 34823 34855 34856 34857 34889 34890 34891 34892 34897 34898 35059 35060 35061 35067 35093 35094 35095 35096 35097 35098 35101 35127 35128 35129 35130 35131 35132 35135 35161 35162 35163 35164 35165 35169 35170 35195 35196 35197 35198 35199 35203 35204 35205 35206 35236 35240 35269 35270 35365 35366 35367 35368 35373 35399 35400 35401 35402 35407 35433 35434 35435 35436 35441 35467 35468 35469 35470 35475 35671 35672 35673 35676 35705 35706 35739 35773 35988 36021 36022 36109 36110 36111 36112 36113 36114 36115 36116 36143 36144 36145 36146 36147 36148 36149 36150 36177 36178 36179 36180 36181 36182 36183 36184 36211 36212 36213 36214 36215 36216 36217 36218 36219 36220 36221 36245 36246 36247 36248 36249 36250 36251 36252 36253 36254 36255 36256 36279 36280 36281 36282 36283 36284 36285 36287 36288 36289 36290 36291 36313 36314 36315 36316 36317 36318 36321 36322 36323 36324 36325 36347 36348 36349 36350 36351 36356 36357 36358 40056 40060 40064 40093 40094 40098 40226 40261 40295 40296 40297 40329 40330 40331 40332 40337 40338 40362 40366 40395 40396 40399 40400 40429 40430 40471 40499 40533 40534 40567 40568 40569 40597 40601 40602 40603 40604 40609 40635 40636 40637 40638 40639 40640 40641 40642 40643 40644 40668 40671 40672 40673 40676 40680 40707 40767 40768 40769 40770 40771 40772 40777 40804 40805 40806 40811 40839 40840 40845 40873 40874 40907 40908 40909 40973 40977 40978 40981 41077 41428 41461 41462 41495 41496 41515 41516 41517 41518 41519 41520 41521 41522 41549 41550 41551 41552 41553 41554 41555 41556 41583 41584 41585 41586 41587 41588 41589 41590 41617 41618 41619 41620 41621 41622 41623 41624 41651 41652 41653 41654 41655 41656 41657 41658 41685 41686 41687 41688 41689 41690 41691 41692 41719 41720 41721 41722 41723 41724 41725 41727 41728 41729 41730 41731 41732 41753 41754 41755 41756 41757 41758 41761 41762 41763 41764 41765 45496 45500 45504 45666 45699 45700 45732 45733 45734 45740 45765 45766 45767 45768 45802 45806 45836 45870 45904 45938 45971 45972 46005 46006 46038 46039 46040 46071 46072 46073 46074 46075 46079 46108 46112 46116 46120 46244 46252 46277 46278 46310 46311 46312 46344 46345 46346 46352 46380 46414 46448 46482 46516 46550 46690 46694 46868 46889 46890 46902 46921 46922 46923 46924 46925 46926 46927 46928 46936 46955 46956 46957 46958 46959 46960 46961 46962 46970 46989 46990 46991 46992 46993 46994 46995 46996 47004 47023 47024 47025 47026 47027 47028 47029 47030 47038 47057 47058 47059 47060 47061 47062 47063 47064 47072 47091 47092 47093 47094 47095 47096 47097 47098 47106 47125 47126 47127 47128 47129 47130 47131 47132 47140 47159 47160 47161 47162 47163 47164 47165 47167 47168 47169 47170 47171 47172 47173 47174 47193 47194 47195 47196 47197 47198 47242 47276 47310 47344 47378 47412 50762 50796 50833 51106 51139 51140 51172 51173 51242 51276 51310 51344 51378 51412 51445 51446 51478 51479 51480 51511 51512 51513 51514 51519 51684 51692 51717 51718 51751 51752 51759 51784 51785 51786 51793 51819 51820 51854 51888 51956 52327 52328 52329 52330 52331 52332 52333 52334 52361 52362 52363 52364 52365 52366 52367 52368 52395 52396 52397 52398 52399 52400 52401 52402 52429 52430 52431 52432 52433 52434 52435 52436 52463 52464 52465 52466 52467 52468 52469 52470 52497 52498 52499 52500 52501 52502 52503 52504 52531 52532 52533 52534 52535 52536 52537 52538 52565 52566 52567 52568 52569 52570 52571 52572 56168 56202 56240 56343 56344 56345 56346 56347 56348 56349 56409 56410 56411 56412 56413 56414 56415 56419 56442 56443 56444 56445 56446 56447 56448 56449 56450 56451 56452 56453 56454 56475 56476 56477 56478 56479 56480 56481 56482 56483 56484 56485 56486 56487 56488 56489 56818 56823 56824 56825 56826 56827 56828 56829 56852 56856 56857 56858 56859 56860 56861 56862 56863 56885 56886 56889 56890 56891 56892 56893 56894 56895 56896 56897 56922 56923 56924 56925 56926 56927 56928 56929 56930 56931 56955 56956 56957 56958 56959 56960 56961 56962 56963 56964 56965 56966 56988 56989 56990 56991 56992 56993 56994 56995 56996 56997 56998 56999 57021 57022 57023 57024 57025 57026 57027 57028 57029 57030 57031 57032 57033 57034 57054 57055 57056 57057 57058 57059 57060 57061 57062 57063 57064 57065 57066 57067 57068 57087 57088 57089 57090 57091 57092 57093 57094 57095 57096 57097 57098 57099 57100 57101 57102 57401 57434 57435 57436 57437 57438 57439 57440 57467 57468 57469 57470 57471 57472 57473 57474 57500 57501 57502 57503 57504 57505 57506 57507 57533 57534 57535 57536 57537 57538 57539 57540 57541 57567 57568 57569 57571 57572 57573 57600 57601 57602 57603 57604 57605 57606 57607 57609 57633 57634 57635 57636 57637 57638 57639 57640 57641 57643 57666 57667 57668 57669 57670 57671 57672 57673 57674 57675 57677 57699 57700 57701 57702 57703 57704 57705 57706 57707 57708 57709 57711 61472 61506 61540 61549 61574 61608 61679 61680 61681 61682 61683 61685 61713 61714 61715 61716 61717 61718 61719 61720 61750 61751 61752 61753 61754 61755 61756 61783 61784 61785 61786 61787 61788 61789 61790 61791 61816 61817 61818 61819 61820 61821 61822 61823 61824 61825 61826 61827 61849 61850 61851 61852 61853 61854 61855 61856 61857 61858 61859 61860 61861 61862 61882 61883 61884 61885 61886 61887 61888 61889 61890 61891 61892 61893 61894 61895 61896 61915 61916 61917 61918 61919 61920 61921 61922 61923 61924 61925 61926 61927 61928 61929 61930 61949 61957 61983 61990 61991 62017 62023 62024 62025 62051 62059 62085 62093 62119 62127 62153 62161 62162 62187 62221 62229 62230 62231 62232 62233 62234 62255 62257 62258 62259 62260 62261 62263 62264 62265 62266 62267 62268 62269 62270 62289 62291 62292 62293 62294 62295 62296 62297 62298 62299 62300 62301 62302 62303 62304 62323 62325 62326 62327 62328 62329 62330 62331 62332 62333 62334 62335 62336 62337 62338 62357 62361 62362 62363 62364 62365 62366 62367 62368 62369 62370 62371 62372 62391 62395 62396 62397 62398 62399 62400 62401 62402 62403 62404 62405 62406 62425 62428 62429 62430 62431 62432 62433 62434 62435 62436 62437 62438 62439 62440 62459 62461 62462 62463 62464 62465 62466 62467 62468 62469 62470 62471 62472 62473 62474 62493 62494 62495 62496 62497 62498 62499 62500 62501 62502 62503 62504 62505 62506 62507 62508 62527 62528 62529 62530 62531 62532 62533 62534 62535 62536 62537 62538 62539 62540 62541 62542 62561 62568 62569 62595 62603 62629 62637 62663 62671 62697 62705 62731 62739 62765 62773 62799 62833 62841 62842 62843 62844 62845 62846 62847 62848 62867 62869 62874 62875 62876 62877 62878 62879 62880 62881 62882 62901 62907 62908 62909 62910 62911 62912 62913 62914 62915 62916 62935 62940 62941 62942 62943 62944 62945 62946 62947 62948 62949 62973 62974 62975 62976 62977 62978 62979 62980 62981 62982 62983 63007 63008 63009 63010 63011 63012 63013 63014 63015 63016 63017 63040 63041 63042 63043 63044 63045 63046 63047 63048 63049 63050 63051 63073 63074 63075 63076 63077 63078 63079 63080 63081 63082 63083 63084 63085 63086 63106 63107 63108 63109 63110 63111 63112 63113 63114 63115 63116 63117 63118 63119 63120 63139 63140 63141 63142 63143 63144 63145 63146 63147 63148 63149 63150 63151 63152 63153 63154 63173 63181 63215 63249 63283 63317 66980 67014 67120 67121 67122 67123 67154 67155 67156 67188 67189 67219 67223 67224 67225 67227 67228 67253 67256 67257 67258 67259 67260 67261 67262 67263 67264 67287 67289 67290 67291 67292 67293 67294 67295 67296 67297 67298 67299 67300 67321 67322 67323 67324 67325 67326 67327 67329 67330 67331 67332 67333 67334 67335 67336 67355 67356 67357 67358 67359 67360 67361 67362 67363 67364 67365 67366 67367 67368 67369 67370 67389 67397 67423 67430 67431 67438 67457 67463 67464 67465 67466 67491 67496 67497 67498 67499 67500 67525 67526 67533 67534 67559 67560 67567 67568 67593 67627 67636 67637 67661 67669 67670 67671 67672 67673 67695 67697 67698 67699 67700 67701 67703 67704 67705 67706 67707 67708 67729 67732 67733 67734 67735 67736 67737 67738 67739 67740 67741 67742 67763 67766 67767 67768 67769 67770 67771 67772 67773 67774 67775 67776 67797 67800 67801 67802 67803 67804 67805 67806 67807 67808 67809 67810 67831 67834 67835 67836 67837 67838 67839 67840 67841 67842 67843 67844 67845 67865 67868 67869 67870 67871 67872 67873 67874 67875 67876 67877 67878 67879 67880 67899 67901 67902 67903 67904 67905 67906 67907 67908 67909 67910 67911 67912 67913 67914 67933 67934 67935 67936 67937 67938 67939 67940 67941 67942 67943 67944 67945 67946 67947 67948 67967 67968 67969 67970 67971 67972 67973 67974 67975 67976 67977 67978 67979 67980 67981 67982 68001 68002 68008 68009 68010 68035 68036 68042 68043 68044 68069 68070 68077 68078 68103 68104 68111 68112 68137 68138 68145 68146 68171 68172 68179 68205 68239 68248 68249 68250 68251 68252 68273 68281 68282 68283 68284 68285 68286 68307 68314 68315 68316 68317 68318 68319 68320 68341 68347 68348 68349 68350 68351 68352 68353 68375 68380 68381 68382 68383 68384 68385 68386 68409 68413 68414 68415 68416 68417 68418 68419 68420 68443 68447 68448 68449 68450 68451 68452 68453 68477 68480 68481 68482 68483 68484 68485 68486 68487 68511 68513 68514 68515 68516 68517 68518 68519 68520 68521 68522 68545 68546 68547 68548 68549 68550 68551 68552 68553 68554 68555 68556 68579 68580 68581 68582 68583 68584 68585 68586 68587 68588 68589 68590 68591 68592 68613 68621 68647 68655 68681 68689 68715 68749 72258 72386 72420 72561 72562 72563 72595 72596 72629 72727 72728 72735 72736 72761 72769 72770 72771 72772 72803 72804 72805 72806 72807 72808 72809 72829 72863 72864 72870 72871 72878 72897 72898 72903 72904 72905 72906 72912 72931 72932 72936 72937 72938 72939 72940 72965 72966 72969 72970 72971 72972 72973 72974 72999 73000 73003 73004 73005 73006 73037 73038 73039 73040 73071 73072 73073 73074 73101 73107 73108 73110 73135 73136 73138 73139 73140 73141 73143 73144 73145 73169 73170 73172 73173 73174 73175 73177 73178 73203 73204 73207 73208 73209 73210 73211 73212 73213 73237 73238 73241 73242 73243 73244 73245 73246 73247 73271 73272 73275 73276 73277 73278 73279 73280 73281 73282 73305 73306 73308 73309 73310 73311 73312 73313 73314 73315 73316 73339 73340 73341 73342 73343 73344 73345 73346 73347 73348 73349 73350 73351 73352 73373 73374 73375 73376 73377 73378 73379 73380 73381 73382 73383 73384 73385 73386 73387 73407 73408 73409 73410 73411 73412 73413 73414 73415 73416 73417 73418 73419 73420 73421 73422 73441 73442 73448 73449 73450 73475 73476 73482 73483 73484 73509 73510 73515 73516 73517 73518 73543 73544 73551 73552 73577 73578 73611 73612 73645 73646 73650 73651 73652 73655 73679 73685 73686 73688 73689 73713 73719 73720 73721 73722 73723 73751 73752 73753 73755 73756 73789 73920 73921 73954 73955 73956 74053 77698 77731 77732 77792 77826 77860 78001 78002 78003 78035 78036 78243 78244 78310 78318 78343 78344 78351 78352 78376 78377 78378 78410 78411 78412 78444 78445 78446 78448 78449 78478 78479 78480 78481 78482 78512 78513 78514 78515 78546 78547 78548 78579 78580 78581 78613 78614 78615 78647 78648 78681 78779 78780 78787 78813 78821 78822 78823 78855 78856 78857 78858 78859 78881 78882 78883 78887 78888 78889 78915 78916 78917 78921 78922 78923 78930 78949 78950 78951 78955 78956 78957 78983 78988 78989 78990 79022 79023 79024 79056 79057 79058 79059 79060 79061 79090 79091 79092 79094 79124 79125 79126 79158 79159 79160 79192 79193 79226 83138 83146 83171 83172 83198 83205 83206 83232 83239 83240 83266 83273 83274 83307 83308 83442 83443 83476 83750 83758 83783 83784 83791 83792 83816 83817 83818 83850 83851 83852 83853 83854 83855 83856 83884 83885 83886 83887 83888 83889 83918 83919 83920 83921 83922 83952 83953 83954 83955 83986 83987 83988 84020 84021 84054 84055 84088 84327 84328 84361 84362 84370 84395 84396 84428 84429 84430 84462 84463 84464 84465 84466 84467 84468 84496 84497 84498 84499 84500 84501 84530 84531 84532 84533 84534 84564 84565 84566 84567 84598 84599 84600 84633 88578 88586 88604 88611 88612 88638 88645 88646 88672 88679 88680 88681 88682 88683 88684 88714 88715 88716 88717 88748 88749 88750 88751 88782 88816 88850 88883 89156 89190 89198 89223 89224 89257 89258 89259 89260 89261 89262 89263 89291 89292 89293 89294 89295 89296 89325 89326 89327 89328 89329 89359 89360 89361 89362 89393 89394 89395 89427 89428 89461 89462 89495 89767 89768 89776 89801 89802 89809 89810 89835 89836 89842 89869 89870 89871 89872 89873 89874 89875 89903 89904 89905 89906 89907 89908 89937 89938 89939 89940 89941 89971 89972 89973 89974 90005 90006 90007 90039 90040 90073 90380 90448 94010 94018 94044 94052 94053 94054 94055 94056 94057 94058 94086 94087 94088 94089 94090 94091 94120 94121 94122 94123 94124 94154 94155 94156 94157 94158 94188 94189 94190 94191 94222 94223 94224 94257 94596 94630 94637 94664 94665 94666 94667 94668 94669 94670 94698 94699 94700 94701 94702 94703 94732 94733 94734 94735 94736 94766 94767 94768 94769 94800 94801 94802 94834 94835 94868 94902 95208 95216 95242 95243 95244 95245 95246 95247 95248 95249 95276 95277 95278 95279 95280 95281 95282 95310 95311 95312 95313 95314 95315 95344 95345 95346 95347 95348 95378 95379 95380 95381 95412 95413 95414 95446 95447 95480 95889 95890 95891 95892 95893 95925 95926 99450 99484 295732
        </DataArray>
        <DataArray type="Int32" Name="source" format="ascii">
          0 0 0 0 0 0 0 0 0 0 0 0 0 0 0 0 0 0 0 0 0 0 0 0 0 0 0 0 0 0 0 0 0 0 0 0 0 0 0 0 0 0 0 0 0 0 0 0 0 0 0 0 0 0 0 0 0 0 0 0 0 0 0 0 0 0 0 0 0 0 0 0 0 0 0 0 0 0 0 0 0 0 0 0 0 0 0 0 0 0 0 0 0 0 0 0 0 0 0 0 0 0 0 0 0 0 0 0 0 0 0 0 0 0 0 0 0 0 0 0 0 0 0 0 0 0 0 0 0 0 0 0 0 0 0 0 0 0 0 0 0 0 0 0 0 0 0 0 0 0 0 0 0 0 0 0 0 0 0 0 0 0 0 0 0 0 0 0 0 0 0 0 0 0 0 0 0 0 0 0 0 0 0 0 0 0 0 0 0 0 0 0 0 0 0 0 0 0 0 0 0 0 0 0 0 0 0 0 0 0 0 0 0 0 0 0 0 0 0 0 0 0 0 0 0 0 0 0 0 0 0 0 0 0 0 0 0 0 0 0 0 0 0 0 0 0 0 0 0 0 0 0 0 0 0 0 0 0 0 0 0 0 0 0 0 0 0 0 0 0 0 0 0 0 0 0 0 0 0 0 0 0 0 0 0 0 0 0 0 0 0 0 0 0 0 0 0 0 0 0 0 0 0 0 0 0 0 0 0 0 0 0 0 0 0 0 0 0 0 0 0 0 0 0 0 0 0 0 0 0 0 0 0 0 0 0 0 0 0 0 0 0 0 0 0 0 0 0 0 0 0 0 0 0 0 0 0 0 0 0 0 0 0 0 0 0 0 0 0 0 0 0 0 0 0 0 0 0 0 0 0 0 0 0 0 0 0 0 0 0 0 0 0 0 0 0 0 0 0 0 0 0 0 0 0 0 0 0 0 0 0 0 0 0 0 0 0 0 0 0 0 0 0 0 0 0 0 0 0 0 0 0 0 0 0 0 0 0 0 0 0 0 0 0 0 0 0 0 0 0 0 0 0 0 0 0 0 0 0 0 0 0 0 0 0 0 0 0 0 0 0 0 0 0 0 0 0 0 0 0 0 0 0 0 0 0 0 0 0 0 0 0 0 0 0 0 0 0 0 0 0 0 0 0 0 0 0 0 0 0 0 0 0 0 0 0 0 0 0 0 0 0 0 0 0 0 0 0 0 0 0 0 0 0 0 0 0 0 0 0 0 0 0 0 0 0 0 0 0 0 0 0 0 0 0 0 0 0 0 0 0 0 0 0 0 0 0 0 0 0 0 0 0 0 0 0 0 0 0 0 0 0 0 0 0 0 0 0 0 0 0 0 0 0 0 0 0 0 0 0 0 0 0 0 0 0 0 0 0 0 0 0 0 0 0 0 0 0 0 0 0 0 0 0 0 0 0 0 0 0 0 0 0 0 0 0 0 0 0 0 0 0 0 0 0 0 0 0 0 0 0 0 0 0 0 0 0 0 0 0 0 0 0 0 0 0 0 0 0 0 0 0 0 0 0 0 0 0 0 0 0 0 0 0 0 0 0 0 0 0 0 0 0 0 0 0 0 0 0 0 0 0 0 0 0 0 0 0 0 0 0 0 0 0 0 0 0 0 0 0 0 0 0 0 0 0 0 0 0 0 0 0 0 0 0 0 0 0 0 0 0 0 0 0 0 0 0 0 0 0 0 0 0 0 0 0 0 0 0 0 0 0 0 0 0 0 0 0 0 0 0 0 0 0 0 0 0 0 0 0 0 0 0 0 0 0 0 0 0 0 0 0 0 0 0 0 0 0 0 0 0 0 0 0 0 0 0 0 0 0 0 0 0 0 0 0 0 0 0 0 0 0 0 0 0 0 0 0 0 0 0 0 0 0 0 0 0 0 0 0 0 0 0 0 0 0 0 0 0 0 0 0 0 0 0 0 0 0 0 0 0 0 0 0 0 0 0 0 0 0 0 0 0 0 0 0 0 0 0 0 0 0 0 0 0 0 0 0 0 0 0 0 0 0 0 0 0 0 0 0 0 0 0 0 0 0 0 0 0 0 0 0 0 0 0 0 0 0 0 0 0 0 0 0 0 0 0 0 0 0 0 0 0 0 0 0 0 0 0 0 0 0 0 0 0 0 0 0 0 0 0 0 0 0 0 0 0 0 0 0 0 0 0 0 0 0 0 0 0 0 0 0 0 0 0 0 0 0 0 0 0 0 0 0 0 0 0 0 0 0 0 0 0 0 0 0 0 0 0 0 0 0 0 0 0 0 0 0 0 0 0 0 0 0 0 0 0 0 0 0 0 0 0 0 0 0 0 0 0 0 0 0 0 0 0 0 0 0 0 0 0 0 0 0 0 0 0 0 0 0 0 0 0 0 0 0 0 0 0 0 0 0 0 0 0 0 0 0 0 0 0 0 0 0 0 0 0 0 0 0 0 0 0 0 0 0 0 0 0 0 0 0 0 0 0 0 0 0 0 0 0 0 0 0 0 0 0 0 0 0 0 0 0 0 0 0 0 0 0 0 0 0 0 0 0 0 0 0 0 0 0 0 0 0 0 0 0 0 0 0 0 0 0 0 0 0 0 0 0 0 0 0 0 0 0 0 0 0 0 0 0 0 0 0 0 0 0 0 0 0 0 0 0 0 0 0 0 0 0 0 0 0 0 0 0 0 0 0 0 0 0 0 0 0 0 0 0 0 0 0 0 0 0 0 0 0 0 0 0 0 0 0 0 0 0 0 0 0 0 0 0 0 0 0 0 0 0 0 0 0 0 0 0 0 0 0 0 0 0 0 0 0 0 0 0 0 0 0 0 0 0 0 0 0 0 0 0 0 0 0 0 0 0 0 0 0 0 0 0 0 0 0 0 0 0 0 0 0 0 0 0 0 0 0 0 0 0 0 0 0 0 0 0 0 0 0 0 0 0 0 0 0 0 0 0 0 0 0 0 0 0 0 0 0 0 0 0 0 0 0 0 0 0 0 0 0 0 0 0 0 0 0 0 0 0 0 0 0 0 0 0 0 0 0 0 0 0 0 0 0 0 0 0 0 0 0 0 0 0 0 0 0 0 0 0 0 0 0 0 0 0 0 0 0 0 0 0 0 0 0 0 0 0 0 0 0 0 0 0 0 0 0 0 0 0 0 0 0 0 0 0 0 0 0 0 0 0 0 0 0 0 0 0 0 0 0 0 0 0 0 0 0 0 0 0 0 0 0 0 0 0 0 0 0 0 0 0 0 0 0 0 0 0 0 0 0 0 0 0 0 0 0 0 0 0 0 0 0 0 0 0 0 0 0 0 0 0 0 0 0 0 0 0 0 0 0 0 0 0 0 0 0 0 0 0 0 0 0 0 0 0 0 0 0 0 0 0 0 0 0 0 0 0 0 0 0 0 0 0 0 0 0 0 0 0 0 0 0 0 0 0 0 0 0 0 0 0 0 0 0 0 0 0 0 0 0 0 0 0 0 0 0 0 0 0 0 0 0 0 0 0 0 0 0 0 0 0 0 0 0 0 0 0 0 0 0 0 0 0 0 0 0 0 0 0 0 0 0 0 0 0 0 0 0 0 0 0 0 0 0 0 0 0 0 0 0 0 0 0 0 0 0 0 0 0 0 0 0 0 0 0 0 0 0 0 0 0 0 0 0 0 0 0 0 0 0 0 0 0 0 0 0 0 0 0 0 0 0 0 0 0 0 0 0 0 0 0 0 0 0 0 0 0 0 0 0 0 0 0 0 0 0 0 0 0 0 0 0 0 0 0 0 0 0 0 0 0 0 0 0 0 0 0 0 0 0 0 0 0 0 0 0 0 0 0 0 0 0 0 0 0 0 0 0 0 0 0 0 0 0 0 0 0 0 0 0 0 0 0 0 0 0 0 0 0 0 0 0 0 0 0 0 0 0 0 0 0 0 0 0 0 0 0 0 0 0 0 0 0 0 0 0 0 0 0 0 0 0 0 0 0 0 0 0 0 0 0 0 0 0 0 0 0 0 0 0 0 0 0 0 0 0 0 0 0 0 0 0 0 0 0 0 0 0 0 0 0 0 0 0 0 0 0 0 0 0 0 0 0 0 0 0 0 0 0 0 0 0 0 0 0 0 0 0 0 0 0 0 0 0 0 0 0 0 0 0 0 0 0 0 0 0 0 0 0 0 0 0 0 0 0 0 0 0 0 0 0 0 0 0 0 0 0 0 0 0 0 0 0 0 0 0 0 0 0 0 0 0 0 0 0 0 0 0 0 0 0 0 0 0 0 0 0 0 0 0 0 0 0 0 0 0 0 0 0 0 0 0 0 0 0 0 0 0 0 0 0 0 0 0 0 0 0 0 0 0 0 0 0 0 0 0 0 0 0 0 0 0 0 0 0 0 0 0 0 0 0 0 0 0 0 0 0 0 0 0 0 0 0 0 0 0 0 0 0 0 0 0 0 0 0 0 0 0 0 0 0 0 0 0 0 0 0 0 0 0 0 0 0 0 0 0 0 0 0 0 0 0 0 0 0 0 0 0 0 0 0 0 0 0 0 0 0 0 0 0 0 0 0 0 0 0 0 0 0 0 0 0 0 0 0 0 0 0 0 0 0 0 0 0 0 0 0 0 0 0 0 0 0 0 0 0 0 0 0 0 0 0 0 0 0 0 0 0 0 0 0 0 0 0 0 0 0 0 0 0 0 0 0 0 0 0 0 0 0 0 0 0 0 0 0 0 0 0 0 0 0 0 0 0 0 0 0 0 0 0 0 0 0 0 0 0 0 0 0 0 0 0 0 0 0 0 0 0 0 0 0 0 0 0 0 0 0 0 0 0 0 0 0 0 0 0 0 0 0 0 0 0 0 0 0 0 0 0 0 0 0 0 0 0 0 0 0 0 0 0 0 0 0 0 0 0 0 0 0 0 0 0 0 0 0 0 0 0 0 0 0 0 0 0 0 0 0 0 0 0 0 0 0 0 0 0 0 0 0 0 0 0 0 0 0 0 0 0 0 0 0 0 0 0 0 0 0 0 0 0 0 0 0 0 0 0 0 0 0 0 0 0 0 0 0 0 0 0 0 0 0 0 0 0 0 0 0 0 0 0 0 0 0 0 0 0 0 0 0 0 0 0 0 0 0 0 0 0 0 0 0 0 0 0 0 0 0 0 0 0 0 0 0 0 0 0 0 0 0 0 0 0 0 0 0 0 0 0 0 0 0 0 0 0 0 0 0 0 0 0 0 0 0 0 0 0 0 0 0 0 0 0 0 0 0 0 0 0 0 0 0 0 0 0 0 0 0 0 0 0 0 0 0 0 0 0 0 0 0 0 0 0 0 0 0 0 0 0 0 0 0 0 0 0 0 0 0 0 0 0 0 0 0 0 0 0 0 0 0 0 0 0 0 0 0 0 0 0 0 0 0 0 0 0 0 0 0 0 0 0 0 0 0 0 0 0 0 0 0 0 0 0 0 0 0 0 0 0 0 0 0 0 0 0 0 0 0 0 0 0 0 0 0 0 0 0 0 0 0 0 0 0 0 0 0 0 0 0 0 0 0 0 0 0 0 0 0 0 0 0 0 0 0 0 0 0 0 0 0 0 0 0 0 0 0 0 0 0 0 0 0 0 0 0 0 0 0 0 0 0 0 0 0 0 0 0 0 0 0 0 0 0 0 0 0 0 0 0 0 0 0 0 0 0 0 0 0 0 0 0 0 0 0 0 0 0 0 0 0 0 0 0 0 0 0 0 0 0 0 0 0 0 0 0 0 0 0 0 0 0 0 0 0 0 0 0 0 0 0 0 0 0 0 0 0 0 0 0 0 0 0 0 0 0 0 0 0 0 0 0 0 0 0 0 0 0 0 0 0 0 0 0 0 0 0 0 0 0 0 0 0 0 0 0 0 0 0 0 0 0 0 0 0 0 0 0 0 0 0 0 0 0 0 0 0 0 0 0 0 0 0 0 0 0 0 0 0 0 0 0 0 0 0 0 0 0 0 0 0 0 0 0 0 0 0 0 0 0 0 0 0 0 0 0 0 0 0 0 0 0 0 0 0 0 0 0 0 0 0 0 0 0 0 0 0 0 0 0 0 0 0 0 0 0 0 0 0 0 0 0 0 0 0 0 0 0 0 0 0 0 0 0 0 0 0 0 0 0 0 0 0 0 0 0 0 0 0 0 0 0 0 0 0 0 0 0 0 0 0 0 0 0 0 0 0 0 0 0 0 0 0 0 0 0 0 0 0 0 0 0 0 0 0 0 0 0 0 0 0 0 0 0 0 0 0 0 0 0 0 0 0 0 0 0 0 0 0 0 0 0 0 0 0 0 0 0 0 0 0 0 0 0 0 0 0 0 0 0 0 0 0 0 0 0 0 0 0 0 0 0 0 0 0 0 0 0 0 0 0 0 0 0 0 0 0 0 0 0 0 0 0 0 0 0 0 0 0 0 0 0 0 0 0 0 0 0 0 0 0 0 0 0 0 0 0 0 0 0 0 0 0 0 0 0 0 0 0 0 0 0 0 0 0 0 0 0 0 0 0 0 0 0 0 0 0 0 0 0 0 0 0 0 0 0 0 0 0 0 0 0 0 0 0 0 0 0 0 0 0 0 0 0 0 0 0 0 0 0 0 0 0 0 0 0 0 0 0 0 0 0 0 0 0 0 0 0 0 0 0 0 0 0 0 0 0 0 0 0 0 0 0 0 0 0 0 0 0 0 0 0 0 0 0 0 0 0 0 0 0 0 0 0 0 0 0 0 0 0 0 0 0 0 0 0 0 0 0 0 0 0 0 0 0 0 0 0 0 0 0 0 0 0 0 0 0 0 0 0 0 0 0 0 0 0 0 0 0 0 0 0 0 0 0 0 0 0 0 0 0 0 0 0 0 0 0 0 0 0 0 0 0 0 0 0 0 0 0 0 0 0 0 0 0 0 0 0 0 0 0 0 0 0 0 0 0 0 0 0 0 0 0 0 0 0 0 0 0 0 0 0 0 0 0 0 0 0 0 0 0 0 0 0 0 0 0 0 0 0 0 0 0 0 0 0 0 0 0 0 0 0 0 0 0 0 0 0 0 0 0 0 0 0 0 0 0 0 0 0 0 0 0 0 0 0 0 0 0 0 0 0 0 0 0 0 0 0 0 0 0 0 0 0 0 0 0 0 0 0 0 0 0 0 0 0 0 0 0 0 0 0 0 0 0 0 0 0 0 0 0 0 0 0 0 0 0 0 0 0 0 0 0 0 0 0 0 0 0 0 0 0 0 0 0 0 0 0 0 0 0 0 0 0 0 0 0 0 0 0 0 0 0 0 0 0 0 0 0 0 0 0 0 0 0 0 0 0 0 0 0 0 0 0 0 0 0 0 0 0 0 0 0 0 0 0 0 0 0 0 0 0 0 0 0 0 0 0 0 0 0 0 0 0 0 0 0 0 0 0 0 0 0 0 0 0 0 0 0 0 0 0 0 0 0 0 1 1 1 1 1 1 1 1 1 1 1 1 1 1 1 1 1 1 1 1 1 1 1 1 1 1 1 1 1 1 1 1 1 1 1 1 1 1 1 1 1 1 1 1 1 1 1 1 1 1 1 1 1 1 1 1 1 1 1 1 1 1 1 1 1 1 1 1 1 1 1 1 1 1 1 1 1 1 1 1 1 1 1 1 1 1 1 1 1 1 1 1 1 1 1 1 1 1 1 1 1 1 1 1 1 1 1 1 1 1 1 1 1 1 1 1 1 1 1 1 1 1 1 1 1 1 1 1 1 1 1 1 1 1 1 1 1 1 1 1 1 1 1 1 1 1 1 1 1 1 1 1 1 1 1 1 1 1 1 1 1 1 1 1 1 1 1 1 1 1 1 1 1 1 1 1 1 1 1 1 1 1 1 1 1 1 1 1 1 1 1 1 1 1 1 1 1 1 1 1 1 1 1 1 1 1 1 1 1 1 1 1 1 1 1 1 1 1 1 1 1 1 1 1 1 1 1 1 1 1 1 1 1 1 1 1 1 1 1 1 1 1 1 1 1 1 1 1 1 1 1 1 1 1 1 1 1 1 1 1 1 1 1 1 1 1 1 1 1 1 1 1 1 1 1 1 1 1 1 1 1 1 1 1 1 1 1 1 1 1 1 1 1 1 1 1 1 1 1 1 1 1 1 1 1 1 1 1 1 1 1 1 1 1 1 1 1 1 1 1 1 1 1 1 1 1 1 1 1 1 1 1 1 1 1 1 1 1 1 1 1 1 1 1 1 1 1 1 1 1 1 1 1 1 1 1 1 1 1 1 1 1 1 1 1 1 1 1 1 1 1 1 1 1 1 1 1 1 1 1 1 1 1 1 1 1 1 1 1 1 1 1 1 1 1 1 1 1 1 1 1 1 1 1 1 1 1 1 1 1 1 1 1 1 1 1 1 1 1 1 1 1 1 1 1 1 1 1 1 1 1 1 1 1 1 1 1 1 1 1 1 1 1 1 1 1 1 1 1 1 1 1 1 1 1 1 1 1 1 1 1 1 1 1 1 1 1 1 1 1 1 1 1 1 1 1 1 1 1 1 1 1 1 1 1 1 1 1 1 1 1 1 1 1 1 1 1 1 1 1 1 1 1 1 1 1 1 1 1 1 1 1 1 1 1 1 1 1 1 1 1 1 1 1 1 1 1 1 1 1 1 1 1 1 1 1 1 1 1 1 1 1 1 1 1 1 1 1 1 1 1 1 1 1 1 1 1 1 1 1 1 1 1 1 1 1 1 1 1 1 1 1 1 1 1 1 1 1 1 1 1 1 1 1 1 1 1 1 1 1 1 1 1 1 1 1 1 1 1 1 1 1 1 1 1 1 1 1 1 1 1 1 1 1 1 1 1 1 1 1 1 1 1 1 1 1 1 1 1 1 1 1 1 1 1 1 1 1 1 1 1 1 1 1 1 1 1 1 1 1 1 1 1 1 1 1 1 1 1 1 1 1 1 1 1 1 1 1 1 1 1 1 1 1 1 1 1 1 1 1 1 1 1 1 1 1 1 1 1 1 1 1 1 1 1 1 1 1 1 1 1 1 1 1 1 1 1 1 1 1 1 1 1 1 1 1 1 1 1 1 1 1 1 1 1 1 1 1 1 1 1 1 1 1 1 1 1 1 1 1 1 1 1 1 1 1 1 1 1 1 1 1 1 1 1 1 1 1 1 1 1 1 1 1 1 1 1 1 1 1 1 1 1 1 1 1 1 1 1 1 1 1 1 1 1 1 1 1 1 1 1 1 1 1 1 1 1 1 1 1 1 1 1 1 1 1 1 1 1 1 1 1 1 1 1 1 1 1 1 1 1 1 1 1 1 1 1 1 1 1 1 1 1 1 1 1 1 1 1 1 1 1 1 1 1 1 1 1 1 1 1 1 1 1 1 1 1 1 1 1 1 1 1 1 1 1 1 1 1 1 1 1 1 1 1 1 1 1 1 1 1 1 1 1 1 1 1 1 1 1 1 1 1 1 1 1 1 1 1 1 1 1 1 1 1 1 1 1 1 1 1 1 1 1 1 1 1 1 1 1 1 1 1 1 1 1 1 1 1 1 1 1 1 1 1 1 1 1 1 1 1 1 1 1 1 1 1 1 1 1 1 1 1 1 1 1 1 1 1 1 1 1 1 1 1 1 1 1 1 1 1 1 1 1 1 1 1 1 1 1 1 1 1 1 1 1 1 1 1 1 1 1 1 1 1 1 1 1 1 1 1 1 1 1 1 1 1 1 1 1 1 1 1 1 1 1 1 1 1 1 1 1 1 1 1 1 1 1 1 1 1 1 1 1 1 1 1 1 1 1 1 1 1 1 1 1 1 1 1 1 1 1 1 1 1 1 1 1 1 1 1 1 1 1 1 1 1 1 1 1 1 1 1 1 1 1 1 1 1 1 1 1 1 1 1 1 1 1 1 1 1 1 1 1 1 1 1 1 1 1 1 1 1 1 1 1 1 1 1 1 1 1 1 1 1 1 1 1 1 1 1 1 1 1 1 1 1 1 1 1 1 1 1 1 1 1 1 1 1 1 1 1 1 1 1 1 1 1 1 1 1 1 1 1 1 1 1 1 1 1 1 1 1 1 1 1 1 1 1 1 1 1 1 1 1 1 1 1 1 1 1 1 1 1 1 1 1 1 1 1 1 1 1 1 1 1 1 1 1 1 1 1 1 1 1 1 1 1 1 1 1 1 1 1 1 1 1 1 1 1 1 1 1 1 1 1 1 1 1 1 1 1 1 1 1 1 1 1 1 1 1 1 1 1 1 1 1 1 1 1 1 1 1 1 1 1 1 1 1 1 1 1 1 1 1 1 1 1 1 1 1 1 1 1 1 1 1 1 1 1 1 1 1 1 1 1 1 1 1 1 1 1 1 1 1 1 1 1 1 1 1 1 1 1 1 1 1 1 1 1 1 1 1 1 1 1 1 1 1 1 1 1 1 1 1 1 1 1 1 1 1 1 1 1 1 1 1 1 1 1 1 1 1 1 1 1 1 1 1 1 1 1 1 1 1 1 1 1 1 1 1 1 1 1 1 1 1 1 1 1 1 1 1 1 1 1 1 1 1 1 1 1 1 1 1 1 1 1 1 1 1 1 1 1 1 1 1 1 1 1 1 1 1 1 1 1 1 1 1 1 1 1 1 1 1 1 1 1 1 1 1 1 1 1 1 1 1 1 1 1 1 1 1 1 1 1 1 1 1 1 1 1 1 1 1 1 1 1 1 1 1 1 1 1 1 1 1 1 1 1 1 1 1 1 1 1 1 1 1 1 1 1 1 1 1 1 1 1 1 1 1 1 1 1 1 1 1 1 1 1 1 1 1 1 1 1 1 1 1 1 1 1 1 1 1 1 1 1 1 1 1 1 1 1 1 1 1 1 1 1 1 1 1 1 1 1 1 1 1 1 1 1 1 1 1 1 1 1 1 1 1 1 1 1 1 1 1 1 1 1 1 1 1 1 1 1 1 1 1 1 1 1 1 1 1 1 1 1 1 1 1 1 1 1 1 1 1 1 1 1 1 1 1 1 1 1 1 1 1 1 1 1 1 1 1 1 1 1 1 1 1 1 1 1 1 1 1 1 1 1 1 1 1 1 1 1 1 1 1 1 1 1 1 1 1 1 1 1 1 1 1 1 1 1 1 1 1 1 1 1 1 1 1 1 1 1 1 1 1 1 1 1 1 1 1 1 1 1 1 1 1 1 1 1 1 1 1 1 1 1 1 1 1 1 1 1 1 1 1 1 1 1 1 1 1 1 1 1 1 1 1 1 1 1 1 1 1 1 1 1 1 1 1 1 1 1 1 1 1 1 1 1 1 1 1 1 1 1 1 1 1 1 1 1 1 1 1 1 1 1 1 1 1 1 1 1 1 1 1 1 1 1 1 1 1 1 1 1 1 1 1 1 1 1 1 1 1 1 1 1 1 1 1 1 1 1 1 1 1 1 1 1 1 1 1 1 1 1 1 1 1 1 1 1 1 1 1 1 1 1 1 1 1 1 1 1 1 1 1 1 1 1 1 1 1 1 1 1 1 1 1 1 1 1 1 1 1 1 1 1 1 1 1 1 1 1 1 1 1 1 1 1 1 1 1 1 1 1 1 1 1 1 1 1 1 1 1 1 1 1 1 1 1 1 1 1 1 1 1 1 1 1 1 1 1 1 1 1 1 1 1 1 1 1 1 1 1 1 1 1 1 1 1 1 1 1 1 1 1 1 1 1 1 1 1 1 1 1 1 1 1 1 1 1 1 1 1 1 1 1 1 1 1 1 1 1 1 1 1 1 1 1 1 1 1 1 1 1 1 1 1 1 1 1 1 1 1 1 1 1 1 1 1 1 1 1 1 1 1 1 1 1 1 1 1 1 1 1 1 1 1 1 1 1 1 1 1 1 1 1 1 1 1 1 1 1 1 1 1 1 1 1 1 1 1 1 1 1 1 1 1 1 1 1 1 1 1 1 1 1 1 1 1 1 1 1 1 1 1 1 1 1 1 1 1 1 1 1 1 1 1 1 1 1 1 1 1 1 1 1 1 1 1 1 1 1 1 1 1 1 1 1 1 1 1 1 1 1 1 1 1 1 1 1 1 1 1 1 1 1 1 1 1 1 1 1 1 1 1 1 1 1 1 1 1 1 1 1 1 1 1 1 1 1 1 1 1 1 1 1 1 1 1 1 1 1 1 1 1 1 1 1 1 1 1 1 1 1 1 1 1 1 1 1 1 1 1 1 1 1 1 1 1 1 1 1 1 1 1 1 1 1 1 1 1 1 1 1 1 1 1 1 1 1 1 1 1 1 1 1 1 1 1 1 1 1 1 1 1 1 1 1 1 1 1 1 1 1 1 1 1 1 1 1 1 1 1 1 1 1 1 1 1 1 1 1 1 1 1 1 1 1 1 1 1 1 1 1 1 1 1 1 1 1 1 1 1 1 1 1 1 1 1 1 1 1 1 1 1 1 1 1 1 1 1 1 1 1 1 1 1 1 1 1 1 1 1 1 1 1 1 1 1 1 1 1 1 1 1 1 1 1 1 1 1 1 1 1 1 1 1 1 1 1 1 1 1 1 1 1 1 1 1 1 1 1 1 1 1 1 1 1 1 1 1 1 1 1 1 1 1 1 1 1 1 1 1 1 1 1 1 1 1 1 1 1 1 1 1 1 1 1 1 1 1 1 1 1 1 1 1 1 1 1 1 1 1 1 1 1 1 1 1 1 1 1 1 1 1 1 1 1 1 1 1 1 1 1 1 1 1 1 1 1 1 1 1 1 1 1 1 1 1 1 1 1 1 1 1 1 1 1 1 1 1 1 1 1 1 1 1 1 1 1 1 1 1 1 1 1 1 1 1 1 1 1 1 1 1 1 1 1 1 1 1 1 1 1 1 1 1 1 1 1 1 1 1 1 1 1 1 1 1 1 1 1 1 1 1 1 1 1 1 1 1 1 1 1 1 1 1 1 1 1 1 1 1 1 1 1 1 1 1 1 1 1 1 1 1 1 1 1 1 1 1 1 1 1 1 1 1 1 1 1 1 1 1 1 1 1 1 1 1 1 1 1 1 1 1 1 1 1 1 1 1 1 1 1 1 1 1 1 1 1 1 1 1 1 1 1 1 1 1 1 1 1 1 1 1 1 1 1 1 1 1 1 1 1 1 1 1 1 1 1 1 1 1 1 1 1 1 1 1 1 1 1 1 1 1 1 1 1 1 1 1 1 1 1 1 1 1 1 1 1 1 1 1 1 1 1 1 1 1 1 1 1 1 1 1 1 1 1 1 1 1 1 1 1 1 1 1 1 1 1 1 1 1 1 1 1 1 1 1 1 1 1 1 1 1 1 1 1 1 1 1 1 1 1 1 1 1 1 1 1 1 1 1 1 1 1 1 1 1 1 1 1 1 1 1 1 1 1 1 1 1 1 1 1 1 1 1 1 1 1 1 1 1 1 1 1 1 1 1 1 1 1 1 1 1 1 1 1 1 1 1 1 1 1 1 1 1 1 1 1 1 1 1 1 1 1 1 1 1 1 1 1 1 1 1 1 1 1 1 1 1 1 1 1 1 1 1 1 1 1 1 1 1 1 1 1 1 1 1 1 1 1 1 1 1 1 1 1 1 1 1 1 1 1 1 1 1 1 1 1 1 1 1 1 1 1 1 1 1 1 1 1 1 1 1 1 1 1 1 1 1 1 1 1 1 1 1 1 1 1 1 1 1 1 1 1 1 1 1 1 1 1 1 1 1 1 1 1 1 1 1 1 1 1 1 1 1 1 1 1 1 1 1 1 1 1 1 1 1 1 1 1 1 1 1 1 1 1 1 1 1 1 1 1 1 1 1 1 1 1 1 1 1 1 1 1 1 1 1 1 1 1 1 1 1 1 1 1 1 1 1 1 1 1 1 1 1 1 1 1 1 1 1 1 1 1 1 1 1 1 1 1 1 1 1 1 1 1 1 1 1 1 1 1 1 1 1 1 1 1 1 1 1 1 1 1 1 1 1 1 1 1 1 1 1 1 1 1 1 1 1 1 1 1 1 1 1 1 1 1 1 1 1 1 1 1 1 1 1 1 1 1 1 1 1 1 1 1 1 1 1 1 1 1 1 1 1 1 1 1 1 1 1 1 1 1 1 1 1 1 1 1 1 1 1 1 1 1 1 1 1 1 1 1 1 1 1 1 1 1 1 1 1 1 1 1 1 1 1 1 1 1 1 1 1 1 1 1 1 1 1 1 1 1 1 1 1 1 1 1 1 1 1 1 1 1 1 1 1 1 1 1 1 1 1 1 1 1 1 1 1 1 1 1 1 1 1 1 1 1 1 1 1 1 1 1 1 1 1 1 1 1 1 1 1 1 1 1 1 1 1 1 1 1 1 1 1 1 1 1 1 1 1 1 1 1 1 1 1 1 1 1 1 1 1 1 1 1 1 1 1 1 1 1 1 1 1 1 1 1 1 1 1 1 1 1 1 1 1 1 1 1 1 1 1 1 1 1 1 1 1 1 1 1 1 1 1 1 1 1 1 1 1 1 1 1 1 1 1 1 1 1 1 1 1 1 1 1 1 1 1 1 1 1 1 1 1 1 1 1 1 1 1 1 1 1 1 1 1 1 1 1 1 1 1 1 1 1 1 1 1 1 1 1 1 1 1 1 1 1 1 1 1 1 1 1 1 1 1 1 1 1 1 1 1 1 1 1 1 1 1 1 1 1 1 1 1 1 1 1 1 1 1 1 1 1 1 1 1 1 1 1 1 1 1 1 1 1 1 1 1 1 1 1 1 1 1 1 1 1 1 1 1 1 1 1 1 1 1 1 1 1 1 1 1 1 1 1 1 1 1 1 1 1 1 1 1 1 1 1 1 1 1 1 1 1 1 1 1 1 1 1 1 1 1 1 1 1 1 1 1 1 1 1 1 1
        </DataArray>
        <DataArray type="Float32" Name="error_magnitude" format="ascii">
          1.0283882e-05 1.5868834e-05 1.4515052e-05 1.4484223e-05 1.5191661e-05 1.5902537e-05 1.6616357e-05 1.2456819e-05 1.3645583e-05 1.0897812e-05 1.2532142e-05 1.1410371e-05 1.0025898e-05 1.1841853e-05 1.0631727e-05 1.5560992e-05 1.0650015e-05 1.1106421e-05 1.2856709e-05 1.0115984e-05 1.00829275e-05 1.0426922e-05 1.006162e-05 1.3281317e-05 1.38485475e-05 1.33915055e-05 1.37188645e-05 1.2554114e-05 1.2046937e-05 1.0309384e-05 1.898416e-05 1.1537224e-05 1.0316629e-05 2.5176092e-05 1.6101978e-05 1.3305251e-05 1.1260264e-05 2.089536e-05 2.3606986e-05 1.4556222e-05 1.5263875e-05 1.3201382e-05 1.1266461e-05 1.0440741e-05 2.3407487e-05 2.5905569e-05 2.8470335e-05 1.9702456e-05 1.2764532e-05 1.0191359e-05 1.1312397e-05 1.3532402e-05 1.349615e-05 2.5539854e-05 1.116515e-05 1.1248854e-05 1.462088e-05 3.110577e-05 1.7501578e-05 1.2435821e-05 1.2797881e-05 1.0733552e-05 1.2815497e-05 2.982746e-05 1.6238733e-05 1.1303819e-05 1.2462446e-05 1.0527433e-05 1.2826559e-05 1.3137107e-05 1.033091e-05 1.0352863e-05 1.3748234e-05 1.4319806e-05 1.15579005e-05 1.1326643e-05 1.5896336e-05 1.3227722e-05 1.0775324e-05 1.0028833e-05 1.7761071e-05 1.5193697e-05 1.2901739e-05 1.1058621e-05 1.2727325e-05 1.3258717e-05 2.6411084e-05 1.3993711e-05 1.04314e-05 1.1783837e-05 1.3017194e-05 1.0126605e-05 1.618657e-05 1.0662444e-05 1.2694037e-05 1.4229109e-05 1.0464894e-05 1.070745e-05 1.2365679e-05 1.3396691e-05 1.0403606e-05 1.2326513e-05 1.3162278e-05 1.0232829e-05 1.03206885e-05 2.179184e-05 1.34798165e-05 1.07241285e-05 1.0506622e-05 2.9761834e-05 2.1388398e-05 1.4311298e-05 1.1793533e-05 1.12472235e-05 2.4532437e-05 2.8144672e-05 1.980102e-05 1.42480885e-05 1.1615334e-05 1.0682857e-05 1.3808547e-05 1.5659365e-05 1.8063285e-05 1.8112947e-05 1.0677266e-05 2.5642425e-05 1.3574239e-05 1.5899097e-05 2.7831848e-05 1.5521136e-05 1.2267726e-05 2.8114075e-05 1.1737176e-05 1.0936263e-05 1.0248492e-05 1.0169454e-05 1.0711912e-05 1.2185178e-05 1.1077784e-05 1.274524e-05 1.216839e-05 1.36764065e-05 1.0346489e-05 1.1535576e-05 1.2053462e-05 1.0102102e-05 1.0679353e-05 1.05404e-05 1.0860823e-05 1.2311286e-05 1.3145718e-05 1.020029e-05 1.1431732e-05 1.2062982e-05 1.2699076e-05 1.3339306e-05 1.1505626e-05 1.0129506e-05 1.2412259e-05 1.020034e-05 1.0469881e-05 1.0707958e-05 1.521951e-05 1.2044991e-05 1.4202632e-05 1.20219875e-05 1.4309179e-05 1.1505748e-05 1.7061882e-05 1.9034951e-05 2.1104112e-05 1.9023068e-05 1.0285985e-05 1.2155841e-05 2.310489e-05 1.1332093e-05 1.208569e-05 1.0024077e-05 2.1656102e-05 1.38750775e-05 2.0130925e-05 1.0699405e-05 1.1935906e-05 1.3533861e-05 1.0490133e-05 1.17081745e-05 1.8677803e-05 1.1384635e-05 1.735407e-05 1.0523555e-05 1.0041873e-05 1.4468868e-05 1.7627499e-05 1.2823169e-05 1.5789177e-05 1.8819706e-05 1.115937e-05 1.6418406e-05 1.7357186e-05 1.7203329e-05 1.0885583e-05 1.7404724e-05 1.0797976e-05 1.086795e-05 1.07431415e-05 1.241956e-05 1.1112994e-05 1.1370573e-05 1.0164206e-05 1.1264299e-05 1.1565459e-05 1.3046863e-05 1.02143495e-05 1.04986575e-05 1.0762566e-05 1.0105532e-05 1.0398225e-05 1.0694918e-05 1.05771305e-05 1.2285094e-05 1.0103894e-05 1.287556e-05 1.31389315e-05 1.3571662e-05 1.3618486e-05 1.3903926e-05 1.108212e-05 1.11187765e-05 1.0606421e-05 1.0548105e-05 1.2102932e-05 1.3102039e-05 1.414115e-05 1.5212089e-05 1.08345885e-05 1.0593246e-05 1.022702e-05 1.0931265e-05 1.1026904e-05 1.1135095e-05 1.148357e-05 1.2461329e-05 1.2619464e-05 1.1088464e-05 1.2277754e-05 1.3494987e-05 1.3576479e-05 1.0505838e-05 1.1872025e-05 1.4413951e-05 1.0387146e-05 1.1027465e-05 1.0226737e-05 1.3756819e-05 1.5315953e-05 1.6994607e-05 1.8760715e-05 1.1430892e-05 1.32323685e-05 1.5138784e-05 1.7114999e-05 1.1665127e-05 1.1966208e-05 1.00912175e-05 1.0165449e-05 1.1948967e-05 1.3664643e-05 1.1307961e-05 1.3444788e-05 1.5624293e-05 1.1787783e-05 1.1981031e-05 1.4336489e-05 1.0987545e-05 1.3454582e-05 1.11431655e-05 1.1124581e-05 1.1459535e-05 1.1729577e-05 1.48396875e-05 1.2330448e-05 1.273431e-05 1.1098507e-05 1.1563765e-05 1.1425382e-05 1.3687135e-05 1.0513183e-05 1.40675165e-05 1.0068056e-05 1.0038493e-05 1.2526122e-05 1.27608755e-05 1.0300353e-05 1.2687232e-05 1.4365525e-05 1.6351392e-05 1.8546249e-05 1.0521721e-05 1.3353498e-05 1.0653657e-05 1.0597731e-05 1.26382365e-05 1.492763e-05 1.7367774e-05 1.1630616e-05 1.219558e-05 1.1615882e-05 1.3927846e-05 1.1223314e-05 1.37936095e-05 1.6443833e-05 1.02814565e-05 1.0974429e-05 1.0615254e-05 1.3184147e-05 1.02495915e-05 1.3024417e-05 1.5818416e-05 1.1756761e-05 1.0178234e-05 1.30052e-05 1.1626672e-05 1.0733758e-05 1.0252247e-05 1.1307899e-05 1.29635055e-05 1.0300992e-05 1.00483485e-05 1.2119456e-05 1.105795e-05 1.1876832e-05 1.0058218e-05 1.2008314e-05 1.0117139e-05 1.2275117e-05 1.0781595e-05 1.22207975e-05 1.4024219e-05 1.1307476e-05 1.3410034e-05 1.0859526e-05 1.31737725e-05 1.0933556e-05 1.33350195e-05 1.0926298e-05 1.1883867e-05 1.0875876e-05 1.02290205e-05 1.1290586e-05 1.0320536e-05 1.0348673e-05 1.0940992e-05 1.0557801e-05 1.0224044e-05 1.5673173e-05 1.6029817e-05 1.4582612e-05 1.3073484e-05 1.4093112e-05 1.4491685e-05 1.3189287e-05 1.2931295e-05 1.333147e-05 1.2891026e-05 1.2029385e-05 1.1095771e-05 1.0454417e-05 1.002201e-05 1.1480198e-05 1.3567601e-05 1.2874032e-05 1.2602332e-05 1.2255022e-05 1.2009434e-05 1.177349e-05 1.1735383e-05 1.1517602e-05 1.1309522e-05 1.1111688e-05 1.064697e-05 1.0937644e-05 1.1231839e-05 1.1342785e-05 1.1154183e-05 1.0975225e-05 1.0806392e-05 1.0648165e-05 1.2363306e-05 1.2630031e-05 1.110557e-05 1.0946768e-05 1.0797368e-05 1.06577645e-05 1.0528345e-05 1.040949e-05 1.2323636e-05 1.0985449e-05 1.0837644e-05 1.06983625e-05 1.0567941e-05 1.0446709e-05 1.0334992e-05 1.02331e-05 1.1016433e-05 1.11444e-05 1.0948779e-05 1.0758931e-05 1.0575166e-05 1.0397805e-05 1.0227182e-05 1.0063639e-05 1.11417185e-05 1.1424322e-05 1.1709153e-05 1.199605e-05 1.2284868e-05 1.1520853e-05 1.1803463e-05 1.2088205e-05 1.0071614e-05 1.0103598e-05 1.0659531e-05 1.1219345e-05 1.17825e-05 1.0041601e-05 1.036482e-05 1.0689931e-05 1.0490838e-05 1.28439615e-05 1.0948477e-05 1.632893e-05 1.6608901e-05 1.6892816e-05 1.7180475e-05 1.7471677e-05 1.3271481e-05 1.4143333e-05 1.510093e-05 1.6075619e-05 1.7064467e-05 1.1811078e-05 1.2239133e-05 1.4043761e-05 1.43728075e-05 1.4706016e-05 1.5043083e-05 1.5383715e-05 1.0192733e-05 1.1285763e-05 1.2281411e-05 1.3368143e-05 1.4468059e-05 1.5578187e-05 1.1375282e-05 1.1853429e-05 1.2236873e-05 1.2624211e-05 1.3015028e-05 1.3409079e-05 1.0521935e-05 1.17373e-05 1.2959572e-05 1.4187041e-05 1.0263473e-05 1.0708467e-05 1.1155883e-05 1.1605463e-05 1.02568065e-05 1.1588955e-05 1.2921639e-05 1.0433554e-05 1.18453245e-05 1.119207e-05 1.6535678e-05 1.808524e-05 1.9686193e-05 2.132692e-05 1.46399825e-05 1.637393e-05 1.8145929e-05 1.9945663e-05 1.0167966e-05 1.2361529e-05 1.0168347e-05 1.1691345e-05 1.1542907e-05 1.290725e-05 1.4819262e-05 1.6751887e-05 1.8698838e-05 1.0389451e-05 1.0117094e-05 1.1411219e-05 1.3474922e-05 1.5543277e-05 1.7614695e-05 1.0401777e-05 1.2552959e-05 1.4707031e-05 1.6862881e-05 1.1176258e-05 1.0545715e-05 1.2645961e-05 1.4781279e-05 1.16842975e-05 1.2577092e-05 1.1743298e-05 1.0696813e-05 1.282295e-05 1.4517438e-05 1.3779676e-05 1.3073513e-05 1.0455587e-05 1.1714876e-05 1.5218408e-05 1.4665781e-05 1.05286745e-05 1.5754706e-05 1.7590466e-05 1.9556182e-05 2.1616332e-05 1.0412801e-05 1.4388358e-05 1.4256447e-05 1.6321148e-05 1.8476834e-05 2.0695019e-05 1.0517706e-05 1.0638908e-05 1.1992566e-05 1.1170978e-05 1.1430863e-05 1.3040038e-05 1.5307367e-05 1.7622968e-05 1.9970113e-05 1.0424827e-05 1.1029436e-05 1.12124435e-05 1.2189199e-05 1.4601738e-05 1.7028091e-05 1.9463161e-05 1.2102769e-05 1.45601925e-05 1.7019933e-05 1.5273241e-05 1.1699468e-05 1.1789312e-05 1.4155322e-05 1.607244e-05 1.0483465e-05 1.1263977e-05 1.0172982e-05 1.0312999e-05 1.0200225e-05 1.2183619e-05 1.3583787e-05 1.5211925e-05 1.7002616e-05 1.1143556e-05 1.2838197e-05 1.4684262e-05 1.6631417e-05 1.05591525e-05 1.2483166e-05 1.4482203e-05 1.6529078e-05 1.0505898e-05 1.2551309e-05 1.46187895e-05 1.6700204e-05 1.0641194e-05 1.1369573e-05 1.34034735e-05 1.5441787e-05 1.1273148e-05 1.1303714e-05 1.0521826e-05 1.0947639e-05 1.2764921e-05 1.2058827e-05 1.13963515e-05 1.2154185e-05 1.084031e-05 1.2602102e-05 1.4377246e-05 1.1213364e-05 1.0454227e-05 1.0381989e-05 1.0361114e-05 1.0392591e-05 1.0302969e-05 1.0241861e-05 1.103698e-05 1.0052158e-05 1.0573777e-05 1.0468043e-05 1.0730193e-05 1.0121509e-05 1.09984885e-05 1.0045184e-05 1.13345695e-05 1.0425936e-05 1.089634e-05 1.1376354e-05 1.0041316e-05 1.1273019e-05 1.1452477e-05 1.0376613e-05 1.0392221e-05 1.3305657e-05 1.5256164e-05 1.1673352e-05 1.1035896e-05 1.0787652e-05 1.0198091e-05 1.0488766e-05 1.0267775e-05 1.0057285e-05 1.0463653e-05 1.0764431e-05 1.1066446e-05 1.1371219e-05 1.0059961e-05 1.2056388e-05 1.2336062e-05 1.2616329e-05 1.09715065e-05 1.1785831e-05 1.2046291e-05 1.0804847e-05 1.0046001e-05 1.0201632e-05 1.06790985e-05 1.091735e-05 1.114082e-05 1.0928858e-05 1.0721077e-05 1.0517725e-05 1.0319062e-05 1.0125365e-05 1.2766906e-05 1.3037839e-05 1.3309994e-05 1.3583289e-05 1.3857649e-05 1.2511204e-05 1.2778858e-05 1.3047873e-05 1.1478644e-05 1.147334e-05 1.2003165e-05 1.2534662e-05 1.3067603e-05 1.1208492e-05 1.1511316e-05 1.1815271e-05 1.2120262e-05 1.2426189e-05 1.0133951e-05 1.0721888e-05 1.1310894e-05 1.1900674e-05 1.0039542e-05 1.0376052e-05 1.0713329e-05 1.10513165e-05 1.0141978e-05 1.07871065e-05 1.1637671e-05 1.1913369e-05 1.3137631e-05 1.3966232e-05 1.1523453e-05 1.0031962e-05 1.1843805e-05 1.2805823e-05 1.0445223e-05 1.9263622e-05 1.9542662e-05 1.982396e-05 2.0107409e-05 2.0392888e-05 1.5621512e-05 1.6420689e-05 1.7283988e-05 1.815427e-05 1.9030476e-05 1.0753396e-05 1.4236089e-05 1.733514e-05 1.765299e-05 1.7972998e-05 1.8295024e-05 1.8618906e-05 1.3942926e-05 1.4841363e-05 1.5808339e-05 1.6779672e-05 1.7754395e-05 1.2563155e-05 1.5508598e-05 1.5867112e-05 1.6227465e-05 1.6589483e-05 1.6953067e-05 1.2374384e-05 1.3367771e-05 1.4432698e-05 1.549903e-05 1.6566455e-05 1.0900264e-05 1.3824321e-05 1.4224044e-05 1.4625025e-05 1.5027152e-05 1.5430316e-05 1.0963079e-05 1.2038695e-05 1.318822e-05 1.4337649e-05 1.5486896e-05 1.0145814e-05 1.0929798e-05 1.2138196e-05 1.3349338e-05 1.4562421e-05 1.1889742e-05 1.2915676e-05 1.1468894e-05 1.0255095e-05 1.9699017e-05 2.1120053e-05 2.2562865e-05 2.4023333e-05 1.1181517e-05 1.8166518e-05 1.9720746e-05 2.1289197e-05 2.2868626e-05 1.0835583e-05 1.22204965e-05 1.0213744e-05 1.6779244e-05 1.8455346e-05 2.0137968e-05 2.1825488e-05 1.2176169e-05 1.5575673e-05 1.7352811e-05 1.913124e-05 2.091045e-05 1.1207433e-05 1.4142573e-05 1.5984431e-05 1.7828264e-05 1.9673309e-05 1.3993376e-05 1.3204e-05 1.3340335e-05 1.9124958e-05 1.5686275e-05 1.1013144e-05 1.1113305e-05 1.4633875e-05 1.6380953e-05 1.8421762e-05 1.5007388e-05 1.0313213e-05 1.268026e-05 1.1465868e-05 1.447135e-05 1.9488254e-05 2.1219259e-05 2.3005918e-05 2.4835932e-05 1.1454772e-05 1.3225496e-05 1.5658052e-05 1.0330532e-05 1.8404126e-05 2.0272371e-05 2.2177222e-05 2.4109719e-05 1.2029149e-05 1.36869e-05 1.2913187e-05 1.7535434e-05 1.9517041e-05 2.151777e-05 2.3532535e-05 1.2486913e-05 1.4086889e-05 1.2091449e-05 1.6914872e-05 1.8975734e-05 2.1043197e-05 2.3115286e-05 1.1855043e-05 1.3502979e-05 1.1468742e-05 1.4932959e-05 1.7021956e-05 1.9113024e-05 1.7953633e-05 1.2731227e-05 1.3841004e-05 1.0636728e-05 1.0538393e-05 1.2076417e-05 1.5529722e-05 1.698337e-05 1.853542e-05 2.0162952e-05 1.0941433e-05 1.2586057e-05 1.052658e-05 1.4977808e-05 1.6574066e-05 1.8233519e-05 1.9940204e-05 1.0840199e-05 1.226132e-05 1.4735691e-05 1.6429885e-05 1.8157616e-05 1.9909943e-05 1.0791716e-05 1.4818053e-05 1.6557362e-05 1.8310177e-05 2.0072777e-05 1.4188664e-05 1.1449447e-05 1.3171341e-05 1.4899316e-05 1.6114742e-05 1.2772397e-05 1.6578011e-05 1.7988164e-05 1.2043451e-05 1.12327825e-05 1.7144352e-05 1.8499544e-05 1.4120499e-05 1.2225713e-05 1.1684856e-05 1.2286539e-05 1.2440559e-05 1.2626743e-05 1.2843667e-05 1.1115731e-05 1.1723383e-05 1.2477805e-05 1.335401e-05 1.1290892e-05 1.1194468e-05 1.1422988e-05 1.1670387e-05 1.1925436e-05 1.2207341e-05 1.25142615e-05 1.0427577e-05 1.1227913e-05 1.2135653e-05 1.3128462e-05 1.02037075e-05 1.1567226e-05 1.1904399e-05 1.2261521e-05 1.2636863e-05 1.0123924e-05 1.1073479e-05 1.2089632e-05 1.3156837e-05 1.1989949e-05 1.2379652e-05 1.278296e-05 1.3198591e-05 1.0238821e-05 1.12739735e-05 1.2342895e-05 1.3437371e-05 1.2886494e-05 1.3297684e-05 1.3718096e-05 1.4146874e-05 1.0758646e-05 1.1811115e-05 1.287758e-05 1.3954699e-05 1.1882287e-05 1.2268991e-05 1.2665039e-05 1.0902807e-05 1.0386021e-05 1.1166256e-05 1.0029497e-05 1.0115622e-05 1.1752667e-05 1.1550766e-05 1.2379615e-05 1.306239e-05 1.3730458e-05 1.3488727e-05 1.0183231e-05 1.0503894e-05 1.0828519e-05 1.0634085e-05 1.0931715e-05 1.1232339e-05 1.15337e-05 1.1837446e-05 1.0244719e-05 1.2076363e-05 1.2357535e-05 1.2640967e-05 1.2924512e-05 1.1013439e-05 1.14907925e-05 1.1299622e-05 1.1563822e-05 1.1830288e-05 1.03347065e-05 1.0762631e-05 1.0000918e-05 1.0267796e-05 1.0516828e-05 1.0299605e-05 1.0086594e-05 1.1866452e-05 1.0228491e-05 1.0501328e-05 1.1577889e-05 1.4169547e-05 1.44397745e-05 1.4711982e-05 1.7012459e-05 1.2761611e-05 1.192405e-05 1.26754785e-05 1.3430854e-05 1.631781e-05 1.1553434e-05 1.1538066e-05 1.2617384e-05 1.2922146e-05 1.5084454e-05 1.5368201e-05 1.1156125e-05 1.0625305e-05 1.1464491e-05 1.4302389e-05 1.5119632e-05 1.1237188e-05 1.3196237e-05 1.3512439e-05 1.383051e-05 1.1270302e-05 1.3107843e-05 1.4009188e-05 1.0164584e-05 1.1384584e-05 1.1734641e-05 1.2086111e-05 1.24388425e-05 1.1059222e-05 1.2034101e-05 1.3008902e-05 1.0446888e-05 1.1476747e-05 1.4190628e-05 1.5443798e-05 1.6709599e-05 1.6243996e-05 1.3007828e-05 1.43685e-05 1.3953663e-05 1.5315587e-05 1.20409795e-05 1.1664549e-05 1.3105678e-05 1.4547486e-05 1.0647969e-05 1.2133504e-05 1.3622827e-05 1.0189982e-05 1.1658961e-05 1.0138757e-05 1.45048025e-05 1.0562751e-05 1.2813891e-05 1.2392173e-05 1.4059701e-05 1.0157231e-05 1.0949962e-05 1.07361075e-05 1.2348104e-05 1.1344882e-05 1.0467456e-05 1.4542254e-05 1.6094928e-05 1.7679711e-05 2.0307707e-05 1.0347203e-05 1.175545e-05 1.3841051e-05 1.549637e-05 1.7998349e-05 1.9589552e-05 1.3358009e-05 1.09123175e-05 1.34114935e-05 1.5693488e-05 1.7350883e-05 1.9022722e-05 1.1369454e-05 1.2689573e-05 1.02013155e-05 1.1260274e-05 1.2984877e-05 1.4715096e-05 1.6449083e-05 1.0569848e-05 1.149942e-05 1.3245219e-05 1.2401345e-05 1.1830486e-05 1.3225631e-05 1.467649e-05 1.3977964e-05 1.1721786e-05 1.3206704e-05 1.2442633e-05 1.3935345e-05 1.1949832e-05 1.1102084e-05 1.2607479e-05 1.412526e-05 1.0711598e-05 1.221214e-05 1.1089813e-05 1.17525315e-05 1.0892574e-05 1.2745583e-05 1.0222169e-05 1.1486957e-05 1.03981665e-05 1.05811805e-05 1.04622995e-05 1.0335314e-05 1.0544723e-05 1.04849105e-05 1.1202106e-05 1.0064414e-05 1.0050738e-05 1.0206481e-05 1.04377905e-05 1.0380349e-05 1.09085895e-05 1.0112591e-05 1.05223035e-05 1.1241345e-05 1.158006e-05 1.1406651e-05 1.0152927e-05 1.0565249e-05 1.0984359e-05 1.2296178e-05 1.2143274e-05 1.2001251e-05 1.022629e-05 1.0522897e-05 1.08232825e-05 1.1125208e-05 1.1430259e-05 1.17392165e-05 1.02102385e-05 1.114631e-05 1.1429871e-05 1.1717785e-05 1.20083705e-05 1.2299509e-05 1.2592931e-05 1.0221955e-05 1.0720183e-05 1.1221797e-05 1.242259e-05 1.26950345e-05 1.2971001e-05 1.3248892e-05 1.3526669e-05 1.13522265e-05 1.18200205e-05 1.2290716e-05 1.0215609e-05 1.133067e-05 1.1586662e-05 1.1846325e-05 1.2108041e-05 1.0420407e-05 1.08550685e-05 1.0833739e-05 1.1169681e-05 1.0176434e-05 1.15635685e-05 1.30791395e-05 1.0319072e-05 1.0111784e-05 1.0822059e-05 1.0197525e-05 1.0307751e-05 1.1626486e-05 1.0998148e-05 1.0448048e-05 1.3028697e-05 1.2387825e-05 1.2070693e-05 1.1352554e-05 1.1198287e-05 1.0351996e-05 1.2103198e-05 1.0796712e-05 1.0835958e-05 1.0074535e-05 1.2563059e-05 1.1922562e-05 1.1276967e-05 1.034887e-05 1.1028184e-05 1.1090883e-05 1.0382342e-05 1.36001045e-05 1.2686367e-05 1.2035384e-05 1.1120452e-05 1.173598e-05 1.1765864e-05 1.1004405e-05 1.3596751e-05 1.2816232e-05 1.26857385e-05 1.14296745e-05 1.2698466e-05 1.1891184e-05 1.0826659e-05 1.4682712e-05 1.3926413e-05 1.3440343e-05 1.254387e-05 1.0016938e-05 1.2988269e-05 1.2007893e-05 1.1093603e-05 1.0263044e-05 1.2873056e-05 1.0249206e-05 1.0725697e-05 1.1977565e-05 1.364262e-05 1.2702039e-05 1.2073061e-05 1.1026555e-05 1.0332021e-05 1.34077645e-05 1.2391725e-05 1.1865524e-05 1.0866933e-05 1.0050916e-05 1.3490478e-05 1.2449857e-05 1.1640345e-05 1.0683512e-05 1.0087696e-05 1.3510551e-05 1.25865035e-05 1.189555e-05 1.1229181e-05 1.04386445e-05 1.2154258e-05 1.1243289e-05 1.0345021e-05 1.0167606e-05 1.1282825e-05 1.04515475e-05 1.0739223e-05 1.0542234e-05 1.156501e-05 1.05141335e-05 1.0503889e-05 1.0618379e-05 1.0722043e-05 1.0836152e-05 1.0960369e-05 1.12040925e-05 1.14747345e-05 1.1756172e-05 1.2048367e-05 1.043459e-05 1.0570849e-05 1.0715556e-05 1.0868637e-05 1.1142928e-05 1.1443002e-05 1.1752364e-05 1.2071087e-05 1.0420057e-05 1.0580512e-05 1.0748005e-05 1.0921779e-05 1.1222305e-05 1.1548022e-05 1.1881494e-05 1.2222935e-05 1.0575481e-05 1.0751398e-05 1.093223e-05 1.11177105e-05 1.143929e-05 1.1786132e-05 1.2139315e-05 1.24991975e-05 1.0347133e-05 1.0190843e-05 1.0086169e-05 1.0894655e-05 1.1075905e-05 1.1260777e-05 1.1449096e-05 1.1786278e-05 1.2149501e-05 1.2517869e-05 1.2891875e-05 1.0980932e-05 1.08835175e-05 1.079697e-05 1.0721549e-05 1.1965702e-05 1.22288475e-05 1.2496369e-05 1.27679905e-05 1.3042047e-05 1.3316574e-05 1.3593358e-05 1.099824e-05 1.1463891e-05 1.1933451e-05 1.2406479e-05 1.0315092e-05 1.3074718e-05 1.3331493e-05 1.3591787e-05 1.38554e-05 1.4120718e-05 1.4385831e-05 1.1970987e-05 1.2415032e-05 1.28620695e-05 1.3311799e-05 1.1168405e-05 1.1594025e-05 1.1832466e-05 1.2074814e-05 1.2320839e-05 1.2568909e-05 1.0329649e-05 1.0752765e-05 1.1178621e-05 1.0546821e-05 1.1983501e-05 1.034313e-05 1.0148417e-05 1.0566245e-05 1.0092052e-05 1.0523453e-05 1.0102022e-05 1.1329222e-05 1.0744718e-05 1.0166557e-05 1.2693518e-05 1.2101236e-05 1.1517332e-05 1.0943062e-05 1.0840554e-05 1.0085452e-05 1.32965415e-05 1.39518825e-05 1.1574882e-05 1.1866578e-05 1.066996e-05 1.1274484e-05 1.0218125e-05 1.0564889e-05 1.0114731e-05 1.0756265e-05 1.1105979e-05 1.0334645e-05 1.1753254e-05 1.0992857e-05 1.0242146e-05 1.0014136e-05 1.2652162e-05 1.190839e-05 1.1179179e-05 1.0467433e-05 1.0440075e-05 1.37531215e-05 1.3026716e-05 1.2318962e-05 1.1633151e-05 1.3107388e-05 1.2067754e-05 1.1068662e-05 1.012197e-05 1.1478811e-05 1.0612092e-05 1.1126471e-05 1.0276165e-05 1.3531234e-05 1.1230375e-05 1.3235352e-05 1.0845867e-05 1.0872693e-05 1.065773e-05 1.1104634e-05 1.1217048e-05 1.0702628e-05 1.1675198e-05 1.0788457e-05 1.0801841e-05 1.0349268e-05 1.1624445e-05 1.0750035e-05 1.0030035e-05 1.1360406e-05 1.0522438e-05 1.0093024e-05 1.1396695e-05 1.0608786e-05 1.1730142e-05 1.1001327e-05 1.0297326e-05 1.0229969e-05 1.08239765e-05 1.0357483e-05 1.0392364e-05 1.0474298e-05 1.2196651e-05 1.0920317e-05 1.1331203e-05 1.0060571e-05 1.0568275e-05 1.2744732e-05 1.28373085e-05 1.293966e-05 1.30515555e-05 1.325165e-05 1.3472697e-05 1.3701155e-05 1.3937923e-05 1.253425e-05 1.2658996e-05 1.2792195e-05 1.2933613e-05 1.3159379e-05 1.3403685e-05 1.36531235e-05 1.3908854e-05 1.2446469e-05 1.2596041e-05 1.2752421e-05 1.2915737e-05 1.316312e-05 1.3428328e-05 1.3697694e-05 1.3972526e-05 1.2501357e-05 1.2668478e-05 1.2841495e-05 1.3019621e-05 1.3285503e-05 1.3569065e-05 1.3855832e-05 1.41472565e-05 1.2697077e-05 1.2874862e-05 1.3056702e-05 1.3242403e-05 1.3523308e-05 1.38223495e-05 1.4123722e-05 1.4429012e-05 1.3028358e-05 1.32086325e-05 1.3391966e-05 1.3578234e-05 1.3870598e-05 1.4182154e-05 1.4495282e-05 1.4811684e-05 1.4000574e-05 1.42373e-05 1.4477466e-05 1.4720905e-05 1.4967457e-05 1.5215501e-05 1.5463262e-05 1.2840956e-05 1.325042e-05 1.3663181e-05 1.4078951e-05 1.4497472e-05 1.2354244e-05 1.2200701e-05 1.2415589e-05 1.2634532e-05 1.2857324e-05 1.3083768e-05 1.3312241e-05 1.0405286e-05 1.0799786e-05 1.1197386e-05 1.159777e-05 1.2000662e-05 1.2312433e-05 1.3584924e-05 1.1745853e-05 1.3202953e-05 1.2190335e-05 1.1995028e-05 1.1601984e-05 1.111676e-05 1.0915635e-05 1.0610108e-05 1.0695218e-05 1.0717238e-05 1.0212631e-05 1.0006295e-05 1.6448377e-05 1.5154551e-05 1.5291605e-05 1.4236405e-05 1.3306751e-05 1.1221128e-05 1.2649498e-05 1.1230659e-05 1.2613873e-05 1.2291586e-05 1.36559465e-05 1.2975716e-05 1.2663177e-05 1.3062449e-05 1.3157019e-05 1.24539265e-05 1.2135828e-05 1.0091455e-05 1.00712e-05 1.1705537e-05 1.3501178e-05 1.2194815e-05 1.0579336e-05 1.3310804e-05 1.1448521e-05 1.2955774e-05 1.264208e-05 1.1307984e-05 1.25137385e-05 1.2184608e-05 1.3064489e-05 1.23032905e-05 1.1962328e-05 1.1831764e-05 1.2638402e-05 1.3086248e-05 1.26849945e-05 1.2486872e-05 1.2501204e-05 1.0668954e-05 1.14827535e-05 1.114336e-05 1.2970861e-05 1.2028759e-05 1.2096116e-05 1.2269734e-05 1.4893315e-05 1.4979968e-05 1.5075266e-05 1.5179045e-05 1.533899e-05 1.5514312e-05 1.5696382e-05 1.5883923e-05 1.1660804e-05 1.4624205e-05 1.4738402e-05 1.4860644e-05 1.4990734e-05 1.5173889e-05 1.5370499e-05 1.557211e-05 1.577723e-05 1.1161063e-05 1.4508895e-05 1.46485945e-05 1.47953315e-05 1.4948952e-05 1.5148715e-05 1.5359803e-05 1.5574624e-05 1.5791646e-05 1.0783594e-05 1.4491451e-05 1.4650339e-05 1.4814907e-05 1.4985428e-05 1.5200606e-05 1.5426633e-05 1.5655878e-05 1.5886751e-05 1.0513446e-05 1.4596522e-05 1.4768338e-05 1.4945271e-05 1.51265085e-05 1.5354859e-05 1.5594127e-05 1.5836109e-05 1.6079175e-05 1.03510565e-05 1.4821517e-05 1.5000711e-05 1.5183362e-05 1.5369318e-05 1.5608439e-05 1.5859096e-05 1.6111995e-05 1.636548e-05 1.0301523e-05 1.5162167e-05 1.5341873e-05 1.5524229e-05 1.570914e-05 1.5956613e-05 1.6216762e-05 1.6478734e-05 1.6740853e-05 1.0366462e-05 1.3301828e-05 1.3493155e-05 1.3688331e-05 1.3887193e-05 1.40895845e-05 1.4295358e-05 1.4502909e-05 1.0851896e-05 1.1209591e-05 1.1570728e-05 1.1934997e-05 1.2302121e-05 1.2671853e-05 1.0276838e-05 1.0113954e-05 1.00403195e-05 1.0135549e-05 1.0237946e-05 1.0347298e-05 1.04633855e-05 1.0585988e-05 1.02721815e-05 1.0227731e-05 1.0292413e-05 1.0464212e-05 1.0737992e-05 1.1106219e-05 1.2244573e-05 1.1962798e-05 1.01887035e-05 1.1178957e-05 1.0785132e-05 1.0266173e-05 1.0055758e-05 1.0056337e-05 1.3806302e-05 1.2727583e-05 1.1741541e-05 1.0873217e-05 1.1974754e-05 1.3301149e-05 1.4386148e-05 1.371492e-05 1.3648626e-05 1.3695168e-05 1.2985449e-05 1.2740514e-05 1.3105416e-05 1.3163394e-05 1.2419187e-05 1.0083514e-05 1.1665244e-05 1.0554554e-05 1.2042961e-05 1.1276548e-05 1.1903414e-05 1.1095157e-05 1.0264619e-05 1.1871968e-05 1.1968176e-05 1.1174302e-05 1.0332136e-05 1.0047662e-05 1.0385675e-05 1.0846755e-05 1.0296393e-05 1.0096485e-05 1.2037304e-05 1.2113171e-05 1.2199174e-05 1.2295103e-05 1.2418291e-05 1.25532715e-05 1.3158188e-05 1.3242831e-05 1.1745925e-05 1.1854346e-05 1.1972274e-05 1.2099431e-05 1.2251077e-05 1.2621477e-05 1.2730018e-05 1.2845681e-05 1.1626584e-05 1.1766028e-05 1.1914063e-05 1.2070372e-05 1.217004e-05 1.22990305e-05 1.24349635e-05 1.25764545e-05 1.1673138e-05 1.1839078e-05 1.20122895e-05 1.1827786e-05 1.1970643e-05 1.2122003e-05 1.2279167e-05 1.2440633e-05 1.1853236e-05 1.2036061e-05 1.1596608e-05 1.1741358e-05 1.1904226e-05 1.2074357e-05 1.224969e-05 1.2428617e-05 1.2177149e-05 1.1469597e-05 1.1627366e-05 1.1790788e-05 1.1970539e-05 1.2156821e-05 1.2347678e-05 1.254142e-05 1.146343e-05 1.16290585e-05 1.1799341e-05 1.19740625e-05 1.2167131e-05 1.23667905e-05 1.2570148e-05 1.2775735e-05 1.2122616e-05 1.2301825e-05 1.2484314e-05 1.2669937e-05 1.2879224e-05 1.3095018e-05 1.331395e-05 1.353423e-05 1.635627e-05 1.5950214e-05 1.1080767e-05 1.0946758e-05 1.0741279e-05 1.0536527e-05 1.0332546e-05 1.0883679e-05 1.0495226e-05 1.0108196e-05 1.0608552e-05 1.0610475e-05 1.0447611e-05 1.02219965e-05 1.0263648e-05 1.0039009e-05 1.0191388e-05 1.03850425e-05 1.1710944e-05 1.14990535e-05 1.1489025e-05 1.1323503e-05 1.1357097e-05 1.11315485e-05 1.0906996e-05 1.102526e-05 1.0570084e-05 1.0119797e-05 1.0021434e-05 1.1212572e-05 1.0753801e-05 1.1624358e-05 1.156031e-05 1.1326863e-05 1.1282485e-05 1.1182946e-05 1.1148374e-05 1.0905269e-05 1.0662772e-05 1.1928412e-05 1.1456698e-05 1.0987283e-05 1.0884522e-05 1.2091894e-05 1.064958e-05 1.0174209e-05 1.1887846e-05 1.2703461e-05 1.2025541e-05 1.1349715e-05 1.08285e-05 1.1376003e-05 1.0704282e-05 1.0032917e-05 1.2119193e-05 1.2238461e-05 1.2722028e-05 1.20441255e-05 1.136856e-05 1.1377669e-05 1.13877795e-05 1.0714203e-05 1.0041196e-05 1.0967559e-05 1.094838e-05 1.2806331e-05 1.2453231e-05 1.2889115e-05 1.2216186e-05 1.2219169e-05 1.1549196e-05 1.1550618e-05 1.0879322e-05 1.02100785e-05 1.35141845e-05 1.3163767e-05 1.2816615e-05 1.319893e-05 1.3191478e-05 1.25291435e-05 1.1869376e-05 1.1858155e-05 1.119337e-05 1.0531985e-05 1.4349438e-05 1.4001202e-05 1.3656724e-05 1.33162985e-05 1.42785675e-05 1.3622991e-05 1.2972707e-05 1.2326497e-05 1.230021e-05 1.1644473e-05 1.0993136e-05 1.0347033e-05 1.3700477e-05 1.344217e-05 1.3066704e-05 1.2694216e-05 1.2723309e-05 1.3097517e-05 1.2417353e-05 1.1740598e-05 1.1224744e-05 1.2273084e-05 1.1608337e-05 1.0947438e-05 1.42217905e-05 1.4153493e-05 1.3899425e-05 1.35339515e-05 1.3556409e-05 1.3194844e-05 1.3507983e-05 1.2832499e-05 1.2162021e-05 1.1671957e-05 1.2810172e-05 1.2157902e-05 1.0898934e-05 1.0233698e-05 1.5097862e-05 1.4748392e-05 1.4671444e-05 1.4419522e-05 1.4434189e-05 1.40762895e-05 1.3722872e-05 1.4040848e-05 1.3371614e-05 1.2709268e-05 1.2242143e-05 1.3448814e-05 1.2112647e-05 1.1456092e-05 1.080539e-05 1.5182064e-05 1.5115983e-05 1.4730549e-05 1.4632622e-05 1.475402e-05 1.4360495e-05 1.3969864e-05 1.3582378e-05 1.4686194e-05 1.4024254e-05 1.33690555e-05 1.2921821e-05 1.3412476e-05 1.2763336e-05 1.2120693e-05 1.1485642e-05 1.0230715e-05 1.170426e-05 1.2408423e-05 1.1766434e-05 1.1128419e-05 1.1125467e-05 1.1126823e-05 1.0498586e-05 1.154679e-05 1.1198087e-05 1.1861093e-05 1.12474845e-05 1.1259624e-05 1.0651265e-05 1.06715825e-05 1.0080478e-05 1.1465314e-05 1.1141369e-05 1.0823996e-05 1.1430818e-05 1.1055271e-05 1.0874915e-05 1.0301422e-05 1.0336729e-05 1.1471232e-05 1.1172382e-05 1.0880411e-05 1.0595885e-05 1.113109e-05 1.1163237e-05 1.062214e-05 1.0088803e-05 1.0134128e-05 1.127169e-05 1.0977373e-05 1.0689294e-05 1.162883e-05 1.1085139e-05 1.0548486e-05 1.1374071e-05 1.1174881e-05 1.0892804e-05 1.0617014e-05 1.0592197e-05 1.1159678e-05 1.0646026e-05 1.013993e-05 1.0028808e-05 1.1305584e-05 1.1202789e-05 1.10249775e-05 1.0770323e-05 1.07539e-05 1.0507208e-05 1.0988954e-05 1.0517916e-05 1.0054435e-05 1.0121535e-05 1.15460325e-05 1.1282872e-05 1.1185623e-05 1.1011972e-05 1.0998168e-05 1.0747875e-05 1.0504316e-05 1.0963174e-05 1.0534535e-05 1.011556e-05 1.0347154e-05 1.2024374e-05 1.2100406e-05 1.1821676e-05 1.1709389e-05 1.1753331e-05 1.1478078e-05 1.120742e-05 1.0941701e-05 1.1083996e-05 1.0698001e-05 1.0323089e-05 1.031255e-05 1.0299636e-05 1.0995131e-05 1.1738694e-05 1.0263558e-05 1.7738015e-05 1.7194452e-05 1.1675015e-05 1.1765338e-05 1.1857431e-05 1.1951254e-05 1.2046768e-05 1.0106457e-05 1.0527368e-05 1.0629458e-05 1.07335545e-05 1.0839598e-05 1.0285283e-05 1.0113599e-05 1.0571437e-05 1.022862e-05 1.1059503e-05 1.0883068e-05 1.0706909e-05 1.1137616e-05 1.0778007e-05 1.0421734e-05 1.0066328e-05 1.1930766e-05 1.1750138e-05 1.1569902e-05 1.1390078e-05 1.1790385e-05 1.1414958e-05 1.1042919e-05 1.0671838e-05 1.0301701e-05 1.2882993e-05 1.2698437e-05 1.251439e-05 1.2330875e-05 1.2147916e-05 1.2516168e-05 1.2125644e-05 1.1738611e-05 1.1353221e-05 1.0972247e-05 1.05916415e-05 1.0211445e-05 1.3902959e-05 1.3714538e-05 1.35267355e-05 1.3339577e-05 1.315309e-05 1.2967303e-05 1.3302987e-05 1.2897852e-05 1.2496573e-05 1.21011e-05 1.1706191e-05 1.1311904e-05 1.0918308e-05 1.052548e-05 1.3650627e-05 1.3613762e-05 1.3408858e-05 1.3204367e-05 1.300031e-05 1.2796707e-05 1.2593581e-05 1.4142561e-05 1.3723121e-05 1.3311863e-05 1.2902521e-05 1.2493995e-05 1.2086368e-05 1.1679733e-05 1.1274199e-05 1.3103623e-05 1.3265608e-05 1.3218339e-05 1.29959135e-05 1.2773626e-05 1.25514825e-05 1.2329491e-05 1.2107659e-05 1.5030709e-05 1.4600292e-05 1.4175175e-05 1.3752097e-05 1.3330093e-05 1.2909269e-05 1.2489743e-05 1.2071653e-05 1.0181272e-05 1.1975376e-05 1.0565399e-05 1.1546699e-05 1.2285703e-05 1.1093768e-05 1.0243504e-05 1.0327345e-05 1.270972e-05 1.174687e-05 1.3236435e-05 1.2505091e-05 1.3854069e-05 1.3350452e-05 1.4550987e-05 1.4267395e-05 1.5316306e-05 1.005187e-05 1.279852e-05 1.0072562e-05 1.3293636e-05 1.2461388e-05 1.1873972e-05 1.1288619e-05 1.0703697e-05 1.011928e-05 1.0650676e-05 1.3387551e-05 1.3423281e-05 1.3467876e-05 1.3521246e-05 1.3583287e-05 1.4973925e-05 1.436292e-05 1.3758803e-05 1.315661e-05 1.2554644e-05 1.1952937e-05 1.1351528e-05 1.0750462e-05 1.0296273e-05 1.2148282e-05 1.2208929e-05 1.22794245e-05 1.2359599e-05 1.2449265e-05 1.4058445e-05 1.4945175e-05 1.433244e-05 1.3726706e-05 1.3122986e-05 1.2519586e-05 1.1916551e-05 1.1313937e-05 1.0712266e-05 1.0113663e-05 1.0934072e-05 1.10230185e-05 1.112284e-05 1.1233246e-05 1.4511938e-05 1.419103e-05 1.50274855e-05 1.44145915e-05 1.3808942e-05 1.3205589e-05 1.2602879e-05 1.2000907e-05 1.140047e-05 1.0801503e-05 1.0111992e-05 1.0009026e-05 1.5074966e-05 1.4756777e-05 1.4440716e-05 1.5218967e-05 1.4607386e-05 1.4003411e-05 1.3402183e-05 1.28021275e-05 1.22042375e-05 1.1608645e-05 1.101494e-05 1.0291189e-05 1.5740467e-05 1.542496e-05 1.5111913e-05 1.4801485e-05 1.5515492e-05 1.4906449e-05 1.4305452e-05 1.3707779e-05 1.31128445e-05 1.2521062e-05 1.193181e-05 1.1345486e-05 1.0641965e-05 1.6500622e-05 1.6187505e-05 1.5877145e-05 1.5569709e-05 1.5265374e-05 1.5911106e-05 1.5305466e-05 1.4708356e-05 1.4116101e-05 1.3527795e-05 1.2942572e-05 1.2360867e-05 1.1783206e-05 1.1148028e-05 1.7263128e-05 1.69477e-05 1.6635144e-05 1.632562e-05 1.601931e-05 1.5716396e-05 1.6398595e-05 1.5796824e-05 1.5204892e-05 1.4619234e-05 1.4037082e-05 1.3458893e-05 1.2885202e-05 1.2316639e-05 1.1793276e-05 1.7273514e-05 1.7223352e-05 1.6878645e-05 1.6536002e-05 1.6195556e-05 1.5857444e-05 1.5521822e-05 1.697324e-05 1.6376121e-05 1.5790409e-05 1.52101275e-05 1.4634112e-05 1.4062887e-05 1.3497064e-05 1.2937354e-05 1.7116516e-05 1.746191e-05 1.7408023e-05 1.7040053e-05 1.6673494e-05 1.6308446e-05 1.594501e-05 1.55833e-05 1.763016e-05 1.7038623e-05 1.6457318e-05 1.5882048e-05 1.531173e-05 1.4746941e-05 1.4188343e-05 1.3636701e-05 1.374205e-05 1.1166127e-05 1.5263417e-05 1.3473041e-05 1.5025209e-05 1.3331103e-05 1.4886504e-05 1.332019e-05 1.4850012e-05 1.3440513e-05 1.4916403e-05 1.3688501e-05 1.50842425e-05 1.340844e-05 1.2454856e-05 1.1713354e-05 1.0473396e-05 1.4917362e-05 1.43159805e-05 1.3721911e-05 1.313068e-05 1.2540854e-05 1.1952647e-05 1.1366309e-05 1.07821525e-05 1.1717329e-05 1.0053454e-05 1.3428277e-05 1.4566495e-05 1.3982123e-05 1.3405551e-05 1.2832348e-05 1.2261148e-05 1.1692243e-05 1.11259815e-05 1.0562531e-05 1.0933843e-05 1.3261376e-05 1.2932581e-05 1.4027223e-05 1.3469048e-05 1.2919238e-05 1.2373451e-05 1.1830414e-05 1.1290523e-05 1.0754201e-05 1.0217933e-05 1.0257689e-05 1.3151704e-05 1.2841213e-05 1.2535601e-05 1.3572353e-05 1.3042167e-05 1.2521023e-05 1.2004705e-05 1.1492063e-05 1.0983608e-05 1.0476316e-05 1.3106353e-05 1.2814616e-05 1.25280085e-05 1.2246891e-05 1.3210562e-05 1.2710124e-05 1.2219476e-05 1.1734569e-05 1.1254387e-05 1.077649e-05 1.030433e-05 1.2859037e-05 1.25916085e-05 1.2329862e-05 1.2074167e-05 1.294961e-05 1.2480446e-05 1.2021829e-05 1.1569906e-05 1.1121259e-05 1.0678649e-05 1.0243633e-05 1.2979707e-05 1.2731322e-05 1.248874e-05 1.2252305e-05 1.20223785e-05 1.2795621e-05 1.2358794e-05 1.19332e-05 1.1513153e-05 1.1099335e-05 1.0693358e-05 1.0296148e-05 1.3226728e-05 1.2975339e-05 1.2728974e-05 1.2487931e-05 1.2256347e-05 1.2024728e-05 1.2752431e-05 1.2348337e-05 1.1954507e-05 1.1568258e-05 1.1189908e-05 1.0820286e-05 1.0460316e-05 1.0111028e-05 1.3430258e-05 1.3517968e-05 1.3247771e-05 1.2981236e-05 1.2718594e-05 1.2460089e-05 1.2205985e-05 1.2821813e-05 1.2449591e-05 1.2088349e-05 1.17359195e-05 1.13920005e-05 1.1057386e-05 1.0732944e-05 1.0419627e-05 1.3131108e-05 1.36242315e-05 1.3728206e-05 1.3456703e-05 1.3188277e-05 1.2923122e-05 1.2661442e-05 1.2403457e-05 1.3003732e-05 1.26628975e-05 1.2333409e-05 1.2013031e-05 1.1701467e-05 1.1399443e-05 1.1107735e-05 1.082718e-05 1.0299884e-05 1.1494768e-05 1.0970982e-05 1.0540446e-05 1.02149315e-05 1.0004665e-05 1.6038635e-05 1.5625064e-05 1.2629688e-05 1.2728316e-05 1.2828156e-05 1.2929182e-05 1.1605521e-05 1.1715623e-05 1.1827028e-05 1.0602444e-05 1.0725035e-05 1.0373325e-05 1.0424765e-05 1.026048e-05 1.0096652e-05 1.0355529e-05 1.0014362e-05 1.1138456e-05 1.132916e-05 1.11625895e-05 1.0996603e-05 1.0831228e-05 1.0666491e-05 1.1054843e-05 1.0700466e-05 1.0349022e-05 1.0001754e-05 1.1965841e-05 1.0945064e-05 1.0925961e-05 1.0742593e-05 1.0559533e-05 1.0376796e-05 1.01944e-05 1.1816923e-05 1.1449852e-05 1.1086083e-05 1.0730518e-05 1.0376788e-05 1.002398e-05 1.2848713e-05 1.0467704e-05 1.0659393e-05 1.0631641e-05 1.0433501e-05 1.0235404e-05 1.0037352e-05 1.2634984e-05 1.2255509e-05 1.1882778e-05 1.15152725e-05 1.11498985e-05 1.078578e-05 1.0423051e-05 1.0061861e-05 1.0747569e-05 1.073742e-05 1.0921946e-05 1.0886756e-05 1.0680962e-05 1.0475196e-05 1.0269459e-05 1.0063753e-05 1.3499094e-05 1.3109691e-05 1.272493e-05 1.2345544e-05 1.1968579e-05 1.1593196e-05 1.1219556e-05 1.0847838e-05 1.2020418e-05 1.1688396e-05 1.2371917e-05 1.24456965e-05 1.1971028e-05 1.0231154e-05 1.2833622e-05 1.12421485e-05 1.134929e-05 1.2357251e-05 1.0279231e-05 1.3394072e-05 1.001918e-05 1.0142902e-05 1.0271084e-05 1.2837655e-05 1.0793481e-05 1.40413795e-05 1.0214178e-05 1.3402052e-05 1.1400575e-05 1.47640585e-05 1.1058886e-05 1.4040257e-05 1.2086467e-05 1.3327845e-05 1.2028826e-05 1.0543793e-05 1.003085e-05 1.2237785e-05 1.1668104e-05 1.2095972e-05 1.1562277e-05 1.1035447e-05 1.05105555e-05 1.2707122e-05 1.002349e-05 1.4314773e-05 1.4399404e-05 1.4490778e-05 1.4588769e-05 1.2997341e-05 1.2444144e-05 1.18961825e-05 1.1355084e-05 1.0815835e-05 1.0276852e-05 1.2725112e-05 1.3272817e-05 1.3382559e-05 1.34994125e-05 1.3623195e-05 1.2014961e-05 1.2951259e-05 1.239646e-05 1.1847047e-05 1.1304682e-05 1.0764335e-05 1.0224438e-05 1.2869804e-05 1.2271012e-05 1.2408224e-05 1.2552815e-05 1.243333e-05 1.2138422e-05 1.3018876e-05 1.2464351e-05 1.1915537e-05 1.1374129e-05 1.0835164e-05 1.0297148e-05 1.3136899e-05 1.13198985e-05 1.1487106e-05 1.2961264e-05 1.2670985e-05 1.238309e-05 1.3198357e-05 1.2645868e-05 1.2099563e-05 1.15611765e-05 1.1025879e-05 1.0493185e-05 1.3519037e-05 1.0433224e-05 1.3590303e-05 1.3304674e-05 1.3021808e-05 1.2741887e-05 1.3485148e-05 1.29361415e-05 1.2393895e-05 1.1860176e-05 1.1331295e-05 1.080619e-05 1.0284262e-05 1.4006785e-05 1.41999235e-05 1.3911367e-05 1.362562e-05 1.3342864e-05 1.30632925e-05 1.3872577e-05 1.332805e-05 1.2790905e-05 1.2263875e-05 1.174302e-05 1.1225946e-05 1.0713202e-05 1.0205441e-05 1.4593675e-05 1.4240323e-05 1.4217248e-05 1.3899113e-05 1.3582787e-05 1.3268401e-05 1.2956095e-05 1.4355775e-05 1.3816279e-05 1.3285597e-05 1.2766455e-05 1.2253062e-05 1.1744444e-05 1.1241253e-05 1.0744251e-05 1.527198e-05 1.4155394e-05 1.4548352e-05 1.4523912e-05 1.4184732e-05 1.384665e-05 1.350975e-05 1.317412e-05 1.492851e-05 1.4394781e-05 1.3871455e-05 1.335883e-05 1.2852747e-05 1.2352339e-05 1.1858325e-05 1.137154e-05 1.4348371e-05 1.434424e-05 1.4710258e-05 1.4674868e-05 1.4336364e-05 1.3999311e-05 1.3663815e-05 1.33299945e-05 1.5580295e-05 1.5053028e-05 1.4535116e-05 1.4028429e-05 1.3528964e-05 1.3035933e-05 1.2550098e-05 1.207233e-05 1.5733194e-05 1.05656445e-05 1.1457941e-05 1.4698823e-05 1.233302e-05 1.5507674e-05 1.0357356e-05 1.0412832e-05 1.44981395e-05 1.2150206e-05 1.537969e-05 1.0293425e-05 1.4388729e-05 1.20746045e-05 1.53516e-05 1.0376399e-05 1.4372604e-05 1.2108142e-05 1.542386e-05 1.0602711e-05 1.4450005e-05 1.2249841e-05 1.5033765e-05 1.0273856e-05 1.1564776e-05 1.3517126e-05 1.2421374e-05 1.2498559e-05 1.1947528e-05 1.1403565e-05 1.0862187e-05 1.0322082e-05 1.24174585e-05 1.2977741e-05 1.242776e-05 1.1883347e-05 1.1346405e-05 1.08124505e-05 1.0280209e-05 1.21142675e-05 1.1458595e-05 1.2647224e-05 1.2113632e-05 1.1586142e-05 1.1066727e-05 1.0550968e-05 1.0037682e-05 1.1594579e-05 1.1305976e-05 1.0999887e-05 1.213675e-05 1.1628231e-05 1.1126468e-05 1.0633503e-05 1.0145036e-05 1.1185836e-05 1.1216353e-05 1.0928472e-05 1.0645971e-05 1.1713674e-05 1.1232296e-05 1.07584765e-05 1.029432e-05 1.0900459e-05 1.119657e-05 1.0927662e-05 1.0664489e-05 1.040749e-05 1.1387694e-05 1.09355005e-05 1.0491773e-05 1.0058651e-05 1.0748207e-05 1.10029605e-05 1.0759516e-05 1.052252e-05 1.0292415e-05 1.116727e-05 1.07460155e-05 1.0334154e-05 1.0734702e-05 1.1295818e-05 1.10439005e-05 1.0797315e-05 1.0556433e-05 1.0321655e-05 1.1058628e-05 1.0669492e-05 1.0290584e-05 1.0861575e-05 1.1693411e-05 1.177586e-05 1.1502745e-05 1.1233248e-05 1.09676375e-05 1.07062e-05 1.1065547e-05 1.0708954e-05 1.0362592e-05 1.0027982e-05 1.1126472e-05 1.1381502e-05 1.1938842e-05 1.2034854e-05 1.176153e-05 1.1491253e-05 1.1224243e-05 1.0960738e-05 1.1189596e-05 1.086506e-05 1.0551264e-05 1.0249745e-05 1.0936753e-05 1.101425e-05 1.1530738e-05 1.1619927e-05 1.1363292e-05 1.1110133e-05 1.086069e-05 1.0615227e-05 1.1427786e-05 1.1133842e-05 1.0850698e-05 1.05797835e-05 1.03190705e-05 1.0068453e-05 1.1835263e-05 1.0903663e-05 1.1267377e-05 1.0449674e-05 1.07923315e-05 1.0083973e-05 1.0422796e-05 1.01702435e-05 1.0391831e-05 1.4481244e-05 1.4239061e-05 1.3689605e-05 1.379169e-05 1.389459e-05 1.2789529e-05 1.2901822e-05 1.1915997e-05 1.0385649e-05 1.0235107e-05 1.0368087e-05 1.0042709e-05 1.1245884e-05 1.1168981e-05 1.0833207e-05 1.0501505e-05 1.0174584e-05 1.2008779e-05 1.16649035e-05 1.1323106e-05 1.0986303e-05 1.06553625e-05 1.0327422e-05 1.0001796e-05 1.0108717e-05 1.0443346e-05 1.0239519e-05 1.3523313e-05 1.0224415e-05 1.0948499e-05 1.0891239e-05 1.0679901e-05 1.2432631e-05 1.2551199e-05 1.0600111e-05 1.0192179e-05 1.00447505e-05 1.1439028e-05 1.12209145e-05 1.1327235e-05 1.1463344e-05 1.1602241e-05 1.1070502e-05 1.0653176e-05 1.1959514e-05 1.1734216e-05 1.0262436e-05 1.0418069e-05 1.0576759e-05 1.0738371e-05 1.1102855e-05 1.0677063e-05 1.0632436e-05 1.0384374e-05 1.036181e-05 1.0554792e-05 1.0750139e-05 1.0947725e-05 1.0694818e-05 1.0921604e-05 1.1149984e-05 1.13798615e-05 1.0266365e-05 1.0518159e-05 1.0771138e-05 1.10252195e-05 1.0094888e-05 1.0162516e-05 1.04382525e-05 1.0218911e-05 1.0523299e-05 1.0234514e-05 1.1178606e-05 1.556033e-05 1.5677158e-05 1.5798836e-05 1.1021112e-05 1.0530329e-05 1.0039999e-05 1.0524817e-05 1.0241364e-05 1.0208866e-05 1.4710661e-05 1.4849663e-05 1.4993558e-05 1.09583125e-05 1.0466242e-05 1.0659933e-05 1.0384102e-05 1.3907575e-05 1.4069942e-05 1.0361258e-05 1.009318e-05 1.1013871e-05 1.0522787e-05 1.0032804e-05 1.0923575e-05 1.0657153e-05 1.31595125e-05 1.0860037e-05 1.0598938e-05 1.0340622e-05 1.1185931e-05 1.0697958e-05 1.02117765e-05 1.1306776e-05 1.1050885e-05 1.1357079e-05 1.1093729e-05 1.0833192e-05 1.0575675e-05 1.1469263e-05 1.0986096e-05 1.0505565e-05 1.0032687e-05 1.1802148e-05 1.1557294e-05 1.1467707e-05 1.1455717e-05 1.1162187e-05 1.0870192e-05 1.057986e-05 1.1859207e-05 1.13820015e-05 1.0908343e-05 1.0444133e-05 1.2399952e-05 1.2166063e-05 1.1474165e-05 1.1937162e-05 1.1924905e-05 1.1613848e-05 1.1303612e-05 1.09942675e-05 1.23487e-05 1.1878003e-05 1.1412522e-05 1.095801e-05 1.0514863e-05 1.0079016e-05 1.3084708e-05 1.1433794e-05 1.14858785e-05 1.1924456e-05 1.1903486e-05 1.1593093e-05 1.1283853e-05 1.0975864e-05 1.2925307e-05 1.2461657e-05 1.200493e-05 1.155845e-05 1.1124042e-05 1.0697829e-05 1.0279315e-05 1.189395e-05 1.1582311e-05 1.1621045e-05 1.2029858e-05 1.1999358e-05 1.1691639e-05 1.1385512e-05 1.108111e-05 1.3576206e-05 1.3120045e-05 1.2669856e-05 1.223048e-05 1.1803697e-05 1.13858005e-05 1.0976357e-05 1.0576351e-05 1.3269152e-05 1.2952466e-05 1.2169475e-05 1.24976605e-05 1.1972124e-05 1.3092528e-05 1.278141e-05 1.1284934e-05 1.2341981e-05 1.1824538e-05 1.3017537e-05 1.2712758e-05 1.037999e-05 1.04404335e-05 1.2280665e-05 1.1773839e-05 1.3045844e-05 1.2748079e-05 1.23150485e-05 1.18212e-05 1.25665065e-05 1.2264495e-05 1.1271724e-05 1.0949703e-05 1.0360411e-05 1.0028245e-05 1.0103562e-05 1.038254e-05 1.0666195e-05 1.0272989e-05 1.0242201e-05 1.015722e-05 1.0468029e-05 1.0605588e-05 1.0105827e-05 1.0259802e-05 1.0052033e-05 1.0385141e-05 1.1041148e-05 1.0546328e-05 1.0052842e-05 1.0238039e-05 1.023921e-05 1.025333e-05 1.0729631e-05 1.0250661e-05 1.0248037e-05 1.0046629e-05 1.01359265e-05 1.0327812e-05 1.04284045e-05 1.0154276e-05 1.0023071e-05 1.11285135e-05 1.0325785e-05 1.0391821e-05 1.3113502e-05 1.3064264e-05 1.3093833e-05 1.10187875e-05 1.4825028e-05 1.4926945e-05 1.0202975e-05 1.4044e-05 1.0576391e-05 1.028044e-05 1.4740472e-05 1.180535e-05 1.3765329e-05 1.388648e-05 1.0734587e-05 1.0999406e-05 1.2858094e-05 1.299704e-05 1.313768e-05 1.3154169e-05 1.3321865e-05 1.3490932e-05 1.3555459e-05 1.37495335e-05 1.3944643e-05 1.0356506e-05 1.0718708e-05 1.3123949e-05 1.333877e-05 1.35544615e-05 1.1083502e-05 1.1464354e-05 1.2493466e-05 1.27277435e-05 1.2962739e-05 1.0425034e-05 1.19231245e-05 1.217626e-05 1.2429937e-05 1.2621926e-05 1.70352e-05 1.7170341e-05 1.1868709e-05 1.6358392e-05 1.6511582e-05 1.1171346e-05 1.5727643e-05 1.0540587e-05 1.0288929e-05 1.0099406e-05 1.0392506e-05 1.09907905e-05 1.0981404e-05 1.0591696e-05 1.0209957e-05 1.1641454e-05 1.1260368e-05 1.0886226e-05 1.0520016e-05 1.0166518e-05 1.0806287e-05 1.0519617e-05 1.0234617e-05 1.0014829e-05 1.3233016e-05 1.02983095e-05 1.0678663e-05 1.0397817e-05 1.0119142e-05 1.1043505e-05 1.2493858e-05 1.0188988e-05 1.0563509e-05 1.0659622e-05 1.0385651e-05 1.0114412e-05 1.170109e-05 1.1796384e-05 1.017928e-05 1.0153816e-05 1.1313076e-05 1.1445909e-05 1.1585895e-05 1.1863298e-05 1.2056299e-05 1.2254657e-05 1.2441079e-05 1.2677893e-05 1.2918539e-05 1.0350346e-05 1.0714145e-05 1.1085007e-05 1.2125399e-05 1.2386815e-05 1.2651411e-05 1.0323866e-05 1.1894435e-05 1.217813e-05 1.2464344e-05 1.1753109e-05 1.2056049e-05 1.2360905e-05 1.1114487e-05 1.1175121e-05 1.0628615e-05 1.1921079e-05 1.0178263e-05 1.1197108e-05 1.1258534e-05 1.1912929e-05 1.100255e-05 1.107315e-05 1.2112921e-05 1.0983961e-05 1.106387e-05 1.2153625e-05 1.0672943e-05 1.0761612e-05 1.0108976e-05 1.0206053e-05 1.253745e-05 1.6013353e-05 1.1850154e-05 1.606553e-05 1.27736685e-05 1.535561e-05 1.5473972e-05 1.11232475e-05 1.1361809e-05 1.2253817e-05 1.5729502e-05 1.5870677e-05 1.2615108e-05 1.6271404e-05 1.643455e-05 1.27788835e-05 1.3080139e-05 1.3382893e-05 1.3687045e-05 1.20980985e-05 1.582116e-05 1.6002015e-05 1.3495976e-05 1.3812315e-05 1.4129746e-05 1.1458551e-05 1.5235436e-05 1.5433443e-05 1.2874269e-05 1.3204527e-05 1.0869333e-05 1.4690481e-05 1.4905464e-05 1.2295485e-05 1.0338997e-05 1.4190952e-05 1.4422497e-05 1.4144117e-05 1.8667784e-05 1.3574199e-05 1.8140296e-05 1.3057263e-05 1.2301131e-05 1.4571527e-05 1.2737308e-05 1.3952168e-05 1.1588592e-05 1.3777438e-05 1.3901509e-05 1.1010081e-05 1.4412363e-05 1.4580669e-05 1.13645965e-05 1.4998583e-05 1.5201301e-05 1.2609618e-05 1.292059e-05 1.3236641e-05 1.3557417e-05 1.0959198e-05 1.4675638e-05 1.4899231e-05 1.2193919e-05 1.252108e-05 1.2852538e-05 1.0627879e-05 1.4410248e-05 1.4653533e-05 1.1840156e-05 1.218197e-05 1.0377667e-05 1.4205587e-05 1.4467031e-05 1.1553961e-05 1.0214451e-05 1.4064257e-05 1.4341984e-05 1.2352422e-05 1.2759132e-05 1.08649265e-05 1.0910824e-05 1.0689658e-05 1.2668513e-05 1.1385726e-05 1.0672872e-05 1.2683258e-05 1.142406e-05 1.033001e-05 1.240913e-05 1.1140652e-05 1.1275319e-05 1.1410049e-05 1.1544841e-05 1.1888435e-05 1.0605385e-05 1.0744707e-05 1.0884062e-05 1.1393344e-05 1.0097015e-05 1.0240692e-05 1.03843795e-05 1.0927327e-05 1.0494253e-05 1.0098352e-05 1.3753373e-05 1.0918526e-05 1.7679213e-05 1.2904144e-05 1.49804455e-05 1.8190149e-05 1.5518479e-05 1.876712e-05 1.566511e-05 1.5913676e-05 1.6163232e-05 1.6413733e-05 1.6665137e-05 1.5006677e-05 1.8355187e-05 1.5804728e-05 1.6063386e-05 1.6322863e-05 1.6583122e-05 1.4434607e-05 1.7824055e-05 1.5230282e-05 1.5498588e-05 1.5767582e-05 1.3896397e-05 1.7322032e-05 1.4686266e-05 1.4963816e-05 1.3396093e-05 1.6851687e-05 1.41761475e-05 1.2938054e-05 1.6415717e-05 1.6270533e-05 1.0423305e-05 1.5852813e-05 1.1216088e-05 1.6116495e-05 1.1469204e-05 1.2382582e-05 1.6169195e-05 1.06695015e-05 1.0253518e-05 1.3787371e-05 1.6958526e-05 1.1955127e-05 1.4213001e-05 1.7500346e-05 1.4859971e-05 1.5121024e-05 1.5385622e-05 1.5653584e-05 1.5924741e-05 1.383678e-05 1.7181595e-05 1.4452466e-05 1.4724669e-05 1.50000415e-05 1.5278412e-05 1.3508889e-05 1.6902954e-05 1.4087964e-05 1.4370647e-05 1.4656107e-05 1.3232875e-05 1.6666396e-05 1.3769838e-05 1.4062114e-05 1.3011992e-05 1.6473703e-05 1.3501323e-05 1.28490365e-05 1.6326389e-05 1.0910693e-05 1.0105281e-05 1.0099863e-05 1.0073113e-05 1.2185699e-05 1.357234e-05 1.2235012e-05 1.0130558e-05 1.0234465e-05 1.0338441e-05 1.0442484e-05 1.0546592e-05 1.0650764e-05 1.1957806e-05 1.223285e-05 1.233948e-05 1.244615e-05 1.255286e-05 1.2659609e-05 1.1472553e-05 1.1751689e-05 1.1860972e-05 1.1970281e-05 1.2079615e-05 1.1008075e-05 1.12908865e-05 1.1402679e-05 1.1514484e-05 1.0622795e-05 1.0567106e-05 1.085303e-05 1.096713e-05 1.1081231e-05 1.0152705e-05 1.0440999e-05 1.0557133e-05 1.0057963e-05 1.0856256e-05 1.7279137e-05 1.1403925e-05 1.7896076e-05 1.7365022e-05 1.7559722e-05 1.775508e-05 1.7951072e-05 1.814768e-05 1.8344883e-05 1.7452085e-05 1.7366567e-05 1.7567216e-05 1.7768445e-05 1.7970235e-05 1.8172566e-05 1.6963759e-05 1.685826e-05 1.7064687e-05 1.7271635e-05 1.7479084e-05 1.649844e-05 1.6371605e-05 1.6583655e-05 1.679616e-05 1.6058102e-05 1.5908565e-05 1.6126018e-05 1.5644828e-05 1.5471238e-05 1.5260794e-05 1.2562212e-05 1.552275e-05 1.2863624e-05 1.6291131e-05 1.10224455e-05 1.1212199e-05 1.1406011e-05 1.1603679e-05 1.18050075e-05 1.2009814e-05 1.43635225e-05 1.6724374e-05 1.6488437e-05 1.6693957e-05 1.6901824e-05 1.7111954e-05 1.732426e-05 1.7538669e-05 1.638622e-05 1.6103826e-05 1.6316744e-05 1.653185e-05 1.6749063e-05 1.69683e-05 1.607939e-05 1.5748758e-05 1.5968835e-05 1.6190936e-05 1.6414977e-05 1.5805676e-05 1.5425236e-05 1.5652156e-05 1.5880923e-05 1.5566793e-05 1.5135258e-05 1.5368609e-05 1.536434e-05 1.4880751e-05 1.5199736e-05 1.0118052e-05 1.0202403e-05 1.0290306e-05 1.0381669e-05 1.0476404e-05 1.00148945e-05 1.0114084e-05 1.220457e-05 1.2272156e-05 1.1230925e-05 1.0283882e-05 1.5868834e-05 1.4515052e-05 1.4484223e-05 1.5191661e-05 1.5902537e-05 1.6616357e-05 1.2456819e-05 1.3645583e-05 1.0897812e-05 1.2532142e-05 1.1410371e-05 1.0025898e-05 1.1841853e-05 1.0631727e-05 1.5560992e-05 1.0650015e-05 1.1106421e-05 1.2856709e-05 1.0115984e-05 1.00829275e-05 1.0426922e-05 1.006162e-05 1.3281317e-05 1.38485475e-05 1.33915055e-05 1.37188645e-05 1.2554114e-05 1.2046937e-05 1.0309384e-05 1.898416e-05 1.1537224e-05 1.0316629e-05 2.5176092e-05 1.6101978e-05 1.3305251e-05 1.1260264e-05 2.089536e-05 2.3606986e-05 1.4556222e-05 1.5263875e-05 1.3201382e-05 1.1266461e-05 1.0440741e-05 2.3407487e-05 2.5905569e-05 2.8470335e-05 1.9702456e-05 1.2764532e-05 1.0191359e-05 1.1312397e-05 1.3532402e-05 1.349615e-05 2.5539854e-05 1.116515e-05 1.1248854e-05 1.462088e-05 3.110577e-05 1.7501578e-05 1.2435821e-05 1.2797881e-05 1.0733552e-05 1.2815497e-05 2.982746e-05 1.6238733e-05 1.1303819e-05 1.2462446e-05 1.0527433e-05 1.2826559e-05 1.3137107e-05 1.033091e-05 1.0352863e-05 1.3748234e-05 1.4319806e-05 1.15579005e-05 1.1326643e-05 1.5896336e-05 1.3227722e-05 1.0775324e-05 1.0028833e-05 1.7761071e-05 1.5193697e-05 1.2901739e-05 1.1058621e-05 1.2727325e-05 1.3258717e-05 2.6411084e-05 1.3993711e-05 1.04314e-05 1.1783837e-05 1.3017194e-05 1.0126605e-05 1.618657e-05 1.0662444e-05 1.2694037e-05 1.4229109e-05 1.0464894e-05 1.070745e-05 1.2365679e-05 1.3396691e-05 1.0403606e-05 1.2326513e-05 1.3162278e-05 1.0232829e-05 1.03206885e-05 2.179184e-05 1.34798165e-05 1.07241285e-05 1.0506622e-05 2.9761834e-05 2.1388398e-05 1.4311298e-05 1.1793533e-05 1.12472235e-05 2.4532437e-05 2.8144672e-05 1.980102e-05 1.42480885e-05 1.1615334e-05 1.0682857e-05 1.3808547e-05 1.5659365e-05 1.8063285e-05 1.8112947e-05 1.0677266e-05 2.5642425e-05 1.3574239e-05 1.5899097e-05 2.7831848e-05 1.5521136e-05 1.2267726e-05 2.8114075e-05 1.1737176e-05 1.0936263e-05 1.0248492e-05 1.0169454e-05 1.0711912e-05 1.2185178e-05 1.1077784e-05 1.274524e-05 1.216839e-05 1.36764065e-05 1.0346489e-05 1.1535576e-05 1.2053462e-05 1.0102102e-05 1.0679353e-05 1.05404e-05 1.0860823e-05 1.2311286e-05 1.3145718e-05 1.020029e-05 1.1431732e-05 1.2062982e-05 1.2699076e-05 1.3339306e-05 1.1505626e-05 1.0129506e-05 1.2412259e-05 1.020034e-05 1.0469881e-05 1.0707958e-05 1.521951e-05 1.2044991e-05 1.4202632e-05 1.20219875e-05 1.4309179e-05 1.1505748e-05 1.7061882e-05 1.9034951e-05 2.1104112e-05 1.9023068e-05 1.0285985e-05 1.2155841e-05 2.310489e-05 1.1332093e-05 1.208569e-05 1.0024077e-05 2.1656102e-05 1.38750775e-05 2.0130925e-05 1.0699405e-05 1.1935906e-05 1.3533861e-05 1.0490133e-05 1.17081745e-05 1.8677803e-05 1.1384635e-05 1.735407e-05 1.0523555e-05 1.0041873e-05 1.4468868e-05 1.7627499e-05 1.2823169e-05 1.5789177e-05 1.8819706e-05 1.115937e-05 1.6418406e-05 1.7357186e-05 1.7203329e-05 1.0885583e-05 1.7404724e-05 1.0797976e-05 1.086795e-05 1.07431415e-05 1.241956e-05 1.1112994e-05 1.1370573e-05 1.0164206e-05 1.1264299e-05 1.1565459e-05 1.3046863e-05 1.02143495e-05 1.04986575e-05 1.0762566e-05 1.0105532e-05 1.0398225e-05 1.0694918e-05 1.05771305e-05 1.2285094e-05 1.0103894e-05 1.287556e-05 1.31389315e-05 1.3571662e-05 1.3618486e-05 1.3903926e-05 1.108212e-05 1.11187765e-05 1.0606421e-05 1.0548105e-05 1.2102932e-05 1.3102039e-05 1.414115e-05 1.5212089e-05 1.08345885e-05 1.0593246e-05 1.022702e-05 1.0931265e-05 1.1026904e-05 1.1135095e-05 1.148357e-05 1.2461329e-05 1.2619464e-05 1.1088464e-05 1.2277754e-05 1.3494987e-05 1.3576479e-05 1.0505838e-05 1.1872025e-05 1.4413951e-05 1.0387146e-05 1.1027465e-05 1.0226737e-05 1.3756819e-05 1.5315953e-05 1.6994607e-05 1.8760715e-05 1.1430892e-05 1.32323685e-05 1.5138784e-05 1.7114999e-05 1.1665127e-05 1.1966208e-05 1.00912175e-05 1.0165449e-05 1.1948967e-05 1.3664643e-05 1.1307961e-05 1.3444788e-05 1.5624293e-05 1.1787783e-05 1.1981031e-05 1.4336489e-05 1.0987545e-05 1.3454582e-05 1.11431655e-05 1.1124581e-05 1.1459535e-05 1.1729577e-05 1.48396875e-05 1.2330448e-05 1.273431e-05 1.1098507e-05 1.1563765e-05 1.1425382e-05 1.3687135e-05 1.0513183e-05 1.40675165e-05 1.0068056e-05 1.0038493e-05 1.2526122e-05 1.27608755e-05 1.0300353e-05 1.2687232e-05 1.4365525e-05 1.6351392e-05 1.8546249e-05 1.0521721e-05 1.3353498e-05 1.0653657e-05 1.0597731e-05 1.26382365e-05 1.492763e-05 1.7367774e-05 1.1630616e-05 1.219558e-05 1.1615882e-05 1.3927846e-05 1.1223314e-05 1.37936095e-05 1.6443833e-05 1.02814565e-05 1.0974429e-05 1.0615254e-05 1.3184147e-05 1.02495915e-05 1.3024417e-05 1.5818416e-05 1.1756761e-05 1.0178234e-05 1.30052e-05 1.1626672e-05 1.0733758e-05 1.0252247e-05 1.1307899e-05 1.29635055e-05 1.0300992e-05 1.00483485e-05 1.2119456e-05 1.105795e-05 1.1876832e-05 1.0058218e-05 1.2008314e-05 1.0117139e-05 1.2275117e-05 1.0781595e-05 1.22207975e-05 1.4024219e-05 1.1307476e-05 1.3410034e-05 1.0859526e-05 1.31737725e-05 1.0933556e-05 1.33350195e-05 1.0926298e-05 1.1883867e-05 1.0875876e-05 1.02290205e-05 1.1290586e-05 1.0320536e-05 1.0348673e-05 1.0940992e-05 1.0557801e-05 1.0224044e-05 1.5673173e-05 1.6029817e-05 1.4582612e-05 1.3073484e-05 1.4093112e-05 1.4491685e-05 1.3189287e-05 1.2931295e-05 1.333147e-05 1.2891026e-05 1.2029385e-05 1.1095771e-05 1.0454417e-05 1.002201e-05 1.1480198e-05 1.3567601e-05 1.2874032e-05 1.2602332e-05 1.2255022e-05 1.2009434e-05 1.177349e-05 1.1735383e-05 1.1517602e-05 1.1309522e-05 1.1111688e-05 1.064697e-05 1.0937644e-05 1.1231839e-05 1.1342785e-05 1.1154183e-05 1.0975225e-05 1.0806392e-05 1.0648165e-05 1.2363306e-05 1.2630031e-05 1.110557e-05 1.0946768e-05 1.0797368e-05 1.06577645e-05 1.0528345e-05 1.040949e-05 1.2323636e-05 1.0985449e-05 1.0837644e-05 1.06983625e-05 1.0567941e-05 1.0446709e-05 1.0334992e-05 1.02331e-05 1.1016433e-05 1.11444e-05 1.0948779e-05 1.0758931e-05 1.0575166e-05 1.0397805e-05 1.0227182e-05 1.0063639e-05 1.11417185e-05 1.1424322e-05 1.1709153e-05 1.199605e-05 1.2284868e-05 1.1520853e-05 1.1803463e-05 1.2088205e-05 1.0071614e-05 1.0103598e-05 1.0659531e-05 1.1219345e-05 1.17825e-05 1.0041601e-05 1.036482e-05 1.0689931e-05 1.0490838e-05 1.28439615e-05 1.0948477e-05 1.632893e-05 1.6608901e-05 1.6892816e-05 1.7180475e-05 1.7471677e-05 1.3271481e-05 1.4143333e-05 1.510093e-05 1.6075619e-05 1.7064467e-05 1.1811078e-05 1.2239133e-05 1.4043761e-05 1.43728075e-05 1.4706016e-05 1.5043083e-05 1.5383715e-05 1.0192733e-05 1.1285763e-05 1.2281411e-05 1.3368143e-05 1.4468059e-05 1.5578187e-05 1.1375282e-05 1.1853429e-05 1.2236873e-05 1.2624211e-05 1.3015028e-05 1.3409079e-05 1.0521935e-05 1.17373e-05 1.2959572e-05 1.4187041e-05 1.0263473e-05 1.0708467e-05 1.1155883e-05 1.1605463e-05 1.02568065e-05 1.1588955e-05 1.2921639e-05 1.0433554e-05 1.18453245e-05 1.119207e-05 1.6535678e-05 1.808524e-05 1.9686193e-05 2.132692e-05 1.46399825e-05 1.637393e-05 1.8145929e-05 1.9945663e-05 1.0167966e-05 1.2361529e-05 1.0168347e-05 1.1691345e-05 1.1542907e-05 1.290725e-05 1.4819262e-05 1.6751887e-05 1.8698838e-05 1.0389451e-05 1.0117094e-05 1.1411219e-05 1.3474922e-05 1.5543277e-05 1.7614695e-05 1.0401777e-05 1.2552959e-05 1.4707031e-05 1.6862881e-05 1.1176258e-05 1.0545715e-05 1.2645961e-05 1.4781279e-05 1.16842975e-05 1.2577092e-05 1.1743298e-05 1.0696813e-05 1.282295e-05 1.4517438e-05 1.3779676e-05 1.3073513e-05 1.0455587e-05 1.1714876e-05 1.5218408e-05 1.4665781e-05 1.05286745e-05 1.5754706e-05 1.7590466e-05 1.9556182e-05 2.1616332e-05 1.0412801e-05 1.4388358e-05 1.4256447e-05 1.6321148e-05 1.8476834e-05 2.0695019e-05 1.0517706e-05 1.0638908e-05 1.1992566e-05 1.1170978e-05 1.1430863e-05 1.3040038e-05 1.5307367e-05 1.7622968e-05 1.9970113e-05 1.0424827e-05 1.1029436e-05 1.12124435e-05 1.2189199e-05 1.4601738e-05 1.7028091e-05 1.9463161e-05 1.2102769e-05 1.45601925e-05 1.7019933e-05 1.5273241e-05 1.1699468e-05 1.1789312e-05 1.4155322e-05 1.607244e-05 1.0483465e-05 1.1263977e-05 1.0172982e-05 1.0312999e-05 1.0200225e-05 1.2183619e-05 1.3583787e-05 1.5211925e-05 1.7002616e-05 1.1143556e-05 1.2838197e-05 1.4684262e-05 1.6631417e-05 1.05591525e-05 1.2483166e-05 1.4482203e-05 1.6529078e-05 1.0505898e-05 1.2551309e-05 1.46187895e-05 1.6700204e-05 1.0641194e-05 1.1369573e-05 1.34034735e-05 1.5441787e-05 1.1273148e-05 1.1303714e-05 1.0521826e-05 1.0947639e-05 1.2764921e-05 1.2058827e-05 1.13963515e-05 1.2154185e-05 1.084031e-05 1.2602102e-05 1.4377246e-05 1.1213364e-05 1.0454227e-05 1.0381989e-05 1.0361114e-05 1.0392591e-05 1.0302969e-05 1.0241861e-05 1.103698e-05 1.0052158e-05 1.0573777e-05 1.0468043e-05 1.0730193e-05 1.0121509e-05 1.09984885e-05 1.0045184e-05 1.13345695e-05 1.0425936e-05 1.089634e-05 1.1376354e-05 1.0041316e-05 1.1273019e-05 1.1452477e-05 1.0376613e-05 1.0392221e-05 1.3305657e-05 1.5256164e-05 1.1673352e-05 1.1035896e-05 1.0787652e-05 1.0198091e-05 1.0488766e-05 1.0267775e-05 1.0057285e-05 1.0463653e-05 1.0764431e-05 1.1066446e-05 1.1371219e-05 1.0059961e-05 1.2056388e-05 1.2336062e-05 1.2616329e-05 1.09715065e-05 1.1785831e-05 1.2046291e-05 1.0804847e-05 1.0046001e-05 1.0201632e-05 1.06790985e-05 1.091735e-05 1.114082e-05 1.0928858e-05 1.0721077e-05 1.0517725e-05 1.0319062e-05 1.0125365e-05 1.2766906e-05 1.3037839e-05 1.3309994e-05 1.3583289e-05 1.3857649e-05 1.2511204e-05 1.2778858e-05 1.3047873e-05 1.1478644e-05 1.147334e-05 1.2003165e-05 1.2534662e-05 1.3067603e-05 1.1208492e-05 1.1511316e-05 1.1815271e-05 1.2120262e-05 1.2426189e-05 1.0133951e-05 1.0721888e-05 1.1310894e-05 1.1900674e-05 1.0039542e-05 1.0376052e-05 1.0713329e-05 1.10513165e-05 1.0141978e-05 1.07871065e-05 1.1637671e-05 1.1913369e-05 1.3137631e-05 1.3966232e-05 1.1523453e-05 1.0031962e-05 1.1843805e-05 1.2805823e-05 1.0445223e-05 1.9263622e-05 1.9542662e-05 1.982396e-05 2.0107409e-05 2.0392888e-05 1.5621512e-05 1.6420689e-05 1.7283988e-05 1.815427e-05 1.9030476e-05 1.0753396e-05 1.4236089e-05 1.733514e-05 1.765299e-05 1.7972998e-05 1.8295024e-05 1.8618906e-05 1.3942926e-05 1.4841363e-05 1.5808339e-05 1.6779672e-05 1.7754395e-05 1.2563155e-05 1.5508598e-05 1.5867112e-05 1.6227465e-05 1.6589483e-05 1.6953067e-05 1.2374384e-05 1.3367771e-05 1.4432698e-05 1.549903e-05 1.6566455e-05 1.0900264e-05 1.3824321e-05 1.4224044e-05 1.4625025e-05 1.5027152e-05 1.5430316e-05 1.0963079e-05 1.2038695e-05 1.318822e-05 1.4337649e-05 1.5486896e-05 1.0145814e-05 1.0929798e-05 1.2138196e-05 1.3349338e-05 1.4562421e-05 1.1889742e-05 1.2915676e-05 1.1468894e-05 1.0255095e-05 1.9699017e-05 2.1120053e-05 2.2562865e-05 2.4023333e-05 1.1181517e-05 1.8166518e-05 1.9720746e-05 2.1289197e-05 2.2868626e-05 1.0835583e-05 1.22204965e-05 1.0213744e-05 1.6779244e-05 1.8455346e-05 2.0137968e-05 2.1825488e-05 1.2176169e-05 1.5575673e-05 1.7352811e-05 1.913124e-05 2.091045e-05 1.1207433e-05 1.4142573e-05 1.5984431e-05 1.7828264e-05 1.9673309e-05 1.3993376e-05 1.3204e-05 1.3340335e-05 1.9124958e-05 1.5686275e-05 1.1013144e-05 1.1113305e-05 1.4633875e-05 1.6380953e-05 1.8421762e-05 1.5007388e-05 1.0313213e-05 1.268026e-05 1.1465868e-05 1.447135e-05 1.9488254e-05 2.1219259e-05 2.3005918e-05 2.4835932e-05 1.1454772e-05 1.3225496e-05 1.5658052e-05 1.0330532e-05 1.8404126e-05 2.0272371e-05 2.2177222e-05 2.4109719e-05 1.2029149e-05 1.36869e-05 1.2913187e-05 1.7535434e-05 1.9517041e-05 2.151777e-05 2.3532535e-05 1.2486913e-05 1.4086889e-05 1.2091449e-05 1.6914872e-05 1.8975734e-05 2.1043197e-05 2.3115286e-05 1.1855043e-05 1.3502979e-05 1.1468742e-05 1.4932959e-05 1.7021956e-05 1.9113024e-05 1.7953633e-05 1.2731227e-05 1.3841004e-05 1.0636728e-05 1.0538393e-05 1.2076417e-05 1.5529722e-05 1.698337e-05 1.853542e-05 2.0162952e-05 1.0941433e-05 1.2586057e-05 1.052658e-05 1.4977808e-05 1.6574066e-05 1.8233519e-05 1.9940204e-05 1.0840199e-05 1.226132e-05 1.4735691e-05 1.6429885e-05 1.8157616e-05 1.9909943e-05 1.0791716e-05 1.4818053e-05 1.6557362e-05 1.8310177e-05 2.0072777e-05 1.4188664e-05 1.1449447e-05 1.3171341e-05 1.4899316e-05 1.6114742e-05 1.2772397e-05 1.6578011e-05 1.7988164e-05 1.2043451e-05 1.12327825e-05 1.7144352e-05 1.8499544e-05 1.4120499e-05 1.2225713e-05 1.1684856e-05 1.2286539e-05 1.2440559e-05 1.2626743e-05 1.2843667e-05 1.1115731e-05 1.1723383e-05 1.2477805e-05 1.335401e-05 1.1290892e-05 1.1194468e-05 1.1422988e-05 1.1670387e-05 1.1925436e-05 1.2207341e-05 1.25142615e-05 1.0427577e-05 1.1227913e-05 1.2135653e-05 1.3128462e-05 1.02037075e-05 1.1567226e-05 1.1904399e-05 1.2261521e-05 1.2636863e-05 1.0123924e-05 1.1073479e-05 1.2089632e-05 1.3156837e-05 1.1989949e-05 1.2379652e-05 1.278296e-05 1.3198591e-05 1.0238821e-05 1.12739735e-05 1.2342895e-05 1.3437371e-05 1.2886494e-05 1.3297684e-05 1.3718096e-05 1.4146874e-05 1.0758646e-05 1.1811115e-05 1.287758e-05 1.3954699e-05 1.1882287e-05 1.2268991e-05 1.2665039e-05 1.0902807e-05 1.0386021e-05 1.1166256e-05 1.0029497e-05 1.0115622e-05 1.1752667e-05 1.1550766e-05 1.2379615e-05 1.306239e-05 1.3730458e-05 1.3488727e-05 1.0183231e-05 1.0503894e-05 1.0828519e-05 1.0634085e-05 1.0931715e-05 1.1232339e-05 1.15337e-05 1.1837446e-05 1.0244719e-05 1.2076363e-05 1.2357535e-05 1.2640967e-05 1.2924512e-05 1.1013439e-05 1.14907925e-05 1.1299622e-05 1.1563822e-05 1.1830288e-05 1.03347065e-05 1.0762631e-05 1.0000918e-05 1.0267796e-05 1.0516828e-05 1.0299605e-05 1.0086594e-05 1.1866452e-05 1.0228491e-05 1.0501328e-05 1.1577889e-05 1.4169547e-05 1.44397745e-05 1.4711982e-05 1.7012459e-05 1.2761611e-05 1.192405e-05 1.26754785e-05 1.3430854e-05 1.631781e-05 1.1553434e-05 1.1538066e-05 1.2617384e-05 1.2922146e-05 1.5084454e-05 1.5368201e-05 1.1156125e-05 1.0625305e-05 1.1464491e-05 1.4302389e-05 1.5119632e-05 1.1237188e-05 1.3196237e-05 1.3512439e-05 1.383051e-05 1.1270302e-05 1.3107843e-05 1.4009188e-05 1.0164584e-05 1.1384584e-05 1.1734641e-05 1.2086111e-05 1.24388425e-05 1.1059222e-05 1.2034101e-05 1.3008902e-05 1.0446888e-05 1.1476747e-05 1.4190628e-05 1.5443798e-05 1.6709599e-05 1.6243996e-05 1.3007828e-05 1.43685e-05 1.3953663e-05 1.5315587e-05 1.20409795e-05 1.1664549e-05 1.3105678e-05 1.4547486e-05 1.0647969e-05 1.2133504e-05 1.3622827e-05 1.0189982e-05 1.1658961e-05 1.0138757e-05 1.45048025e-05 1.0562751e-05 1.2813891e-05 1.2392173e-05 1.4059701e-05 1.0157231e-05 1.0949962e-05 1.07361075e-05 1.2348104e-05 1.1344882e-05 1.0467456e-05 1.4542254e-05 1.6094928e-05 1.7679711e-05 2.0307707e-05 1.0347203e-05 1.175545e-05 1.3841051e-05 1.549637e-05 1.7998349e-05 1.9589552e-05 1.3358009e-05 1.09123175e-05 1.34114935e-05 1.5693488e-05 1.7350883e-05 1.9022722e-05 1.1369454e-05 1.2689573e-05 1.02013155e-05 1.1260274e-05 1.2984877e-05 1.4715096e-05 1.6449083e-05 1.0569848e-05 1.149942e-05 1.3245219e-05 1.2401345e-05 1.1830486e-05 1.3225631e-05 1.467649e-05 1.3977964e-05 1.1721786e-05 1.3206704e-05 1.2442633e-05 1.3935345e-05 1.1949832e-05 1.1102084e-05 1.2607479e-05 1.412526e-05 1.0711598e-05 1.221214e-05 1.1089813e-05 1.17525315e-05 1.0892574e-05 1.2745583e-05 1.0222169e-05 1.1486957e-05 1.03981665e-05 1.05811805e-05 1.04622995e-05 1.0335314e-05 1.0544723e-05 1.04849105e-05 1.1202106e-05 1.0064414e-05 1.0050738e-05 1.0206481e-05 1.04377905e-05 1.0380349e-05 1.09085895e-05 1.0112591e-05 1.05223035e-05 1.1241345e-05 1.158006e-05 1.1406651e-05 1.0152927e-05 1.0565249e-05 1.0984359e-05 1.2296178e-05 1.2143274e-05 1.2001251e-05 1.022629e-05 1.0522897e-05 1.08232825e-05 1.1125208e-05 1.1430259e-05 1.17392165e-05 1.02102385e-05 1.114631e-05 1.1429871e-05 1.1717785e-05 1.20083705e-05 1.2299509e-05 1.2592931e-05 1.0221955e-05 1.0720183e-05 1.1221797e-05 1.242259e-05 1.26950345e-05 1.2971001e-05 1.3248892e-05 1.3526669e-05 1.13522265e-05 1.18200205e-05 1.2290716e-05 1.0215609e-05 1.133067e-05 1.1586662e-05 1.1846325e-05 1.2108041e-05 1.0420407e-05 1.08550685e-05 1.0833739e-05 1.1169681e-05 1.0176434e-05 1.15635685e-05 1.30791395e-05 1.0319072e-05 1.0111784e-05 1.0822059e-05 1.0197525e-05 1.0307751e-05 1.1626486e-05 1.0998148e-05 1.0448048e-05 1.3028697e-05 1.2387825e-05 1.2070693e-05 1.1352554e-05 1.1198287e-05 1.0351996e-05 1.2103198e-05 1.0796712e-05 1.0835958e-05 1.0074535e-05 1.2563059e-05 1.1922562e-05 1.1276967e-05 1.034887e-05 1.1028184e-05 1.1090883e-05 1.0382342e-05 1.36001045e-05 1.2686367e-05 1.2035384e-05 1.1120452e-05 1.173598e-05 1.1765864e-05 1.1004405e-05 1.3596751e-05 1.2816232e-05 1.26857385e-05 1.14296745e-05 1.2698466e-05 1.1891184e-05 1.0826659e-05 1.4682712e-05 1.3926413e-05 1.3440343e-05 1.254387e-05 1.0016938e-05 1.2988269e-05 1.2007893e-05 1.1093603e-05 1.0263044e-05 1.2873056e-05 1.0249206e-05 1.0725697e-05 1.1977565e-05 1.364262e-05 1.2702039e-05 1.2073061e-05 1.1026555e-05 1.0332021e-05 1.34077645e-05 1.2391725e-05 1.1865524e-05 1.0866933e-05 1.0050916e-05 1.3490478e-05 1.2449857e-05 1.1640345e-05 1.0683512e-05 1.0087696e-05 1.3510551e-05 1.25865035e-05 1.189555e-05 1.1229181e-05 1.04386445e-05 1.2154258e-05 1.1243289e-05 1.0345021e-05 1.0167606e-05 1.1282825e-05 1.04515475e-05 1.0739223e-05 1.0542234e-05 1.156501e-05 1.05141335e-05 1.0503889e-05 1.0618379e-05 1.0722043e-05 1.0836152e-05 1.0960369e-05 1.12040925e-05 1.14747345e-05 1.1756172e-05 1.2048367e-05 1.043459e-05 1.0570849e-05 1.0715556e-05 1.0868637e-05 1.1142928e-05 1.1443002e-05 1.1752364e-05 1.2071087e-05 1.0420057e-05 1.0580512e-05 1.0748005e-05 1.0921779e-05 1.1222305e-05 1.1548022e-05 1.1881494e-05 1.2222935e-05 1.0575481e-05 1.0751398e-05 1.093223e-05 1.11177105e-05 1.143929e-05 1.1786132e-05 1.2139315e-05 1.24991975e-05 1.0347133e-05 1.0190843e-05 1.0086169e-05 1.0894655e-05 1.1075905e-05 1.1260777e-05 1.1449096e-05 1.1786278e-05 1.2149501e-05 1.2517869e-05 1.2891875e-05 1.0980932e-05 1.08835175e-05 1.079697e-05 1.0721549e-05 1.1965702e-05 1.22288475e-05 1.2496369e-05 1.27679905e-05 1.3042047e-05 1.3316574e-05 1.3593358e-05 1.099824e-05 1.1463891e-05 1.1933451e-05 1.2406479e-05 1.0315092e-05 1.3074718e-05 1.3331493e-05 1.3591787e-05 1.38554e-05 1.4120718e-05 1.4385831e-05 1.1970987e-05 1.2415032e-05 1.28620695e-05 1.3311799e-05 1.1168405e-05 1.1594025e-05 1.1832466e-05 1.2074814e-05 1.2320839e-05 1.2568909e-05 1.0329649e-05 1.0752765e-05 1.1178621e-05 1.0546821e-05 1.1983501e-05 1.034313e-05 1.0148417e-05 1.0566245e-05 1.0092052e-05 1.0523453e-05 1.0102022e-05 1.1329222e-05 1.0744718e-05 1.0166557e-05 1.2693518e-05 1.2101236e-05 1.1517332e-05 1.0943062e-05 1.0840554e-05 1.0085452e-05 1.32965415e-05 1.39518825e-05 1.1574882e-05 1.1866578e-05 1.066996e-05 1.1274484e-05 1.0218125e-05 1.0564889e-05 1.0114731e-05 1.0756265e-05 1.1105979e-05 1.0334645e-05 1.1753254e-05 1.0992857e-05 1.0242146e-05 1.0014136e-05 1.2652162e-05 1.190839e-05 1.1179179e-05 1.0467433e-05 1.0440075e-05 1.37531215e-05 1.3026716e-05 1.2318962e-05 1.1633151e-05 1.3107388e-05 1.2067754e-05 1.1068662e-05 1.012197e-05 1.1478811e-05 1.0612092e-05 1.1126471e-05 1.0276165e-05 1.3531234e-05 1.1230375e-05 1.3235352e-05 1.0845867e-05 1.0872693e-05 1.065773e-05 1.1104634e-05 1.1217048e-05 1.0702628e-05 1.1675198e-05 1.0788457e-05 1.0801841e-05 1.0349268e-05 1.1624445e-05 1.0750035e-05 1.0030035e-05 1.1360406e-05 1.0522438e-05 1.0093024e-05 1.1396695e-05 1.0608786e-05 1.1730142e-05 1.1001327e-05 1.0297326e-05 1.0229969e-05 1.08239765e-05 1.0357483e-05 1.0392364e-05 1.0474298e-05 1.2196651e-05 1.0920317e-05 1.1331203e-05 1.0060571e-05 1.0568275e-05 1.2744732e-05 1.28373085e-05 1.293966e-05 1.30515555e-05 1.325165e-05 1.3472697e-05 1.3701155e-05 1.3937923e-05 1.253425e-05 1.2658996e-05 1.2792195e-05 1.2933613e-05 1.3159379e-05 1.3403685e-05 1.36531235e-05 1.3908854e-05 1.2446469e-05 1.2596041e-05 1.2752421e-05 1.2915737e-05 1.316312e-05 1.3428328e-05 1.3697694e-05 1.3972526e-05 1.2501357e-05 1.2668478e-05 1.2841495e-05 1.3019621e-05 1.3285503e-05 1.3569065e-05 1.3855832e-05 1.41472565e-05 1.2697077e-05 1.2874862e-05 1.3056702e-05 1.3242403e-05 1.3523308e-05 1.38223495e-05 1.4123722e-05 1.4429012e-05 1.3028358e-05 1.32086325e-05 1.3391966e-05 1.3578234e-05 1.3870598e-05 1.4182154e-05 1.4495282e-05 1.4811684e-05 1.4000574e-05 1.42373e-05 1.4477466e-05 1.4720905e-05 1.4967457e-05 1.5215501e-05 1.5463262e-05 1.2840956e-05 1.325042e-05 1.3663181e-05 1.4078951e-05 1.4497472e-05 1.2354244e-05 1.2200701e-05 1.2415589e-05 1.2634532e-05 1.2857324e-05 1.3083768e-05 1.3312241e-05 1.0405286e-05 1.0799786e-05 1.1197386e-05 1.159777e-05 1.2000662e-05 1.2312433e-05 1.3584924e-05 1.1745853e-05 1.3202953e-05 1.2190335e-05 1.1995028e-05 1.1601984e-05 1.111676e-05 1.0915635e-05 1.0610108e-05 1.0695218e-05 1.0717238e-05 1.0212631e-05 1.0006295e-05 1.6448377e-05 1.5154551e-05 1.5291605e-05 1.4236405e-05 1.3306751e-05 1.1221128e-05 1.2649498e-05 1.1230659e-05 1.2613873e-05 1.2291586e-05 1.36559465e-05 1.2975716e-05 1.2663177e-05 1.3062449e-05 1.3157019e-05 1.24539265e-05 1.2135828e-05 1.0091455e-05 1.00712e-05 1.1705537e-05 1.3501178e-05 1.2194815e-05 1.0579336e-05 1.3310804e-05 1.1448521e-05 1.2955774e-05 1.264208e-05 1.1307984e-05 1.25137385e-05 1.2184608e-05 1.3064489e-05 1.23032905e-05 1.1962328e-05 1.1831764e-05 1.2638402e-05 1.3086248e-05 1.26849945e-05 1.2486872e-05 1.2501204e-05 1.0668954e-05 1.14827535e-05 1.114336e-05 1.2970861e-05 1.2028759e-05 1.2096116e-05 1.2269734e-05 1.4893315e-05 1.4979968e-05 1.5075266e-05 1.5179045e-05 1.533899e-05 1.5514312e-05 1.5696382e-05 1.5883923e-05 1.1660804e-05 1.4624205e-05 1.4738402e-05 1.4860644e-05 1.4990734e-05 1.5173889e-05 1.5370499e-05 1.557211e-05 1.577723e-05 1.1161063e-05 1.4508895e-05 1.46485945e-05 1.47953315e-05 1.4948952e-05 1.5148715e-05 1.5359803e-05 1.5574624e-05 1.5791646e-05 1.0783594e-05 1.4491451e-05 1.4650339e-05 1.4814907e-05 1.4985428e-05 1.5200606e-05 1.5426633e-05 1.5655878e-05 1.5886751e-05 1.0513446e-05 1.4596522e-05 1.4768338e-05 1.4945271e-05 1.51265085e-05 1.5354859e-05 1.5594127e-05 1.5836109e-05 1.6079175e-05 1.03510565e-05 1.4821517e-05 1.5000711e-05 1.5183362e-05 1.5369318e-05 1.5608439e-05 1.5859096e-05 1.6111995e-05 1.636548e-05 1.0301523e-05 1.5162167e-05 1.5341873e-05 1.5524229e-05 1.570914e-05 1.5956613e-05 1.6216762e-05 1.6478734e-05 1.6740853e-05 1.0366462e-05 1.3301828e-05 1.3493155e-05 1.3688331e-05 1.3887193e-05 1.40895845e-05 1.4295358e-05 1.4502909e-05 1.0851896e-05 1.1209591e-05 1.1570728e-05 1.1934997e-05 1.2302121e-05 1.2671853e-05 1.0276838e-05 1.0113954e-05 1.00403195e-05 1.0135549e-05 1.0237946e-05 1.0347298e-05 1.04633855e-05 1.0585988e-05 1.02721815e-05 1.0227731e-05 1.0292413e-05 1.0464212e-05 1.0737992e-05 1.1106219e-05 1.2244573e-05 1.1962798e-05 1.01887035e-05 1.1178957e-05 1.0785132e-05 1.0266173e-05 1.0055758e-05 1.0056337e-05 1.3806302e-05 1.2727583e-05 1.1741541e-05 1.0873217e-05 1.1974754e-05 1.3301149e-05 1.4386148e-05 1.371492e-05 1.3648626e-05 1.3695168e-05 1.2985449e-05 1.2740514e-05 1.3105416e-05 1.3163394e-05 1.2419187e-05 1.0083514e-05 1.1665244e-05 1.0554554e-05 1.2042961e-05 1.1276548e-05 1.1903414e-05 1.1095157e-05 1.0264619e-05 1.1871968e-05 1.1968176e-05 1.1174302e-05 1.0332136e-05 1.0047662e-05 1.0385675e-05 1.0846755e-05 1.0296393e-05 1.0096485e-05 1.2037304e-05 1.2113171e-05 1.2199174e-05 1.2295103e-05 1.2418291e-05 1.25532715e-05 1.3158188e-05 1.3242831e-05 1.1745925e-05 1.1854346e-05 1.1972274e-05 1.2099431e-05 1.2251077e-05 1.2621477e-05 1.2730018e-05 1.2845681e-05 1.1626584e-05 1.1766028e-05 1.1914063e-05 1.2070372e-05 1.217004e-05 1.22990305e-05 1.24349635e-05 1.25764545e-05 1.1673138e-05 1.1839078e-05 1.20122895e-05 1.1827786e-05 1.1970643e-05 1.2122003e-05 1.2279167e-05 1.2440633e-05 1.1853236e-05 1.2036061e-05 1.1596608e-05 1.1741358e-05 1.1904226e-05 1.2074357e-05 1.224969e-05 1.2428617e-05 1.2177149e-05 1.1469597e-05 1.1627366e-05 1.1790788e-05 1.1970539e-05 1.2156821e-05 1.2347678e-05 1.254142e-05 1.146343e-05 1.16290585e-05 1.1799341e-05 1.19740625e-05 1.2167131e-05 1.23667905e-05 1.2570148e-05 1.2775735e-05 1.2122616e-05 1.2301825e-05 1.2484314e-05 1.2669937e-05 1.2879224e-05 1.3095018e-05 1.331395e-05 1.353423e-05 1.635627e-05 1.5950214e-05 1.1080767e-05 1.0946758e-05 1.0741279e-05 1.0536527e-05 1.0332546e-05 1.0883679e-05 1.0495226e-05 1.0108196e-05 1.0608552e-05 1.0610475e-05 1.0447611e-05 1.02219965e-05 1.0263648e-05 1.0039009e-05 1.0191388e-05 1.03850425e-05 1.1710944e-05 1.14990535e-05 1.1489025e-05 1.1323503e-05 1.1357097e-05 1.11315485e-05 1.0906996e-05 1.102526e-05 1.0570084e-05 1.0119797e-05 1.0021434e-05 1.1212572e-05 1.0753801e-05 1.1624358e-05 1.156031e-05 1.1326863e-05 1.1282485e-05 1.1182946e-05 1.1148374e-05 1.0905269e-05 1.0662772e-05 1.1928412e-05 1.1456698e-05 1.0987283e-05 1.0884522e-05 1.2091894e-05 1.064958e-05 1.0174209e-05 1.1887846e-05 1.2703461e-05 1.2025541e-05 1.1349715e-05 1.08285e-05 1.1376003e-05 1.0704282e-05 1.0032917e-05 1.2119193e-05 1.2238461e-05 1.2722028e-05 1.20441255e-05 1.136856e-05 1.1377669e-05 1.13877795e-05 1.0714203e-05 1.0041196e-05 1.0967559e-05 1.094838e-05 1.2806331e-05 1.2453231e-05 1.2889115e-05 1.2216186e-05 1.2219169e-05 1.1549196e-05 1.1550618e-05 1.0879322e-05 1.02100785e-05 1.35141845e-05 1.3163767e-05 1.2816615e-05 1.319893e-05 1.3191478e-05 1.25291435e-05 1.1869376e-05 1.1858155e-05 1.119337e-05 1.0531985e-05 1.4349438e-05 1.4001202e-05 1.3656724e-05 1.33162985e-05 1.42785675e-05 1.3622991e-05 1.2972707e-05 1.2326497e-05 1.230021e-05 1.1644473e-05 1.0993136e-05 1.0347033e-05 1.3700477e-05 1.344217e-05 1.3066704e-05 1.2694216e-05 1.2723309e-05 1.3097517e-05 1.2417353e-05 1.1740598e-05 1.1224744e-05 1.2273084e-05 1.1608337e-05 1.0947438e-05 1.42217905e-05 1.4153493e-05 1.3899425e-05 1.35339515e-05 1.3556409e-05 1.3194844e-05 1.3507983e-05 1.2832499e-05 1.2162021e-05 1.1671957e-05 1.2810172e-05 1.2157902e-05 1.0898934e-05 1.0233698e-05 1.5097862e-05 1.4748392e-05 1.4671444e-05 1.4419522e-05 1.4434189e-05 1.40762895e-05 1.3722872e-05 1.4040848e-05 1.3371614e-05 1.2709268e-05 1.2242143e-05 1.3448814e-05 1.2112647e-05 1.1456092e-05 1.080539e-05 1.5182064e-05 1.5115983e-05 1.4730549e-05 1.4632622e-05 1.475402e-05 1.4360495e-05 1.3969864e-05 1.3582378e-05 1.4686194e-05 1.4024254e-05 1.33690555e-05 1.2921821e-05 1.3412476e-05 1.2763336e-05 1.2120693e-05 1.1485642e-05 1.0230715e-05 1.170426e-05 1.2408423e-05 1.1766434e-05 1.1128419e-05 1.1125467e-05 1.1126823e-05 1.0498586e-05 1.154679e-05 1.1198087e-05 1.1861093e-05 1.12474845e-05 1.1259624e-05 1.0651265e-05 1.06715825e-05 1.0080478e-05 1.1465314e-05 1.1141369e-05 1.0823996e-05 1.1430818e-05 1.1055271e-05 1.0874915e-05 1.0301422e-05 1.0336729e-05 1.1471232e-05 1.1172382e-05 1.0880411e-05 1.0595885e-05 1.113109e-05 1.1163237e-05 1.062214e-05 1.0088803e-05 1.0134128e-05 1.127169e-05 1.0977373e-05 1.0689294e-05 1.162883e-05 1.1085139e-05 1.0548486e-05 1.1374071e-05 1.1174881e-05 1.0892804e-05 1.0617014e-05 1.0592197e-05 1.1159678e-05 1.0646026e-05 1.013993e-05 1.0028808e-05 1.1305584e-05 1.1202789e-05 1.10249775e-05 1.0770323e-05 1.07539e-05 1.0507208e-05 1.0988954e-05 1.0517916e-05 1.0054435e-05 1.0121535e-05 1.15460325e-05 1.1282872e-05 1.1185623e-05 1.1011972e-05 1.0998168e-05 1.0747875e-05 1.0504316e-05 1.0963174e-05 1.0534535e-05 1.011556e-05 1.0347154e-05 1.2024374e-05 1.2100406e-05 1.1821676e-05 1.1709389e-05 1.1753331e-05 1.1478078e-05 1.120742e-05 1.0941701e-05 1.1083996e-05 1.0698001e-05 1.0323089e-05 1.031255e-05 1.0299636e-05 1.0995131e-05 1.1738694e-05 1.0263558e-05 1.7738015e-05 1.7194452e-05 1.1675015e-05 1.1765338e-05 1.1857431e-05 1.1951254e-05 1.2046768e-05 1.0106457e-05 1.0527368e-05 1.0629458e-05 1.07335545e-05 1.0839598e-05 1.0285283e-05 1.0113599e-05 1.0571437e-05 1.022862e-05 1.1059503e-05 1.0883068e-05 1.0706909e-05 1.1137616e-05 1.0778007e-05 1.0421734e-05 1.0066328e-05 1.1930766e-05 1.1750138e-05 1.1569902e-05 1.1390078e-05 1.1790385e-05 1.1414958e-05 1.1042919e-05 1.0671838e-05 1.0301701e-05 1.2882993e-05 1.2698437e-05 1.251439e-05 1.2330875e-05 1.2147916e-05 1.2516168e-05 1.2125644e-05 1.1738611e-05 1.1353221e-05 1.0972247e-05 1.05916415e-05 1.0211445e-05 1.3902959e-05 1.3714538e-05 1.35267355e-05 1.3339577e-05 1.315309e-05 1.2967303e-05 1.3302987e-05 1.2897852e-05 1.2496573e-05 1.21011e-05 1.1706191e-05 1.1311904e-05 1.0918308e-05 1.052548e-05 1.3650627e-05 1.3613762e-05 1.3408858e-05 1.3204367e-05 1.300031e-05 1.2796707e-05 1.2593581e-05 1.4142561e-05 1.3723121e-05 1.3311863e-05 1.2902521e-05 1.2493995e-05 1.2086368e-05 1.1679733e-05 1.1274199e-05 1.3103623e-05 1.3265608e-05 1.3218339e-05 1.29959135e-05 1.2773626e-05 1.25514825e-05 1.2329491e-05 1.2107659e-05 1.5030709e-05 1.4600292e-05 1.4175175e-05 1.3752097e-05 1.3330093e-05 1.2909269e-05 1.2489743e-05 1.2071653e-05 1.0181272e-05 1.1975376e-05 1.0565399e-05 1.1546699e-05 1.2285703e-05 1.1093768e-05 1.0243504e-05 1.0327345e-05 1.270972e-05 1.174687e-05 1.3236435e-05 1.2505091e-05 1.3854069e-05 1.3350452e-05 1.4550987e-05 1.4267395e-05 1.5316306e-05 1.005187e-05 1.279852e-05 1.0072562e-05 1.3293636e-05 1.2461388e-05 1.1873972e-05 1.1288619e-05 1.0703697e-05 1.011928e-05 1.0650676e-05 1.3387551e-05 1.3423281e-05 1.3467876e-05 1.3521246e-05 1.3583287e-05 1.4973925e-05 1.436292e-05 1.3758803e-05 1.315661e-05 1.2554644e-05 1.1952937e-05 1.1351528e-05 1.0750462e-05 1.0296273e-05 1.2148282e-05 1.2208929e-05 1.22794245e-05 1.2359599e-05 1.2449265e-05 1.4058445e-05 1.4945175e-05 1.433244e-05 1.3726706e-05 1.3122986e-05 1.2519586e-05 1.1916551e-05 1.1313937e-05 1.0712266e-05 1.0113663e-05 1.0934072e-05 1.10230185e-05 1.112284e-05 1.1233246e-05 1.4511938e-05 1.419103e-05 1.50274855e-05 1.44145915e-05 1.3808942e-05 1.3205589e-05 1.2602879e-05 1.2000907e-05 1.140047e-05 1.0801503e-05 1.0111992e-05 1.0009026e-05 1.5074966e-05 1.4756777e-05 1.4440716e-05 1.5218967e-05 1.4607386e-05 1.4003411e-05 1.3402183e-05 1.28021275e-05 1.22042375e-05 1.1608645e-05 1.101494e-05 1.0291189e-05 1.5740467e-05 1.542496e-05 1.5111913e-05 1.4801485e-05 1.5515492e-05 1.4906449e-05 1.4305452e-05 1.3707779e-05 1.31128445e-05 1.2521062e-05 1.193181e-05 1.1345486e-05 1.0641965e-05 1.6500622e-05 1.6187505e-05 1.5877145e-05 1.5569709e-05 1.5265374e-05 1.5911106e-05 1.5305466e-05 1.4708356e-05 1.4116101e-05 1.3527795e-05 1.2942572e-05 1.2360867e-05 1.1783206e-05 1.1148028e-05 1.7263128e-05 1.69477e-05 1.6635144e-05 1.632562e-05 1.601931e-05 1.5716396e-05 1.6398595e-05 1.5796824e-05 1.5204892e-05 1.4619234e-05 1.4037082e-05 1.3458893e-05 1.2885202e-05 1.2316639e-05 1.1793276e-05 1.7273514e-05 1.7223352e-05 1.6878645e-05 1.6536002e-05 1.6195556e-05 1.5857444e-05 1.5521822e-05 1.697324e-05 1.6376121e-05 1.5790409e-05 1.52101275e-05 1.4634112e-05 1.4062887e-05 1.3497064e-05 1.2937354e-05 1.7116516e-05 1.746191e-05 1.7408023e-05 1.7040053e-05 1.6673494e-05 1.6308446e-05 1.594501e-05 1.55833e-05 1.763016e-05 1.7038623e-05 1.6457318e-05 1.5882048e-05 1.531173e-05 1.4746941e-05 1.4188343e-05 1.3636701e-05 1.374205e-05 1.1166127e-05 1.5263417e-05 1.3473041e-05 1.5025209e-05 1.3331103e-05 1.4886504e-05 1.332019e-05 1.4850012e-05 1.3440513e-05 1.4916403e-05 1.3688501e-05 1.50842425e-05 1.340844e-05 1.2454856e-05 1.1713354e-05 1.0473396e-05 1.4917362e-05 1.43159805e-05 1.3721911e-05 1.313068e-05 1.2540854e-05 1.1952647e-05 1.1366309e-05 1.07821525e-05 1.1717329e-05 1.0053454e-05 1.3428277e-05 1.4566495e-05 1.3982123e-05 1.3405551e-05 1.2832348e-05 1.2261148e-05 1.1692243e-05 1.11259815e-05 1.0562531e-05 1.0933843e-05 1.3261376e-05 1.2932581e-05 1.4027223e-05 1.3469048e-05 1.2919238e-05 1.2373451e-05 1.1830414e-05 1.1290523e-05 1.0754201e-05 1.0217933e-05 1.0257689e-05 1.3151704e-05 1.2841213e-05 1.2535601e-05 1.3572353e-05 1.3042167e-05 1.2521023e-05 1.2004705e-05 1.1492063e-05 1.0983608e-05 1.0476316e-05 1.3106353e-05 1.2814616e-05 1.25280085e-05 1.2246891e-05 1.3210562e-05 1.2710124e-05 1.2219476e-05 1.1734569e-05 1.1254387e-05 1.077649e-05 1.030433e-05 1.2859037e-05 1.25916085e-05 1.2329862e-05 1.2074167e-05 1.294961e-05 1.2480446e-05 1.2021829e-05 1.1569906e-05 1.1121259e-05 1.0678649e-05 1.0243633e-05 1.2979707e-05 1.2731322e-05 1.248874e-05 1.2252305e-05 1.20223785e-05 1.2795621e-05 1.2358794e-05 1.19332e-05 1.1513153e-05 1.1099335e-05 1.0693358e-05 1.0296148e-05 1.3226728e-05 1.2975339e-05 1.2728974e-05 1.2487931e-05 1.2256347e-05 1.2024728e-05 1.2752431e-05 1.2348337e-05 1.1954507e-05 1.1568258e-05 1.1189908e-05 1.0820286e-05 1.0460316e-05 1.0111028e-05 1.3430258e-05 1.3517968e-05 1.3247771e-05 1.2981236e-05 1.2718594e-05 1.2460089e-05 1.2205985e-05 1.2821813e-05 1.2449591e-05 1.2088349e-05 1.17359195e-05 1.13920005e-05 1.1057386e-05 1.0732944e-05 1.0419627e-05 1.3131108e-05 1.36242315e-05 1.3728206e-05 1.3456703e-05 1.3188277e-05 1.2923122e-05 1.2661442e-05 1.2403457e-05 1.3003732e-05 1.26628975e-05 1.2333409e-05 1.2013031e-05 1.1701467e-05 1.1399443e-05 1.1107735e-05 1.082718e-05 1.0299884e-05 1.1494768e-05 1.0970982e-05 1.0540446e-05 1.02149315e-05 1.0004665e-05 1.6038635e-05 1.5625064e-05 1.2629688e-05 1.2728316e-05 1.2828156e-05 1.2929182e-05 1.1605521e-05 1.1715623e-05 1.1827028e-05 1.0602444e-05 1.0725035e-05 1.0373325e-05 1.0424765e-05 1.026048e-05 1.0096652e-05 1.0355529e-05 1.0014362e-05 1.1138456e-05 1.132916e-05 1.11625895e-05 1.0996603e-05 1.0831228e-05 1.0666491e-05 1.1054843e-05 1.0700466e-05 1.0349022e-05 1.0001754e-05 1.1965841e-05 1.0945064e-05 1.0925961e-05 1.0742593e-05 1.0559533e-05 1.0376796e-05 1.01944e-05 1.1816923e-05 1.1449852e-05 1.1086083e-05 1.0730518e-05 1.0376788e-05 1.002398e-05 1.2848713e-05 1.0467704e-05 1.0659393e-05 1.0631641e-05 1.0433501e-05 1.0235404e-05 1.0037352e-05 1.2634984e-05 1.2255509e-05 1.1882778e-05 1.15152725e-05 1.11498985e-05 1.078578e-05 1.0423051e-05 1.0061861e-05 1.0747569e-05 1.073742e-05 1.0921946e-05 1.0886756e-05 1.0680962e-05 1.0475196e-05 1.0269459e-05 1.0063753e-05 1.3499094e-05 1.3109691e-05 1.272493e-05 1.2345544e-05 1.1968579e-05 1.1593196e-05 1.1219556e-05 1.0847838e-05 1.2020418e-05 1.1688396e-05 1.2371917e-05 1.24456965e-05 1.1971028e-05 1.0231154e-05 1.2833622e-05 1.12421485e-05 1.134929e-05 1.2357251e-05 1.0279231e-05 1.3394072e-05 1.001918e-05 1.0142902e-05 1.0271084e-05 1.2837655e-05 1.0793481e-05 1.40413795e-05 1.0214178e-05 1.3402052e-05 1.1400575e-05 1.47640585e-05 1.1058886e-05 1.4040257e-05 1.2086467e-05 1.3327845e-05 1.2028826e-05 1.0543793e-05 1.003085e-05 1.2237785e-05 1.1668104e-05 1.2095972e-05 1.1562277e-05 1.1035447e-05 1.05105555e-05 1.2707122e-05 1.002349e-05 1.4314773e-05 1.4399404e-05 1.4490778e-05 1.4588769e-05 1.2997341e-05 1.2444144e-05 1.18961825e-05 1.1355084e-05 1.0815835e-05 1.0276852e-05 1.2725112e-05 1.3272817e-05 1.3382559e-05 1.34994125e-05 1.3623195e-05 1.2014961e-05 1.2951259e-05 1.239646e-05 1.1847047e-05 1.1304682e-05 1.0764335e-05 1.0224438e-05 1.2869804e-05 1.2271012e-05 1.2408224e-05 1.2552815e-05 1.243333e-05 1.2138422e-05 1.3018876e-05 1.2464351e-05 1.1915537e-05 1.1374129e-05 1.0835164e-05 1.0297148e-05 1.3136899e-05 1.13198985e-05 1.1487106e-05 1.2961264e-05 1.2670985e-05 1.238309e-05 1.3198357e-05 1.2645868e-05 1.2099563e-05 1.15611765e-05 1.1025879e-05 1.0493185e-05 1.3519037e-05 1.0433224e-05 1.3590303e-05 1.3304674e-05 1.3021808e-05 1.2741887e-05 1.3485148e-05 1.29361415e-05 1.2393895e-05 1.1860176e-05 1.1331295e-05 1.080619e-05 1.0284262e-05 1.4006785e-05 1.41999235e-05 1.3911367e-05 1.362562e-05 1.3342864e-05 1.30632925e-05 1.3872577e-05 1.332805e-05 1.2790905e-05 1.2263875e-05 1.174302e-05 1.1225946e-05 1.0713202e-05 1.0205441e-05 1.4593675e-05 1.4240323e-05 1.4217248e-05 1.3899113e-05 1.3582787e-05 1.3268401e-05 1.2956095e-05 1.4355775e-05 1.3816279e-05 1.3285597e-05 1.2766455e-05 1.2253062e-05 1.1744444e-05 1.1241253e-05 1.0744251e-05 1.527198e-05 1.4155394e-05 1.4548352e-05 1.4523912e-05 1.4184732e-05 1.384665e-05 1.350975e-05 1.317412e-05 1.492851e-05 1.4394781e-05 1.3871455e-05 1.335883e-05 1.2852747e-05 1.2352339e-05 1.1858325e-05 1.137154e-05 1.4348371e-05 1.434424e-05 1.4710258e-05 1.4674868e-05 1.4336364e-05 1.3999311e-05 1.3663815e-05 1.33299945e-05 1.5580295e-05 1.5053028e-05 1.4535116e-05 1.4028429e-05 1.3528964e-05 1.3035933e-05 1.2550098e-05 1.207233e-05 1.5733194e-05 1.05656445e-05 1.1457941e-05 1.4698823e-05 1.233302e-05 1.5507674e-05 1.0357356e-05 1.0412832e-05 1.44981395e-05 1.2150206e-05 1.537969e-05 1.0293425e-05 1.4388729e-05 1.20746045e-05 1.53516e-05 1.0376399e-05 1.4372604e-05 1.2108142e-05 1.542386e-05 1.0602711e-05 1.4450005e-05 1.2249841e-05 1.5033765e-05 1.0273856e-05 1.1564776e-05 1.3517126e-05 1.2421374e-05 1.2498559e-05 1.1947528e-05 1.1403565e-05 1.0862187e-05 1.0322082e-05 1.24174585e-05 1.2977741e-05 1.242776e-05 1.1883347e-05 1.1346405e-05 1.08124505e-05 1.0280209e-05 1.21142675e-05 1.1458595e-05 1.2647224e-05 1.2113632e-05 1.1586142e-05 1.1066727e-05 1.0550968e-05 1.0037682e-05 1.1594579e-05 1.1305976e-05 1.0999887e-05 1.213675e-05 1.1628231e-05 1.1126468e-05 1.0633503e-05 1.0145036e-05 1.1185836e-05 1.1216353e-05 1.0928472e-05 1.0645971e-05 1.1713674e-05 1.1232296e-05 1.07584765e-05 1.029432e-05 1.0900459e-05 1.119657e-05 1.0927662e-05 1.0664489e-05 1.040749e-05 1.1387694e-05 1.09355005e-05 1.0491773e-05 1.0058651e-05 1.0748207e-05 1.10029605e-05 1.0759516e-05 1.052252e-05 1.0292415e-05 1.116727e-05 1.07460155e-05 1.0334154e-05 1.0734702e-05 1.1295818e-05 1.10439005e-05 1.0797315e-05 1.0556433e-05 1.0321655e-05 1.1058628e-05 1.0669492e-05 1.0290584e-05 1.0861575e-05 1.1693411e-05 1.177586e-05 1.1502745e-05 1.1233248e-05 1.09676375e-05 1.07062e-05 1.1065547e-05 1.0708954e-05 1.0362592e-05 1.0027982e-05 1.1126472e-05 1.1381502e-05 1.1938842e-05 1.2034854e-05 1.176153e-05 1.1491253e-05 1.1224243e-05 1.0960738e-05 1.1189596e-05 1.086506e-05 1.0551264e-05 1.0249745e-05 1.0936753e-05 1.101425e-05 1.1530738e-05 1.1619927e-05 1.1363292e-05 1.1110133e-05 1.086069e-05 1.0615227e-05 1.1427786e-05 1.1133842e-05 1.0850698e-05 1.05797835e-05 1.03190705e-05 1.0068453e-05 1.1835263e-05 1.0903663e-05 1.1267377e-05 1.0449674e-05 1.07923315e-05 1.0083973e-05 1.0422796e-05 1.01702435e-05 1.0391831e-05 1.4481244e-05 1.4239061e-05 1.3689605e-05 1.379169e-05 1.389459e-05 1.2789529e-05 1.2901822e-05 1.1915997e-05 1.0385649e-05 1.0235107e-05 1.0368087e-05 1.0042709e-05 1.1245884e-05 1.1168981e-05 1.0833207e-05 1.0501505e-05 1.0174584e-05 1.2008779e-05 1.16649035e-05 1.1323106e-05 1.0986303e-05 1.06553625e-05 1.0327422e-05 1.0001796e-05 1.0108717e-05 1.0443346e-05 1.0239519e-05 1.3523313e-05 1.0224415e-05 1.0948499e-05 1.0891239e-05 1.0679901e-05 1.2432631e-05 1.2551199e-05 1.0600111e-05 1.0192179e-05 1.00447505e-05 1.1439028e-05 1.12209145e-05 1.1327235e-05 1.1463344e-05 1.1602241e-05 1.1070502e-05 1.0653176e-05 1.1959514e-05 1.1734216e-05 1.0262436e-05 1.0418069e-05 1.0576759e-05 1.0738371e-05 1.1102855e-05 1.0677063e-05 1.0632436e-05 1.0384374e-05 1.036181e-05 1.0554792e-05 1.0750139e-05 1.0947725e-05 1.0694818e-05 1.0921604e-05 1.1149984e-05 1.13798615e-05 1.0266365e-05 1.0518159e-05 1.0771138e-05 1.10252195e-05 1.0094888e-05 1.0162516e-05 1.04382525e-05 1.0218911e-05 1.0523299e-05 1.0234514e-05 1.1178606e-05 1.556033e-05 1.5677158e-05 1.5798836e-05 1.1021112e-05 1.0530329e-05 1.0039999e-05 1.0524817e-05 1.0241364e-05 1.0208866e-05 1.4710661e-05 1.4849663e-05 1.4993558e-05 1.09583125e-05 1.0466242e-05 1.0659933e-05 1.0384102e-05 1.3907575e-05 1.4069942e-05 1.0361258e-05 1.009318e-05 1.1013871e-05 1.0522787e-05 1.0032804e-05 1.0923575e-05 1.0657153e-05 1.31595125e-05 1.0860037e-05 1.0598938e-05 1.0340622e-05 1.1185931e-05 1.0697958e-05 1.02117765e-05 1.1306776e-05 1.1050885e-05 1.1357079e-05 1.1093729e-05 1.0833192e-05 1.0575675e-05 1.1469263e-05 1.0986096e-05 1.0505565e-05 1.0032687e-05 1.1802148e-05 1.1557294e-05 1.1467707e-05 1.1455717e-05 1.1162187e-05 1.0870192e-05 1.057986e-05 1.1859207e-05 1.13820015e-05 1.0908343e-05 1.0444133e-05 1.2399952e-05 1.2166063e-05 1.1474165e-05 1.1937162e-05 1.1924905e-05 1.1613848e-05 1.1303612e-05 1.09942675e-05 1.23487e-05 1.1878003e-05 1.1412522e-05 1.095801e-05 1.0514863e-05 1.0079016e-05 1.3084708e-05 1.1433794e-05 1.14858785e-05 1.1924456e-05 1.1903486e-05 1.1593093e-05 1.1283853e-05 1.0975864e-05 1.2925307e-05 1.2461657e-05 1.200493e-05 1.155845e-05 1.1124042e-05 1.0697829e-05 1.0279315e-05 1.189395e-05 1.1582311e-05 1.1621045e-05 1.2029858e-05 1.1999358e-05 1.1691639e-05 1.1385512e-05 1.108111e-05 1.3576206e-05 1.3120045e-05 1.2669856e-05 1.223048e-05 1.1803697e-05 1.13858005e-05 1.0976357e-05 1.0576351e-05 1.3269152e-05 1.2952466e-05 1.2169475e-05 1.24976605e-05 1.1972124e-05 1.3092528e-05 1.278141e-05 1.1284934e-05 1.2341981e-05 1.1824538e-05 1.3017537e-05 1.2712758e-05 1.037999e-05 1.04404335e-05 1.2280665e-05 1.1773839e-05 1.3045844e-05 1.2748079e-05 1.23150485e-05 1.18212e-05 1.25665065e-05 1.2264495e-05 1.1271724e-05 1.0949703e-05 1.0360411e-05 1.0028245e-05 1.0103562e-05 1.038254e-05 1.0666195e-05 1.0272989e-05 1.0242201e-05 1.015722e-05 1.0468029e-05 1.0605588e-05 1.0105827e-05 1.0259802e-05 1.0052033e-05 1.0385141e-05 1.1041148e-05 1.0546328e-05 1.0052842e-05 1.0238039e-05 1.023921e-05 1.025333e-05 1.0729631e-05 1.0250661e-05 1.0248037e-05 1.0046629e-05 1.01359265e-05 1.0327812e-05 1.04284045e-05 1.0154276e-05 1.0023071e-05 1.11285135e-05 1.0325785e-05 1.0391821e-05 1.3113502e-05 1.3064264e-05 1.3093833e-05 1.10187875e-05 1.4825028e-05 1.4926945e-05 1.0202975e-05 1.4044e-05 1.0576391e-05 1.028044e-05 1.4740472e-05 1.180535e-05 1.3765329e-05 1.388648e-05 1.0734587e-05 1.0999406e-05 1.2858094e-05 1.299704e-05 1.313768e-05 1.3154169e-05 1.3321865e-05 1.3490932e-05 1.3555459e-05 1.37495335e-05 1.3944643e-05 1.0356506e-05 1.0718708e-05 1.3123949e-05 1.333877e-05 1.35544615e-05 1.1083502e-05 1.1464354e-05 1.2493466e-05 1.27277435e-05 1.2962739e-05 1.0425034e-05 1.19231245e-05 1.217626e-05 1.2429937e-05 1.2621926e-05 1.70352e-05 1.7170341e-05 1.1868709e-05 1.6358392e-05 1.6511582e-05 1.1171346e-05 1.5727643e-05 1.0540587e-05 1.0288929e-05 1.0099406e-05 1.0392506e-05 1.09907905e-05 1.0981404e-05 1.0591696e-05 1.0209957e-05 1.1641454e-05 1.1260368e-05 1.0886226e-05 1.0520016e-05 1.0166518e-05 1.0806287e-05 1.0519617e-05 1.0234617e-05 1.0014829e-05 1.3233016e-05 1.02983095e-05 1.0678663e-05 1.0397817e-05 1.0119142e-05 1.1043505e-05 1.2493858e-05 1.0188988e-05 1.0563509e-05 1.0659622e-05 1.0385651e-05 1.0114412e-05 1.170109e-05 1.1796384e-05 1.017928e-05 1.0153816e-05 1.1313076e-05 1.1445909e-05 1.1585895e-05 1.1863298e-05 1.2056299e-05 1.2254657e-05 1.2441079e-05 1.2677893e-05 1.2918539e-05 1.0350346e-05 1.0714145e-05 1.1085007e-05 1.2125399e-05 1.2386815e-05 1.2651411e-05 1.0323866e-05 1.1894435e-05 1.217813e-05 1.2464344e-05 1.1753109e-05 1.2056049e-05 1.2360905e-05 1.1114487e-05 1.1175121e-05 1.0628615e-05 1.1921079e-05 1.0178263e-05 1.1197108e-05 1.1258534e-05 1.1912929e-05 1.100255e-05 1.107315e-05 1.2112921e-05 1.0983961e-05 1.106387e-05 1.2153625e-05 1.0672943e-05 1.0761612e-05 1.0108976e-05 1.0206053e-05 1.253745e-05 1.6013353e-05 1.1850154e-05 1.606553e-05 1.27736685e-05 1.535561e-05 1.5473972e-05 1.11232475e-05 1.1361809e-05 1.2253817e-05 1.5729502e-05 1.5870677e-05 1.2615108e-05 1.6271404e-05 1.643455e-05 1.27788835e-05 1.3080139e-05 1.3382893e-05 1.3687045e-05 1.20980985e-05 1.582116e-05 1.6002015e-05 1.3495976e-05 1.3812315e-05 1.4129746e-05 1.1458551e-05 1.5235436e-05 1.5433443e-05 1.2874269e-05 1.3204527e-05 1.0869333e-05 1.4690481e-05 1.4905464e-05 1.2295485e-05 1.0338997e-05 1.4190952e-05 1.4422497e-05 1.4144117e-05 1.8667784e-05 1.3574199e-05 1.8140296e-05 1.3057263e-05 1.2301131e-05 1.4571527e-05 1.2737308e-05 1.3952168e-05 1.1588592e-05 1.3777438e-05 1.3901509e-05 1.1010081e-05 1.4412363e-05 1.4580669e-05 1.13645965e-05 1.4998583e-05 1.5201301e-05 1.2609618e-05 1.292059e-05 1.3236641e-05 1.3557417e-05 1.0959198e-05 1.4675638e-05 1.4899231e-05 1.2193919e-05 1.252108e-05 1.2852538e-05 1.0627879e-05 1.4410248e-05 1.4653533e-05 1.1840156e-05 1.218197e-05 1.0377667e-05 1.4205587e-05 1.4467031e-05 1.1553961e-05 1.0214451e-05 1.4064257e-05 1.4341984e-05 1.2352422e-05 1.2759132e-05 1.08649265e-05 1.0910824e-05 1.0689658e-05 1.2668513e-05 1.1385726e-05 1.0672872e-05 1.2683258e-05 1.142406e-05 1.033001e-05 1.240913e-05 1.1140652e-05 1.1275319e-05 1.1410049e-05 1.1544841e-05 1.1888435e-05 1.0605385e-05 1.0744707e-05 1.0884062e-05 1.1393344e-05 1.0097015e-05 1.0240692e-05 1.03843795e-05 1.0927327e-05 1.0494253e-05 1.0098352e-05 1.3753373e-05 1.0918526e-05 1.7679213e-05 1.2904144e-05 1.49804455e-05 1.8190149e-05 1.5518479e-05 1.876712e-05 1.566511e-05 1.5913676e-05 1.6163232e-05 1.6413733e-05 1.6665137e-05 1.5006677e-05 1.8355187e-05 1.5804728e-05 1.6063386e-05 1.6322863e-05 1.6583122e-05 1.4434607e-05 1.7824055e-05 1.5230282e-05 1.5498588e-05 1.5767582e-05 1.3896397e-05 1.7322032e-05 1.4686266e-05 1.4963816e-05 1.3396093e-05 1.6851687e-05 1.41761475e-05 1.2938054e-05 1.6415717e-05 1.6270533e-05 1.0423305e-05 1.5852813e-05 1.1216088e-05 1.6116495e-05 1.1469204e-05 1.2382582e-05 1.6169195e-05 1.06695015e-05 1.0253518e-05 1.3787371e-05 1.6958526e-05 1.1955127e-05 1.4213001e-05 1.7500346e-05 1.4859971e-05 1.5121024e-05 1.5385622e-05 1.5653584e-05 1.5924741e-05 1.383678e-05 1.7181595e-05 1.4452466e-05 1.4724669e-05 1.50000415e-05 1.5278412e-05 1.3508889e-05 1.6902954e-05 1.4087964e-05 1.4370647e-05 1.4656107e-05 1.3232875e-05 1.6666396e-05 1.3769838e-05 1.4062114e-05 1.3011992e-05 1.6473703e-05 1.3501323e-05 1.28490365e-05 1.6326389e-05 1.0910693e-05 1.0105281e-05 1.0099863e-05 1.0073113e-05 1.2185699e-05 1.357234e-05 1.2235012e-05 1.0130558e-05 1.0234465e-05 1.0338441e-05 1.0442484e-05 1.0546592e-05 1.0650764e-05 1.1957806e-05 1.223285e-05 1.233948e-05 1.244615e-05 1.255286e-05 1.2659609e-05 1.1472553e-05 1.1751689e-05 1.1860972e-05 1.1970281e-05 1.2079615e-05 1.1008075e-05 1.12908865e-05 1.1402679e-05 1.1514484e-05 1.0622795e-05 1.0567106e-05 1.085303e-05 1.096713e-05 1.1081231e-05 1.0152705e-05 1.0440999e-05 1.0557133e-05 1.0057963e-05 1.0856256e-05 1.7279137e-05 1.1403925e-05 1.7896076e-05 1.7365022e-05 1.7559722e-05 1.775508e-05 1.7951072e-05 1.814768e-05 1.8344883e-05 1.7452085e-05 1.7366567e-05 1.7567216e-05 1.7768445e-05 1.7970235e-05 1.8172566e-05 1.6963759e-05 1.685826e-05 1.7064687e-05 1.7271635e-05 1.7479084e-05 1.649844e-05 1.6371605e-05 1.6583655e-05 1.679616e-05 1.6058102e-05 1.5908565e-05 1.6126018e-05 1.5644828e-05 1.5471238e-05 1.5260794e-05 1.2562212e-05 1.552275e-05 1.2863624e-05 1.6291131e-05 1.10224455e-05 1.1212199e-05 1.1406011e-05 1.1603679e-05 1.18050075e-05 1.2009814e-05 1.43635225e-05 1.6724374e-05 1.6488437e-05 1.6693957e-05 1.6901824e-05 1.7111954e-05 1.732426e-05 1.7538669e-05 1.638622e-05 1.6103826e-05 1.6316744e-05 1.653185e-05 1.6749063e-05 1.69683e-05 1.607939e-05 1.5748758e-05 1.5968835e-05 1.6190936e-05 1.6414977e-05 1.5805676e-05 1.5425236e-05 1.5652156e-05 1.5880923e-05 1.5566793e-05 1.5135258e-05 1.5368609e-05 1.536434e-05 1.4880751e-05 1.5199736e-05 1.0118052e-05 1.0202403e-05 1.0290306e-05 1.0381669e-05 1.0476404e-05 1.00148945e-05 1.0114084e-05 1.220457e-05 1.2272156e-05 1.1230925e-05
        </DataArray>
        <DataArray type="Int32" Name="status" format="ascii">
          0 0 0 0 0 0 0 0 0 0 0 0 0 0 0 0 0 0 0 0 0 0 0 0 0 0 0 0 0 0 0 0 0 0 0 0 0 0 0 0 0 0 0 0 0 0 0 0 0 0 0 0 0 0 0 0 0 0 0 0 0 0 0 0 0 0 0 0 0 0 0 0 0 0 0 0 0 0 0 0 0 0 0 0 0 0 0 0 0 0 0 0 0 0 0 0 0 0 0 0 0 0 0 0 0 0 0 0 0 0 0 0 0 0 0 0 0 0 0 0 0 0 0 0 0 0 0 0 0 0 0 0 0 0 0 0 0 0 0 0 0 0 0 0 0 0 0 0 0 0 0 0 0 0 0 0 0 0 0 0 0 0 0 0 0 0 0 0 0 0 0 0 0 0 0 0 0 0 0 0 0 0 0 0 0 0 0 0 0 0 0 0 0 0 0 0 0 0 0 0 0 0 0 0 0 0 0 0 0 0 0 0 0 0 0 0 0 0 0 0 0 0 0 0 0 0 0 0 0 0 0 0 0 0 0 0 0 0 0 0 0 0 0 0 0 0 0 0 0 0 0 0 0 0 0 0 0 0 0 0 0 0 0 0 0 0 0 0 0 0 0 0 0 0 0 0 0 0 0 0 0 0 0 0 0 0 0 0 0 0 0 0 0 0 0 0 0 0 0 0 0 0 0 0 0 0 0 0 0 0 0 0 0 0 0 0 0 0 0 0 0 0 0 0 0 0 0 0 0 0 0 0 0 0 0 0 0 0 0 0 0 0 0 0 0 0 0 0 0 0 0 0 0 0 0 0 0 0 0 0 0 0 0 0 0 0 0 0 0 0 0 0 0 0 0 0 0 0 0 0 0 0 0 0 0 0 0 0 0 0 0 0 0 0 0 0 0 0 0 0 0 0 0 0 0 0 0 0 0 0 0 0 0 0 0 0 0 0 0 0 0 0 0 0 0 0 0 0 0 0 0 0 0 0 0 0 0 0 0 0 0 0 0 0 0 0 0 0 0 0 0 0 0 0 0 0 0 0 0 0 0 0 0 0 0 0 0 0 0 0 0 0 0 0 0 0 0 0 0 0 0 0 0 0 0 0 0 0 0 0 0 0 0 0 0 0 0 0 0 0 0 0 0 0 0 0 0 0 0 0 0 0 0 0 0 0 0 0 0 0 0 0 0 0 0 0 0 0 0 0 0 0 0 0 0 0 0 0 0 0 0 0 0 0 0 0 0 0 0 0 0 0 0 0 0 0 0 0 0 0 0 0 0 0 0 0 0 0 0 0 0 0 0 0 0 0 0 0 0 0 0 0 0 0 0 0 0 0 0 0 0 0 0 0 0 0 0 0 0 0 0 0 0 0 0 0 0 0 0 0 0 0 0 0 0 0 0 0 0 0 0 0 0 0 0 0 0 0 0 0 0 0 0 0 0 0 0 0 0 0 0 0 0 0 0 0 0 0 0 0 0 0 0 0 0 0 0 0 0 0 0 0 0 0 0 0 0 0 0 0 0 0 0 0 0 0 0 0 0 0 0 0 0 0 0 0 0 0 0 0 0 0 0 0 0 0 0 0 0 0 0 0 0 0 0 0 0 0 0 0 0 0 0 0 0 0 0 0 0 0 0 0 0 0 0 0 0 0 0 0 0 0 0 0 0 0 0 0 0 0 0 0 0 0 0 0 0 0 0 0 0 0 0 0 0 0 0 0 0 0 0 0 0 0 0 0 0 0 0 0 0 0 0 0 0 0 0 0 0 0 0 0 0 0 0 0 0 0 0 0 0 0 0 0 0 0 0 0 0 0 0 0 0 0 0 0 0 0 0 0 0 0 0 0 0 0 0 0 0 0 0 0 0 0 0 0 0 0 0 0 0 0 0 0 0 0 0 0 0 0 0 0 0 0 0 0 0 0 0 0 0 0 0 0 0 0 0 0 0 0 0 0 0 0 0 0 0 0 0 0 0 0 0 0 0 0 0 0 0 0 0 0 0 0 0 0 0 0 0 0 0 0 0 0 0 0 0 0 0 0 0 0 0 0 0 0 0 0 0 0 0 0 0 0 0 0 0 0 0 0 0 0 0 0 0 0 0 0 0 0 0 0 0 0 0 0 0 0 0 0 0 0 0 0 0 0 0 0 0 0 0 0 0 0 0 0 0 0 0 0 0 0 0 0 0 0 0 0 0 0 0 0 0 0 0 0 0 0 0 0 0 0 0 0 0 0 0 0 0 0 0 0 0 0 0 0 0 0 0 0 0 0 0 0 0 0 0 0 0 0 0 0 0 0 0 0 0 0 0 0 0 0 0 0 0 0 0 0 0 0 0 0 0 0 0 0 0 0 0 0 0 0 0 0 0 0 0 0 0 0 0 0 0 0 0 0 0 0 0 0 0 0 0 0 0 0 0 0 0 0 0 0 0 0 0 0 0 0 0 0 0 0 0 0 0 0 0 0 0 0 0 0 0 0 0 0 0 0 0 0 0 0 0 0 0 0 0 0 0 0 0 0 0 0 0 0 0 0 0 0 0 0 0 0 0 0 0 0 0 0 0 0 0 0 0 0 0 0 0 0 0 0 0 0 0 0 0 0 0 0 0 0 0 0 0 0 0 0 0 0 0 0 0 0 0 0 0 0 0 0 0 0 0 0 0 0 0 0 0 0 0 0 0 0 0 0 0 0 0 0 0 0 0 0 0 0 0 0 0 0 0 0 0 0 0 0 0 0 0 0 0 0 0 0 0 0 0 0 0 0 0 0 0 0 0 0 0 0 0 0 0 0 0 0 0 0 0 0 0 0 0 0 0 0 0 0 0 0 0 0 0 0 0 0 0 0 0 0 0 0 0 0 0 0 0 0 0 0 0 0 0 0 0 0 0 0 0 0 0 0 0 0 0 0 0 0 0 0 0 0 0 0 0 0 0 0 0 0 0 0 0 0 0 0 0 0 0 0 0 0 0 0 0 0 0 0 0 0 0 0 0 0 0 0 0 0 0 0 0 0 0 0 0 0 0 0 0 0 0 0 0 0 0 0 0 0 0 0 0 0 0 0 0 0 0 0 0 0 0 0 0 0 0 0 0 0 0 0 0 0 0 0 0 0 0 0 0 0 0 0 0 0 0 0 0 0 0 0 0 0 0 0 0 0 0 0 0 0 0 0 0 0 0 0 0 0 0 0 0 0 0 0 0 0 0 0 0 0 0 0 0 0 0 0 0 0 0 0 0 0 0 0 0 0 0 0 0 0 0 0 0 0 0 0 0 0 0 0 0 0 0 0 0 0 0 0 0 0 0 0 0 0 0 0 0 0 0 0 0 0 0 0 0 0 0 0 0 0 0 0 0 0 0 0 0 0 0 0 0 0 0 0 0 0 0 0 0 0 0 0 0 0 0 0 0 0 0 0 0 0 0 0 0 0 0 0 0 0 0 0 0 0 0 0 0 0 0 0 0 0 0 0 0 0 0 0 0 0 0 0 0 0 0 0 0 0 0 0 0 0 0 0 0 0 0 0 0 0 0 0 0 0 0 0 0 0 0 0 0 0 0 0 0 0 0 0 0 0 0 0 0 0 0 0 0 0 0 0 0 0 0 0 0 0 0 0 0 0 0 0 0 0 0 0 0 0 0 0 0 0 0 0 0 0 0 0 0 0 0 0 0 0 0 0 0 0 0 0 0 0 0 0 0 0 0 0 0 0 0 0 0 0 0 0 0 0 0 0 0 0 0 0 0 0 0 0 0 0 0 0 0 0 0 0 0 0 0 0 0 0 0 0 0 0 0 0 0 0 0 0 0 0 0 0 0 0 0 0 0 0 0 0 0 0 0 0 0 0 0 0 0 0 0 0 0 0 0 0 0 0 0 0 0 0 0 0 0 0 0 0 0 0 0 0 0 0 0 0 0 0 0 0 0 0 0 0 0 0 0 0 0 0 0 0 0 0 0 0 0 0 0 0 0 0 0 0 0 0 0 0 0 0 0 0 0 0 0 0 0 0 0 0 0 0 0 0 0 0 0 0 0 0 0 0 0 0 0 0 0 0 0 0 0 0 0 0 0 0 0 0 0 0 0 0 0 0 0 0 0 0 0 0 0 0 0 0 0 0 0 0 0 0 0 0 0 0 0 0 0 0 0 0 0 0 0 0 0 0 0 0 0 0 0 0 0 0 0 0 0 0 0 0 0 0 0 0 0 0 0 0 0 0 0 0 0 0 0 0 0 0 0 0 0 0 0 0 0 0 0 0 0 0 0 0 0 0 0 0 0 0 0 0 0 0 0 0 0 0 0 0 0 0 0 0 0 0 0 0 0 0 0 0 0 0 0 0 0 0 0 0 0 0 0 0 0 0 0 0 0 0 0 0 0 0 0 0 0 0 0 0 0 0 0 0 0 0 0 0 0 0 0 0 0 0 0 0 0 0 0 0 0 0 0 0 0 0 0 0 0 0 0 0 0 0 0 0 0 0 0 0 0 0 0 0 0 0 0 0 0 0 0 0 0 0 0 0 0 0 0 0 0 0 0 0 0 0 0 0 0 0 0 0 0 0 0 0 0 0 0 0 0 0 0 0 0 0 0 0 0 0 0 0 0 0 0 0 0 0 0 0 0 0 0 0 0 0 0 0 0 0 0 0 0 0 0 0 0 0 0 0 0 0 0 0 0 0 0 0 0 0 0 0 0 0 0 0 0 0 0 0 0 0 0 0 0 0 0 0 0 0 0 0 0 0 0 0 0 0 0 0 0 0 0 0 0 0 0 0 0 0 0 0 0 0 0 0 0 0 0 0 0 0 0 0 0 0 0 0 0 0 0 0 0 0 0 0 0 0 0 0 0 0 0 0 0 0 0 0 0 0 0 0 0 0 0 0 0 0 0 0 0 0 0 0 0 0 0 0 0 0 0 0 0 0 0 0 0 0 0 0 0 0 0 0 0 0 0 0 0 0 0 0 0 0 0 0 0 0 0 0 0 0 0 0 0 0 0 0 0 0 0 0 0 0 0 0 0 0 0 0 0 0 0 0 0 0 0 0 0 0 0 0 0 0 0 0 0 0 0 0 0 0 0 0 0 0 0 0 0 0 0 0 0 0 0 0 0 0 0 0 0 0 0 0 0 0 0 0 0 0 0 0 0 0 0 0 0 0 0 0 0 0 0 0 0 0 0 0 0 0 0 0 0 0 0 0 0 0 0 0 0 0 0 0 0 0 0 0 0 0 0 0 0 0 0 0 0 0 0 0 0 0 0 0 0 0 0 0 0 0 0 0 0 0 0 0 0 0 0 0 0 0 0 0 0 0 0 0 0 0 0 0 0 0 0 0 0 0 0 0 0 0 0 0 0 0 0 0 0 0 0 0 0 0 0 0 0 0 0 0 0 0 0 0 0 0 0 0 0 0 0 0 0 0 0 0 0 0 0 0 0 0 0 0 0 0 0 0 0 0 0 0 0 0 0 0 0 0 0 0 0 0 0 0 0 0 0 0 0 0 0 0 0 0 0 0 0 0 0 0 0 0 0 0 0 0 0 0 0 0 0 0 0 0 0 0 0 0 0 0 0 0 0 0 0 0 0 0 0 0 0 0 0 0 0 0 0 0 0 0 0 0 0 0 0 0 0 0 0 0 0 0 0 0 0 0 0 0 0 0 0 0 0 0 0 0 0 0 0 0 0 0 0 0 0 0 0 0 0 0 0 0 0 0 0 0 0 0 0 0 0 0 0 0 0 0 0 0 0 0 0 0 0 0 0 0 0 0 0 0 0 0 0 0 0 0 0 0 0 0 0 0 0 0 0 0 0 0 0 0 0 0 0 0 0 0 0 0 0 0 0 0 0 0 0 0 0 0 0 0 0 0 0 0 0 0 0 0 0 0 0 0 0 0 0 0 0 0 0 0 0 0 0 0 0 0 0 0 0 0 0 0 0 0 0 0 0 0 0 0 0 0 0 0 0 0 0 0 0 0 0 0 0 0 0 0 0 0 0 0 0 0 0 0 0 0 0 0 0 0 0 0 0 0 0 0 0 0 0 0 0 0 0 0 0 0 0 0 0 0 0 0 0 0 0 0 0 0 0 0 0 0 0 0 0 0 0 0 0 0 0 0 0 0 0 0 0 0 0 0 0 0 0 0 0 0 0 0 0 0 0 0 0 0 0 0 0 0 0 0 0 0 0 0 0 0 0 0 0 0 0 0 0 0 0 0 0 0 0 0 0 0 0 0 0 0 0 0 0 0 0 0 0 0 0 0 0 0 0 0 0 0 0 0 0 0 0 0 0 0 0 0 0 0 0 0 0 0 0 0 0 0 0 0 0 0 0 0 0 0 0 0 0 0 0 0 0 0 0 0 0 0 0 0 0 0 0 0 0 0 0 0 0 0 0 0 0 0 0 0 0 0 0 0 0 0 0 0 0 0 0 0 0 0 0 0 0 0 0 0 0 0 0 0 0 0 0 0 0 0 0 0 0 0 0 0 0 0 0 0 0 0 0 0 0 0 0 0 0 0 0 0 0 0 0 0 0 0 0 0 0 0 0 0 0 0 0 0 0 0 0 0 0 0 0 0 0 0 0 0 0 0 0 0 0 0 0 0 0 0 0 0 0 0 0 0 0 0 0 0 0 0 0 0 0 0 0 0 0 0 0 0 0 0 0 0 0 0 0 0 0 0 0 0 0 0 0 0 0 0 0 0 0 0 0 0 0 0 0 0 0 0 0 0 0 0 0 0 0 0 0 0 0 0 0 0 0 0 0 0 0 0 0 0 0 0 0 0 0 0 0 0 0 0 0 0 0 0 0 0 0 0 0 0 0 0 0 0 0 0 0 0 0 0 0 0 0 0 0 0 0 0 0 0 0 0 0 0 0 0 0 0 0 0 0 0 0 0 0 0 0 0 0 0 0 0 0 0 0 0 0 0 0 0 0 0 0 0 0 0 0 0 0 0 0 0 0 0 0 0 0 0 0 0 0 0 0 0 0 0 0 0 0 0 0 0 0 0 0 0 0 0 0 0 0 0 0 0 0 0 0 0 0 0 0 0 0 0 0 0 0 0 0 0 0 0 0 0 0 0 0 0 0 0 0 0 0 0 0 0 0 0 0 0 0 0 0 0 0 0 0 0 0 0 0 0 0 0 0 0 0 0 0 0 0 0 0 0 0 0 0 0 0 0 0 0 0 0 0 0 0 0 0 0 0 0 0 0 0 0 0 0 0 0 0 0 0 0 0 0 0 0 0 0 0 0 0 0 0 0 0 0 0 0 0 0 0 0 0 0 0 0 0 0 0 0 0 0 0 0 0 0 0 0 0 0 0 0 0 0 0 0 0 0 0 0 0 0 0 0 0 0 0 0 0 0 0 0 0 0 0 0 0 0 0 0 0 0 0 0 0 0 0 0 0 0 0 0 0 0 0 0 0 0 0 0 0 0 0 0 0 0 0 0 0 0 0 0 0 0 0 0 0 0 0 0 0 0 0 0 0 0 0 0 0 0 0 0 0 0 0 0 0 0 0 0 0 0 0 0 0 0 0 0 0 0 0 0 0 0 0 0 0 0 0 0 0 0 0 0 0 0 0 0 0 0 0 0 0 0 0 0 0 0 0 0 0 0 0 0 0 0 0 0 0 0 0 0 0 0 0 0 0 0 0 0 0 0 0 0 0 0 0 0 0 0 0 0 0 0 0 0 0 0 0 0 0 0 0 0 0 0 0 0 0 0 0 0 0 0 0 0 0 0 0 0 0 0 0 0 0 0 0 0 0 0 0 0 0 0 0 0 0 0 0 0 0 0 0 0 0 0 0 0 0 0 0 0 0 0 0 0 0 0 0 0 0 0 0 0 0 0 0 0 0 0 0 0 0 0 0 0 0 0 0 0 0 0 0 0 0 0 0 0 0 0 0 0 0 0 0 0 0 0 0 0 0 0 0 0 0 0 0 0 0 0 0 0 0 0 0 0 0 0 0 0 0 0 0 0 0 0 0 0 0 0 0 0 0 0 0 0 0 0 0 0 0 0 0 0 0 0 0 0 0 0 0 0 0 0 0 0 0 0 0 0 0 0 0 0 0 0 0 0 0 0 0 0 0 0 0 0 0 0 0 0 0 0 0 0 0 0 0 0 0 0 0 0 0 0 0 0 0 0 0 0 0 0 0 0 0 0 0 0 0 0 0 0 0 0 0 0 0 0 0 0 0 0 0 0 0 0 0 0 0 0 0 0 0 0 0 0 0 0 0 0 0 0 0 0 0 0 0 0 0 0 0 0 0 0 0 0 0 0 0 0 0 0 0 0 0 0 0 0 0 0 0 0 0 0 0 0 0 0 0 0 0 0 0 0 0 0 0 0 0 0 0 0 0 0 0 0 0 0 0 0 0 0 0 0 0 0 0 0 0 0 0 0 0 0 0 0 0 0 0 0 0 0 0 0 0 0 0 0 0 0 0 0 0 0 0 0 0 0 0 0 0 0 0 0 0 0 0 0 0 0 0 0 0 0 0 0 0 0 0 0 0 0 0 0 0 0 0 0 0 0 0 0 0 0 0 0 0 0 0 0 0 0 0 0 0 0 0 0 0 0 0 0 0 0 0 0 0 0 0 0 0 0 0 0 0 0 0 0 0 0 0 0 0 0 0 0 0 0 0 0 0 0 0 0 0 0 0 0 0 0 0 0 0 0 0 0 0 0 0 0 0 0 0 0 0 0 0 0 0 0 0 0 0 0 0 0 0 0 0 0 0 0 0 0 0 0 0 0 0 0 0 0 0 0 0 0 0 0 0 0 0 0 0 0 0 0 0 0 0 0 0 0 0 0 0 0 0 0 0 0 0 0 0 0 0 0 0 0 0 0 0 0 0 0 0 0 0 0 0 0 0 0 0 0 0 0 0 0 0 0 0 0 0 0 0 0 0 0 0 0 0 0 0 0 0 0 0 0 0 0 0 0 0 0 0 0 0 0 0 0 0 0 0 0 0 0 0 0 0 0 0 0 0 0 0 0 0 0 0 0 0 0 0 0 0 0 0 0 0 0 0 0 0 0 0 0 0 0 0 0 0 0 0 0 0 0 0 0 0 0 0 0 0 0 0 0 0 0 0 0 0 0 0 0 0 0 0 0 0 0 0 0 0 0 0 0 0 0 0 0 0 0 0 0 0 0 0 0 0 0 0 0 0 0 0 0 0 0 0 0 0 0 0 0 0 0 0 0 0 0 0 0 0 0 0 0 0 0 0 0 0 0 0 0 0 0 0 0 0 0 0 0 0 0 0 0 0 0 0 0 0 0 0 0 0 0 0 0 0 0 0 0 0 0 0 0 0 0 0 0 0 0 0 0 0 0 0 0 0 0 0 0 0 0 0 0 0 0 0 0 0 0 0 0 0 0 0 0 0 0 0 0 0 0 0 0 0 0 0 0 0 0 0 0 0 0 0 0 0 0 0 0 0 0 0 0 0 0 0 0 0 0 0 0 0 0 0 0 0 0 0 0 0 0 0 0 0 0 0 0 0 0 0 0 0 0 0 0 0 0 0 0 0 0 0 0 0 0 0 0 0 0 0 0 0 0 0 0 0 0 0 0 0 0 0 0 0 0 0 0 0 0 0 0 0 0 0 0 0 0 0 0 0 0 0 0 0 0 0 0 0 0 0 0 0 0 0 0 0 0 0 0 0 0 0 0 0 0 0 0 0 0 0 0 0 0 0 0 0 0 0 0 0 0 0 0 0 0 0 0 0 0 0 0 0 0 0 0 0 0 0 0 0 0 0 0 0 0 0 0 0 0 0 0 0 0 0 0 0 0 0 0 0 0 0 0 0 0 0 0 0 0 0 0 0 0 0 0 0 0 0 0 0 0 0 0 0 0 0 0 0 0 0 0 0 0 0 0 0 0 0 0 0 0 0 0 0 0 0 0 0 0 0 0 0 0 0 0 0 0 0 0 0 0 0 0 0 0 0 0 0 0 0 0 0 0 0 0 0 0 0 0 0 0 0 0 0 0 0 0 0 0 0 0 0 0 0 0 0 0 0 0 0 0 0 0 0 0 0 0 0 0 0 0 0 0 0 0 0 0 0 0 0 0 0 0 0 0 0 0 0 0 0 0 0 0 0 0 0 0 0 0 0 0 0 0 0 0 0 0 0 0 0 0 0 0 0 0 0 0 0 0 0 0 0 0 0 0 0 0 0 0 0 0 0 0 0 0 0 0 0 0 0 0 0 0 0 0 0 0 0 0 0 0 0 0 0 0 0 0 0 0 0 0 0 0 0 0 0 0 0 0 0 0 0 0 0 0 0 0 0 0 0 0 0 0 0 0 0 0 0 0 0 0 0 0 0 0 0 0 0 0 0 0 0 0 0 0 0 0 0 0 0 0 0 0 0 0 0 0 0 0 0 0 0 0 0 0 0 0 0 0 0 0 0 0 0 0 0 0 0 0 0 0 0 0 0 0 0 0 0 0 0 0 0 0 0 0 0 0 0 0 0 0 0 0 0 0 0 0 0 0 0 0 0 0 0 0 0 0 0 0 0 0 0 0 0 0 0 0 0 0 0 0 0 0 0 0 0 0 0 0 0 0 0 0 0 0 0 0 0 0 0 0 0 0 0 0 0 0 0 0 0 0 0 0 0 0 0 0 0 0 0 0 0 0 0 0 0 0 0 0 0 0 0 0 0 0 0 0 0 0 0 0 0 0 0 0 0 0 0 0 0 0 0 0 0 0 0 0 0 0 0 0 0 0 0 0 0 0 0 0 0 0 0 0 0 0 0 0 0 0 0 0 0 0 0 0 0 0 0 0 0 0 0 0 0 0 0 0 0 0 0 0 0 0 0 0 0 0 0 0 0 0 0 0 0 0 0 0 0 0 0 0 0 0 0 0 0 0 0 0 0 0 0 0 0 0 0 0 0 0 0 0 0 0 0 0 0 0 0 0 0 0 0 0 0 0 0 0 0 0 0 0 0 0 0 0 0 0 0 0 0 0 0 0 0 0 0 0 0 0 0 0 0 0 0 0 0 0 0 0 0 0 0 0 0 0 0 0 0 0 0 0 0 0 0 0 0 0 0 0 0 0 0 0 0 0 0 0 0 0 0 0 0 0 0 0 0 0 0 0 0 0 0 0 0 0 0 0 0 0 0 0 0 0 0 0 0 0 0 0 0 0 0 0 0 0 0 0 0 0 0 0 0 0 0 0 0 0 0 0 0 0 0 0 0 0 0 0 0 0 0 0 0 0 0 0 0 0 0 0 0 0 0 0 0 0 0 0 0 0 0 0 0 0 0 0 0 0 0 0 0 0 0 0 0 0 0 0 0 0 0 0 0 0 0 0 0 0 0 0 0 0 0 0 0 0 0 0 0 0 0 0 0 0 0 0 0 0 0 0 0 0 0 0 0 0 0 0 0 0 0 0 0 0 0 0 0 0 0 0 0 0 0 0 0 0 0 0 0 0 0 0 0 0 0 0 0 0 0 0 0 0 0 0 0 0 0 0 0 0 0 0 0 0 0 0 0 0 0 0 0 0 0 0 0 0 0 0 0 0 0 0 0 0 0 0 0 0 0 0 0 0 0 0 0 0 0 0 0 0 0 0 0 0 0 0 0 0 0 0 0 0 0 0 0 0 0 0 0 0 0 0 0 0 0 0 0 0 0 0 0 0 0 0 0 0 0 0 0 0 0 0 0 0 0 0 0 0 0 0 0 0 0 0 0 0 0 0 0 0 0 0 0 0 0 0 0 0 0 0 0 0 0 0 0 0 0 0 0 0 0 0 0 0 0 0 0 0 0 0 0 0 0 0 0 0 0 0 0 0 0 0 0 0 0 0 0 0 0 0 0 0 0 0 0 0 0 0 0 0 0 0 0 0 0 0 0 0 0 0 0 0 0 0 0 0 0 0 0 0 0 0 0 0 0 0 0 0 0 0 0 0 0 0 0 0 0 0 0 0 0 0 0 0 0 0 0 0 0 0 0 0 0 0 0 0 0 0 0 0 0 0 0 0 0 0 0 0 0 0 0 0 0 0 0 0 0 0 0 0 0 0 0 0 0 0 0 0 0 0 0 0 0 0 0 0 0 0 0 0 0 0 0 0 0 0 0 0 0 0 0 0 0 0 0 0 0 0 0 0 0 0 0 0 0 0 0 0 0 0 0 0 0 0 0 0 0 0 0 0 0 0 0 0 0 0 0 0 0 0 0 0 0 0 0 0 0 0 0 0 0 0 0 0 0 0 0 0 0 0 0 0 0 0 0 0 0 0 0 0 0 0 0 0 0 0 0 0 0 0 0 0 0 0 0 0 0 0 0 0 0 0 0 0 0 0 0 0 0 0 0 0 0 0 0 0 0 0 0 0 0 0 0 0 0 0 0 0 0 0 0 0 0 0 0 0 0 0 0 0 0 0 0 0 0 0 0 0 0 0 0 0 0 0 0 0 0 0 0 0 0 0 0 0 0 0 0 0 0 0 0 0 0 0 0 0 0 0 0 0 0 0 0 0 0 0 0 0 0 0 0 0 0 0 0 0 0 0 0 0 0 0 0 0 0 0 0 0 0 0 0 0 0 0 0 0 0 0 0 0 0 0 0 0 0 0 0 0 0 0 0 0 0 0 0 0 0 0 0 0 0 0 0 0 0 0 0 0 0 0 0 0 0 0 0 0 0 0 0 0 0 0 0 0 0 0 0 0 0 0 0 0 0 0 0 0 0 0 0 0 0 0 0 0 0 0 0 0 0 0 0 0 0 0 0 0 0 0 0 0 0 0 0 0 0 0 0 0 0 0 0 0 0 0 0 0 0 0 0 0 0 0 0 0 0 0 0 0 0 0 0 0 0 0 0 0 0 0 0 0 0 0 0 0 0 0 0 0 0 0 0 0 0 0 0 0 0 0 0 0 0 0 0 0 0 0 0 0 0 0 0 0 0 0 0 0 0 0 0 0 0 0 0 0 0 0 0 0 0 0 0 0 0 0 0 0 0 0 0 0 0 0 0 0 0 0 0 0 0 0 0 0 0 0 0 0 0 0 0 0 0 0 0 0 0 0 0 0 0 0 0 0 0 0 0 0 0 0 0 0 0 0 0 0 0 0 0 0 0 0 0 0 0 0 0 0 0 0 0 0 0 0 0 0 0 0 0 0 0 0 0 0 0 0 0 0 0 0 0 0 0 0 0 0 0 0 0 0 0 0 0 0 0 0 0 0 0 0 0 0 0 0 0 0 0 0 0 0 0 0 0 0 0 0 0 0 0 0 0 0 0 0 0 0 0 0 0 0 0 0 0 0 0 0 0 0 0 0 0 0 0 0 0 0 0 0 0 0 0 0 0 0 0 0 0 0 0 0 0 0 0 0 0 0 0 0 0 0 0 0 0 0 0 0 0 0 0 0 0 0 0 0 0 0 0 0 0 0 0 0 0 0 0 0 0 0 0 0 0 0 0 0 0 0 0 0 0 0 0 0 0 0 0 0 0 0 0 0 0 0 0 0 0 0 0 0 0 0 0 0 0 0 0 0 0 0 0 0 0 0 0 0 0 0 0 0 0 0 0 0 0 0 0 0 0 0 0 0 0 0 0 0 0 0 0 0 0 0 0 0 0 0 0 0 0 0 0 0 0 0 0 0 0 0 0 0 0 0 0 0 0 0 0 0 0 0 0 0 0 0 0 0 0 0 0 0 0 0 0 0 0 0 0 0 0 0 0 0 0 0 0 0 0 0 0 0 0 0 0 0 0 0 0 0 0 0 0 0 0 0 0 0 0 0 0 0 0 0 0 0 0 0 0 0 0 0 0 0 0 0 0 0 0 0 0 0 0 0 0 0 0 0 0 0 0 0 0 0 0 0 0 0 0 0 0 0 0 0 0 0 0 0 0 0 0 0 0 0 0 0 0 0 0 0 0 0 0 0 0 0 0 0 0 0 0 0 0 0 0 0 0 0 0 0 0 0 0 0 0 0 0 0 0 0 0 0 0 0 0 0 0 0 0 0 0 0 0 0 0 0 0 0 0 0 0 0 0 0 0 0 0 0 0 0 0 0 0 0 0 0 0 0 0 0 0 0 0 0 0 0 0 0 0 0 0 0 0 0 0 0 0 0 0 0 0 0 0 0 0 0 0 0 0 0 0 0 0 0 0 0 0 0 0 0 0 0 0 0 0 0 0 0 0 0 0 0 0 0 0 0 0 0 0 0 0 0 0 0 0 0 0 0 0 0 0 0 0 0 0 0 0 0 0 0 0 0 0 0 0 0 0 0 0 0 0 0 0 0 0 0 0 0 0 0 0 0 0 0 0 0 0 0 0 0 0 0 0 0 0 0 0 0 0 0 0 0 0 0 0 0 0 0 0 0 0 0 0 0 0 0 0 0 0 0 0 0 0 0 0 0 0 0 0 0 0 0 0 0 0 0 0 0 0 0 0 0 0 0 0 0 0 0 0 0 0 0 0 0 0 0 0 0 0 0 0 0 0 0 0 0 0 0 0 0 0 0 0 0 0 0 0 0 0 0 0 0 0 0 0 0 0 0 0 0 0 0 0 0 0 0 0 0 0 0 0 0 0 0 0 0 0 0 0 0 0 0 0 0 0 0 0 0 0 0 0 0 0 0 0 0 0 0 0 0 0 0 0 0 0 0 0 0 0 0 0 0 0 0 0 0 0 0 0 0 0 0 0 0 0 0 0 0 0 0 0 0 0 0 0 0 0 0 0 0 0 0 0 0 0 0 0 0 0 0 0 0 0 0 0 0 0 0 0 0 0 0 0 0 0 0 0 0 0 0 0 0 0 0 0 0 0 0 0 0 0 0 0 0 0 0 0 0 0 0 0 0 0 0 0 0 0 0 0 0 0 0 0 0 0 0 0 0 0 0 0 0 0 0 0 0 0 0 0 0 0 0 0 0 0 0 0 0 0 0 0 0 0 0 0 0 0 0 0 0 0 0 0 0 0 0 0 0
        </DataArray>
      </PointData>
    </Piece>
  </UnstructuredGrid>
</VTKFile>
