<?xml version="1.0"?>
<VTKFile type="UnstructuredGrid" version="1.0" byte_order="LittleEndian">
  <UnstructuredGrid>
    <Piece NumberOfPoints="9320" NumberOfCells="9320">
      <Points>
        <DataArray type="Float32" NumberOfComponents="3" format="ascii">
          -9.266966e-03 1.003209e-02 -1.213197e-03
          -9.266238e-03 9.455238e-03 -3.030993e-03
          -9.275742e-03 9.154376e-03 -1.274442e-06
          -9.276517e-03 9.154161e-03 -1.213070e-03
          -9.277451e-03 9.153376e-03 -1.515765e-03
          -9.277460e-03 9.153369e-03 -1.818793e-03
          -9.265046e-03 8.886652e-03 -9.105570e-04
          -9.261858e-03 8.891925e-03 -1.213102e-03
          -9.263254e-03 8.886640e-03 -2.425196e-03
          -9.265576e-03 8.888554e-03 -2.727863e-03
          -9.265590e-03 8.888541e-03 -3.030892e-03
          -9.265604e-03 8.888527e-03 -3.333922e-03
          -9.265618e-03 8.888514e-03 -3.636951e-03
          -9.266259e-03 8.600111e-03 -9.101710e-04
          -9.266860e-03 8.599727e-03 -1.212953e-03
          -9.268255e-03 8.598380e-03 -2.424896e-03
          -9.270175e-03 8.596648e-03 -3.030768e-03
          -9.270190e-03 8.596633e-03 -3.333797e-03
          -9.268137e-03 8.596624e-03 -3.636845e-03
          -9.266351e-03 8.309234e-03 -3.636919e-03
          -9.265626e-03 8.020736e-03 -3.636949e-03
          -9.265630e-03 7.731477e-03 -3.636948e-03
          -9.281996e-03 6.850585e-03 -3.939539e-03
          -9.282018e-03 6.850557e-03 -4.242570e-03
          -9.282011e-03 6.561330e-03 -3.939539e-03
          -9.282034e-03 6.561300e-03 -4.242570e-03
          -9.282058e-03 6.561270e-03 -4.545600e-03
          -9.271357e-03 6.303745e-03 -3.636766e-03
          -9.275157e-03 6.013324e-03 -3.636679e-03
          -9.267910e-03 5.740355e-03 -6.073489e-04
          -9.285510e-03 5.701918e-03 -3.939533e-03
          -9.285533e-03 5.701881e-03 -4.242565e-03
          -9.285747e-03 5.412396e-03 -3.939540e-03
          -9.289418e-03 5.131221e-03 -3.939541e-03
          -9.275296e-03 4.865636e-03 -9.299777e-07
          -9.275853e-03 4.865036e-03 -3.037874e-04
          -9.276278e-03 4.864582e-03 -6.066829e-04
          -9.277412e-03 4.863488e-03 -9.094429e-04
          -9.277532e-03 4.863099e-03 -1.212438e-03
          -9.281013e-03 4.857385e-03 -2.121330e-03
          -9.289459e-03 4.841964e-03 -3.939542e-03
          -9.275673e-03 4.578017e-03 -9.046380e-07
          -9.276568e-03 4.577025e-03 -3.036766e-04
          -9.276662e-03 4.576923e-03 -6.066804e-04
          -9.277731e-03 4.575436e-03 -9.094409e-04
          -9.277917e-03 4.575161e-03 -1.212437e-03
          -9.281225e-03 4.569855e-03 -2.121337e-03
          -9.277744e-03 4.588718e-03 -3.334059e-03
          -9.289501e-03 4.552705e-03 -3.939544e-03
          -9.289522e-03 4.552656e-03 -4.242575e-03
          -9.282118e-03 4.277718e-03 -2.727354e-03
          -9.275041e-03 4.313252e-03 -3.031242e-03
          -9.282870e-03 4.298714e-03 -3.333999e-03
          -9.289543e-03 4.263447e-03 -3.939545e-03
          -9.289564e-03 4.263393e-03 -4.242577e-03
          -9.289585e-03 4.263339e-03 -4.545608e-03
          -9.274981e-03 4.024208e-03 -2.728214e-03
          -9.275082e-03 4.024005e-03 -3.031243e-03
          -9.282912e-03 4.009464e-03 -3.334000e-03
          -9.289584e-03 3.974189e-03 -3.939547e-03
          -9.289606e-03 3.974131e-03 -4.242578e-03
          -9.289627e-03 3.974073e-03 -4.545609e-03
          -9.289649e-03 3.974015e-03 -4.848641e-03
          -9.288211e-03 3.713256e-03 -2.121389e-03
          -9.291696e-03 3.743891e-03 -2.728508e-03
          -9.291720e-03 3.743826e-03 -3.031540e-03
          -9.291744e-03 3.743761e-03 -3.334571e-03
          -9.294846e-03 3.731364e-03 -3.637950e-03
          -9.288978e-03 3.425009e-03 -2.121394e-03
          -9.295622e-03 3.443753e-03 -2.728099e-03
          -9.295644e-03 3.443684e-03 -3.031131e-03
          -9.296344e-03 3.440873e-03 -3.334245e-03
          -9.293401e-03 3.447645e-03 -3.637868e-03
          -9.290243e-03 3.170975e-03 -1.818992e-03
          -9.295743e-03 3.154045e-03 -3.334210e-03
          -9.291245e-03 3.166553e-03 -3.637746e-03
          -9.295625e-03 3.147543e-03 -3.941211e-03
          -9.297786e-03 3.140599e-03 -4.244009e-03
          -9.290111e-03 2.885859e-03 -1.818995e-03
          -9.295509e-03 2.865855e-03 -3.334195e-03
          -9.290852e-03 2.878944e-03 -3.637724e-03
          -9.295608e-03 2.859956e-03 -3.941276e-03
          -9.304455e-03 2.829421e-03 -4.243264e-03
          -9.299481e-03 2.565702e-03 -2.121645e-03
          -9.304502e-03 2.540214e-03 -3.940235e-03
          -9.304511e-03 2.540146e-03 -4.243266e-03
          -9.298052e-03 2.286944e-03 -1.515331e-03
          -9.300284e-03 2.277942e-03 -2.121657e-03
          -9.304571e-03 2.250928e-03 -3.940238e-03
          -9.304578e-03 2.250856e-03 -4.243269e-03
          -9.302847e-03 1.988727e-03 -2.121759e-03
          -9.300231e-03 1.985414e-03 -2.727655e-03
          -9.304641e-03 1.961641e-03 -3.940240e-03
          -9.304646e-03 1.961567e-03 -4.243271e-03
          -9.304652e-03 1.961492e-03 -4.546302e-03
          -9.300308e-03 1.696139e-03 -2.727657e-03
          -9.304709e-03 1.672355e-03 -3.940243e-03
          -9.304713e-03 1.672277e-03 -4.243274e-03
          -9.304718e-03 1.672199e-03 -4.546304e-03
          -9.304722e-03 1.672120e-03 -4.849335e-03
          -9.312729e-03 1.417244e-03 -2.122132e-03
          -9.304778e-03 1.383068e-03 -3.940246e-03
          -9.304781e-03 1.382987e-03 -4.243276e-03
          -9.304783e-03 1.382905e-03 -4.546306e-03
          -9.304786e-03 1.382823e-03 -4.849337e-03
          -9.313736e-03 1.126602e-03 -2.121966e-03
          -9.319723e-03 1.114130e-03 -2.728346e-03
          -9.319729e-03 1.114038e-03 -3.031379e-03
          -9.328229e-03 1.146275e-03 -3.639275e-03
          -9.327513e-03 1.106897e-03 -4.851239e-03
          -9.314951e-03 8.364300e-04 -2.122052e-03
          -9.314955e-03 8.363276e-04 -2.425086e-03
          -9.324522e-03 8.304560e-04 -2.728235e-03
          -9.328639e-03 8.457075e-04 -3.335164e-03
          -9.322344e-03 8.375518e-04 -3.638297e-03
          -9.315846e-03 8.101037e-04 -3.940586e-03
          -9.315845e-03 8.100247e-04 -4.243617e-03
          -9.330510e-03 5.752389e-04 -1.819826e-03
          -9.316024e-03 5.168837e-04 -3.940590e-03
          -9.325168e-03 5.182360e-04 -4.243903e-03
          -9.326481e-03 2.586659e-04 -2.122121e-03
          -9.317658e-03 2.431926e-04 -3.637505e-03
          -9.322485e-03 2.285788e-04 -3.940789e-03
          -9.327122e-03 2.292285e-04 -4.243963e-03
          -9.340133e-03 -1.615509e-06 -1.819737e-03
          -9.329097e-03 -3.096184e-05 -2.122172e-03
          -9.327196e-03 -6.001277e-05 -3.940933e-03
          -9.327188e-03 -6.008800e-05 -4.243964e-03
          -9.329181e-03 -3.202949e-04 -2.122171e-03
          -9.337765e-03 -3.217316e-04 -3.639340e-03
          -9.327263e-03 -3.493442e-04 -3.940933e-03
          -9.327252e-03 -3.494195e-04 -4.243964e-03
          -9.338720e-03 -5.995727e-04 -1.515915e-03
          -9.347382e-03 -5.978494e-04 -3.336780e-03
          -9.327330e-03 -6.386755e-04 -3.940933e-03
          -9.327315e-03 -6.387510e-04 -4.243964e-03
          -9.329226e-03 -9.004328e-04 -2.728136e-03
          -9.353095e-03 -8.719773e-04 -3.034527e-03
          -9.348402e-03 -8.897198e-04 -3.336567e-03
          -9.327397e-03 -9.280068e-04 -3.940934e-03
          -9.327379e-03 -9.280823e-04 -4.243964e-03
          -9.327360e-03 -9.281580e-04 -4.546994e-03
          -9.343681e-03 -1.191675e-03 -2.122250e-03
          -9.356082e-03 -1.164000e-03 -2.731305e-03
          -9.356065e-03 -1.164089e-03 -3.034340e-03
          -9.351370e-03 -1.181830e-03 -3.336380e-03
          -9.330227e-03 -1.218377e-03 -3.940926e-03
          -9.330206e-03 -1.218453e-03 -4.243956e-03
          -9.330184e-03 -1.218528e-03 -4.546986e-03
          -9.347746e-03 -1.477239e-03 -1.818340e-03
          -9.343608e-03 -1.482510e-03 -2.122026e-03
          -9.363832e-03 -1.476325e-03 -2.729327e-03
          -9.363814e-03 -1.476410e-03 -3.032363e-03
          -9.363795e-03 -1.476496e-03 -3.335398e-03
          -9.362306e-03 -1.483403e-03 -3.639422e-03
          -9.350929e-03 -1.765265e-03 -1.514837e-03
          -9.344046e-03 -1.772177e-03 -2.122006e-03
          -9.358638e-03 -1.776818e-03 -3.334781e-03
          -9.365596e-03 -1.764207e-03 -3.639254e-03
          -9.356377e-03 -1.782040e-03 -3.942634e-03
          -9.356354e-03 -1.782107e-03 -4.245665e-03
          -9.360420e-03 -2.061618e-03 -3.334691e-03
          -9.367516e-03 -2.048633e-03 -3.639156e-03
          -9.361374e-03 -2.066755e-03 -3.943085e-03
          -9.346696e-03 -2.093555e-03 -4.243839e-03
          -9.366499e-03 -2.333692e-03 -1.818141e-03
          -9.360480e-03 -2.350970e-03 -3.334688e-03
          -9.367575e-03 -2.337982e-03 -3.639154e-03
          -9.346777e-03 -2.382837e-03 -3.940806e-03
          -9.346753e-03 -2.382896e-03 -4.243838e-03
          -9.355492e-03 -2.649901e-03 -2.121418e-03
          -9.346823e-03 -2.672193e-03 -3.940803e-03
          -9.346797e-03 -2.672250e-03 -4.243835e-03
          -9.346863e-03 -2.961556e-03 -3.940799e-03
          -9.346903e-03 -3.250918e-03 -3.940795e-03
          -9.346943e-03 -3.540280e-03 -3.940791e-03
          -9.346912e-03 -3.540330e-03 -4.243824e-03
          -9.359101e-03 -3.829462e-03 -2.727522e-03
          -9.359072e-03 -3.829520e-03 -3.030559e-03
          -9.362489e-03 -4.120717e-03 -2.726695e-03
          -9.372784e-03 -4.114146e-03 -3.636250e-03
          -9.353477e-03 -4.415521e-03 -3.940171e-03
          -9.352961e-03 -4.705694e-03 -3.940200e-03
          -9.379265e-03 -5.572501e-03 -3.332555e-03
          -9.382608e-03 -5.862173e-03 -3.028829e-03
          -9.381131e-03 -6.151190e-03 -2.725769e-03
          -9.382611e-03 -6.151548e-03 -3.028824e-03
          -9.380046e-03 -6.452612e-03 -1.207814e-03
          -9.376944e-03 -6.456166e-03 -3.633747e-03
          -9.376959e-03 -7.034874e-03 -3.633738e-03
          -9.376966e-03 -7.324229e-03 -3.633734e-03
          -9.376973e-03 -7.613583e-03 -3.633730e-03
          -9.363902e-03 -8.208409e-03 -2.115911e-03
          -9.363166e-03 -8.209221e-03 -2.419990e-03
          -9.363741e-03 -8.499612e-03 -1.811864e-03
          -9.363145e-03 -8.500269e-03 -2.115744e-03
          -9.362408e-03 -8.501081e-03 -2.419824e-03
          -9.362380e-03 -8.790483e-03 -2.419818e-03
          -9.369068e-03 -9.060670e-03 -6.001633e-04
          -9.369056e-03 -9.060690e-03 -9.032097e-04
          -9.369049e-03 -9.350060e-03 -2.971137e-04
          -9.369037e-03 -9.350079e-03 -6.001597e-04
          -9.369018e-03 -9.639472e-03 -2.971105e-04
          -9.361837e-03 -9.937853e-03 -3.331950e-03
          -9.361817e-03 -9.937870e-03 -3.634992e-03
          -9.361797e-03 -9.937885e-03 -3.938033e-03
          -9.361777e-03 -9.937900e-03 -4.241075e-03
          -9.361757e-03 -9.937915e-03 -4.544116e-03
          -9.361731e-03 -9.937932e-03 -4.847159e-03
          -9.563072e-03 8.889069e-03 -1.213154e-03
          -9.565719e-03 8.883336e-03 -2.424912e-03
          -9.566713e-03 8.885785e-03 -2.727733e-03
          -9.566725e-03 8.885771e-03 -3.030762e-03
          -9.566738e-03 8.885757e-03 -3.333792e-03
          -9.566750e-03 8.885744e-03 -3.636822e-03
          -9.567762e-03 8.595615e-03 -3.636785e-03
          -9.567160e-03 8.306981e-03 -3.636809e-03
          -9.567161e-03 8.017718e-03 -3.636809e-03
          -9.579100e-03 6.850022e-03 -3.939516e-03
          -9.579090e-03 6.561960e-03 -3.939505e-03
          -9.573170e-03 6.299700e-03 -3.636569e-03
          -9.578254e-03 6.011861e-03 -3.333409e-03
          -9.567973e-03 5.737439e-03 -6.071942e-04
          -9.575194e-03 4.571597e-03 -7.166990e-07
          -9.575886e-03 4.584926e-03 -3.333910e-03
          -9.575828e-03 4.295864e-03 -3.030883e-03
          -9.575926e-03 4.295671e-03 -3.333911e-03
          -9.586379e-03 4.265407e-03 -3.939561e-03
          -9.585899e-03 4.263331e-03 -4.242574e-03
          -9.578163e-03 4.008549e-03 -2.727860e-03
          -9.577815e-03 4.009073e-03 -3.030949e-03
          -9.577913e-03 4.008877e-03 -3.333978e-03
          -9.588599e-03 3.974843e-03 -3.939595e-03
          -9.587925e-03 3.975741e-03 -4.242667e-03
          -9.592088e-03 3.732394e-03 -2.728075e-03
          -9.592109e-03 3.732337e-03 -3.031107e-03
          -9.592130e-03 3.732279e-03 -3.334138e-03
          -9.593664e-03 3.726152e-03 -3.637342e-03
          -9.596011e-03 3.432251e-03 -2.727666e-03
          -9.596030e-03 3.432190e-03 -3.030698e-03
          -9.596050e-03 3.432129e-03 -3.333729e-03
          -9.591847e-03 3.443792e-03 -3.637239e-03
          -9.592003e-03 3.424675e-03 -3.940679e-03
          -9.592466e-03 3.423390e-03 -4.243735e-03
          -9.596326e-03 3.422787e-03 -4.546799e-03
          -9.589603e-03 3.159545e-03 -1.818526e-03
          -9.596328e-03 3.142232e-03 -3.333707e-03
          -9.591714e-03 3.155206e-03 -3.637230e-03
          -9.592046e-03 3.135558e-03 -3.940686e-03
          -9.594307e-03 3.135791e-03 -4.243826e-03
          -9.589957e-03 2.875148e-03 -1.818545e-03
          -9.591856e-03 2.865686e-03 -3.637223e-03
          -9.601227e-03 2.538844e-03 -3.940145e-03
          -9.601293e-03 2.249556e-03 -3.940147e-03
          -9.599035e-03 1.985220e-03 -2.121567e-03
          -9.601359e-03 1.960268e-03 -3.940149e-03
          -9.600961e-03 1.961483e-03 -4.243266e-03
          -9.596624e-03 1.696005e-03 -2.727650e-03
          -9.601424e-03 1.670980e-03 -3.940152e-03
          -9.601026e-03 1.672192e-03 -4.243268e-03
          -9.601031e-03 1.672123e-03 -4.546299e-03
          -9.603624e-03 1.384684e-03 -3.940220e-03
          -9.624365e-03 1.133387e-03 -3.638125e-03
          -9.625047e-03 8.352752e-04 -3.031160e-03
          -9.625051e-03 8.351939e-04 -3.334194e-03
          -9.626026e-03 5.662413e-04 -1.818929e-03
          -9.625121e-03 5.458896e-04 -3.334195e-03
          -9.618660e-03 2.302107e-04 -3.940762e-03
          -9.632056e-03 -1.155255e-05 -1.819059e-03
          -9.625407e-03 -6.113140e-04 -3.031162e-03
          -9.638751e-03 -6.015667e-04 -3.336366e-03
          -9.642138e-03 -8.865783e-04 -2.122339e-03
          -9.625442e-03 -9.010730e-04 -2.728098e-03
          -9.639179e-03 -8.909346e-04 -3.033333e-03
          -9.639167e-03 -8.910140e-04 -3.336368e-03
          -9.625427e-03 -9.273737e-04 -3.940880e-03
          -9.623934e-03 -9.282861e-04 -4.243954e-03
          -9.646761e-03 -1.181277e-03 -2.729987e-03
          -9.646747e-03 -1.181356e-03 -3.033021e-03
          -9.646733e-03 -1.181434e-03 -3.336056e-03
          -9.628257e-03 -1.217356e-03 -3.940910e-03
          -9.653965e-03 -1.487683e-03 -2.728089e-03
          -9.653949e-03 -1.487759e-03 -3.031124e-03
          -9.653934e-03 -1.487835e-03 -3.334159e-03
          -9.654890e-03 -1.487463e-03 -3.637806e-03
          -9.656596e-03 -1.772443e-03 -3.637719e-03
          -9.647175e-03 -1.787289e-03 -4.245158e-03
          -9.657946e-03 -2.054226e-03 -1.817642e-03
          -9.656651e-03 -2.061789e-03 -3.637717e-03
          -9.658798e-03 -2.340974e-03 -1.817321e-03
          -9.656706e-03 -2.351135e-03 -3.637715e-03
          -9.642293e-03 -2.384240e-03 -3.940633e-03
          -9.642337e-03 -2.673593e-03 -3.940630e-03
          -9.642451e-03 -3.541671e-03 -3.940619e-03
          -9.655726e-03 -3.822469e-03 -1.513086e-03
          -9.653898e-03 -3.827041e-03 -2.120044e-03
          -9.653882e-03 -3.827083e-03 -2.423083e-03
          -9.656667e-03 -4.116200e-03 -1.816380e-03
          -9.653920e-03 -4.116421e-03 -2.120038e-03
          -9.657262e-03 -4.698392e-03 -1.512752e-03
          -9.669751e-03 -5.863780e-03 -3.332307e-03
          -9.669822e-03 -6.154938e-03 -3.332135e-03
          -9.654193e-03 -7.916730e-03 -2.420103e-03
          -9.654063e-03 -8.207882e-03 -2.116005e-03
          -9.653431e-03 -8.208581e-03 -2.419937e-03
          -9.654045e-03 -8.497270e-03 -1.812955e-03
          -9.654036e-03 -8.497284e-03 -2.115999e-03
          -9.653404e-03 -8.497982e-03 -2.419931e-03
          -9.665272e-03 -9.060682e-03 -2.971177e-04
          -9.665261e-03 -9.060699e-03 -6.001632e-04
          -9.665250e-03 -9.060717e-03 -9.032086e-04
          -9.665242e-03 -9.350091e-03 -2.971148e-04
          -9.665231e-03 -9.350108e-03 -6.001600e-04
          -9.665212e-03 -9.639501e-03 -2.971118e-04
          -9.657965e-03 -9.648565e-03 -4.847160e-03
          -9.658004e-03 -9.938657e-03 -4.240871e-03
          -9.657985e-03 -9.938672e-03 -4.543912e-03
          -9.657965e-03 -9.938687e-03 -4.846954e-03
          -9.865382e-03 8.884466e-03 -3.041681e-04
          -9.865389e-03 8.884460e-03 -6.071964e-04
          -9.865397e-03 8.884454e-03 -9.102247e-04
          -9.864050e-03 8.886335e-03 -1.213208e-03
          -9.866568e-03 8.883785e-03 -1.515778e-03
          -9.866575e-03 8.883780e-03 -1.818807e-03
          -9.866582e-03 8.883774e-03 -2.121835e-03
          -9.867737e-03 8.883063e-03 -2.727605e-03
          -9.867748e-03 8.883050e-03 -3.030635e-03
          -9.867760e-03 8.883037e-03 -3.333665e-03
          -9.867771e-03 8.883024e-03 -3.636694e-03
          -9.868588e-03 8.593290e-03 -3.636671e-03
          -9.877945e-03 6.848258e-03 -3.939442e-03
          -9.871763e-03 6.569253e-03 -8.388025e-07
          -9.877943e-03 6.559867e-03 -3.939434e-03
          -9.868758e-03 6.307147e-03 -8.763169e-07
          -9.868766e-03 6.307140e-03 -3.039035e-04
          -9.868922e-03 6.307220e-03 -6.068819e-04
          -9.869035e-03 6.306904e-03 -9.098499e-04
          -9.869043e-03 6.306897e-03 -1.212877e-03
          -9.877596e-03 6.283783e-03 -1.515148e-03
          -9.878579e-03 6.283858e-03 -1.818067e-03
          -9.878833e-03 6.282226e-03 -2.121064e-03
          -9.873873e-03 6.300157e-03 -2.424325e-03
          -9.874595e-03 6.301364e-03 -2.727346e-03
          -9.874613e-03 6.301338e-03 -3.030376e-03
          -9.874631e-03 6.301312e-03 -3.333407e-03
          -9.874415e-03 6.301460e-03 -3.636443e-03
          -9.878543e-03 6.292358e-03 -4.545517e-03
          -9.879157e-03 6.291148e-03 -4.848565e-03
          -9.869068e-03 6.019208e-03 -3.038854e-04
          -9.868942e-03 6.017981e-03 -6.068807e-04
          -9.869055e-03 6.017664e-03 -9.098488e-04
          -9.869064e-03 6.017656e-03 -1.212876e-03
          -9.877930e-03 5.995710e-03 -1.515135e-03
          -9.878788e-03 5.994620e-03 -1.818061e-03
          -9.874631e-03 6.013044e-03 -2.727348e-03
          -9.874649e-03 6.013015e-03 -3.030378e-03
          -9.874667e-03 6.012986e-03 -3.333409e-03
          -9.874680e-03 6.012599e-03 -3.636438e-03
          -9.867975e-03 5.733033e-03 -6.069792e-04
          -9.878490e-03 5.707395e-03 -1.515097e-03
          -9.874672e-03 5.723762e-03 -3.030378e-03
          -9.874690e-03 5.723730e-03 -3.333408e-03
          -9.874704e-03 5.723341e-03 -3.636438e-03
          -9.880676e-03 5.421298e-03 -1.514962e-03
          -9.874727e-03 5.434082e-03 -3.636438e-03
          -9.873826e-03 4.568367e-03 -5.810510e-07
          -9.878040e-03 4.298463e-03 -1.515334e-03
          -9.877875e-03 4.297381e-03 -1.818359e-03
          -9.878031e-03 4.295207e-03 -2.121375e-03
          -9.890238e-03 3.974001e-03 -3.939590e-03
          -9.892524e-03 3.720772e-03 -2.727637e-03
          -9.892542e-03 3.720722e-03 -3.030669e-03
          -9.892561e-03 3.720671e-03 -3.333700e-03
          -9.892579e-03 3.720621e-03 -3.636732e-03
          -9.895090e-03 3.701235e-03 -4.849451e-03
          -9.892576e-03 3.431510e-03 -2.727638e-03
          -9.892593e-03 3.431457e-03 -3.030670e-03
          -9.892610e-03 3.431403e-03 -3.333702e-03
          -9.892627e-03 3.431350e-03 -3.636733e-03
          -9.886420e-03 3.158733e-03 -3.030714e-04
          -9.886441e-03 3.158562e-03 -6.060990e-04
          -9.888931e-03 3.153777e-03 -1.515215e-03
          -9.888421e-03 3.154963e-03 -1.818276e-03
          -9.892628e-03 3.142248e-03 -2.727639e-03
          -9.892644e-03 3.142192e-03 -3.030671e-03
          -9.892660e-03 3.142135e-03 -3.333703e-03
          -9.892675e-03 3.142079e-03 -3.636735e-03
          -9.887017e-03 2.872163e-03 -3.030728e-04
          -9.886601e-03 2.871544e-03 -6.061258e-04
          -9.889376e-03 2.865613e-03 -1.515211e-03
          -9.888848e-03 2.867238e-03 -1.818288e-03
          -9.892695e-03 2.852926e-03 -3.030672e-03
          -9.892709e-03 2.852867e-03 -3.333704e-03
          -9.892724e-03 2.852808e-03 -3.636736e-03
          -9.892763e-03 2.563594e-03 -3.333706e-03
          -9.892777e-03 2.563532e-03 -3.636738e-03
          -9.898926e-03 2.534374e-03 -3.939850e-03
          -9.892828e-03 2.274308e-03 -3.333707e-03
          -9.898989e-03 2.245085e-03 -3.939851e-03
          -9.895499e-03 1.988082e-03 -9.087524e-04
          -9.892882e-03 1.985088e-03 -3.030676e-03
          -9.901169e-03 1.962193e-03 -3.333344e-03
          -9.901179e-03 1.962127e-03 -3.636377e-03
          -9.899052e-03 1.955795e-03 -3.939853e-03
          -9.902310e-03 1.723096e-03 -3.023260e-04
          -9.902290e-03 1.722925e-03 -6.053885e-04
          -9.904674e-03 1.717332e-03 -1.515199e-03
          -9.904742e-03 1.716881e-03 -1.818251e-03
          -9.895549e-03 1.686032e-03 -2.727474e-03
          -9.899114e-03 1.666505e-03 -3.939855e-03
          -9.903311e-03 1.436334e-03 -3.022736e-04
          -9.904745e-03 1.428051e-03 -1.515198e-03
          -9.904811e-03 1.427599e-03 -1.818251e-03
          -9.900866e-03 1.379584e-03 -3.939909e-03
          -9.905107e-03 1.393478e-03 -4.849566e-03
          -9.907066e-03 1.139271e-03 -1.515198e-03
          -9.921272e-03 1.124523e-03 -2.728119e-03
          -9.921277e-03 1.124453e-03 -3.031152e-03
          -9.921283e-03 1.124382e-03 -3.334185e-03
          -9.921288e-03 1.124312e-03 -3.637219e-03
          -9.919181e-03 1.107379e-03 -4.546874e-03
          -9.910815e-03 8.540348e-04 -1.211892e-03
          -9.921342e-03 8.352193e-04 -2.728119e-03
          -9.921345e-03 8.351487e-04 -3.031152e-03
          -9.921348e-03 8.350778e-04 -3.334186e-03
          -9.921351e-03 8.350068e-04 -3.637219e-03
          -9.920772e-03 5.691081e-04 -3.014838e-04
          -9.920714e-03 5.689629e-04 -6.045801e-04
          -9.921624e-03 5.619811e-04 -1.515161e-03
          -9.921668e-03 5.618145e-04 -1.818213e-03
          -9.921413e-03 5.458444e-04 -3.031153e-03
          -9.921414e-03 5.457730e-04 -3.334187e-03
          -9.921414e-03 5.457017e-04 -3.637220e-03
          -9.921750e-03 2.806887e-04 -3.014203e-04
          -9.921630e-03 2.796619e-04 -6.045639e-04
          -9.921730e-03 2.727047e-04 -1.515158e-03
          -9.921733e-03 2.724185e-04 -1.818207e-03
          -9.921481e-03 2.565401e-04 -3.031154e-03
          -9.921479e-03 2.564683e-04 -3.334188e-03
          -9.921478e-03 2.563965e-04 -3.637221e-03
          -9.930063e-03 -1.171332e-05 -6.041466e-04
          -9.921548e-03 -3.277697e-05 -3.031154e-03
          -9.921544e-03 -3.284862e-05 -3.334188e-03
          -9.921358e-03 -3.712690e-05 -3.637387e-03
          -9.930141e-03 -3.010414e-04 -6.041433e-04
          -9.926088e-03 -3.045389e-04 -1.211748e-03
          -9.921613e-03 -3.221071e-04 -3.031153e-03
          -9.921561e-03 -3.232454e-04 -3.334229e-03
          -9.936284e-03 -5.934337e-04 -6.038068e-04
          -9.935155e-03 -6.003356e-04 -1.817907e-03
          -9.933809e-03 -6.086048e-04 -2.424618e-03
          -9.921581e-03 -6.124816e-04 -2.728055e-03
          -9.921574e-03 -6.125516e-04 -3.031089e-03
          -9.938188e-03 -8.852028e-04 -9.079793e-04
          -9.937844e-03 -8.907736e-04 -1.817800e-03
          -9.936643e-03 -8.958698e-04 -2.121640e-03
          -9.939633e-03 -1.172409e-03 -3.004617e-04
          -9.939238e-03 -1.173703e-03 -6.036710e-04
          -9.937949e-03 -1.180045e-03 -1.514757e-03
          -9.937910e-03 -1.180112e-03 -1.817798e-03
          -9.940367e-03 -1.471337e-03 -1.514621e-03
          -9.947284e-03 -1.493195e-03 -2.727490e-03
          -9.947271e-03 -1.493261e-03 -3.030525e-03
          -9.947258e-03 -1.493327e-03 -3.333560e-03
          -9.947244e-03 -1.493393e-03 -3.636595e-03
          -9.947325e-03 -1.782609e-03 -3.030523e-03
          -9.947311e-03 -1.782672e-03 -3.333558e-03
          -9.947296e-03 -1.782736e-03 -3.636593e-03
          -9.950702e-03 -2.060600e-03 -1.816895e-03
          -9.947363e-03 -2.072018e-03 -3.333556e-03
          -9.947347e-03 -2.072079e-03 -3.636591e-03
          -9.950757e-03 -2.349959e-03 -1.816891e-03
          -9.947416e-03 -2.361363e-03 -3.333554e-03
          -9.947398e-03 -2.361422e-03 -3.636589e-03
          -9.936229e-03 -2.388476e-03 -3.940109e-03
          -9.947478e-03 -2.650661e-03 -3.030515e-03
          -9.947459e-03 -2.650718e-03 -3.333551e-03
          -9.937796e-03 -2.675204e-03 -3.635983e-03
          -9.936270e-03 -2.677826e-03 -3.940107e-03
          -9.947516e-03 -2.940025e-03 -3.030511e-03
          -9.936307e-03 -2.967182e-03 -3.940103e-03
          -9.939502e-03 -3.253484e-03 -3.333043e-03
          -9.936343e-03 -3.256539e-03 -3.940100e-03
          -9.953662e-03 -3.521718e-03 -2.423168e-03
          -9.936380e-03 -3.545895e-03 -3.940096e-03
          -9.962985e-03 -3.823099e-03 -2.979874e-04
          -9.962920e-03 -3.822964e-03 -6.010613e-04
          -9.962913e-03 -3.823388e-03 -9.042180e-04
          -9.962909e-03 -3.823406e-03 -1.207259e-03
          -9.945699e-03 -3.831393e-03 -1.512710e-03
          -9.945078e-03 -3.833320e-03 -1.816304e-03
          -9.944732e-03 -3.834201e-03 -2.119515e-03
          -9.944717e-03 -3.834238e-03 -2.422553e-03
          -9.958808e-03 -3.833030e-03 -2.725739e-03
          -9.945721e-03 -4.120772e-03 -1.512705e-03
          -9.945277e-03 -4.123424e-03 -1.816254e-03
          -9.944754e-03 -4.123575e-03 -2.119510e-03
          -9.945920e-03 -4.410879e-03 -1.512655e-03
          -9.945300e-03 -4.412801e-03 -1.816249e-03
          -9.947202e-03 -4.704588e-03 -1.512393e-03
          -9.953954e-03 -5.306695e-03 -4.847361e-03
          -9.963487e-03 -5.561102e-03 -6.009253e-04
          -9.954001e-03 -5.596052e-03 -4.544312e-03
          -9.953970e-03 -5.596090e-03 -4.847353e-03
          -9.954048e-03 -5.885413e-03 -4.241263e-03
          -9.945932e-03 -7.619733e-03 -2.725626e-03
          -9.944220e-03 -7.916104e-03 -2.420176e-03
          -9.944204e-03 -8.205489e-03 -2.117126e-03
          -9.944194e-03 -8.205502e-03 -2.420170e-03
          -9.944187e-03 -8.494876e-03 -1.814077e-03
          -9.944178e-03 -8.494888e-03 -2.117120e-03
          -9.944168e-03 -8.494901e-03 -2.420164e-03
          -9.961486e-03 -8.771336e-03 -6.001658e-04
          -9.961475e-03 -8.771354e-03 -9.032111e-04
          -9.961464e-03 -8.771372e-03 -1.206256e-03
          -9.944170e-03 -8.784263e-03 -1.511028e-03
          -9.944161e-03 -8.784275e-03 -1.814071e-03
          -9.944152e-03 -8.784287e-03 -2.117115e-03
          -9.944142e-03 -8.784300e-03 -2.420158e-03
          -9.961467e-03 -9.060727e-03 -2.971183e-04
          -9.961457e-03 -9.060743e-03 -6.001627e-04
          -9.961446e-03 -9.060761e-03 -9.032078e-04
          -9.944153e-03 -9.073651e-03 -1.207979e-03
          -9.944144e-03 -9.073662e-03 -1.511022e-03
          -9.944134e-03 -9.073674e-03 -1.814066e-03
          -9.944125e-03 -9.073686e-03 -2.117109e-03
          -9.944116e-03 -9.073698e-03 -2.420153e-03
          -9.961438e-03 -9.350134e-03 -2.971154e-04
          -9.961429e-03 -9.350150e-03 -6.001596e-04
          -9.944135e-03 -9.363040e-03 -9.049308e-04
          -9.944126e-03 -9.363051e-03 -1.207974e-03
          -9.944117e-03 -9.363062e-03 -1.511017e-03
          -9.944108e-03 -9.363073e-03 -1.814060e-03
          -9.944099e-03 -9.363085e-03 -2.117104e-03
          -9.944090e-03 -9.363096e-03 -2.420147e-03
          -9.960898e-03 -9.641237e-03 -2.970656e-04
          -9.944010e-03 -9.653342e-03 -6.018256e-04
          -9.944001e-03 -9.653353e-03 -9.048686e-04
          -9.943992e-03 -9.653364e-03 -1.207912e-03
          -9.943984e-03 -9.653374e-03 -1.510955e-03
          -9.943975e-03 -9.653385e-03 -1.813998e-03
          -9.943966e-03 -9.653396e-03 -2.117041e-03
          -9.943958e-03 -9.653407e-03 -2.420084e-03
          -9.955882e-03 -9.646087e-03 -2.724787e-03
          -9.943587e-03 -9.947282e-03 -2.979475e-04
          -9.943389e-03 -9.947825e-03 -6.015014e-04
          -9.943381e-03 -9.947836e-03 -9.045442e-04
          -9.943372e-03 -9.947846e-03 -1.207587e-03
          -9.943364e-03 -9.947856e-03 -1.510630e-03
          -9.943355e-03 -9.947866e-03 -1.813673e-03
          -9.943347e-03 -9.947877e-03 -2.116716e-03
          -9.943338e-03 -9.947887e-03 -2.419758e-03
          -1.016161e-02 8.885602e-03 -1.124279e-06
          -1.016162e-02 8.885596e-03 -3.041528e-04
          -1.016163e-02 8.885591e-03 -6.071813e-04
          -1.016163e-02 8.885586e-03 -9.102097e-04
          -1.016164e-02 8.885580e-03 -1.213238e-03
          -1.016283e-02 8.884806e-03 -1.515760e-03
          -1.016284e-02 8.884800e-03 -1.818788e-03
          -1.016285e-02 8.884795e-03 -2.121817e-03
          -1.016459e-02 8.883028e-03 -2.424625e-03
          -1.016525e-02 8.882363e-03 -2.727572e-03
          -1.016526e-02 8.882351e-03 -3.030602e-03
          -1.016527e-02 8.882339e-03 -3.333632e-03
          -1.016528e-02 8.882327e-03 -3.636662e-03
          -1.016161e-02 8.596344e-03 -1.123546e-06
          -1.016162e-02 8.596338e-03 -3.041520e-04
          -1.016162e-02 8.596332e-03 -6.071805e-04
          -1.016163e-02 8.596326e-03 -9.102089e-04
          -1.016164e-02 8.596320e-03 -1.213237e-03
          -1.016313e-02 8.595323e-03 -1.515749e-03
          -1.016313e-02 8.595317e-03 -1.818777e-03
          -1.016379e-02 8.594589e-03 -2.121700e-03
          -1.016526e-02 8.593086e-03 -3.030601e-03
          -1.016527e-02 8.593073e-03 -3.333631e-03
          -1.016528e-02 8.593059e-03 -3.636661e-03
          -1.016164e-02 8.307059e-03 -1.213237e-03
          -1.016528e-02 8.303791e-03 -3.636660e-03
          -1.017679e-02 6.846493e-03 -3.939368e-03
          -1.017211e-02 6.563834e-03 -6.769726e-07
          -1.016405e-02 6.582613e-03 -2.424647e-03
          -1.017680e-02 6.557502e-03 -3.939364e-03
          -1.016569e-02 6.309684e-03 -8.390493e-07
          -1.016570e-02 6.309678e-03 -3.038665e-04
          -1.016570e-02 6.309671e-03 -6.068939e-04
          -1.016571e-02 6.309665e-03 -9.099213e-04
          -1.016572e-02 6.309658e-03 -1.212949e-03
          -1.017095e-02 6.302256e-03 -2.424317e-03
          -1.017096e-02 6.302235e-03 -2.727347e-03
          -1.017098e-02 6.302213e-03 -3.030377e-03
          -1.017099e-02 6.302190e-03 -3.333407e-03
          -1.017101e-02 6.302168e-03 -3.636437e-03
          -1.017461e-02 6.293675e-03 -4.545501e-03
          -1.017571e-02 6.293376e-03 -4.848553e-03
          -1.016571e-02 6.020440e-03 -8.375334e-07
          -1.016572e-02 6.020433e-03 -3.038650e-04
          -1.016572e-02 6.020426e-03 -6.068926e-04
          -1.016573e-02 6.020419e-03 -9.099201e-04
          -1.016574e-02 6.020411e-03 -1.212948e-03
          -1.017586e-02 5.993949e-03 -1.515103e-03
          -1.017658e-02 5.993034e-03 -1.818044e-03
          -1.017097e-02 6.013003e-03 -2.424316e-03
          -1.017098e-02 6.012980e-03 -2.727346e-03
          -1.017100e-02 6.012956e-03 -3.030376e-03
          -1.017101e-02 6.012931e-03 -3.333407e-03
          -1.017103e-02 6.012906e-03 -3.636437e-03
          -1.017503e-02 6.005339e-03 -4.545502e-03
          -1.016573e-02 5.731196e-03 -8.360150e-07
          -1.016574e-02 5.731188e-03 -3.038636e-04
          -1.016574e-02 5.731180e-03 -6.068912e-04
          -1.016575e-02 5.731172e-03 -9.099188e-04
          -1.016576e-02 5.731164e-03 -1.212946e-03
          -1.017722e-02 5.708037e-03 -1.515021e-03
          -1.017099e-02 5.723750e-03 -2.424316e-03
          -1.017101e-02 5.723725e-03 -2.727346e-03
          -1.017102e-02 5.723698e-03 -3.030376e-03
          -1.017104e-02 5.723670e-03 -3.333406e-03
          -1.017105e-02 5.723643e-03 -3.636437e-03
          -1.016575e-02 5.441952e-03 -8.344931e-07
          -1.016576e-02 5.441943e-03 -3.038622e-04
          -1.016577e-02 5.441935e-03 -6.068899e-04
          -1.016577e-02 5.441926e-03 -9.099175e-04
          -1.016578e-02 5.441917e-03 -1.212945e-03
          -1.017936e-02 5.421051e-03 -1.514879e-03
          -1.017104e-02 5.434440e-03 -3.030375e-03
          -1.017106e-02 5.434410e-03 -3.333406e-03
          -1.017108e-02 5.434381e-03 -3.636436e-03
          -1.017109e-02 5.145149e-03 -3.333406e-03
          -1.017110e-02 5.145117e-03 -3.636436e-03
          -1.017928e-02 5.142714e-03 -3.939579e-03
          -1.017112e-02 4.855887e-03 -3.333406e-03
          -1.018232e-02 4.857418e-03 -3.939681e-03
          -1.017402e-02 4.562995e-03 -3.550375e-07
          -1.017471e-02 4.297068e-03 -6.064479e-04
          -1.017704e-02 4.293009e-03 -1.818225e-03
          -1.019129e-02 3.972814e-03 -3.939565e-03
          -1.018291e-02 3.718478e-03 -1.818118e-03
          -1.018887e-02 3.720669e-03 -2.727634e-03
          -1.018888e-02 3.720626e-03 -3.030665e-03
          -1.018890e-02 3.720583e-03 -3.333697e-03
          -1.018891e-02 3.720539e-03 -3.636728e-03
          -1.018892e-02 3.431402e-03 -2.727634e-03
          -1.018893e-02 3.431357e-03 -3.030666e-03
          -1.018894e-02 3.431311e-03 -3.333698e-03
          -1.018896e-02 3.431265e-03 -3.636729e-03
          -1.018373e-02 3.151674e-03 -3.029673e-04
          -1.018557e-02 3.153421e-03 -6.058911e-04
          -1.018732e-02 3.148698e-03 -1.212003e-03
          -1.018732e-02 3.148969e-03 -1.515073e-03
          -1.018779e-02 3.147423e-03 -1.818137e-03
          -1.018896e-02 3.142135e-03 -2.727635e-03
          -1.018898e-02 3.142087e-03 -3.030667e-03
          -1.018899e-02 3.142039e-03 -3.333699e-03
          -1.018900e-02 3.141990e-03 -3.636731e-03
          -1.018561e-02 2.864173e-03 -3.028588e-04
          -1.018562e-02 2.864162e-03 -6.058896e-04
          -1.018777e-02 2.858394e-03 -1.818129e-03
          -1.018901e-02 2.852868e-03 -2.727636e-03
          -1.018902e-02 2.852818e-03 -3.030668e-03
          -1.018904e-02 2.852767e-03 -3.333700e-03
          -1.018905e-02 2.852716e-03 -3.636732e-03
          -1.019065e-02 2.570444e-03 -1.818135e-03
          -1.018907e-02 2.563595e-03 -2.727636e-03
          -1.018908e-02 2.563542e-03 -3.030668e-03
          -1.018909e-02 2.563490e-03 -3.333701e-03
          -1.018910e-02 2.563437e-03 -3.636733e-03
          -1.019659e-02 2.530029e-03 -3.939562e-03
          -1.018913e-02 2.274310e-03 -2.727637e-03
          -1.018914e-02 2.274256e-03 -3.030669e-03
          -1.018915e-02 2.274202e-03 -3.333702e-03
          -1.019653e-02 2.246362e-03 -3.636254e-03
          -1.019665e-02 2.240738e-03 -3.939564e-03
          -1.019372e-02 2.000906e-03 -6.054583e-04
          -1.019670e-02 1.951446e-03 -3.939565e-03
          -1.019809e-02 1.714591e-03 -3.022238e-04
          -1.020053e-02 1.715647e-03 -6.051328e-04
          -1.020143e-02 1.711417e-03 -1.211846e-03
          -1.019937e-02 1.709162e-03 -1.515021e-03
          -1.020171e-02 1.710061e-03 -1.818028e-03
          -1.019481e-02 1.674786e-03 -2.727276e-03
          -1.019676e-02 1.662154e-03 -3.939566e-03
          -1.020162e-02 1.683085e-03 -4.849568e-03
          -1.020059e-02 1.426383e-03 -3.020964e-04
          -1.020060e-02 1.426367e-03 -6.051309e-04
          -1.020294e-02 1.412224e-03 -2.727962e-03
          -1.019682e-02 1.372863e-03 -3.939568e-03
          -1.020348e-02 1.394637e-03 -4.546502e-03
          -1.020440e-02 1.397591e-03 -4.849654e-03
          -1.020309e-02 1.137748e-03 -3.019800e-04
          -1.020664e-02 1.132501e-03 -1.514962e-03
          -1.021758e-02 1.124387e-03 -2.728111e-03
          -1.021758e-02 1.124327e-03 -3.031145e-03
          -1.021758e-02 1.124267e-03 -3.334178e-03
          -1.021759e-02 1.124207e-03 -3.637211e-03
          -1.020981e-02 1.108667e-03 -4.243709e-03
          -1.021544e-02 1.108904e-03 -4.546867e-03
          -1.021764e-02 8.350825e-04 -2.728111e-03
          -1.021764e-02 8.350226e-04 -3.031145e-03
          -1.021765e-02 8.349623e-04 -3.334178e-03
          -1.021765e-02 8.349018e-04 -3.637212e-03
          -1.021262e-02 8.195048e-04 -4.243772e-03
          -1.021476e-02 5.606668e-04 -3.014006e-04
          -1.021736e-02 5.604873e-04 -6.042869e-04
          -1.021736e-02 5.543400e-04 -1.514893e-03
          -1.021741e-02 5.526572e-04 -1.818076e-03
          -1.021770e-02 5.457781e-04 -2.728112e-03
          -1.021770e-02 5.457177e-04 -3.031145e-03
          -1.021771e-02 5.456570e-04 -3.334179e-03
          -1.021771e-02 5.455961e-04 -3.637212e-03
          -1.021687e-02 5.283989e-04 -4.243882e-03
          -1.021743e-02 2.711979e-04 -3.012471e-04
          -1.021743e-02 2.711811e-04 -6.042849e-04
          -1.021746e-02 2.639526e-04 -1.514991e-03
          -1.021746e-02 2.639077e-04 -1.818025e-03
          -1.021777e-02 2.564736e-04 -2.728112e-03
          -1.021777e-02 2.564128e-04 -3.031145e-03
          -1.021777e-02 2.563518e-04 -3.334179e-03
          -1.021776e-02 2.562905e-04 -3.637213e-03
          -1.022303e-02 -2.066377e-05 -6.043135e-04
          -1.021783e-02 -3.284293e-05 -2.728111e-03
          -1.021783e-02 -3.290357e-05 -3.031145e-03
          -1.021782e-02 -3.296455e-05 -3.334179e-03
          -1.021764e-02 -3.723236e-05 -3.637378e-03
          -1.022908e-02 -5.213670e-05 -3.940919e-03
          -1.022350e-02 -3.100940e-04 -6.042920e-04
          -1.021777e-02 -3.234887e-04 -2.728035e-03
          -1.021776e-02 -3.235488e-04 -3.031069e-03
          -1.021827e-02 -3.240326e-04 -3.334101e-03
          -1.022879e-02 -3.425920e-04 -3.940807e-03
          -1.023103e-02 -6.015407e-04 -6.035189e-04
          -1.023069e-02 -6.032634e-04 -1.210813e-03
          -1.022946e-02 -6.086924e-04 -1.817810e-03
          -1.022794e-02 -6.144239e-04 -2.424463e-03
          -1.023332e-02 -8.920862e-04 -3.003461e-04
          -1.023332e-02 -8.921030e-04 -6.033864e-04
          -1.023102e-02 -8.932572e-04 -9.078591e-04
          -1.023250e-02 -8.963589e-04 -1.211129e-03
          -1.023217e-02 -8.993257e-04 -1.817714e-03
          -1.021613e-02 -9.209887e-04 -2.726959e-03
          -1.023339e-02 -1.181423e-03 -3.003420e-04
          -1.023350e-02 -1.181558e-03 -6.033956e-04
          -1.023182e-02 -1.189618e-03 -1.817495e-03
          -1.023600e-02 -1.473034e-03 -3.001536e-04
          -1.023494e-02 -1.478488e-03 -1.514325e-03
          -1.024354e-02 -1.493320e-03 -2.727481e-03
          -1.024353e-02 -1.493376e-03 -3.030516e-03
          -1.024352e-02 -1.493433e-03 -3.333551e-03
          -1.024351e-02 -1.493490e-03 -3.636586e-03
          -1.024359e-02 -1.782666e-03 -2.727479e-03
          -1.024358e-02 -1.782720e-03 -3.030514e-03
          -1.024357e-02 -1.782775e-03 -3.333549e-03
          -1.024355e-02 -1.782829e-03 -3.636584e-03
          -1.024364e-02 -2.072012e-03 -2.727476e-03
          -1.024363e-02 -2.072064e-03 -3.030512e-03
          -1.024361e-02 -2.072116e-03 -3.333547e-03
          -1.024360e-02 -2.072169e-03 -3.636582e-03
          -1.024369e-02 -2.361357e-03 -2.727474e-03
          -1.024368e-02 -2.361407e-03 -3.030509e-03
          -1.024366e-02 -2.361458e-03 -3.333545e-03
          -1.024365e-02 -2.361509e-03 -3.636580e-03
          -1.023048e-02 -2.392145e-03 -3.939656e-03
          -1.024375e-02 -2.650672e-03 -2.424434e-03
          -1.024373e-02 -2.650713e-03 -2.727471e-03
          -1.024372e-02 -2.650761e-03 -3.030506e-03
          -1.024370e-02 -2.650809e-03 -3.333542e-03
          -1.023052e-02 -2.681492e-03 -3.939653e-03
          -1.024507e-02 -2.940806e-03 -2.121069e-03
          -1.024519e-02 -2.940601e-03 -2.424122e-03
          -1.024226e-02 -2.943411e-03 -2.727392e-03
          -1.024225e-02 -2.943457e-03 -3.030428e-03
          -1.023055e-02 -2.970846e-03 -3.939650e-03
          -1.025504e-02 -3.231291e-03 -1.208811e-03
          -1.024954e-02 -3.231739e-03 -2.120123e-03
          -1.024958e-02 -3.231697e-03 -2.423165e-03
          -1.024544e-02 -3.237671e-03 -3.030087e-03
          -1.023059e-02 -3.260199e-03 -3.939647e-03
          -1.024295e-02 -3.538156e-03 -2.985234e-04
          -1.025523e-02 -3.519353e-03 -9.048996e-04
          -1.025560e-02 -3.519646e-03 -1.207948e-03
          -1.024039e-02 -3.540008e-03 -1.512623e-03
          -1.025392e-02 -3.522828e-03 -2.119167e-03
          -1.025396e-02 -3.522786e-03 -2.422209e-03
          -1.023062e-02 -3.549552e-03 -3.939644e-03
          -1.024615e-02 -3.540791e-03 -4.849013e-03
          -1.025873e-02 -3.823914e-03 -2.979799e-04
          -1.025919e-02 -3.823236e-03 -6.010261e-04
          -1.025919e-02 -3.823252e-03 -9.040666e-04
          -1.025919e-02 -3.823268e-03 -1.207107e-03
          -1.024140e-02 -3.831365e-03 -1.512179e-03
          -1.024045e-02 -3.833839e-03 -1.815801e-03
          -1.023983e-02 -3.835760e-03 -2.119395e-03
          -1.023981e-02 -3.835808e-03 -2.422438e-03
          -1.025548e-02 -3.833344e-03 -2.725623e-03
          -1.025546e-02 -3.833383e-03 -3.028659e-03
          -1.025545e-02 -3.833422e-03 -3.331696e-03
          -1.025543e-02 -3.833461e-03 -3.634732e-03
          -1.025113e-02 -3.840380e-03 -4.848035e-03
          -1.025962e-02 -4.114314e-03 -9.039824e-04
          -1.025961e-02 -4.114329e-03 -1.207023e-03
          -1.024111e-02 -4.121224e-03 -1.512183e-03
          -1.024047e-02 -4.123209e-03 -1.815796e-03
          -1.023985e-02 -4.125128e-03 -2.119390e-03
          -1.025547e-02 -4.122780e-03 -3.331692e-03
          -1.025545e-02 -4.122817e-03 -3.634728e-03
          -1.024259e-02 -4.414225e-03 -1.511933e-03
          -1.024197e-02 -4.416142e-03 -1.815527e-03
          -1.025550e-02 -4.412139e-03 -3.331687e-03
          -1.025548e-02 -4.412173e-03 -3.634724e-03
          -1.024422e-02 -4.707593e-03 -1.511658e-03
          -1.025552e-02 -4.701497e-03 -3.331683e-03
          -1.025550e-02 -4.701528e-03 -3.634720e-03
          -1.025968e-02 -4.982438e-03 -9.039702e-04
          -1.025968e-02 -4.982450e-03 -1.207010e-03
          -1.024425e-02 -5.001617e-03 -1.512644e-03
          -1.025554e-02 -4.990855e-03 -3.331679e-03
          -1.025553e-02 -4.990884e-03 -3.634715e-03
          -1.025970e-02 -5.271792e-03 -2.978881e-04
          -1.025970e-02 -5.271803e-03 -6.009273e-04
          -1.025969e-02 -5.271814e-03 -9.039665e-04
          -1.025860e-02 -5.274387e-03 -1.208921e-03
          -1.025557e-02 -5.280190e-03 -3.028638e-03
          -1.025555e-02 -5.280216e-03 -3.331675e-03
          -1.025037e-02 -5.307839e-03 -4.847248e-03
          -1.025973e-02 -5.564250e-03 -2.977916e-04
          -1.025973e-02 -5.564261e-03 -6.008302e-04
          -1.025865e-02 -5.566709e-03 -1.208761e-03
          -1.025041e-02 -5.597199e-03 -4.544198e-03
          -1.025038e-02 -5.597236e-03 -4.847239e-03
          -1.025045e-02 -5.886499e-03 -4.241154e-03
          -1.025043e-02 -5.886598e-03 -4.544189e-03
          -1.023894e-02 -7.325159e-03 -2.724274e-03
          -1.023412e-02 -7.618278e-03 -2.725705e-03
          -1.023915e-02 -7.915647e-03 -2.420407e-03
          -1.025769e-02 -8.192651e-03 -1.812352e-03
          -1.023913e-02 -8.205031e-03 -2.117358e-03
          -1.023912e-02 -8.205044e-03 -2.420401e-03
          -1.025771e-02 -8.481984e-03 -6.001680e-04
          -1.025770e-02 -8.482001e-03 -9.032125e-04
          -1.025769e-02 -8.482019e-03 -1.206258e-03
          -1.025768e-02 -8.482037e-03 -1.509303e-03
          -1.023912e-02 -8.494417e-03 -1.814309e-03
          -1.023911e-02 -8.494429e-03 -2.117352e-03
          -1.023910e-02 -8.494442e-03 -2.420395e-03
          -1.025769e-02 -8.771375e-03 -2.971222e-04
          -1.025768e-02 -8.771389e-03 -6.001650e-04
          -1.025767e-02 -8.771405e-03 -9.032093e-04
          -1.025766e-02 -8.771423e-03 -1.206254e-03
          -1.023910e-02 -8.783803e-03 -1.511260e-03
          -1.023909e-02 -8.783814e-03 -1.814303e-03
          -1.023908e-02 -8.783826e-03 -2.117347e-03
          -1.023907e-02 -8.783838e-03 -2.420390e-03
          -1.025563e-02 -8.774904e-03 -2.724079e-03
          -1.025766e-02 -9.060780e-03 -2.971194e-04
          -1.025765e-02 -9.060794e-03 -6.001620e-04
          -1.025764e-02 -9.060810e-03 -9.032062e-04
          -1.023908e-02 -9.073189e-03 -1.208212e-03
          -1.023908e-02 -9.073201e-03 -1.511255e-03
          -1.023907e-02 -9.073212e-03 -1.814298e-03
          -1.023906e-02 -9.073224e-03 -2.117341e-03
          -1.023905e-02 -9.073235e-03 -2.420384e-03
          -1.025561e-02 -9.064300e-03 -2.724073e-03
          -1.025708e-02 -9.352028e-03 -2.970656e-04
          -1.025707e-02 -9.352041e-03 -6.001080e-04
          -1.023893e-02 -9.363776e-03 -9.050887e-04
          -1.023892e-02 -9.363787e-03 -1.208132e-03
          -1.023891e-02 -9.363798e-03 -1.511174e-03
          -1.023890e-02 -9.363809e-03 -1.814217e-03
          -1.023889e-02 -9.363820e-03 -2.117260e-03
          -1.023888e-02 -9.363831e-03 -2.420303e-03
          -1.025386e-02 -9.354628e-03 -2.724000e-03
          -1.023852e-02 -9.657533e-03 -6.012326e-04
          -1.023833e-02 -9.658066e-03 -9.047765e-04
          -1.023832e-02 -9.658076e-03 -1.207819e-03
          -1.023831e-02 -9.658087e-03 -1.510862e-03
          -1.023831e-02 -9.658097e-03 -1.813905e-03
          -1.023830e-02 -9.658108e-03 -2.116947e-03
          -1.023829e-02 -9.658118e-03 -2.419990e-03
          -1.023815e-02 -9.951206e-03 -2.973042e-04
          -1.023793e-02 -9.951816e-03 -6.009210e-04
          -1.023774e-02 -9.952349e-03 -9.044647e-04
          -1.023773e-02 -9.952359e-03 -1.207507e-03
          -1.023772e-02 -9.952369e-03 -1.510550e-03
          -1.023771e-02 -9.952379e-03 -1.813592e-03
          -1.023771e-02 -9.952389e-03 -2.116635e-03
          -1.023770e-02 -9.952399e-03 -2.419677e-03
          -1.023987e-02 -9.940941e-03 -2.723444e-03
          -1.045796e-02 8.885572e-03 -1.121844e-06
          -1.045796e-02 8.885567e-03 -3.041505e-04
          -1.045797e-02 8.885562e-03 -6.071791e-04
          -1.045797e-02 8.885557e-03 -9.102078e-04
          -1.045798e-02 8.885552e-03 -1.213236e-03
          -1.045964e-02 8.884430e-03 -1.515742e-03
          -1.045964e-02 8.884425e-03 -1.818771e-03
          -1.045965e-02 8.884420e-03 -2.121800e-03
          -1.046093e-02 8.883001e-03 -2.424624e-03
          -1.046158e-02 8.882337e-03 -2.727571e-03
          -1.046159e-02 8.882326e-03 -3.030601e-03
          -1.046160e-02 8.882315e-03 -3.333631e-03
          -1.046161e-02 8.882304e-03 -3.636661e-03
          -1.045795e-02 8.596310e-03 -1.121001e-06
          -1.045796e-02 8.596305e-03 -3.041496e-04
          -1.045797e-02 8.596300e-03 -6.071783e-04
          -1.045797e-02 8.596294e-03 -9.102069e-04
          -1.045798e-02 8.596289e-03 -1.213235e-03
          -1.046158e-02 8.593081e-03 -2.424541e-03
          -1.046159e-02 8.593071e-03 -2.727570e-03
          -1.046160e-02 8.593059e-03 -3.030600e-03
          -1.046161e-02 8.593047e-03 -3.333630e-03
          -1.046162e-02 8.593034e-03 -3.636660e-03
          -1.045795e-02 8.307048e-03 -1.120157e-06
          -1.045796e-02 8.307042e-03 -3.041488e-04
          -1.045797e-02 8.307036e-03 -6.071774e-04
          -1.045797e-02 8.307031e-03 -9.102060e-04
          -1.045798e-02 8.307025e-03 -1.213235e-03
          -1.046160e-02 8.303790e-03 -3.030599e-03
          -1.046161e-02 8.303777e-03 -3.333629e-03
          -1.046162e-02 8.303764e-03 -3.636659e-03
          -1.045797e-02 8.017768e-03 -9.102050e-04
          -1.045798e-02 8.017761e-03 -1.213234e-03
          -1.046161e-02 8.014509e-03 -3.333628e-03
          -1.046162e-02 8.014494e-03 -3.636658e-03
          -1.045901e-02 7.157638e-03 -1.212980e-03
          -1.046083e-02 7.155913e-03 -2.424607e-03
          -1.045891e-02 6.873244e-03 -1.213128e-03
          -1.047067e-02 6.850951e-03 -1.515192e-03
          -1.046038e-02 6.871939e-03 -2.424648e-03
          -1.047224e-02 6.848880e-03 -2.727239e-03
          -1.046367e-02 6.868074e-03 -3.030402e-03
          -1.046531e-02 6.865845e-03 -3.333398e-03
          -1.046771e-02 6.861793e-03 -4.848510e-03
          -1.046848e-02 6.563767e-03 -6.735014e-07
          -1.045891e-02 6.584270e-03 -1.213135e-03
          -1.046037e-02 6.582986e-03 -2.424649e-03
          -1.046329e-02 6.579379e-03 -2.727379e-03
          -1.046367e-02 6.578872e-03 -3.030401e-03
          -1.047327e-02 6.557106e-03 -3.939362e-03
          -1.046206e-02 6.309610e-03 -8.354085e-07
          -1.046206e-02 6.309604e-03 -3.038631e-04
          -1.046207e-02 6.309598e-03 -6.068908e-04
          -1.046208e-02 6.309593e-03 -9.099185e-04
          -1.046208e-02 6.309587e-03 -1.212946e-03
          -1.046730e-02 6.302194e-03 -2.424315e-03
          -1.046732e-02 6.302177e-03 -2.727345e-03
          -1.046733e-02 6.302158e-03 -3.030375e-03
          -1.046734e-02 6.302139e-03 -3.333406e-03
          -1.046735e-02 6.302120e-03 -3.636436e-03
          -1.046958e-02 6.290515e-03 -4.545494e-03
          -1.047167e-02 6.294091e-03 -4.848541e-03
          -1.046208e-02 6.020360e-03 -8.337429e-07
          -1.046208e-02 6.020353e-03 -3.038615e-04
          -1.046209e-02 6.020347e-03 -6.068893e-04
          -1.046210e-02 6.020341e-03 -9.099171e-04
          -1.046210e-02 6.020334e-03 -1.212945e-03
          -1.046733e-02 6.012936e-03 -2.424314e-03
          -1.046734e-02 6.012917e-03 -2.727344e-03
          -1.046735e-02 6.012896e-03 -3.030374e-03
          -1.046736e-02 6.012875e-03 -3.333405e-03
          -1.046738e-02 6.012854e-03 -3.636435e-03
          -1.046927e-02 6.000526e-03 -4.242461e-03
          -1.047116e-02 6.004814e-03 -4.545500e-03
          -1.046210e-02 5.731108e-03 -8.320738e-07
          -1.046210e-02 5.731102e-03 -3.038599e-04
          -1.046211e-02 5.731095e-03 -6.068878e-04
          -1.046212e-02 5.731088e-03 -9.099157e-04
          -1.046213e-02 5.731081e-03 -1.212944e-03
          -1.046735e-02 5.723678e-03 -2.424313e-03
          -1.046736e-02 5.723656e-03 -2.727343e-03
          -1.046737e-02 5.723634e-03 -3.030374e-03
          -1.046739e-02 5.723611e-03 -3.333404e-03
          -1.046740e-02 5.723588e-03 -3.636435e-03
          -1.047075e-02 5.714643e-03 -3.939435e-03
          -1.047088e-02 5.714908e-03 -4.242467e-03
          -1.047299e-02 5.712989e-03 -4.545545e-03
          -1.046212e-02 5.441857e-03 -8.304015e-07
          -1.046212e-02 5.441850e-03 -3.038584e-04
          -1.046213e-02 5.441843e-03 -6.068863e-04
          -1.046214e-02 5.441835e-03 -9.099143e-04
          -1.046215e-02 5.441828e-03 -1.212942e-03
          -1.046737e-02 5.434420e-03 -2.424312e-03
          -1.046738e-02 5.434396e-03 -2.727343e-03
          -1.046740e-02 5.434371e-03 -3.030373e-03
          -1.046741e-02 5.434346e-03 -3.333404e-03
          -1.046742e-02 5.434321e-03 -3.636434e-03
          -1.047143e-02 5.426877e-03 -3.939437e-03
          -1.047153e-02 5.426661e-03 -4.242472e-03
          -1.046741e-02 5.145135e-03 -2.727342e-03
          -1.046742e-02 5.145108e-03 -3.030373e-03
          -1.046743e-02 5.145081e-03 -3.333403e-03
          -1.046744e-02 5.145054e-03 -3.636434e-03
          -1.047555e-02 5.142793e-03 -3.939575e-03
          -1.047563e-02 5.142630e-03 -4.242609e-03
          -1.047690e-02 5.139509e-03 -4.545675e-03
          -1.048089e-02 4.853257e-03 -3.939504e-03
          -1.048082e-02 4.852904e-03 -4.242532e-03
          -1.047397e-02 4.291169e-03 -6.062775e-04
          -1.047912e-02 3.717196e-03 -6.059554e-04
          -1.048521e-02 3.720566e-03 -2.727630e-03
          -1.048522e-02 3.720530e-03 -3.030662e-03
          -1.048524e-02 3.720494e-03 -3.333693e-03
          -1.048525e-02 3.720458e-03 -3.636725e-03
          -1.048042e-02 3.701613e-03 -3.939748e-03
          -1.048051e-02 3.701385e-03 -4.242785e-03
          -1.048526e-02 3.431294e-03 -2.727630e-03
          -1.048527e-02 3.431257e-03 -3.030662e-03
          -1.048528e-02 3.431218e-03 -3.333694e-03
          -1.048529e-02 3.431180e-03 -3.636726e-03
          -1.048382e-02 3.415016e-03 -3.939887e-03
          -1.048390e-02 3.414786e-03 -4.242923e-03
          -1.048420e-02 3.145317e-03 -6.056873e-04
          -1.048572e-02 3.141067e-03 -1.211792e-03
          -1.048604e-02 3.140441e-03 -1.514872e-03
          -1.048646e-02 3.139273e-03 -1.818007e-03
          -1.048530e-02 3.142023e-03 -2.727631e-03
          -1.048531e-02 3.141983e-03 -3.030663e-03
          -1.048532e-02 3.141942e-03 -3.333695e-03
          -1.048533e-02 3.141902e-03 -3.636726e-03
          -1.048736e-02 3.128543e-03 -3.940032e-03
          -1.048425e-02 2.856052e-03 -6.056862e-04
          -1.048614e-02 2.851204e-03 -1.817969e-03
          -1.048535e-02 2.852750e-03 -2.727631e-03
          -1.048536e-02 2.852708e-03 -3.030663e-03
          -1.048537e-02 2.852666e-03 -3.333695e-03
          -1.048538e-02 2.852624e-03 -3.636727e-03
          -1.048830e-02 2.839981e-03 -3.940069e-03
          -1.048555e-02 2.562894e-03 -2.727621e-03
          -1.048556e-02 2.562850e-03 -3.030653e-03
          -1.048557e-02 2.562807e-03 -3.333686e-03
          -1.048558e-02 2.562762e-03 -3.636718e-03
          -1.049296e-02 2.240649e-03 -3.939558e-03
          -1.049788e-02 1.978818e-03 -3.333921e-03
          -1.049302e-02 1.951355e-03 -3.939559e-03
          -1.049718e-02 1.969851e-03 -4.849462e-03
          -1.049778e-02 1.706199e-03 -6.049516e-04
          -1.049294e-02 1.667823e-03 -2.727152e-03
          -1.049922e-02 1.701085e-03 -3.030996e-03
          -1.049988e-02 1.694435e-03 -3.334243e-03
          -1.050055e-02 1.687663e-03 -3.637494e-03
          -1.049308e-02 1.662062e-03 -3.939560e-03
          -1.049308e-02 1.662021e-03 -4.242593e-03
          -1.049986e-02 1.684232e-03 -4.849545e-03
          -1.049784e-02 1.416915e-03 -6.049499e-04
          -1.049920e-02 1.412516e-03 -2.727941e-03
          -1.049928e-02 1.411795e-03 -3.030996e-03
          -1.049994e-02 1.405144e-03 -3.334243e-03
          -1.050061e-02 1.398371e-03 -3.637494e-03
          -1.049313e-02 1.372768e-03 -3.939561e-03
          -1.049314e-02 1.372726e-03 -4.242595e-03
          -1.049993e-02 1.394934e-03 -4.849546e-03
          -1.051388e-02 1.124251e-03 -2.728104e-03
          -1.051388e-02 1.124202e-03 -3.031137e-03
          -1.051389e-02 1.124152e-03 -3.334171e-03
          -1.051389e-02 1.124103e-03 -3.637204e-03
          -1.050360e-02 1.108496e-03 -3.940614e-03
          -1.050361e-02 1.108454e-03 -4.243647e-03
          -1.050920e-02 1.108698e-03 -4.546805e-03
          -1.051227e-02 1.097975e-03 -4.849991e-03
          -1.051394e-02 8.349456e-04 -2.728104e-03
          -1.051394e-02 8.348962e-04 -3.031137e-03
          -1.051394e-02 8.348466e-04 -3.334171e-03
          -1.051395e-02 8.347967e-04 -3.637204e-03
          -1.050855e-02 8.194411e-04 -3.940723e-03
          -1.050856e-02 8.194003e-04 -4.243757e-03
          -1.051283e-02 8.143857e-04 -4.546926e-03
          -1.051231e-02 8.086723e-04 -4.849992e-03
          -1.051278e-02 5.501826e-04 -6.041153e-04
          -1.051305e-02 5.423195e-04 -1.817878e-03
          -1.051400e-02 5.456405e-04 -2.728104e-03
          -1.051400e-02 5.455908e-04 -3.031137e-03
          -1.051400e-02 5.455409e-04 -3.334171e-03
          -1.051400e-02 5.454906e-04 -3.637204e-03
          -1.051330e-02 5.303755e-04 -3.940828e-03
          -1.051330e-02 5.303355e-04 -4.243862e-03
          -1.051287e-02 5.250817e-04 -4.546926e-03
          -1.051284e-02 2.608788e-04 -6.041137e-04
          -1.051306e-02 2.546345e-04 -1.817731e-03
          -1.051405e-02 2.563354e-04 -2.728103e-03
          -1.051405e-02 2.562853e-04 -3.031137e-03
          -1.051405e-02 2.562351e-04 -3.334171e-03
          -1.051405e-02 2.561846e-04 -3.637205e-03
          -1.051340e-02 2.410725e-04 -3.940830e-03
          -1.051340e-02 2.410333e-04 -4.243863e-03
          -1.051291e-02 2.357777e-04 -4.546926e-03
          -1.051393e-02 -3.490522e-05 -2.727993e-03
          -1.051393e-02 -3.495522e-05 -3.031027e-03
          -1.051393e-02 -3.500541e-05 -3.334061e-03
          -1.051464e-02 -3.836163e-05 -3.637262e-03
          -1.052498e-02 -5.349310e-05 -3.940786e-03
          -1.052497e-02 -5.353260e-05 -4.243819e-03
          -1.051948e-02 -5.700841e-05 -4.546847e-03
          -1.051313e-02 -3.333990e-04 -3.030506e-03
          -1.051381e-02 -3.336740e-04 -3.333524e-03
          -1.052352e-02 -6.307155e-04 -3.637741e-03
          -1.052531e-02 -9.206228e-04 -3.637752e-03
          -1.052882e-02 -1.208291e-03 -3.637578e-03
          -1.053979e-02 -1.493445e-03 -2.727472e-03
          -1.053978e-02 -1.493492e-03 -3.030507e-03
          -1.053978e-02 -1.493539e-03 -3.333542e-03
          -1.053977e-02 -1.493586e-03 -3.636577e-03
          -1.052884e-02 -1.501080e-03 -3.940786e-03
          -1.052884e-02 -1.501121e-03 -4.243820e-03
          -1.052736e-02 -1.506307e-03 -4.546823e-03
          -1.053984e-02 -1.782787e-03 -2.727470e-03
          -1.053983e-02 -1.782832e-03 -3.030505e-03
          -1.053982e-02 -1.782877e-03 -3.333540e-03
          -1.053981e-02 -1.782922e-03 -3.636575e-03
          -1.053273e-02 -1.793050e-03 -3.940640e-03
          -1.053273e-02 -1.793089e-03 -4.243674e-03
          -1.053989e-02 -2.072128e-03 -2.727468e-03
          -1.053988e-02 -2.072172e-03 -3.030503e-03
          -1.053987e-02 -2.072215e-03 -3.333538e-03
          -1.053986e-02 -2.072259e-03 -3.636573e-03
          -1.053575e-02 -2.084419e-03 -3.940527e-03
          -1.053993e-02 -2.361470e-03 -2.727465e-03
          -1.053992e-02 -2.361511e-03 -3.030501e-03
          -1.053991e-02 -2.361553e-03 -3.333536e-03
          -1.053990e-02 -2.361595e-03 -3.636571e-03
          -1.054157e-02 -2.651416e-03 -2.424079e-03
          -1.053827e-02 -2.654589e-03 -2.727378e-03
          -1.053826e-02 -2.654629e-03 -3.030414e-03
          -1.053825e-02 -2.654669e-03 -3.333449e-03
          -1.054595e-02 -2.942508e-03 -2.423122e-03
          -1.054284e-02 -2.950151e-03 -3.333006e-03
          -1.055163e-02 -3.229921e-03 -1.207937e-03
          -1.055033e-02 -3.233599e-03 -2.422166e-03
          -1.054490e-02 -3.246363e-03 -3.333148e-03
          -1.054078e-02 -3.252419e-03 -4.848979e-03
          -1.055188e-02 -3.519510e-03 -1.207796e-03
          -1.055096e-02 -3.523189e-03 -2.422033e-03
          -1.054774e-02 -3.531201e-03 -3.029647e-03
          -1.054561e-02 -3.535527e-03 -3.333184e-03
          -1.054133e-02 -3.541782e-03 -4.848934e-03
          -1.055394e-02 -3.825510e-03 -2.979659e-04
          -1.055499e-02 -3.823963e-03 -6.010184e-04
          -1.055540e-02 -3.823369e-03 -9.040631e-04
          -1.055540e-02 -3.823383e-03 -1.207103e-03
          -1.055171e-02 -3.833430e-03 -2.725616e-03
          -1.055170e-02 -3.833463e-03 -3.028652e-03
          -1.055168e-02 -3.833497e-03 -3.331688e-03
          -1.055167e-02 -3.833530e-03 -3.634724e-03
          -1.054233e-02 -3.830510e-03 -3.939842e-03
          -1.054232e-02 -3.830545e-03 -4.242876e-03
          -1.054481e-02 -3.834306e-03 -4.545546e-03
          -1.054687e-02 -3.839199e-03 -4.848140e-03
          -1.055584e-02 -4.114398e-03 -2.979003e-04
          -1.055583e-02 -4.114411e-03 -6.009397e-04
          -1.055583e-02 -4.114424e-03 -9.039792e-04
          -1.055583e-02 -4.114436e-03 -1.207019e-03
          -1.055174e-02 -4.122760e-03 -2.422576e-03
          -1.055173e-02 -4.122789e-03 -2.725612e-03
          -1.055172e-02 -4.122819e-03 -3.028648e-03
          -1.055171e-02 -4.122850e-03 -3.331684e-03
          -1.055170e-02 -4.122881e-03 -3.634720e-03
          -1.054481e-02 -4.123531e-03 -4.242517e-03
          -1.054655e-02 -4.127695e-03 -4.545177e-03
          -1.055586e-02 -4.403767e-03 -2.978969e-04
          -1.055586e-02 -4.403779e-03 -6.009362e-04
          -1.055585e-02 -4.403791e-03 -9.039755e-04
          -1.055585e-02 -4.403803e-03 -1.207015e-03
          -1.055177e-02 -4.412120e-03 -2.422572e-03
          -1.055176e-02 -4.412147e-03 -2.725608e-03
          -1.055174e-02 -4.412176e-03 -3.028644e-03
          -1.055173e-02 -4.412204e-03 -3.331681e-03
          -1.055172e-02 -4.412232e-03 -3.634717e-03
          -1.054660e-02 -4.417051e-03 -4.242136e-03
          -1.055588e-02 -4.693136e-03 -2.978936e-04
          -1.055588e-02 -4.693147e-03 -6.009327e-04
          -1.055588e-02 -4.693158e-03 -9.039718e-04
          -1.055587e-02 -4.693170e-03 -1.207011e-03
          -1.055179e-02 -4.701481e-03 -2.422568e-03
          -1.055178e-02 -4.701506e-03 -2.725604e-03
          -1.055177e-02 -4.701532e-03 -3.028640e-03
          -1.055175e-02 -4.701558e-03 -3.331677e-03
          -1.055174e-02 -4.701584e-03 -3.634713e-03
          -1.055591e-02 -4.982504e-03 -2.978903e-04
          -1.055590e-02 -4.982515e-03 -6.009292e-04
          -1.055590e-02 -4.982525e-03 -9.039681e-04
          -1.055589e-02 -4.982536e-03 -1.207007e-03
          -1.055181e-02 -4.990841e-03 -2.422564e-03
          -1.055180e-02 -4.990863e-03 -2.725600e-03
          -1.055179e-02 -4.990887e-03 -3.028637e-03
          -1.055178e-02 -4.990911e-03 -3.331673e-03
          -1.055177e-02 -4.990935e-03 -3.634709e-03
          -1.055594e-02 -5.275335e-03 -2.977823e-04
          -1.055594e-02 -5.275345e-03 -6.008206e-04
          -1.055594e-02 -5.275355e-03 -9.038589e-04
          -1.055487e-02 -5.277775e-03 -1.208744e-03
          -1.055198e-02 -5.283050e-03 -2.422372e-03
          -1.054922e-02 -5.282729e-03 -3.028448e-03
          -1.054921e-02 -5.282751e-03 -3.331485e-03
          -1.054658e-02 -5.307906e-03 -4.847238e-03
          -1.055600e-02 -5.570996e-03 -2.975881e-04
          -1.055600e-02 -5.571005e-03 -6.006257e-04
          -1.055540e-02 -5.572334e-03 -9.046915e-04
          -1.055497e-02 -5.573158e-03 -1.208422e-03
          -1.054662e-02 -5.597268e-03 -4.544188e-03
          -1.054660e-02 -5.597303e-03 -4.847229e-03
          -1.054665e-02 -5.886611e-03 -4.241134e-03
          -1.055606e-02 -6.155084e-03 -2.974205e-04
          -1.055599e-02 -6.155228e-03 -6.005712e-04
          -1.055549e-02 -6.156186e-03 -9.044146e-04
          -1.053463e-02 -7.035756e-03 -2.724279e-03
          -1.053462e-02 -7.035779e-03 -3.027318e-03
          -1.053226e-02 -7.324741e-03 -2.724299e-03
          -1.053028e-02 -7.328974e-03 -3.028745e-03
          -1.055392e-02 -7.613940e-03 -2.418446e-03
          -1.053031e-02 -7.618331e-03 -2.725701e-03
          -1.053030e-02 -7.618347e-03 -3.028740e-03
          -1.055393e-02 -7.903285e-03 -1.509307e-03
          -1.055391e-02 -7.903303e-03 -1.812352e-03
          -1.055390e-02 -7.903322e-03 -2.115397e-03
          -1.053535e-02 -7.915701e-03 -2.420403e-03
          -1.055393e-02 -8.192624e-03 -2.971296e-04
          -1.055393e-02 -8.192637e-03 -6.001715e-04
          -1.055392e-02 -8.192651e-03 -9.032143e-04
          -1.055391e-02 -8.192668e-03 -1.206259e-03
          -1.055390e-02 -8.192686e-03 -1.509304e-03
          -1.055389e-02 -8.192705e-03 -1.812349e-03
          -1.053533e-02 -8.205084e-03 -2.117354e-03
          -1.053532e-02 -8.205096e-03 -2.420397e-03
          -1.055186e-02 -8.196181e-03 -3.027126e-03
          -1.055391e-02 -8.482028e-03 -2.971269e-04
          -1.055390e-02 -8.482041e-03 -6.001686e-04
          -1.055389e-02 -8.482055e-03 -9.032112e-04
          -1.055388e-02 -8.482071e-03 -1.206255e-03
          -1.055387e-02 -8.482089e-03 -1.509300e-03
          -1.053532e-02 -8.494468e-03 -1.814306e-03
          -1.053531e-02 -8.494480e-03 -2.117349e-03
          -1.055186e-02 -8.485558e-03 -2.724081e-03
          -1.055184e-02 -8.485576e-03 -3.027121e-03
          -1.055388e-02 -8.771432e-03 -2.971241e-04
          -1.055388e-02 -8.771444e-03 -6.001656e-04
          -1.055387e-02 -8.771457e-03 -9.032081e-04
          -1.055386e-02 -8.771474e-03 -1.206252e-03
          -1.055183e-02 -8.774952e-03 -2.724075e-03
          -1.055182e-02 -8.774969e-03 -3.027115e-03
          -1.054951e-02 -8.777452e-03 -3.330973e-03
          -1.055317e-02 -9.063120e-03 -2.970581e-04
          -1.055316e-02 -9.063131e-03 -6.000995e-04
          -1.055315e-02 -9.063145e-03 -9.031418e-04
          -1.054981e-02 -9.065428e-03 -2.723991e-03
          -1.054979e-02 -9.065444e-03 -3.027031e-03
          -1.053471e-02 -9.368478e-03 -9.042604e-04
          -1.053451e-02 -9.369012e-03 -1.207804e-03
          -1.053451e-02 -9.369022e-03 -1.510847e-03
          -1.053450e-02 -9.369033e-03 -1.813889e-03
          -1.053433e-02 -9.662160e-03 -6.003419e-04
          -1.053412e-02 -9.662760e-03 -9.039487e-04
          -1.053392e-02 -9.663293e-03 -1.207492e-03
          -1.053392e-02 -9.663303e-03 -1.510535e-03
          -1.053391e-02 -9.663314e-03 -1.813577e-03
          -1.053390e-02 -9.663324e-03 -2.116619e-03
          -1.053389e-02 -9.663334e-03 -2.419662e-03
          -1.053434e-02 -9.951647e-03 -2.971596e-04
          -1.053429e-02 -9.951785e-03 -6.003232e-04
          -1.053408e-02 -9.952384e-03 -9.039298e-04
          -1.053388e-02 -9.952917e-03 -1.207473e-03
          -1.053387e-02 -9.952927e-03 -1.510515e-03
          -1.053387e-02 -9.952937e-03 -1.813558e-03
          -1.053386e-02 -9.952946e-03 -2.116600e-03
          -1.053385e-02 -9.952956e-03 -2.419642e-03
          -1.053519e-02 -9.941455e-03 -2.723406e-03
          -1.053340e-02 -9.943900e-03 -3.027862e-03
          -1.075730e-02 8.880734e-03 -3.040647e-04
          -1.075731e-02 8.880730e-03 -6.070935e-04
          -1.075731e-02 8.880726e-03 -9.101223e-04
          -1.075750e-02 8.883175e-03 -1.213101e-03
          -1.076080e-02 8.880509e-03 -2.424566e-03
          -1.076036e-02 8.878063e-03 -3.030587e-03
          -1.076037e-02 8.878053e-03 -3.333617e-03
          -1.076047e-02 8.877949e-03 -3.636637e-03
          -1.075749e-02 8.593913e-03 -9.100708e-04
          -1.075750e-02 8.593909e-03 -1.213100e-03
          -1.075749e-02 8.304652e-03 -6.070410e-04
          -1.075750e-02 8.304647e-03 -9.100698e-04
          -1.075750e-02 8.304641e-03 -1.213099e-03
          -1.075900e-02 7.155714e-03 -1.212876e-03
          -1.076274e-02 7.151292e-03 -3.333389e-03
          -1.075901e-02 6.866454e-03 -1.212874e-03
          -1.076709e-02 6.561725e-03 -5.133868e-07
          -1.077140e-02 6.555830e-03 -3.939308e-03
          -1.077141e-02 6.555819e-03 -4.242340e-03
          -1.077244e-02 6.297504e-03 -1.503298e-06
          -1.076101e-02 6.301579e-03 -3.037373e-04
          -1.076101e-02 6.301574e-03 -6.067654e-04
          -1.076102e-02 6.301568e-03 -9.097935e-04
          -1.076247e-02 6.304122e-03 -1.212624e-03
          -1.076726e-02 6.297407e-03 -2.424169e-03
          -1.076547e-02 6.295504e-03 -2.727259e-03
          -1.076548e-02 6.295487e-03 -3.030289e-03
          -1.076549e-02 6.295471e-03 -3.333319e-03
          -1.076668e-02 6.298004e-03 -3.636300e-03
          -1.076974e-02 6.290346e-03 -4.848454e-03
          -1.077547e-02 6.007734e-03 -1.494651e-06
          -1.076103e-02 6.012323e-03 -3.037357e-04
          -1.076103e-02 6.012317e-03 -6.067639e-04
          -1.076249e-02 6.014870e-03 -9.095940e-04
          -1.076249e-02 6.014864e-03 -1.212622e-03
          -1.076728e-02 6.008145e-03 -2.424168e-03
          -1.076549e-02 6.006240e-03 -2.727258e-03
          -1.076550e-02 6.006222e-03 -3.030288e-03
          -1.076669e-02 6.008753e-03 -3.333269e-03
          -1.076670e-02 6.008735e-03 -3.636299e-03
          -1.077166e-02 5.999131e-03 -4.848469e-03
          -1.076105e-02 5.723066e-03 -3.037340e-04
          -1.076250e-02 5.725618e-03 -6.065643e-04
          -1.076251e-02 5.725612e-03 -9.095926e-04
          -1.076252e-02 5.725606e-03 -1.212621e-03
          -1.076730e-02 5.718882e-03 -2.424167e-03
          -1.076551e-02 5.716976e-03 -2.727257e-03
          -1.076612e-02 5.718248e-03 -3.030262e-03
          -1.076671e-02 5.719485e-03 -3.333268e-03
          -1.076672e-02 5.719465e-03 -3.636299e-03
          -1.077020e-02 5.712794e-03 -4.545395e-03
          -1.076252e-02 5.436368e-03 -3.035344e-04
          -1.076252e-02 5.436361e-03 -6.065628e-04
          -1.076253e-02 5.436355e-03 -9.095912e-04
          -1.076254e-02 5.436348e-03 -1.212620e-03
          -1.076554e-02 5.427712e-03 -2.727256e-03
          -1.076672e-02 5.430239e-03 -3.030237e-03
          -1.076673e-02 5.430217e-03 -3.333268e-03
          -1.076674e-02 5.430195e-03 -3.636298e-03
          -1.077022e-02 5.423517e-03 -4.545394e-03
          -1.076716e-02 5.140415e-03 -3.030218e-03
          -1.076717e-02 5.140391e-03 -3.333249e-03
          -1.076718e-02 5.140367e-03 -3.636279e-03
          -1.078098e-02 3.711688e-03 -2.727370e-03
          -1.078099e-02 3.711657e-03 -3.030401e-03
          -1.078100e-02 3.711626e-03 -3.333433e-03
          -1.078167e-02 3.709881e-03 -3.636526e-03
          -1.078102e-02 3.422413e-03 -2.727370e-03
          -1.078103e-02 3.422380e-03 -3.030402e-03
          -1.078170e-02 3.420633e-03 -3.333495e-03
          -1.078171e-02 3.420600e-03 -3.636527e-03
          -1.078280e-02 3.136751e-03 -6.054887e-04
          -1.078106e-02 3.133138e-03 -2.727370e-03
          -1.078173e-02 3.131389e-03 -3.030464e-03
          -1.078174e-02 3.131355e-03 -3.333496e-03
          -1.078175e-02 3.131320e-03 -3.636527e-03
          -1.078597e-02 3.121937e-03 -4.242906e-03
          -1.078190e-02 2.841834e-03 -2.727419e-03
          -1.078191e-02 2.841797e-03 -3.030451e-03
          -1.078192e-02 2.841761e-03 -3.333483e-03
          -1.078193e-02 2.841724e-03 -3.636515e-03
          -1.078570e-02 2.547663e-03 -3.636338e-03
          -1.079028e-02 2.237387e-03 -3.939343e-03
          -1.078927e-02 1.960777e-03 -1.514474e-03
          -1.078962e-02 1.959420e-03 -2.120598e-03
          -1.079005e-02 1.953102e-03 -2.726964e-03
          -1.079006e-02 1.953062e-03 -3.029996e-03
          -1.079350e-02 1.979211e-03 -3.333774e-03
          -1.079416e-02 1.972569e-03 -3.637021e-03
          -1.079033e-02 1.948092e-03 -3.939343e-03
          -1.079011e-02 1.663811e-03 -2.726963e-03
          -1.079347e-02 1.690753e-03 -3.030716e-03
          -1.079355e-02 1.689918e-03 -3.333774e-03
          -1.079421e-02 1.683275e-03 -3.637021e-03
          -1.079038e-02 1.658797e-03 -3.939344e-03
          -1.079039e-02 1.658761e-03 -4.242377e-03
          -1.079444e-02 1.385635e-03 -1.514266e-03
          -1.079244e-02 1.383609e-03 -1.817410e-03
          -1.079571e-02 1.382552e-03 -2.120601e-03
          -1.079420e-02 1.398368e-03 -3.030570e-03
          -1.079429e-02 1.397532e-03 -3.333629e-03
          -1.079043e-02 1.369502e-03 -3.939344e-03
          -1.079044e-02 1.369465e-03 -4.242378e-03
          -1.079048e-02 1.369532e-03 -4.545415e-03
          -1.080621e-02 1.116163e-03 -2.727683e-03
          -1.080621e-02 1.116121e-03 -3.030715e-03
          -1.080621e-02 1.116079e-03 -3.333749e-03
          -1.080944e-02 1.116010e-03 -3.636742e-03
          -1.080222e-02 1.101007e-03 -4.243460e-03
          -1.080223e-02 1.100971e-03 -4.546493e-03
          -1.080844e-02 1.097793e-03 -4.849490e-03
          -1.080626e-02 8.268580e-04 -2.727682e-03
          -1.080626e-02 8.268158e-04 -3.030715e-03
          -1.080949e-02 8.267471e-04 -3.333709e-03
          -1.080949e-02 8.267046e-04 -3.636742e-03
          -1.080670e-02 8.119290e-04 -4.243559e-03
          -1.080897e-02 8.139440e-04 -4.546425e-03
          -1.080847e-02 8.084894e-04 -4.849490e-03
          -1.080631e-02 5.375533e-04 -2.727682e-03
          -1.080954e-02 5.374844e-04 -3.030675e-03
          -1.080954e-02 5.374418e-04 -3.333709e-03
          -1.080954e-02 5.373990e-04 -3.636742e-03
          -1.080901e-02 5.246749e-04 -4.243393e-03
          -1.080901e-02 5.246400e-04 -4.546426e-03
          -1.080851e-02 5.191860e-04 -4.849490e-03
          -1.080877e-02 2.461345e-04 -2.727607e-03
          -1.080877e-02 2.460916e-04 -3.030641e-03
          -1.080877e-02 2.460487e-04 -3.333674e-03
          -1.080877e-02 2.460056e-04 -3.636708e-03
          -1.080886e-02 2.337706e-04 -4.243342e-03
          -1.080885e-02 2.337363e-04 -4.546375e-03
          -1.080930e-02 -4.473978e-05 -2.727432e-03
          -1.080930e-02 -4.478269e-05 -3.030466e-03
          -1.080930e-02 -4.482559e-05 -3.333500e-03
          -1.080936e-02 -4.746445e-05 -3.636717e-03
          -1.083010e-02 -1.498049e-03 -2.727140e-03
          -1.083010e-02 -1.498089e-03 -3.030175e-03
          -1.083009e-02 -1.498129e-03 -3.333209e-03
          -1.082976e-02 -1.500634e-03 -3.636478e-03
          -1.083015e-02 -1.787386e-03 -2.727138e-03
          -1.083014e-02 -1.787425e-03 -3.030173e-03
          -1.082981e-02 -1.789928e-03 -3.333441e-03
          -1.082980e-02 -1.789967e-03 -3.636476e-03
          -1.083019e-02 -2.076724e-03 -2.727136e-03
          -1.082986e-02 -2.079225e-03 -3.030405e-03
          -1.082985e-02 -2.079263e-03 -3.333440e-03
          -1.082984e-02 -2.079300e-03 -3.636474e-03
          -1.082918e-02 -2.370771e-03 -3.030206e-03
          -1.082917e-02 -2.370807e-03 -3.333241e-03
          -1.082916e-02 -2.370843e-03 -3.636276e-03
          -1.083919e-02 -2.947286e-03 -1.208587e-03
          -1.084018e-02 -3.236017e-03 -1.208490e-03
          -1.083758e-02 -3.246417e-03 -3.332767e-03
          -1.084024e-02 -3.525414e-03 -1.208483e-03
          -1.083760e-02 -3.535779e-03 -3.029724e-03
          -1.083759e-02 -3.535810e-03 -3.332760e-03
          -1.083534e-02 -3.540368e-03 -3.636323e-03
          -1.084552e-02 -3.825458e-03 -9.042493e-04
          -1.084690e-02 -3.830405e-03 -1.207535e-03
          -1.084252e-02 -3.834394e-03 -3.028595e-03
          -1.084251e-02 -3.834423e-03 -3.331631e-03
          -1.084250e-02 -3.834453e-03 -3.634666e-03
          -1.084585e-02 -4.116077e-03 -2.981078e-04
          -1.084585e-02 -4.116089e-03 -6.011463e-04
          -1.084644e-02 -4.118139e-03 -9.043260e-04
          -1.084704e-02 -4.120238e-03 -1.207509e-03
          -1.084254e-02 -4.123745e-03 -3.028592e-03
          -1.084253e-02 -4.123773e-03 -3.331627e-03
          -1.084389e-02 -4.126824e-03 -3.634426e-03
          -1.084588e-02 -4.405439e-03 -2.981046e-04
          -1.084587e-02 -4.405451e-03 -6.011430e-04
          -1.084707e-02 -4.409587e-03 -9.044671e-04
          -1.084706e-02 -4.409598e-03 -1.207505e-03
          -1.084256e-02 -4.413097e-03 -3.028588e-03
          -1.084393e-02 -4.416146e-03 -3.331387e-03
          -1.084392e-02 -4.416171e-03 -3.634423e-03
          -1.084590e-02 -4.694802e-03 -2.981014e-04
          -1.084709e-02 -4.698937e-03 -6.014253e-04
          -1.084709e-02 -4.698948e-03 -9.044636e-04
          -1.084709e-02 -4.698959e-03 -1.207502e-03
          -1.084260e-02 -4.702426e-03 -2.725549e-03
          -1.084396e-02 -4.705473e-03 -3.028348e-03
          -1.084395e-02 -4.705496e-03 -3.331383e-03
          -1.084394e-02 -4.705519e-03 -3.634419e-03
          -1.084736e-02 -5.281756e-03 -6.008083e-04
          -1.084736e-02 -5.281766e-03 -9.038460e-04
          -1.084279e-02 -5.307970e-03 -4.847228e-03
          -1.084283e-02 -5.597332e-03 -4.544178e-03
          -1.084281e-02 -5.597365e-03 -4.847220e-03
          -1.084286e-02 -5.886674e-03 -4.241125e-03
          -1.084967e-02 -6.457328e-03 -2.116060e-03
          -1.084940e-02 -6.457796e-03 -2.419448e-03
          -1.085002e-02 -6.745951e-03 -1.812467e-03
          -1.085001e-02 -6.745971e-03 -2.115512e-03
          -1.084991e-02 -6.746129e-03 -2.418664e-03
          -1.085011e-02 -7.035174e-03 -1.509314e-03
          -1.085010e-02 -7.035195e-03 -1.812360e-03
          -1.085009e-02 -7.035215e-03 -2.115406e-03
          -1.085008e-02 -7.035236e-03 -2.418452e-03
          -1.082844e-02 -7.035418e-03 -2.724299e-03
          -1.082843e-02 -7.035442e-03 -3.027339e-03
          -1.082652e-02 -7.039693e-03 -3.331786e-03
          -1.085013e-02 -7.324554e-03 -1.509309e-03
          -1.085012e-02 -7.324575e-03 -1.812355e-03
          -1.085011e-02 -7.324595e-03 -2.115401e-03
          -1.085009e-02 -7.324616e-03 -2.418447e-03
          -1.082846e-02 -7.324797e-03 -2.724295e-03
          -1.082648e-02 -7.329029e-03 -3.028741e-03
          -1.082654e-02 -7.329064e-03 -3.331781e-03
          -1.085016e-02 -7.613902e-03 -9.032168e-04
          -1.085016e-02 -7.613915e-03 -1.206259e-03
          -1.085015e-02 -7.613934e-03 -1.509304e-03
          -1.085013e-02 -7.613954e-03 -1.812350e-03
          -1.085012e-02 -7.613975e-03 -2.115396e-03
          -1.085011e-02 -7.613995e-03 -2.418442e-03
          -1.082651e-02 -7.618386e-03 -2.725697e-03
          -1.082650e-02 -7.618401e-03 -3.028736e-03
          -1.082656e-02 -7.618435e-03 -3.331776e-03
          -1.085015e-02 -7.903283e-03 -2.971340e-04
          -1.085014e-02 -7.903296e-03 -6.001757e-04
          -1.085014e-02 -7.903308e-03 -9.032174e-04
          -1.085013e-02 -7.903323e-03 -1.206260e-03
          -1.085012e-02 -7.903340e-03 -1.509304e-03
          -1.085011e-02 -7.903358e-03 -1.812349e-03
          -1.085010e-02 -7.903376e-03 -2.115394e-03
          -1.084810e-02 -7.906821e-03 -2.724088e-03
          -1.084809e-02 -7.906839e-03 -3.027128e-03
          -1.084807e-02 -7.906858e-03 -3.330168e-03
          -1.085013e-02 -8.192684e-03 -2.971314e-04
          -1.085012e-02 -8.192697e-03 -6.001729e-04
          -1.085011e-02 -8.192709e-03 -9.032144e-04
          -1.085011e-02 -8.192723e-03 -1.206257e-03
          -1.085010e-02 -8.192740e-03 -1.509301e-03
          -1.085009e-02 -8.192758e-03 -1.812346e-03
          -1.084808e-02 -8.196214e-03 -2.724083e-03
          -1.084806e-02 -8.196231e-03 -3.027122e-03
          -1.084805e-02 -8.196249e-03 -3.330162e-03
          -1.085010e-02 -8.482087e-03 -2.971287e-04
          -1.085009e-02 -8.482099e-03 -6.001700e-04
          -1.085009e-02 -8.482111e-03 -9.032114e-04
          -1.085008e-02 -8.482125e-03 -1.206254e-03
          -1.085007e-02 -8.482141e-03 -1.509298e-03
          -1.084806e-02 -8.485608e-03 -2.724077e-03
          -1.084804e-02 -8.485625e-03 -3.027117e-03
          -1.084803e-02 -8.485642e-03 -3.330157e-03
          -1.084564e-02 -8.488214e-03 -3.634045e-03
          -1.084930e-02 -8.774068e-03 -2.970547e-04
          -1.084929e-02 -8.774079e-03 -6.000958e-04
          -1.084928e-02 -8.774091e-03 -9.031370e-04
          -1.084928e-02 -8.774105e-03 -1.206179e-03
          -1.084562e-02 -8.776306e-03 -2.723977e-03
          -1.084560e-02 -8.776322e-03 -3.027017e-03
          -1.084559e-02 -8.776338e-03 -3.330057e-03
          -1.083052e-02 -9.373032e-03 -9.033952e-04
          -1.083030e-02 -9.373680e-03 -1.206999e-03
          -1.083011e-02 -9.374192e-03 -1.510522e-03
          -1.083011e-02 -9.374203e-03 -1.813565e-03
          -1.083010e-02 -9.374213e-03 -2.116607e-03
          -1.083009e-02 -9.374223e-03 -2.419649e-03
          -1.083029e-02 -9.663063e-03 -1.206995e-03
          -1.083010e-02 -9.663575e-03 -1.510518e-03
          -1.083009e-02 -9.663585e-03 -1.813560e-03
          -1.105828e-02 8.879864e-03 -1.212912e-03
          -1.106671e-02 6.848053e-03 -2.841402e-07
          -1.106819e-02 6.846616e-03 -1.515052e-03
          -1.106672e-02 6.558790e-03 -2.824852e-07
          -1.107033e-02 6.553996e-03 -3.939232e-03
          -1.107034e-02 6.553983e-03 -4.242263e-03
          -1.106446e-02 6.296514e-03 -1.212174e-03
          -1.106704e-02 6.292924e-03 -2.424038e-03
          -1.106735e-02 6.292048e-03 -3.636104e-03
          -1.107612e-02 5.992803e-03 -1.049500e-06
          -1.106448e-02 6.007257e-03 -9.091438e-04
          -1.106448e-02 6.007251e-03 -1.212172e-03
          -1.106706e-02 6.003658e-03 -2.424037e-03
          -1.106624e-02 6.000347e-03 -3.333120e-03
          -1.106737e-02 6.002776e-03 -3.636103e-03
          -1.107000e-02 5.997436e-03 -4.848272e-03
          -1.106449e-02 5.718000e-03 -6.061136e-04
          -1.106450e-02 5.717994e-03 -9.091424e-04
          -1.106450e-02 5.717988e-03 -1.212171e-03
          -1.106738e-02 5.713521e-03 -3.333072e-03
          -1.106739e-02 5.713503e-03 -3.636102e-03
          -1.107460e-02 5.123895e-03 -1.514596e-03
          -1.107430e-02 4.835207e-03 -1.514621e-03
          -1.107510e-02 4.547027e-03 -1.514591e-03
          -1.107526e-02 4.546759e-03 -1.817610e-03
          -1.107479e-02 4.545156e-03 -2.120646e-03
          -1.107480e-02 4.545140e-03 -2.423676e-03
          -1.107591e-02 4.258847e-03 -1.514561e-03
          -1.107606e-02 4.258508e-03 -1.817593e-03
          -1.107614e-02 4.258334e-03 -2.120624e-03
          -1.107594e-02 3.969580e-03 -1.514560e-03
          -1.107609e-02 3.969239e-03 -1.817592e-03
          -1.107639e-02 3.968584e-03 -2.120626e-03
          -1.107640e-02 3.968566e-03 -2.423656e-03
          -1.107882e-02 3.962529e-03 -3.939072e-03
          -1.107883e-02 3.962505e-03 -4.242105e-03
          -1.107657e-02 3.699933e-03 -3.030058e-03
          -1.107658e-02 3.699907e-03 -3.333089e-03
          -1.108631e-02 2.531724e-03 -1.514316e-03
          -1.108667e-02 2.530526e-03 -2.120431e-03
          -1.108667e-02 2.530505e-03 -2.423463e-03
          -1.108789e-02 2.522311e-03 -3.939054e-03
          -1.108636e-02 2.242432e-03 -1.514314e-03
          -1.108654e-02 2.241833e-03 -1.817372e-03
          -1.108672e-02 2.241233e-03 -2.120430e-03
          -1.108672e-02 2.241211e-03 -2.423462e-03
          -1.108724e-02 2.238426e-03 -2.726632e-03
          -1.108748e-02 2.236992e-03 -3.029744e-03
          -1.108749e-02 2.236959e-03 -3.332777e-03
          -1.108794e-02 2.233014e-03 -3.939054e-03
          -1.108658e-02 1.952564e-03 -1.514338e-03
          -1.108659e-02 1.952541e-03 -1.817370e-03
          -1.108677e-02 1.951940e-03 -2.120429e-03
          -1.108677e-02 1.951917e-03 -2.423461e-03
          -1.108729e-02 1.949132e-03 -2.726631e-03
          -1.108753e-02 1.947697e-03 -3.029744e-03
          -1.108799e-02 1.943716e-03 -3.939054e-03
          -1.108799e-02 1.943686e-03 -4.242086e-03
          -1.108900e-02 1.664876e-03 -1.514240e-03
          -1.108832e-02 1.664168e-03 -1.817311e-03
          -1.108802e-02 1.663073e-03 -2.120422e-03
          -1.108923e-02 1.663476e-03 -2.423449e-03
          -1.108734e-02 1.659837e-03 -2.726631e-03
          -1.108804e-02 1.654419e-03 -3.939054e-03
          -1.108804e-02 1.654388e-03 -4.242087e-03
          -1.108804e-02 1.654356e-03 -4.545119e-03
          -1.108905e-02 1.375585e-03 -1.514238e-03
          -1.108837e-02 1.374876e-03 -1.817310e-03
          -1.108928e-02 1.374206e-03 -2.120415e-03
          -1.108928e-02 1.374182e-03 -2.423448e-03
          -1.108808e-02 1.365122e-03 -3.939054e-03
          -1.108809e-02 1.365090e-03 -4.242087e-03
          -1.108810e-02 1.365057e-03 -4.545120e-03
          -1.108826e-02 1.365543e-03 -4.848174e-03
          -1.109693e-02 1.104836e-03 -3.030126e-03
          -1.109694e-02 1.104800e-03 -3.333159e-03
          -1.110471e-02 1.104985e-03 -3.636112e-03
          -1.110437e-02 1.095509e-03 -4.848818e-03
          -1.109698e-02 8.155318e-04 -3.030126e-03
          -1.110476e-02 8.157164e-04 -3.333080e-03
          -1.110476e-02 8.156801e-04 -3.636112e-03
          -1.110440e-02 8.062369e-04 -4.545785e-03
          -1.110440e-02 8.062053e-04 -4.848818e-03
          -1.110377e-02 5.237794e-04 -3.333036e-03
          -1.110377e-02 5.237428e-04 -3.636069e-03
          -1.110289e-02 -6.966291e-05 -1.513836e-03
          -1.110429e-02 -6.905084e-05 -1.816932e-03
          -1.110294e-02 -7.097537e-05 -2.120042e-03
          -1.110294e-02 -7.100116e-05 -2.423076e-03
          -1.110467e-02 -5.463856e-05 -3.332940e-03
          -1.110354e-02 -3.591868e-04 -1.513806e-03
          -1.110409e-02 -3.597579e-04 -1.816855e-03
          -1.110299e-02 -3.603009e-04 -2.120040e-03
          -1.110299e-02 -3.603265e-04 -2.423075e-03
          -1.110449e-02 -3.683516e-04 -3.938976e-03
          -1.110436e-02 -6.492717e-04 -1.513824e-03
          -1.110467e-02 -6.475842e-04 -1.816951e-03
          -1.110435e-02 -6.494371e-04 -2.119912e-03
          -1.110454e-02 -6.576766e-04 -3.938975e-03
          -1.110531e-02 -9.383901e-04 -1.513722e-03
          -1.110528e-02 -9.387703e-04 -1.816814e-03
          -1.110526e-02 -9.390475e-04 -2.119889e-03
          -1.110521e-02 -9.396796e-04 -2.423021e-03
          -1.110459e-02 -9.470016e-04 -3.938974e-03
          -1.110458e-02 -9.485927e-04 -4.242118e-03
          -1.111792e-02 -1.504595e-03 -3.332741e-03
          -1.111797e-02 -1.793892e-03 -3.029705e-03
          -1.111734e-02 -2.681243e-03 -1.513297e-03
          -1.111754e-02 -2.681212e-03 -1.816345e-03
          -1.111731e-02 -2.681393e-03 -2.119392e-03
          -1.111671e-02 -2.683752e-03 -2.725817e-03
          -1.111632e-02 -2.685206e-03 -3.029088e-03
          -1.111526e-02 -2.688912e-03 -3.938738e-03
          -1.111735e-02 -2.970700e-03 -1.513316e-03
          -1.111735e-02 -2.970722e-03 -1.816352e-03
          -1.111669e-02 -2.973208e-03 -2.725811e-03
          -1.111630e-02 -2.974661e-03 -3.029083e-03
          -1.111738e-02 -3.260053e-03 -1.513312e-03
          -1.111747e-02 -3.549441e-03 -1.513294e-03
          -1.111655e-02 -3.552636e-03 -2.725927e-03
          -1.113900e-02 -5.308034e-03 -4.847218e-03
          -1.113904e-02 -5.597394e-03 -4.544169e-03
          -1.113902e-02 -5.597426e-03 -4.847211e-03
          -1.113858e-02 -5.886605e-03 -4.241111e-03
          -1.113906e-02 -5.886786e-03 -4.544162e-03
          -1.113904e-02 -5.886818e-03 -4.847203e-03
          -1.114630e-02 -6.456408e-03 -2.971553e-04
          -1.114630e-02 -6.456425e-03 -6.001960e-04
          -1.114629e-02 -6.456442e-03 -9.032367e-04
          -1.114629e-02 -6.456459e-03 -1.206277e-03
          -1.114623e-02 -6.456569e-03 -1.509393e-03
          -1.114622e-02 -6.456587e-03 -1.812437e-03
          -1.114620e-02 -6.456605e-03 -2.115482e-03
          -1.114619e-02 -6.456624e-03 -2.418527e-03
          -1.114631e-02 -6.745792e-03 -2.971517e-04
          -1.114630e-02 -6.745809e-03 -6.001926e-04
          -1.114630e-02 -6.745826e-03 -9.032335e-04
          -1.114629e-02 -6.745839e-03 -1.206274e-03
          -1.114628e-02 -6.745855e-03 -1.509317e-03
          -1.114627e-02 -6.745873e-03 -1.812362e-03
          -1.114626e-02 -6.745892e-03 -2.115408e-03
          -1.114625e-02 -6.745912e-03 -2.418453e-03
          -1.114633e-02 -7.035178e-03 -2.971470e-04
          -1.114632e-02 -7.035193e-03 -6.001879e-04
          -1.114632e-02 -7.035206e-03 -9.032286e-04
          -1.114631e-02 -7.035219e-03 -1.206269e-03
          -1.114630e-02 -7.035234e-03 -1.509313e-03
          -1.114629e-02 -7.035253e-03 -1.812358e-03
          -1.114628e-02 -7.035272e-03 -2.115403e-03
          -1.114627e-02 -7.035291e-03 -2.418448e-03
          -1.112463e-02 -7.035473e-03 -2.724295e-03
          -1.112462e-02 -7.035497e-03 -3.027335e-03
          -1.112264e-02 -7.039729e-03 -3.331781e-03
          -1.112298e-02 -7.039840e-03 -3.634824e-03
          -1.114634e-02 -7.324563e-03 -2.971424e-04
          -1.114634e-02 -7.324575e-03 -6.001830e-04
          -1.114633e-02 -7.324587e-03 -9.032237e-04
          -1.114633e-02 -7.324599e-03 -1.206264e-03
          -1.114632e-02 -7.324614e-03 -1.509308e-03
          -1.114631e-02 -7.324633e-03 -1.812353e-03
          -1.114630e-02 -7.324652e-03 -2.115398e-03
          -1.114629e-02 -7.324671e-03 -2.418443e-03
          -1.112465e-02 -7.324852e-03 -2.724291e-03
          -1.112267e-02 -7.329084e-03 -3.028737e-03
          -1.112266e-02 -7.329100e-03 -3.331776e-03
          -1.112300e-02 -7.329210e-03 -3.634819e-03
          -1.114636e-02 -7.613945e-03 -2.971375e-04
          -1.114636e-02 -7.613956e-03 -6.001782e-04
          -1.114635e-02 -7.613967e-03 -9.032188e-04
          -1.114635e-02 -7.613978e-03 -1.206259e-03
          -1.114634e-02 -7.613994e-03 -1.509303e-03
          -1.114633e-02 -7.614012e-03 -1.812348e-03
          -1.114632e-02 -7.614031e-03 -2.115393e-03
          -1.114631e-02 -7.614051e-03 -2.418439e-03
          -1.112270e-02 -7.618440e-03 -2.725693e-03
          -1.112269e-02 -7.618456e-03 -3.028732e-03
          -1.112268e-02 -7.618471e-03 -3.331771e-03
          -1.112302e-02 -7.618579e-03 -3.634814e-03
          -1.114634e-02 -7.903346e-03 -2.971357e-04
          -1.114633e-02 -7.903358e-03 -6.001771e-04
          -1.114633e-02 -7.903370e-03 -9.032184e-04
          -1.114632e-02 -7.903382e-03 -1.206260e-03
          -1.114631e-02 -7.903396e-03 -1.509302e-03
          -1.114630e-02 -7.903413e-03 -1.812346e-03
          -1.114630e-02 -7.903430e-03 -2.115391e-03
          -1.114430e-02 -7.906874e-03 -2.724084e-03
          -1.114428e-02 -7.906891e-03 -3.027124e-03
          -1.114427e-02 -7.906908e-03 -3.330164e-03
          -1.114426e-02 -7.906926e-03 -3.633203e-03
          -1.114183e-02 -7.909544e-03 -3.937106e-03
          -1.114632e-02 -8.192745e-03 -2.971331e-04
          -1.114631e-02 -8.192757e-03 -6.001743e-04
          -1.114630e-02 -8.192769e-03 -9.032155e-04
          -1.114630e-02 -8.192781e-03 -1.206257e-03
          -1.114629e-02 -8.192795e-03 -1.509299e-03
          -1.114628e-02 -8.192811e-03 -1.812343e-03
          -1.114428e-02 -8.196265e-03 -2.724079e-03
          -1.114426e-02 -8.196282e-03 -3.027118e-03
          -1.114425e-02 -8.196298e-03 -3.330158e-03
          -1.114424e-02 -8.196315e-03 -3.633198e-03
          -1.114181e-02 -8.198933e-03 -3.937100e-03
          -1.114538e-02 -8.485167e-03 -2.970469e-04
          -1.114537e-02 -8.485179e-03 -6.000879e-04
          -1.114537e-02 -8.485190e-03 -9.031289e-04
          -1.114536e-02 -8.485202e-03 -1.206170e-03
          -1.114536e-02 -8.485215e-03 -1.509212e-03
          -1.114142e-02 -8.487186e-03 -2.723963e-03
          -1.114141e-02 -8.487202e-03 -3.027002e-03
          -1.114140e-02 -8.487218e-03 -3.330042e-03
          -1.114139e-02 -8.487234e-03 -3.633082e-03
          -1.112673e-02 -9.083754e-03 -1.206447e-03
          -1.112651e-02 -9.084354e-03 -1.510054e-03
          -1.112633e-02 -9.084856e-03 -1.813567e-03
          -1.112632e-02 -9.084866e-03 -2.116609e-03
          -1.112631e-02 -9.084877e-03 -2.419651e-03
          -1.136496e-02 6.557077e-03 -1.480177e-07
          -1.136620e-02 6.555855e-03 -1.515003e-03
          -1.136621e-02 6.555847e-03 -1.818032e-03
          -1.136621e-02 6.555839e-03 -2.121062e-03
          -1.136622e-02 6.555831e-03 -2.424092e-03
          -1.136686e-02 6.554670e-03 -2.727101e-03
          -1.136687e-02 6.554659e-03 -3.030131e-03
          -1.136816e-02 6.552923e-03 -3.939187e-03
          -1.136441e-02 6.291645e-03 -1.211886e-03
          -1.136443e-02 6.291611e-03 -2.424005e-03
          -1.136523e-02 6.286542e-03 -3.636030e-03
          -1.136446e-02 6.002255e-03 -2.120974e-03
          -1.136449e-02 6.002284e-03 -2.424003e-03
          -1.136622e-02 5.999253e-03 -3.635989e-03
          -1.137074e-02 5.401614e-03 -3.939066e-03
          -1.137058e-02 4.853861e-03 -1.211655e-03
          -1.137272e-02 4.831666e-03 -1.514520e-03
          -1.137273e-02 4.831654e-03 -1.817550e-03
          -1.137275e-02 4.542393e-03 -1.514518e-03
          -1.137276e-02 4.542381e-03 -1.817549e-03
          -1.137277e-02 4.542368e-03 -2.120579e-03
          -1.137278e-02 4.542356e-03 -2.423610e-03
          -1.137458e-02 4.537585e-03 -3.938905e-03
          -1.137279e-02 4.253121e-03 -1.514516e-03
          -1.137279e-02 4.253107e-03 -1.817547e-03
          -1.137280e-02 4.253094e-03 -2.120578e-03
          -1.137281e-02 4.253080e-03 -2.423609e-03
          -1.137461e-02 4.248306e-03 -3.938904e-03
          -1.137462e-02 4.248285e-03 -4.241936e-03
          -1.137282e-02 3.963849e-03 -1.514515e-03
          -1.137283e-02 3.963834e-03 -1.817546e-03
          -1.137283e-02 3.963820e-03 -2.120577e-03
          -1.137284e-02 3.963805e-03 -2.423608e-03
          -1.137464e-02 3.959028e-03 -3.938904e-03
          -1.137465e-02 3.959006e-03 -4.241936e-03
          -1.137466e-02 3.958984e-03 -4.544968e-03
          -1.137466e-02 3.958962e-03 -4.848000e-03
          -1.137769e-02 3.706046e-03 -1.211348e-03
          -1.137881e-02 3.703938e-03 -2.423601e-03
          -1.137772e-02 3.416778e-03 -9.083168e-04
          -1.137772e-02 3.416770e-03 -1.211347e-03
          -1.137919e-02 3.413243e-03 -2.120551e-03
          -1.137920e-02 3.413227e-03 -2.423583e-03
          -1.137775e-02 3.127503e-03 -9.083156e-04
          -1.137776e-02 3.127493e-03 -1.211346e-03
          -1.137780e-02 2.838217e-03 -1.211346e-03
          -1.137857e-02 2.810536e-03 -3.332708e-03
          -1.138383e-02 2.526641e-03 -1.514250e-03
          -1.138383e-02 2.526624e-03 -1.817282e-03
          -1.138384e-02 2.526607e-03 -2.120314e-03
          -1.138384e-02 2.526590e-03 -2.423346e-03
          -1.138496e-02 2.519800e-03 -3.938888e-03
          -1.138387e-02 2.237347e-03 -1.514248e-03
          -1.138388e-02 2.237329e-03 -1.817280e-03
          -1.138389e-02 2.237311e-03 -2.120313e-03
          -1.138389e-02 2.237294e-03 -2.423345e-03
          -1.138423e-02 2.235257e-03 -3.029523e-03
          -1.138445e-02 2.233884e-03 -3.332632e-03
          -1.138501e-02 2.230501e-03 -3.938888e-03
          -1.138392e-02 1.948052e-03 -1.514246e-03
          -1.138393e-02 1.948034e-03 -1.817278e-03
          -1.138393e-02 1.948015e-03 -2.120311e-03
          -1.138394e-02 1.947997e-03 -2.423344e-03
          -1.138401e-02 1.947541e-03 -2.726400e-03
          -1.138427e-02 1.945959e-03 -3.029522e-03
          -1.138506e-02 1.941201e-03 -3.938887e-03
          -1.138506e-02 1.941175e-03 -4.241920e-03
          -1.138124e-02 1.666923e-03 -3.018278e-04
          -1.138397e-02 1.658757e-03 -1.514244e-03
          -1.138398e-02 1.658738e-03 -1.817277e-03
          -1.138398e-02 1.658719e-03 -2.120310e-03
          -1.138399e-02 1.658700e-03 -2.423343e-03
          -1.138406e-02 1.658243e-03 -2.726400e-03
          -1.138510e-02 1.651902e-03 -3.938887e-03
          -1.138511e-02 1.651875e-03 -4.241920e-03
          -1.138511e-02 1.651847e-03 -4.544952e-03
          -1.138402e-02 1.369462e-03 -1.514241e-03
          -1.138402e-02 1.369443e-03 -1.817275e-03
          -1.138403e-02 1.369423e-03 -2.120308e-03
          -1.138403e-02 1.369403e-03 -2.423342e-03
          -1.138458e-02 1.366048e-03 -2.726566e-03
          -1.138459e-02 1.366019e-03 -3.029598e-03
          -1.138459e-02 1.365989e-03 -3.332630e-03
          -1.138460e-02 1.365959e-03 -3.635662e-03
          -1.138515e-02 1.362603e-03 -3.938886e-03
          -1.138515e-02 1.362575e-03 -4.241920e-03
          -1.138515e-02 1.362547e-03 -4.544952e-03
          -1.138516e-02 1.362519e-03 -4.847986e-03
          -1.138856e-02 1.107048e-03 -9.076165e-04
          -1.140026e-02 1.105435e-03 -1.210915e-03
          -1.138949e-02 1.104523e-03 -2.120278e-03
          -1.140028e-02 1.105356e-03 -2.423049e-03
          -1.139171e-02 1.080579e-03 -2.726406e-03
          -1.139039e-02 1.099012e-03 -3.332857e-03
          -1.140051e-02 1.099532e-03 -3.635801e-03
          -1.140023e-02 1.091694e-03 -4.848501e-03
          -1.140011e-02 8.130929e-04 -2.119996e-03
          -1.140011e-02 8.130725e-04 -2.423030e-03
          -1.139262e-02 7.918459e-04 -2.726352e-03
          -1.139944e-02 8.074135e-04 -3.635755e-03
          -1.139195e-02 4.977562e-04 -3.938790e-03
          -1.139812e-02 2.201716e-04 -3.007735e-04
          -1.139834e-02 2.191922e-04 -6.040602e-04
          -1.139845e-02 2.181988e-04 -9.072477e-04
          -1.139845e-02 2.181848e-04 -1.210282e-03
          -1.139888e-02 2.162603e-04 -1.513814e-03
          -1.139889e-02 2.162398e-04 -1.816848e-03
          -1.139889e-02 2.162192e-04 -2.119882e-03
          -1.139272e-02 2.115892e-04 -3.332440e-03
          -1.139688e-02 2.077602e-04 -3.938943e-03
          -1.139994e-02 -4.899008e-05 -9.069714e-04
          -1.141076e-02 -5.517870e-05 -1.210427e-03
          -1.139880e-02 -7.488013e-05 -1.513801e-03
          -1.139880e-02 -7.490064e-05 -1.816835e-03
          -1.139880e-02 -7.492131e-05 -2.119869e-03
          -1.139881e-02 -7.494202e-05 -2.422903e-03
          -1.140068e-02 -5.766381e-05 -3.332767e-03
          -1.139830e-02 -8.214024e-05 -3.938873e-03
          -1.141081e-02 -3.445038e-04 -1.210424e-03
          -1.139885e-02 -3.642052e-04 -1.513798e-03
          -1.139885e-02 -3.642256e-04 -1.816832e-03
          -1.139885e-02 -3.642462e-04 -2.119867e-03
          -1.139885e-02 -3.642668e-04 -2.422901e-03
          -1.140070e-02 -3.475998e-04 -3.332811e-03
          -1.139835e-02 -3.714646e-04 -3.938872e-03
          -1.139889e-02 -6.535302e-04 -1.513795e-03
          -1.139889e-02 -6.535505e-04 -1.816830e-03
          -1.139889e-02 -6.535710e-04 -2.119865e-03
          -1.139889e-02 -6.535915e-04 -2.422899e-03
          -1.139839e-02 -6.607890e-04 -3.938871e-03
          -1.139894e-02 -9.428551e-04 -1.513793e-03
          -1.139894e-02 -9.428754e-04 -1.816828e-03
          -1.139894e-02 -9.428958e-04 -2.119863e-03
          -1.139894e-02 -9.429162e-04 -2.422898e-03
          -1.139843e-02 -9.501133e-04 -3.938870e-03
          -1.139843e-02 -9.501410e-04 -4.241903e-03
          -1.141087e-02 -1.499005e-03 -9.061459e-04
          -1.141982e-02 -1.505640e-03 -1.208373e-03
          -1.141099e-02 -1.501850e-03 -1.816483e-03
          -1.141099e-02 -1.501870e-03 -2.119519e-03
          -1.141953e-02 -1.508149e-03 -2.421980e-03
          -1.141050e-02 -1.507469e-03 -3.332533e-03
          -1.141220e-02 -2.394916e-03 -1.513165e-03
          -1.141220e-02 -2.394935e-03 -1.816201e-03
          -1.141220e-02 -2.394955e-03 -2.119236e-03
          -1.140542e-02 -2.395817e-03 -3.332090e-03
          -1.140542e-02 -2.395844e-03 -3.635124e-03
          -1.141046e-02 -2.401488e-03 -3.938505e-03
          -1.141224e-02 -2.684258e-03 -1.513162e-03
          -1.141223e-02 -2.684277e-03 -1.816198e-03
          -1.141227e-02 -2.973607e-03 -1.513158e-03
          -1.141226e-02 -2.973624e-03 -1.816194e-03
          -1.141229e-02 -3.262955e-03 -1.513155e-03
          -1.141232e-02 -3.552304e-03 -1.513151e-03
          -1.143521e-02 -5.308098e-03 -4.847209e-03
          -1.143491e-02 -5.597363e-03 -4.544157e-03
          -1.143523e-02 -5.597486e-03 -4.847202e-03
          -1.143755e-02 -5.877765e-03 -6.008489e-04
          -1.143755e-02 -5.877779e-03 -9.038878e-04
          -1.143755e-02 -5.877793e-03 -1.206927e-03
          -1.143493e-02 -5.886748e-03 -4.544150e-03
          -1.143525e-02 -5.886870e-03 -4.847195e-03
          -1.144214e-02 -6.167085e-03 -2.972042e-04
          -1.144214e-02 -6.167103e-03 -6.002452e-04
          -1.144213e-02 -6.167120e-03 -9.032862e-04
          -1.144213e-02 -6.167138e-03 -1.206327e-03
          -1.144180e-02 -6.167156e-03 -1.509411e-03
          -1.144179e-02 -6.167171e-03 -1.812453e-03
          -1.144178e-02 -6.167189e-03 -2.115497e-03
          -1.144177e-02 -6.167207e-03 -2.418542e-03
          -1.143495e-02 -6.176127e-03 -4.544144e-03
          -1.143527e-02 -6.176248e-03 -4.847189e-03
          -1.144247e-02 -6.456472e-03 -2.971583e-04
          -1.144247e-02 -6.456490e-03 -6.001993e-04
          -1.144247e-02 -6.456507e-03 -9.032402e-04
          -1.144246e-02 -6.456524e-03 -1.206281e-03
          -1.144245e-02 -6.456537e-03 -1.509323e-03
          -1.144245e-02 -6.456552e-03 -1.812366e-03
          -1.144244e-02 -6.456569e-03 -2.115410e-03
          -1.144243e-02 -6.456587e-03 -2.418455e-03
          -1.143529e-02 -6.465621e-03 -4.847184e-03
          -1.144249e-02 -6.745858e-03 -2.971536e-04
          -1.144249e-02 -6.745874e-03 -6.001946e-04
          -1.144248e-02 -6.745891e-03 -9.032355e-04
          -1.144248e-02 -6.745904e-03 -1.206276e-03
          -1.144247e-02 -6.745917e-03 -1.509318e-03
          -1.144247e-02 -6.745932e-03 -1.812361e-03
          -1.144246e-02 -6.745949e-03 -2.115405e-03
          -1.144245e-02 -6.745967e-03 -2.418450e-03
          -1.143531e-02 -6.754990e-03 -4.847179e-03
          -1.144251e-02 -7.035243e-03 -2.971490e-04
          -1.144251e-02 -7.035259e-03 -6.001899e-04
          -1.144250e-02 -7.035271e-03 -9.032306e-04
          -1.144250e-02 -7.035284e-03 -1.206271e-03
          -1.144249e-02 -7.035297e-03 -1.509313e-03
          -1.144248e-02 -7.035311e-03 -1.812356e-03
          -1.144247e-02 -7.035328e-03 -2.115400e-03
          -1.144246e-02 -7.035347e-03 -2.418445e-03
          -1.142081e-02 -7.035552e-03 -3.027331e-03
          -1.144253e-02 -7.324628e-03 -2.971443e-04
          -1.144253e-02 -7.324640e-03 -6.001850e-04
          -1.144252e-02 -7.324652e-03 -9.032257e-04
          -1.144252e-02 -7.324664e-03 -1.206266e-03
          -1.144251e-02 -7.324677e-03 -1.509308e-03
          -1.144250e-02 -7.324691e-03 -1.812351e-03
          -1.144249e-02 -7.324708e-03 -2.115395e-03
          -1.144248e-02 -7.324727e-03 -2.418440e-03
          -1.142084e-02 -7.324907e-03 -2.724287e-03
          -1.141887e-02 -7.329139e-03 -3.028733e-03
          -1.141886e-02 -7.329155e-03 -3.331772e-03
          -1.141884e-02 -7.329172e-03 -3.634811e-03
          -1.144255e-02 -7.614011e-03 -2.971395e-04
          -1.144254e-02 -7.614022e-03 -6.001801e-04
          -1.144254e-02 -7.614033e-03 -9.032208e-04
          -1.144253e-02 -7.614043e-03 -1.206261e-03
          -1.144253e-02 -7.614056e-03 -1.509303e-03
          -1.144252e-02 -7.614071e-03 -1.812346e-03
          -1.144251e-02 -7.614088e-03 -2.115390e-03
          -1.144250e-02 -7.614106e-03 -2.418435e-03
          -1.141890e-02 -7.618495e-03 -2.725689e-03
          -1.141889e-02 -7.618511e-03 -3.028728e-03
          -1.141888e-02 -7.618526e-03 -3.331767e-03
          -1.141886e-02 -7.618541e-03 -3.634806e-03
          -1.141933e-02 -7.618689e-03 -3.937852e-03
          -1.144253e-02 -7.903408e-03 -2.971374e-04
          -1.144252e-02 -7.903420e-03 -6.001784e-04
          -1.144252e-02 -7.903431e-03 -9.032194e-04
          -1.144251e-02 -7.903443e-03 -1.206260e-03
          -1.144251e-02 -7.903455e-03 -1.509301e-03
          -1.144250e-02 -7.903468e-03 -1.812343e-03
          -1.144249e-02 -7.903484e-03 -2.115387e-03
          -1.144049e-02 -7.906926e-03 -2.724080e-03
          -1.144048e-02 -7.906943e-03 -3.027120e-03
          -1.144047e-02 -7.906959e-03 -3.330159e-03
          -1.144045e-02 -7.906975e-03 -3.633199e-03
          -1.144044e-02 -7.906991e-03 -3.936238e-03
          -1.143801e-02 -7.909609e-03 -4.240141e-03
          -1.143547e-02 -7.912345e-03 -4.544081e-03
          -1.143535e-02 -7.912480e-03 -4.847159e-03
          -1.144146e-02 -8.196269e-03 -2.970391e-04
          -1.144145e-02 -8.196281e-03 -6.000799e-04
          -1.144145e-02 -8.196292e-03 -9.031207e-04
          -1.144144e-02 -8.196304e-03 -1.206162e-03
          -1.144144e-02 -8.196315e-03 -1.509202e-03
          -1.144143e-02 -8.196328e-03 -1.812244e-03
          -1.143750e-02 -8.197920e-03 -2.723959e-03
          -1.143749e-02 -8.197935e-03 -3.026998e-03
          -1.143748e-02 -8.197951e-03 -3.330038e-03
          -1.143747e-02 -8.197967e-03 -3.633077e-03
          -1.143746e-02 -8.197982e-03 -3.936117e-03
          -1.143494e-02 -8.200690e-03 -4.240049e-03
          -1.143538e-02 -8.203902e-03 -4.846600e-03
          -1.143917e-02 -8.493179e-03 -2.968288e-04
          -1.143917e-02 -8.493190e-03 -5.998695e-04
          -1.143916e-02 -8.493201e-03 -9.029101e-04
          -1.143915e-02 -8.493212e-03 -1.205951e-03
          -1.143915e-02 -8.493223e-03 -1.508991e-03
          -1.142272e-02 -8.795041e-03 -1.813118e-03
          -1.142254e-02 -8.795523e-03 -2.116611e-03
          -1.142253e-02 -8.795533e-03 -2.419653e-03
          -1.143555e-02 -8.791044e-03 -4.844315e-03
          -1.143554e-02 -9.080413e-03 -4.844311e-03
          -1.143554e-02 -9.369781e-03 -4.844308e-03
          -1.143527e-02 -9.659044e-03 -4.541300e-03
          -1.143553e-02 -9.659150e-03 -4.844304e-03
          -1.143526e-02 -9.948413e-03 -4.541297e-03
          -1.143553e-02 -9.948518e-03 -4.844301e-03
          -1.165379e-02 8.877716e-03 -1.212789e-03
          -1.166090e-02 6.291325e-03 -1.211877e-03
          -1.166094e-02 6.291276e-03 -2.423996e-03
          -1.166172e-02 6.286268e-03 -3.636025e-03
          -1.166692e-02 4.853780e-03 -1.211652e-03
          -1.166662e-02 4.564933e-03 -9.086678e-04
          -1.166695e-02 4.564504e-03 -1.211650e-03
          -1.166613e-02 4.276333e-03 -6.057107e-04
          -1.166665e-02 4.275657e-03 -9.086657e-04
          -1.166698e-02 4.275228e-03 -1.211648e-03
          -1.166900e-02 4.270526e-03 -3.029880e-03
          -1.166584e-02 3.987487e-03 -3.027260e-04
          -1.166617e-02 3.987057e-03 -6.057086e-04
          -1.166669e-02 3.986381e-03 -9.086637e-04
          -1.166702e-02 3.985952e-03 -1.211646e-03
          -1.166916e-02 3.963757e-03 -1.514512e-03
          -1.166916e-02 3.963745e-03 -1.817544e-03
          -1.166917e-02 3.963734e-03 -2.120575e-03
          -1.166873e-02 3.982113e-03 -2.726819e-03
          -1.166906e-02 3.981273e-03 -3.029879e-03
          -1.167097e-02 3.958964e-03 -3.938901e-03
          -1.167402e-02 3.705947e-03 -1.211345e-03
          -1.166802e-02 3.695751e-03 -1.817657e-03
          -1.166803e-02 3.695739e-03 -2.120689e-03
          -1.167553e-02 3.702251e-03 -2.423579e-03
          -1.167535e-02 3.411057e-03 -9.081502e-04
          -1.167405e-02 3.416667e-03 -1.211344e-03
          -1.167409e-02 3.127387e-03 -1.211343e-03
          -1.167412e-02 2.838107e-03 -1.211343e-03
          -1.167487e-02 2.547499e-03 -1.211424e-03
          -1.167748e-02 2.260753e-03 -9.081128e-04
          -1.167843e-02 2.258745e-03 -1.211380e-03
          -1.168207e-02 1.971749e-03 -9.080831e-04
          -1.168234e-02 1.971012e-03 -1.211271e-03
          -1.167867e-02 1.661968e-03 -3.016843e-04
          -1.168500e-02 1.684905e-03 -6.047200e-04
          -1.168542e-02 1.683790e-03 -9.079893e-04
          -1.168569e-02 1.683054e-03 -1.211177e-03
          -1.168028e-02 1.658637e-03 -1.514240e-03
          -1.168028e-02 1.658623e-03 -1.817273e-03
          -1.168481e-02 1.396242e-03 -3.015510e-04
          -1.168505e-02 1.395607e-03 -6.047169e-04
          -1.168546e-02 1.394492e-03 -9.079863e-04
          -1.168574e-02 1.393756e-03 -1.211174e-03
          -1.168033e-02 1.369339e-03 -1.514237e-03
          -1.168033e-02 1.369324e-03 -1.817271e-03
          -1.168033e-02 1.369309e-03 -2.120304e-03
          -1.168034e-02 1.369294e-03 -2.423338e-03
          -1.168089e-02 1.365945e-03 -2.726562e-03
          -1.168089e-02 1.365922e-03 -3.029593e-03
          -1.168089e-02 1.365898e-03 -3.332625e-03
          -1.168145e-02 1.362523e-03 -3.938881e-03
          -1.168145e-02 1.362500e-03 -4.241914e-03
          -1.169624e-02 1.102069e-03 -1.210806e-03
          -1.169632e-02 1.101690e-03 -2.423023e-03
          -1.169548e-02 1.096089e-03 -3.635741e-03
          -1.169620e-02 1.089054e-03 -4.848413e-03
          -1.170704e-02 -5.530488e-05 -1.210423e-03
          -1.169686e-02 -6.044763e-05 -3.635991e-03
          -1.170619e-02 -3.432778e-04 -9.069778e-04
          -1.170709e-02 -3.446290e-04 -1.210420e-03
          -1.170338e-02 -6.320405e-04 -6.033478e-04
          -1.170709e-02 -6.330907e-04 -9.070080e-04
          -1.170713e-02 -6.339531e-04 -1.210416e-03
          -1.170707e-02 -9.210986e-04 -6.033963e-04
          -1.170713e-02 -9.224147e-04 -9.070048e-04
          -1.170717e-02 -9.232772e-04 -1.210413e-03
          -1.170658e-02 -9.297829e-04 -3.029583e-03
          -1.170612e-02 -9.332384e-04 -3.332942e-03
          -1.170718e-02 -1.211915e-03 -1.210108e-03
          -1.170601e-02 -1.223710e-03 -3.636080e-03
          -1.171608e-02 -1.505757e-03 -1.208369e-03
          -1.170751e-02 -1.507038e-03 -1.816244e-03
          -1.170751e-02 -1.507053e-03 -2.119279e-03
          -1.171409e-02 -1.512564e-03 -2.422043e-03
          -1.171612e-02 -1.795083e-03 -1.208367e-03
          -1.171616e-02 -2.084409e-03 -1.208365e-03
          -1.171620e-02 -2.373735e-03 -1.208363e-03
          -1.171629e-02 -2.666006e-03 -1.209787e-03
          -1.171896e-02 -2.958394e-03 -9.060111e-04
          -1.171881e-02 -2.959058e-03 -1.209500e-03
          -1.172183e-02 -3.250534e-03 -6.019441e-04
          -1.172276e-02 -3.540626e-03 -2.985093e-04
          -1.172266e-02 -3.541076e-03 -6.018491e-04
          -1.172201e-02 -3.832393e-03 -2.421267e-03
          -1.172099e-02 -3.836252e-03 -3.634551e-03
          -1.173136e-02 -5.308143e-03 -4.847198e-03
          -1.173384e-02 -5.588465e-03 -9.038810e-04
          -1.173383e-02 -5.588479e-03 -1.206920e-03
          -1.173137e-02 -5.597523e-03 -4.847192e-03
          -1.173819e-02 -5.877705e-03 -2.971925e-04
          -1.173840e-02 -5.877782e-03 -6.002399e-04
          -1.173839e-02 -5.877799e-03 -9.032809e-04
          -1.173839e-02 -5.877817e-03 -1.206322e-03
          -1.173815e-02 -5.877835e-03 -1.509393e-03
          -1.173815e-02 -5.877850e-03 -1.812434e-03
          -1.173814e-02 -5.877865e-03 -2.115476e-03
          -1.173813e-02 -5.877882e-03 -2.418519e-03
          -1.173139e-02 -5.886898e-03 -4.847187e-03
          -1.173864e-02 -6.167150e-03 -2.971649e-04
          -1.173864e-02 -6.167168e-03 -6.002059e-04
          -1.173863e-02 -6.167186e-03 -9.032469e-04
          -1.173863e-02 -6.167203e-03 -1.206288e-03
          -1.173863e-02 -6.167218e-03 -1.509329e-03
          -1.173862e-02 -6.167231e-03 -1.812370e-03
          -1.173861e-02 -6.167245e-03 -2.115412e-03
          -1.173860e-02 -6.167261e-03 -2.418456e-03
          -1.173141e-02 -6.176269e-03 -4.847182e-03
          -1.173866e-02 -6.456537e-03 -2.971603e-04
          -1.173866e-02 -6.456555e-03 -6.002012e-04
          -1.173865e-02 -6.456572e-03 -9.032422e-04
          -1.173865e-02 -6.456589e-03 -1.206283e-03
          -1.173864e-02 -6.456601e-03 -1.509324e-03
          -1.173864e-02 -6.456613e-03 -1.812365e-03
          -1.173863e-02 -6.456626e-03 -2.115407e-03
          -1.173862e-02 -6.456642e-03 -2.418451e-03
          -1.173143e-02 -6.465640e-03 -4.847177e-03
          -1.173868e-02 -6.745923e-03 -2.971556e-04
          -1.173868e-02 -6.745940e-03 -6.001965e-04
          -1.173867e-02 -6.745956e-03 -9.032374e-04
          -1.173867e-02 -6.745969e-03 -1.206278e-03
          -1.173866e-02 -6.745981e-03 -1.509319e-03
          -1.173866e-02 -6.745993e-03 -1.812360e-03
          -1.173865e-02 -6.746006e-03 -2.115402e-03
          -1.173864e-02 -6.746022e-03 -2.418446e-03
          -1.173145e-02 -6.755009e-03 -4.847172e-03
          -1.173870e-02 -7.035308e-03 -2.971509e-04
          -1.173870e-02 -7.035324e-03 -6.001918e-04
          -1.173869e-02 -7.035336e-03 -9.032325e-04
          -1.173869e-02 -7.035349e-03 -1.206273e-03
          -1.173868e-02 -7.035361e-03 -1.509314e-03
          -1.173867e-02 -7.035372e-03 -1.812355e-03
          -1.173867e-02 -7.035386e-03 -2.115397e-03
          -1.173866e-02 -7.035402e-03 -2.418441e-03
          -1.173147e-02 -7.044379e-03 -4.847167e-03
          -1.173872e-02 -7.324694e-03 -2.971463e-04
          -1.173871e-02 -7.324706e-03 -6.001870e-04
          -1.173871e-02 -7.324717e-03 -9.032276e-04
          -1.173870e-02 -7.324729e-03 -1.206268e-03
          -1.173870e-02 -7.324741e-03 -1.509309e-03
          -1.173869e-02 -7.324752e-03 -1.812350e-03
          -1.173868e-02 -7.324766e-03 -2.115392e-03
          -1.173868e-02 -7.324782e-03 -2.418436e-03
          -1.171704e-02 -7.324962e-03 -2.724283e-03
          -1.173149e-02 -7.333748e-03 -4.847162e-03
          -1.173874e-02 -7.614076e-03 -2.971415e-04
          -1.173873e-02 -7.614087e-03 -6.001821e-04
          -1.173873e-02 -7.614098e-03 -9.032227e-04
          -1.173872e-02 -7.614109e-03 -1.206263e-03
          -1.173872e-02 -7.614120e-03 -1.509304e-03
          -1.173871e-02 -7.614132e-03 -1.812345e-03
          -1.173870e-02 -7.614145e-03 -2.115387e-03
          -1.173869e-02 -7.614161e-03 -2.418431e-03
          -1.171509e-02 -7.618550e-03 -2.725685e-03
          -1.171508e-02 -7.618566e-03 -3.028724e-03
          -1.171507e-02 -7.618581e-03 -3.331763e-03
          -1.171506e-02 -7.618596e-03 -3.634802e-03
          -1.171505e-02 -7.618612e-03 -3.937842e-03
          -1.173151e-02 -7.623117e-03 -4.847157e-03
          -1.173763e-02 -7.907082e-03 -2.970392e-04
          -1.173762e-02 -7.907093e-03 -6.000798e-04
          -1.173762e-02 -7.907104e-03 -9.031205e-04
          -1.173761e-02 -7.907115e-03 -1.206161e-03
          -1.173761e-02 -7.907126e-03 -1.509202e-03
          -1.173760e-02 -7.907137e-03 -1.812242e-03
          -1.173759e-02 -7.907150e-03 -2.115284e-03
          -1.173331e-02 -7.908806e-03 -2.723944e-03
          -1.173330e-02 -7.908821e-03 -3.026983e-03
          -1.173328e-02 -7.908836e-03 -3.330023e-03
          -1.173327e-02 -7.908852e-03 -3.633062e-03
          -1.173326e-02 -7.908867e-03 -3.936101e-03
          -1.173323e-02 -7.908905e-03 -4.239148e-03
          -1.173070e-02 -7.911635e-03 -4.543088e-03
          -1.173155e-02 -7.914630e-03 -4.846582e-03
          -1.173525e-02 -8.204283e-03 -2.968209e-04
          -1.173525e-02 -8.204293e-03 -5.998613e-04
          -1.173524e-02 -8.204304e-03 -9.029018e-04
          -1.173524e-02 -8.204315e-03 -1.205942e-03
          -1.173523e-02 -8.204326e-03 -1.508983e-03
          -1.173523e-02 -8.204337e-03 -1.812023e-03
          -1.173164e-02 -8.208615e-03 -4.845328e-03
          -1.173335e-02 -8.499929e-03 -2.966456e-04
          -1.173334e-02 -8.499940e-03 -5.996860e-04
          -1.173334e-02 -8.499951e-03 -9.027263e-04
          -1.173333e-02 -8.499961e-03 -1.205767e-03
          -1.173333e-02 -8.499972e-03 -1.508807e-03
          -1.173172e-02 -8.501683e-03 -4.844321e-03
          -1.173334e-02 -8.789308e-03 -2.966438e-04
          -1.173333e-02 -8.789319e-03 -5.996840e-04
          -1.173333e-02 -8.789329e-03 -9.027241e-04
          -1.173332e-02 -8.789340e-03 -1.205764e-03
          -1.173172e-02 -8.791050e-03 -4.844318e-03
          -1.173333e-02 -9.078687e-03 -2.966420e-04
          -1.173332e-02 -9.078698e-03 -5.996820e-04
          -1.173332e-02 -9.078708e-03 -9.027220e-04
          -1.173171e-02 -9.080417e-03 -4.844315e-03
          -1.173331e-02 -9.368067e-03 -2.966402e-04
          -1.173331e-02 -9.368077e-03 -5.996801e-04
          -1.173171e-02 -9.369785e-03 -4.844311e-03
          -1.173330e-02 -9.657447e-03 -2.966384e-04
          -1.173170e-02 -9.659153e-03 -4.844308e-03
          -1.173170e-02 -9.948520e-03 -4.844305e-03
          -1.195240e-02 8.875635e-03 -1.212586e-03
          -1.196826e-02 7.711318e-03 -1.044636e-06
          -1.196830e-02 7.422110e-03 -1.040939e-06
          -1.195494e-02 7.149455e-03 -9.091827e-04
          -1.195538e-02 7.149062e-03 -1.212029e-03
          -1.195477e-02 6.860928e-03 -6.062623e-04
          -1.195508e-02 6.860658e-03 -9.091667e-04
          -1.196367e-02 4.848900e-03 -1.211623e-03
          -1.196318e-02 4.560316e-03 -9.086666e-04
          -1.196371e-02 4.559626e-03 -1.211621e-03
          -1.196585e-02 4.554601e-03 -3.332904e-03
          -1.196288e-02 4.271474e-03 -6.056813e-04
          -1.196321e-02 4.271042e-03 -9.086645e-04
          -1.196374e-02 4.270352e-03 -1.211619e-03
          -1.196291e-02 3.982210e-03 -3.026482e-04
          -1.196292e-02 3.982201e-03 -6.056790e-04
          -1.196325e-02 3.981769e-03 -9.086624e-04
          -1.196378e-02 3.981078e-03 -1.211617e-03
          -1.197189e-02 3.699822e-03 -1.211285e-03
          -1.197386e-02 3.693730e-03 -2.423472e-03
          -1.197193e-02 3.410547e-03 -1.211283e-03
          -1.197405e-02 3.398943e-03 -4.242194e-03
          -1.197197e-02 3.121273e-03 -1.211281e-03
          -1.197201e-02 2.831998e-03 -1.211280e-03
          -1.197635e-02 2.544684e-03 -1.210972e-03
          -1.198062e-02 2.256275e-03 -1.210905e-03
          -1.198329e-02 1.969368e-03 -9.075396e-04
          -1.198372e-02 1.968211e-03 -1.210818e-03
          -1.198311e-02 1.680706e-03 -6.043697e-04
          -1.198334e-02 1.680070e-03 -9.075364e-04
          -1.198377e-02 1.678911e-03 -1.210815e-03
          -1.198315e-02 1.391421e-03 -3.013335e-04
          -1.198316e-02 1.391407e-03 -6.043663e-04
          -1.198340e-02 1.390771e-03 -9.075333e-04
          -1.198383e-02 1.389612e-03 -1.210812e-03
          -1.197743e-02 1.365026e-03 -1.514102e-03
          -1.197744e-02 1.365012e-03 -1.817135e-03
          -1.197744e-02 1.364999e-03 -2.120168e-03
          -1.197744e-02 1.364985e-03 -2.423202e-03
          -1.197804e-02 1.362021e-03 -2.726472e-03
          -1.197804e-02 1.361996e-03 -3.029505e-03
          -1.197804e-02 1.361972e-03 -3.332537e-03
          -1.197847e-02 1.359329e-03 -3.938752e-03
          -1.198365e-02 4.921195e-04 -3.938745e-03
          -1.200058e-02 -5.976554e-05 -1.210433e-03
          -1.199410e-02 -6.433492e-05 -3.635744e-03
          -1.200025e-02 -3.475705e-04 -9.067981e-04
          -1.200063e-02 -3.490919e-04 -1.210430e-03
          -1.200062e-02 -6.370770e-04 -9.068070e-04
          -1.200067e-02 -6.384183e-04 -1.210426e-03
          -1.200008e-02 -6.454678e-04 -3.332677e-03
          -1.200063e-02 -9.257017e-04 -6.034662e-04
          -1.200066e-02 -9.264032e-04 -9.068037e-04
          -1.200072e-02 -9.276981e-04 -1.210403e-03
          -1.200026e-02 -9.338018e-04 -3.029549e-03
          -1.200012e-02 -9.347937e-04 -3.332675e-03
          -1.200022e-02 -1.217160e-03 -3.004121e-04
          -1.200023e-02 -1.217175e-03 -6.034471e-04
          -1.200026e-02 -1.217877e-03 -9.067847e-04
          -1.200060e-02 -1.218050e-03 -1.210356e-03
          -1.201004e-02 -1.511837e-03 -1.208782e-03
          -1.201008e-02 -1.801164e-03 -1.208779e-03
          -1.201013e-02 -2.090490e-03 -1.208776e-03
          -1.201019e-02 -2.379494e-03 -1.208652e-03
          -1.201408e-02 -2.673832e-03 -1.209005e-03
          -1.201684e-02 -2.965837e-03 -9.049617e-04
          -1.201661e-02 -2.966887e-03 -1.208718e-03
          -1.201773e-02 -3.255818e-03 -6.015070e-04
          -1.201763e-02 -3.256305e-03 -9.048722e-04
          -1.201739e-02 -3.257354e-03 -1.208628e-03
          -1.201776e-02 -3.545153e-03 -2.984668e-04
          -1.201776e-02 -3.545167e-03 -6.015031e-04
          -1.201766e-02 -3.545654e-03 -9.048684e-04
          -1.201742e-02 -3.546703e-03 -1.208625e-03
          -1.202526e-02 -5.299205e-03 -1.207543e-03
          -1.202976e-02 -5.588471e-03 -2.978234e-04
          -1.202976e-02 -5.588488e-03 -6.008641e-04
          -1.202980e-02 -5.588517e-03 -9.039062e-04
          -1.202979e-02 -5.588534e-03 -1.206947e-03
          -1.202974e-02 -5.588551e-03 -1.509994e-03
          -1.202974e-02 -5.588568e-03 -1.813035e-03
          -1.203022e-02 -5.591587e-03 -2.115903e-03
          -1.203021e-02 -5.591602e-03 -2.418944e-03
          -1.202987e-02 -5.877867e-03 -2.978141e-04
          -1.202986e-02 -5.877884e-03 -6.008549e-04
          -1.202986e-02 -5.877901e-03 -9.038957e-04
          -1.202985e-02 -5.877917e-03 -1.206937e-03
          -1.202985e-02 -5.877934e-03 -1.509977e-03
          -1.203024e-02 -5.880953e-03 -1.812857e-03
          -1.203024e-02 -5.880966e-03 -2.115898e-03
          -1.203023e-02 -5.880981e-03 -2.418940e-03
          -1.202989e-02 -6.167252e-03 -2.978095e-04
          -1.202988e-02 -6.167268e-03 -6.008503e-04
          -1.202988e-02 -6.167284e-03 -9.038911e-04
          -1.202987e-02 -6.167300e-03 -1.206932e-03
          -1.203027e-02 -6.170319e-03 -1.509812e-03
          -1.203026e-02 -6.170332e-03 -1.812852e-03
          -1.203026e-02 -6.170345e-03 -2.115893e-03
          -1.203025e-02 -6.170359e-03 -2.418935e-03
          -1.202991e-02 -6.456636e-03 -2.978049e-04
          -1.202990e-02 -6.456652e-03 -6.008457e-04
          -1.202990e-02 -6.456668e-03 -9.038864e-04
          -1.203029e-02 -6.459686e-03 -1.206766e-03
          -1.203028e-02 -6.459699e-03 -1.509807e-03
          -1.203028e-02 -6.459711e-03 -1.812847e-03
          -1.203027e-02 -6.459724e-03 -2.115888e-03
          -1.203027e-02 -6.459738e-03 -2.418930e-03
          -1.202993e-02 -6.746021e-03 -2.978003e-04
          -1.202992e-02 -6.746037e-03 -6.008410e-04
          -1.203031e-02 -6.749055e-03 -9.037209e-04
          -1.203031e-02 -6.749067e-03 -1.206761e-03
          -1.203030e-02 -6.749079e-03 -1.509802e-03
          -1.203030e-02 -6.749091e-03 -1.812843e-03
          -1.203029e-02 -6.749103e-03 -2.115883e-03
          -1.203029e-02 -6.749117e-03 -2.418925e-03
          -1.202994e-02 -7.035405e-03 -2.977957e-04
          -1.203034e-02 -7.038423e-03 -6.006755e-04
          -1.203033e-02 -7.038435e-03 -9.037160e-04
          -1.203033e-02 -7.038447e-03 -1.206757e-03
          -1.203032e-02 -7.038458e-03 -1.509797e-03
          -1.203032e-02 -7.038470e-03 -1.812838e-03
          -1.203031e-02 -7.038482e-03 -2.115878e-03
          -1.203030e-02 -7.038495e-03 -2.418920e-03
          -1.203036e-02 -7.327793e-03 -2.976301e-04
          -1.203035e-02 -7.327804e-03 -6.006707e-04
          -1.203035e-02 -7.327816e-03 -9.037112e-04
          -1.203034e-02 -7.327827e-03 -1.206752e-03
          -1.203034e-02 -7.327838e-03 -1.509792e-03
          -1.203033e-02 -7.327849e-03 -1.812833e-03
          -1.203033e-02 -7.327861e-03 -2.115874e-03
          -1.203032e-02 -7.327874e-03 -2.418915e-03
          -1.201279e-02 -7.325979e-03 -2.724602e-03
          -1.203057e-02 -7.616787e-03 -2.972628e-04
          -1.203056e-02 -7.616798e-03 -6.003033e-04
          -1.203056e-02 -7.616809e-03 -9.033439e-04
          -1.203055e-02 -7.616820e-03 -1.206384e-03
          -1.203055e-02 -7.616831e-03 -1.509425e-03
          -1.203054e-02 -7.616842e-03 -1.812465e-03
          -1.203054e-02 -7.616853e-03 -2.115506e-03
          -1.203053e-02 -7.616866e-03 -2.418548e-03
          -1.202808e-02 -7.916265e-03 -2.969478e-04
          -1.202807e-02 -7.916276e-03 -5.999882e-04
          -1.202807e-02 -7.916287e-03 -9.030286e-04
          -1.202806e-02 -7.916298e-03 -1.206069e-03
          -1.202806e-02 -7.916308e-03 -1.509109e-03
          -1.202805e-02 -7.916319e-03 -1.812150e-03
          -1.202805e-02 -7.916330e-03 -2.115190e-03
          -1.202622e-02 -8.211762e-03 -2.967767e-04
          -1.202621e-02 -8.211772e-03 -5.998170e-04
          -1.202621e-02 -8.211783e-03 -9.028572e-04
          -1.202620e-02 -8.211793e-03 -1.205897e-03
          -1.202620e-02 -8.211804e-03 -1.508938e-03
          -1.202619e-02 -8.211814e-03 -1.811978e-03
          -1.226815e-02 7.993317e-03 -9.875923e-07
          -1.226874e-02 7.706728e-03 -8.366696e-07
          -1.225610e-02 7.437410e-03 -1.211791e-03
          -1.225588e-02 7.148679e-03 -9.088767e-04
          -1.225619e-02 7.148408e-03 -1.211781e-03
          -1.225591e-02 6.859425e-03 -9.088735e-04
          -1.225622e-02 6.859153e-03 -1.211778e-03
          -1.226102e-02 6.838982e-03 -1.817904e-03
          -1.226103e-02 6.838974e-03 -2.120933e-03
          -1.226104e-02 6.838966e-03 -2.423963e-03
          -1.226141e-02 6.838513e-03 -2.727010e-03
          -1.226175e-02 6.838005e-03 -3.030031e-03
          -1.226104e-02 6.549734e-03 -1.514871e-03
          -1.226105e-02 6.549725e-03 -1.817901e-03
          -1.226106e-02 6.549717e-03 -2.120931e-03
          -1.226107e-02 6.549708e-03 -2.423961e-03
          -1.226177e-02 6.548762e-03 -2.726998e-03
          -1.226178e-02 6.548747e-03 -3.030029e-03
          -1.226178e-02 6.548732e-03 -3.333059e-03
          -1.226179e-02 6.548716e-03 -3.636090e-03
          -1.226213e-02 6.548207e-03 -3.939110e-03
          -1.226214e-02 6.548188e-03 -4.242141e-03
          -1.226252e-02 6.263897e-03 -1.514750e-03
          -1.226333e-02 6.262848e-03 -2.726874e-03
          -1.226275e-02 5.975888e-03 -9.086597e-04
          -1.226299e-02 5.975581e-03 -1.211682e-03
          -1.226304e-02 5.975521e-03 -1.514711e-03
          -1.226305e-02 5.975513e-03 -1.817741e-03
          -1.226333e-02 5.975155e-03 -2.120762e-03
          -1.226327e-02 5.971341e-03 -3.939059e-03
          -1.226328e-02 5.971321e-03 -4.242090e-03
          -1.226278e-02 5.686641e-03 -6.056270e-04
          -1.226278e-02 5.686632e-03 -9.086569e-04
          -1.226302e-02 5.686324e-03 -1.211679e-03
          -1.226307e-02 5.686265e-03 -1.514708e-03
          -1.226335e-02 5.685907e-03 -1.817729e-03
          -1.226336e-02 5.685898e-03 -2.120759e-03
          -1.226337e-02 5.685889e-03 -2.423789e-03
          -1.226374e-02 5.685434e-03 -2.726837e-03
          -1.226375e-02 5.685417e-03 -3.029867e-03
          -1.226336e-02 5.684096e-03 -3.635967e-03
          -1.226330e-02 5.682078e-03 -3.939057e-03
          -1.226331e-02 5.682057e-03 -4.242088e-03
          -1.226434e-02 5.399177e-03 -3.023670e-04
          -1.226447e-02 5.399030e-03 -6.054023e-04
          -1.226447e-02 5.399021e-03 -9.084324e-04
          -1.226470e-02 5.398730e-03 -1.211455e-03
          -1.226480e-02 5.398603e-03 -1.514482e-03
          -1.226504e-02 5.398295e-03 -1.817505e-03
          -1.226505e-02 5.398286e-03 -2.120535e-03
          -1.226506e-02 5.398276e-03 -2.423565e-03
          -1.226377e-02 5.396175e-03 -2.726834e-03
          -1.226378e-02 5.396155e-03 -3.029865e-03
          -1.226378e-02 5.396133e-03 -3.332897e-03
          -1.226339e-02 5.394833e-03 -3.635965e-03
          -1.226333e-02 5.392813e-03 -3.939056e-03
          -1.226442e-02 5.394452e-03 -4.242039e-03
          -1.226443e-02 5.394430e-03 -4.545070e-03
          -1.228039e-02 2.537921e-03 -1.210211e-03
          -1.227563e-02 2.512406e-03 -2.726239e-03
          -1.227563e-02 2.512376e-03 -3.029271e-03
          -1.227564e-02 2.512345e-03 -3.332303e-03
          -1.227574e-02 2.511745e-03 -3.635368e-03
          -1.227601e-02 2.510091e-03 -3.938494e-03
          -1.227602e-02 2.510060e-03 -4.241527e-03
          -1.227602e-02 2.510029e-03 -4.544559e-03
          -1.228353e-02 2.249234e-03 -1.210163e-03
          -1.227519e-02 2.224192e-03 -2.422934e-03
          -1.227570e-02 2.223107e-03 -2.726236e-03
          -1.227570e-02 2.223077e-03 -3.029269e-03
          -1.227571e-02 2.223045e-03 -3.332301e-03
          -1.227589e-02 2.221919e-03 -3.635397e-03
          -1.227608e-02 2.220792e-03 -3.938493e-03
          -1.227608e-02 2.220760e-03 -4.241525e-03
          -1.227609e-02 2.220729e-03 -4.544558e-03
          -1.228334e-02 1.960619e-03 -9.069824e-04
          -1.228360e-02 1.959938e-03 -1.210158e-03
          -1.227525e-02 1.934911e-03 -2.119898e-03
          -1.227526e-02 1.934893e-03 -2.422932e-03
          -1.227576e-02 1.933807e-03 -2.726234e-03
          -1.227577e-02 1.933777e-03 -3.029267e-03
          -1.227595e-02 1.932650e-03 -3.332363e-03
          -1.227595e-02 1.932619e-03 -3.635395e-03
          -1.227614e-02 1.931492e-03 -3.938491e-03
          -1.227614e-02 1.931460e-03 -4.241524e-03
          -1.227615e-02 1.931428e-03 -4.544557e-03
          -1.228340e-02 1.671340e-03 -6.039448e-04
          -1.228341e-02 1.671323e-03 -9.069779e-04
          -1.228367e-02 1.670642e-03 -1.210154e-03
          -1.227531e-02 1.645631e-03 -1.816861e-03
          -1.227532e-02 1.645612e-03 -2.119895e-03
          -1.227533e-02 1.645593e-03 -2.422929e-03
          -1.227583e-02 1.644508e-03 -2.726232e-03
          -1.227601e-02 1.643383e-03 -3.029328e-03
          -1.227602e-02 1.643351e-03 -3.332361e-03
          -1.227602e-02 1.643319e-03 -3.635394e-03
          -1.227620e-02 1.642192e-03 -3.938489e-03
          -1.227621e-02 1.642160e-03 -4.241523e-03
          -1.227621e-02 1.642127e-03 -4.544556e-03
          -1.227621e-02 1.642094e-03 -4.847590e-03
          -1.228347e-02 1.382044e-03 -6.039401e-04
          -1.228348e-02 1.382027e-03 -9.069733e-04
          -1.228373e-02 1.381345e-03 -1.210150e-03
          -1.227538e-02 1.356351e-03 -1.513823e-03
          -1.227538e-02 1.356332e-03 -1.816858e-03
          -1.227539e-02 1.356313e-03 -2.119893e-03
          -1.227539e-02 1.356294e-03 -2.422927e-03
          -1.227607e-02 1.354113e-03 -2.726293e-03
          -1.227608e-02 1.354083e-03 -3.029326e-03
          -1.227608e-02 1.354051e-03 -3.332359e-03
          -1.227608e-02 1.354019e-03 -3.635392e-03
          -1.227627e-02 1.352892e-03 -3.938488e-03
          -1.227627e-02 1.352859e-03 -4.241522e-03
          -1.227627e-02 1.352826e-03 -4.544556e-03
          -1.227627e-02 1.352793e-03 -4.847590e-03
          -1.228009e-02 1.069028e-03 -1.210447e-03
          -1.227992e-02 1.068428e-03 -1.513504e-03
          -1.227993e-02 1.068409e-03 -1.816539e-03
          -1.227993e-02 1.068390e-03 -2.119574e-03
          -1.228028e-02 1.068194e-03 -2.422785e-03
          -1.228060e-02 1.066535e-03 -2.726094e-03
          -1.228061e-02 1.066505e-03 -3.029127e-03
          -1.228061e-02 1.066473e-03 -3.332160e-03
          -1.227989e-02 1.066305e-03 -3.635255e-03
          -1.227846e-02 1.063959e-03 -3.938477e-03
          -1.227846e-02 1.063926e-03 -4.241511e-03
          -1.227846e-02 1.063893e-03 -4.544545e-03
          -1.227998e-02 7.798721e-04 -9.072484e-04
          -1.228011e-02 7.792926e-04 -1.210430e-03
          -1.228014e-02 7.791527e-04 -1.513497e-03
          -1.228015e-02 7.791335e-04 -1.816532e-03
          -1.228031e-02 7.784333e-04 -2.119745e-03
          -1.228031e-02 7.784141e-04 -2.422780e-03
          -1.228081e-02 7.773282e-04 -2.726083e-03
          -1.228081e-02 7.772978e-04 -3.029116e-03
          -1.228081e-02 7.772653e-04 -3.332150e-03
          -1.227978e-02 7.765511e-04 -3.635247e-03
          -1.227852e-02 7.745846e-04 -3.938485e-03
          -1.227852e-02 7.745516e-04 -4.241519e-03
          -1.228065e-02 7.748125e-04 -4.544551e-03
          -1.228065e-02 7.747794e-04 -4.847585e-03
          -1.228028e-02 4.905812e-04 -6.041864e-04
          -1.228028e-02 4.905617e-04 -9.072216e-04
          -1.228041e-02 4.899820e-04 -1.210403e-03
          -1.228044e-02 4.898419e-04 -1.513470e-03
          -1.228060e-02 4.891415e-04 -1.816684e-03
          -1.228061e-02 4.891220e-04 -2.119719e-03
          -1.228061e-02 4.891026e-04 -2.422754e-03
          -1.228088e-02 4.880290e-04 -2.726081e-03
          -1.228088e-02 4.879982e-04 -3.029114e-03
          -1.228088e-02 4.879650e-04 -3.332149e-03
          -1.227984e-02 4.872506e-04 -3.635246e-03
          -1.227858e-02 4.852840e-04 -3.938484e-03
          -1.228071e-02 4.855448e-04 -4.241516e-03
          -1.228071e-02 4.855116e-04 -4.544550e-03
          -1.228071e-02 4.854784e-04 -4.847585e-03
          -1.228341e-02 2.014803e-04 -3.007364e-04
          -1.228358e-02 2.011111e-04 -6.038604e-04
          -1.228358e-02 2.010914e-04 -9.068958e-04
          -1.228371e-02 2.005115e-04 -1.210078e-03
          -1.228390e-02 1.996902e-04 -1.513323e-03
          -1.228390e-02 1.996705e-04 -1.816358e-03
          -1.228391e-02 1.996508e-04 -2.119394e-03
          -1.228391e-02 1.996311e-04 -2.422429e-03
          -1.228094e-02 1.987278e-04 -2.726079e-03
          -1.228094e-02 1.986962e-04 -3.029113e-03
          -1.228093e-02 1.986628e-04 -3.332147e-03
          -1.227990e-02 1.979484e-04 -3.635245e-03
          -1.228042e-02 1.962273e-04 -3.938481e-03
          -1.228077e-02 1.962423e-04 -4.241515e-03
          -1.228076e-02 1.962089e-04 -4.544550e-03
          -1.228076e-02 1.961755e-04 -4.847584e-03
          -1.229674e-02 -2.406183e-03 -2.725525e-03
          -1.229566e-02 -2.696379e-03 -2.421749e-03
          -1.229571e-02 -2.697863e-03 -2.725356e-03
          -1.229570e-02 -2.697891e-03 -3.028392e-03
          -1.229569e-02 -2.697922e-03 -3.331428e-03
          -1.229596e-02 -2.697957e-03 -3.634733e-03
          -1.229513e-02 -2.700030e-03 -3.937840e-03
          -1.229512e-02 -2.700060e-03 -4.240876e-03
          -1.229512e-02 -2.700090e-03 -4.543911e-03
          -1.229570e-02 -2.985720e-03 -2.118707e-03
          -1.229569e-02 -2.985737e-03 -2.421745e-03
          -1.229575e-02 -2.987220e-03 -2.725352e-03
          -1.229574e-02 -2.987248e-03 -3.028388e-03
          -1.229546e-02 -2.988302e-03 -3.331594e-03
          -1.229545e-02 -2.988331e-03 -3.634630e-03
          -1.229517e-02 -2.989385e-03 -3.937836e-03
          -1.229516e-02 -2.989414e-03 -4.240872e-03
          -1.229574e-02 -3.275062e-03 -1.815663e-03
          -1.229573e-02 -3.275078e-03 -2.118702e-03
          -1.229573e-02 -3.275095e-03 -2.421740e-03
          -1.229578e-02 -3.276578e-03 -2.725348e-03
          -1.229572e-02 -3.276818e-03 -3.028419e-03
          -1.229549e-02 -3.277658e-03 -3.331590e-03
          -1.229549e-02 -3.277687e-03 -3.634626e-03
          -1.229521e-02 -3.278740e-03 -3.937832e-03
          -1.229520e-02 -3.278769e-03 -4.240868e-03
          -1.229578e-02 -3.564404e-03 -1.512620e-03
          -1.229577e-02 -3.564420e-03 -1.815659e-03
          -1.229577e-02 -3.564437e-03 -2.118697e-03
          -1.229577e-02 -3.564453e-03 -2.421736e-03
          -1.229582e-02 -3.565935e-03 -2.725343e-03
          -1.229554e-02 -3.566986e-03 -3.028550e-03
          -1.229553e-02 -3.567014e-03 -3.331586e-03
          -1.229552e-02 -3.567042e-03 -3.634622e-03
          -1.229524e-02 -3.568095e-03 -3.937828e-03
          -1.229751e-02 -3.855393e-03 -1.512149e-03
          -1.229751e-02 -3.855409e-03 -1.815188e-03
          -1.229750e-02 -3.855425e-03 -2.118227e-03
          -1.229722e-02 -3.858201e-03 -2.725287e-03
          -1.229721e-02 -3.858227e-03 -3.028324e-03
          -1.229720e-02 -3.858254e-03 -3.331360e-03
          -1.229861e-02 -4.146014e-03 -1.208926e-03
          -1.229858e-02 -4.146127e-03 -1.512022e-03
          -1.229858e-02 -4.146142e-03 -1.815061e-03
          -1.229858e-02 -4.146158e-03 -2.118100e-03
          -1.229846e-02 -4.146641e-03 -2.421418e-03
          -1.229851e-02 -4.148122e-03 -2.725026e-03
          -1.229850e-02 -4.148147e-03 -3.028062e-03
          -1.229849e-02 -4.148174e-03 -3.331099e-03
          -1.229657e-02 -4.148202e-03 -3.937729e-03
          -1.229874e-02 -4.434988e-03 -9.056604e-04
          -1.229865e-02 -4.435373e-03 -1.208921e-03
          -1.229862e-02 -4.435486e-03 -1.512018e-03
          -1.229862e-02 -4.435501e-03 -1.815056e-03
          -1.229850e-02 -4.435984e-03 -2.118375e-03
          -1.229850e-02 -4.435999e-03 -2.421414e-03
          -1.229855e-02 -4.437479e-03 -2.725021e-03
          -1.229854e-02 -4.437504e-03 -3.028058e-03
          -1.229853e-02 -4.437527e-03 -3.331095e-03
          -1.229661e-02 -4.437553e-03 -3.937726e-03
          -1.229660e-02 -4.437575e-03 -4.240763e-03
          -1.229957e-02 -4.725390e-03 -6.024859e-04
          -1.229957e-02 -4.725405e-03 -9.055247e-04
          -1.229947e-02 -4.725790e-03 -1.208785e-03
          -1.229945e-02 -4.725902e-03 -1.511882e-03
          -1.229933e-02 -4.726384e-03 -1.815201e-03
          -1.229933e-02 -4.726399e-03 -2.118240e-03
          -1.229932e-02 -4.726414e-03 -2.421278e-03
          -1.229858e-02 -4.726836e-03 -2.725017e-03
          -1.229858e-02 -4.726858e-03 -3.028054e-03
          -1.229857e-02 -4.726879e-03 -3.331092e-03
          -1.229792e-02 -4.726614e-03 -3.634260e-03
          -1.229664e-02 -4.726903e-03 -3.937723e-03
          -1.230120e-02 -5.016943e-03 -2.989755e-04
          -1.230122e-02 -5.017433e-03 -6.021999e-04
          -1.230122e-02 -5.017448e-03 -9.052388e-04
          -1.230113e-02 -5.017821e-03 -1.208492e-03
          -1.230099e-02 -5.018363e-03 -1.511847e-03
          -1.230099e-02 -5.018378e-03 -1.814886e-03
          -1.230099e-02 -5.018393e-03 -2.117925e-03
          -1.230098e-02 -5.018408e-03 -2.420964e-03
          -1.229862e-02 -5.016187e-03 -2.725013e-03
          -1.229861e-02 -5.016207e-03 -3.028051e-03
          -1.229860e-02 -5.016227e-03 -3.331088e-03
          -1.229795e-02 -5.015962e-03 -3.634257e-03
          -1.229793e-02 -5.017655e-03 -3.937627e-03
          -1.229792e-02 -5.017676e-03 -4.240664e-03
          -1.231791e-02 -5.307963e-03 -2.419845e-03
          -1.231793e-02 -5.597325e-03 -2.116800e-03
          -1.231793e-02 -5.597339e-03 -2.419841e-03
          -1.255815e-02 1.001123e-02 -5.965772e-08
          -1.255140e-02 1.002677e-02 -2.424113e-03
          -1.255816e-02 9.721979e-03 -5.688160e-08
          -1.255817e-02 9.432731e-03 -5.410547e-08
          -1.255818e-02 9.143483e-03 -5.132935e-08
          -1.255819e-02 8.854236e-03 -4.855323e-08
          -1.255680e-02 8.854553e-03 -2.727337e-03
          -1.255821e-02 8.564988e-03 -4.577711e-08
          -1.255503e-02 8.566823e-03 -3.031585e-04
          -1.255682e-02 8.565302e-03 -2.727335e-03
          -1.256713e-02 8.277057e-03 -9.496293e-07
          -1.256774e-02 7.990594e-03 -7.917507e-07
          -1.256092e-02 7.702790e-03 -2.726960e-03
          -1.256093e-02 7.702778e-03 -3.029990e-03
          -1.256094e-02 7.702763e-03 -3.333020e-03
          -1.256095e-02 7.702748e-03 -3.636050e-03
          -1.255619e-02 7.436644e-03 -9.085324e-04
          -1.255620e-02 7.436637e-03 -1.211561e-03
          -1.255620e-02 7.436630e-03 -1.514590e-03
          -1.255621e-02 7.436623e-03 -1.817619e-03
          -1.255622e-02 7.436616e-03 -2.120648e-03
          -1.256039e-02 7.414227e-03 -2.423901e-03
          -1.256096e-02 7.413541e-03 -2.726957e-03
          -1.256097e-02 7.413529e-03 -3.029987e-03
          -1.256098e-02 7.413514e-03 -3.333017e-03
          -1.256099e-02 7.413498e-03 -3.636047e-03
          -1.256100e-02 7.413482e-03 -3.939077e-03
          -1.255622e-02 7.147400e-03 -9.085284e-04
          -1.255623e-02 7.147392e-03 -1.211557e-03
          -1.255624e-02 7.147385e-03 -1.514586e-03
          -1.255624e-02 7.147378e-03 -1.817615e-03
          -1.256042e-02 7.124989e-03 -2.120868e-03
          -1.256043e-02 7.124979e-03 -2.423898e-03
          -1.256099e-02 7.124293e-03 -2.726954e-03
          -1.256100e-02 7.124280e-03 -3.029984e-03
          -1.256101e-02 7.124264e-03 -3.333015e-03
          -1.256102e-02 7.124248e-03 -3.636045e-03
          -1.256103e-02 7.124231e-03 -3.939075e-03
          -1.256104e-02 7.124215e-03 -4.242105e-03
          -1.255626e-02 6.858156e-03 -9.085244e-04
          -1.255626e-02 6.858148e-03 -1.211553e-03
          -1.255627e-02 6.858141e-03 -1.514582e-03
          -1.256045e-02 6.835752e-03 -1.817835e-03
          -1.256045e-02 6.835742e-03 -2.120865e-03
          -1.256046e-02 6.835732e-03 -2.423895e-03
          -1.256103e-02 6.835045e-03 -2.726951e-03
          -1.256104e-02 6.835032e-03 -3.029981e-03
          -1.256105e-02 6.835015e-03 -3.333012e-03
          -1.256106e-02 6.834998e-03 -3.636042e-03
          -1.256107e-02 6.834981e-03 -3.939072e-03
          -1.256108e-02 6.834963e-03 -4.242103e-03
          -1.256109e-02 6.834940e-03 -4.545134e-03
          -1.256110e-02 6.834917e-03 -4.848165e-03
          -1.256047e-02 6.546515e-03 -1.514802e-03
          -1.256048e-02 6.546504e-03 -1.817832e-03
          -1.256049e-02 6.546494e-03 -2.120862e-03
          -1.256050e-02 6.546484e-03 -2.423892e-03
          -1.256107e-02 6.545797e-03 -2.726948e-03
          -1.256107e-02 6.545783e-03 -3.029979e-03
          -1.256108e-02 6.545766e-03 -3.333009e-03
          -1.256109e-02 6.545748e-03 -3.636039e-03
          -1.256110e-02 6.545730e-03 -3.939070e-03
          -1.256111e-02 6.545706e-03 -4.242101e-03
          -1.256112e-02 6.545683e-03 -4.545132e-03
          -1.256113e-02 6.545660e-03 -4.848163e-03
          -1.256050e-02 6.257278e-03 -1.211769e-03
          -1.256051e-02 6.257267e-03 -1.514799e-03
          -1.256052e-02 6.257257e-03 -1.817829e-03
          -1.256053e-02 6.257247e-03 -2.120859e-03
          -1.256054e-02 6.257236e-03 -2.423889e-03
          -1.256110e-02 6.256549e-03 -2.726945e-03
          -1.256111e-02 6.256534e-03 -3.029976e-03
          -1.256112e-02 6.256517e-03 -3.333006e-03
          -1.256113e-02 6.256498e-03 -3.636037e-03
          -1.256114e-02 6.256474e-03 -3.939068e-03
          -1.256115e-02 6.256450e-03 -4.242099e-03
          -1.256116e-02 6.256426e-03 -4.545130e-03
          -1.256117e-02 6.256403e-03 -4.848161e-03
          -1.256053e-02 5.968042e-03 -9.087362e-04
          -1.256054e-02 5.968031e-03 -1.211766e-03
          -1.256055e-02 5.968021e-03 -1.514796e-03
          -1.256055e-02 5.968010e-03 -1.817826e-03
          -1.256056e-02 5.967999e-03 -2.120856e-03
          -1.256057e-02 5.967989e-03 -2.423886e-03
          -1.256114e-02 5.967301e-03 -2.726942e-03
          -1.256115e-02 5.967286e-03 -3.029973e-03
          -1.256116e-02 5.967268e-03 -3.333004e-03
          -1.256117e-02 5.967243e-03 -3.636035e-03
          -1.256118e-02 5.967219e-03 -3.939066e-03
          -1.256119e-02 5.967195e-03 -4.242097e-03
          -1.256120e-02 5.967170e-03 -4.545128e-03
          -1.256121e-02 5.967146e-03 -4.848159e-03
          -1.256215e-02 5.680634e-03 -6.054696e-04
          -1.256227e-02 5.680485e-03 -9.085049e-04
          -1.256228e-02 5.680475e-03 -1.211535e-03
          -1.256229e-02 5.680464e-03 -1.514565e-03
          -1.256230e-02 5.680453e-03 -1.817595e-03
          -1.256231e-02 5.680442e-03 -2.120625e-03
          -1.256231e-02 5.680431e-03 -2.423655e-03
          -1.256117e-02 5.678051e-03 -2.726939e-03
          -1.256118e-02 5.678035e-03 -3.029970e-03
          -1.256119e-02 5.678011e-03 -3.333002e-03
          -1.256120e-02 5.677986e-03 -3.636033e-03
          -1.256121e-02 5.677961e-03 -3.939064e-03
          -1.256122e-02 5.677937e-03 -4.242095e-03
          -1.256123e-02 5.677912e-03 -4.545126e-03
          -1.256124e-02 5.677887e-03 -4.848158e-03
          -1.256417e-02 5.393919e-03 -3.021243e-04
          -1.256443e-02 5.393605e-03 -6.051661e-04
          -1.256455e-02 5.393456e-03 -9.082014e-04
          -1.256456e-02 5.393446e-03 -1.211231e-03
          -1.256457e-02 5.393435e-03 -1.514261e-03
          -1.256458e-02 5.393424e-03 -1.817291e-03
          -1.256459e-02 5.393413e-03 -2.120322e-03
          -1.256459e-02 5.393402e-03 -2.423352e-03
          -1.256121e-02 5.388794e-03 -2.726936e-03
          -1.256122e-02 5.388774e-03 -3.029968e-03
          -1.256123e-02 5.388750e-03 -3.332999e-03
          -1.256124e-02 5.388725e-03 -3.636030e-03
          -1.256125e-02 5.388699e-03 -3.939062e-03
          -1.256126e-02 5.388674e-03 -4.242093e-03
          -1.256127e-02 5.388648e-03 -4.545124e-03
          -1.256128e-02 5.388623e-03 -4.848156e-03
          -1.256338e-02 5.110997e-03 -3.020803e-04
          -1.256538e-02 5.106907e-03 -2.726608e-03
          -1.256344e-02 4.821745e-03 -3.020762e-04
          -1.256866e-02 4.840325e-03 -2.423347e-03
          -1.256543e-02 4.817648e-03 -2.726607e-03
          -1.256980e-02 4.833639e-03 -4.847975e-03
          -1.256350e-02 4.532492e-03 -3.020721e-04
          -1.256871e-02 4.551082e-03 -2.120314e-03
          -1.256872e-02 4.551066e-03 -2.423346e-03
          -1.256549e-02 4.528388e-03 -2.726605e-03
          -1.256356e-02 4.243239e-03 -3.020681e-04
          -1.256876e-02 4.261839e-03 -1.817280e-03
          -1.256877e-02 4.261823e-03 -2.120312e-03
          -1.256878e-02 4.261806e-03 -2.423344e-03
          -1.256555e-02 4.239128e-03 -2.726604e-03
          -1.256361e-02 3.953986e-03 -3.020640e-04
          -1.256561e-02 3.949868e-03 -2.726602e-03
          -1.256367e-02 3.664733e-03 -3.020599e-04
          -1.256566e-02 3.660608e-03 -2.726600e-03
          -1.256241e-02 3.665929e-03 -3.029728e-03
          -1.256373e-02 3.375480e-03 -3.020558e-04
          -1.256572e-02 3.371348e-03 -2.726599e-03
          -1.256246e-02 3.376669e-03 -3.029726e-03
          -1.256570e-02 3.088591e-03 -3.017576e-04
          -1.257060e-02 2.804515e-03 -3.014044e-04
          -1.257079e-02 2.796760e-03 -2.726307e-03
          -1.257257e-02 2.797990e-03 -3.029336e-03
          -1.257257e-02 2.797956e-03 -3.332369e-03
          -1.257258e-02 2.797920e-03 -3.635402e-03
          -1.257259e-02 2.797884e-03 -3.938434e-03
          -1.257259e-02 2.797848e-03 -4.241467e-03
          -1.257543e-02 2.516995e-03 -3.009381e-04
          -1.258017e-02 2.527650e-03 -6.037553e-04
          -1.258233e-02 2.532474e-03 -9.066905e-04
          -1.258234e-02 2.532455e-03 -1.209723e-03
          -1.258234e-02 2.532436e-03 -1.512756e-03
          -1.258235e-02 2.532418e-03 -1.815789e-03
          -1.258236e-02 2.532399e-03 -2.118822e-03
          -1.257334e-02 2.505474e-03 -2.726171e-03
          -1.257334e-02 2.505447e-03 -3.029204e-03
          -1.257335e-02 2.505412e-03 -3.332237e-03
          -1.257336e-02 2.505376e-03 -3.635269e-03
          -1.257336e-02 2.505340e-03 -3.938302e-03
          -1.257337e-02 2.505303e-03 -4.241335e-03
          -1.257338e-02 2.505267e-03 -4.544367e-03
          -1.257338e-02 2.505231e-03 -4.847400e-03
          -1.257551e-02 2.227701e-03 -3.009322e-04
          -1.258241e-02 2.243179e-03 -9.066849e-04
          -1.258242e-02 2.243160e-03 -1.209718e-03
          -1.258242e-02 2.243142e-03 -1.512751e-03
          -1.258243e-02 2.243123e-03 -1.815784e-03
          -1.258244e-02 2.243104e-03 -2.118817e-03
          -1.257267e-02 2.217782e-03 -2.422733e-03
          -1.257342e-02 2.216176e-03 -2.726168e-03
          -1.257342e-02 2.216148e-03 -3.029201e-03
          -1.257343e-02 2.216114e-03 -3.332234e-03
          -1.257343e-02 2.216077e-03 -3.635267e-03
          -1.257344e-02 2.216041e-03 -3.938300e-03
          -1.257345e-02 2.216005e-03 -4.241333e-03
          -1.257345e-02 2.215968e-03 -4.544366e-03
          -1.257345e-02 2.215931e-03 -4.847399e-03
          -1.257559e-02 1.938407e-03 -3.009264e-04
          -1.258249e-02 1.953885e-03 -9.066794e-04
          -1.258250e-02 1.953866e-03 -1.209713e-03
          -1.258250e-02 1.953847e-03 -1.512746e-03
          -1.258251e-02 1.953828e-03 -1.815779e-03
          -1.257274e-02 1.928506e-03 -2.119695e-03
          -1.257275e-02 1.928484e-03 -2.422730e-03
          -1.257349e-02 1.926878e-03 -2.726166e-03
          -1.257350e-02 1.926850e-03 -3.029199e-03
          -1.257350e-02 1.926815e-03 -3.332232e-03
          -1.257351e-02 1.926779e-03 -3.635265e-03
          -1.257351e-02 1.926742e-03 -3.938298e-03
          -1.257352e-02 1.926706e-03 -4.241331e-03
          -1.257352e-02 1.926668e-03 -4.544364e-03
          -1.257352e-02 1.926631e-03 -4.847399e-03
          -1.258257e-02 1.664591e-03 -9.066739e-04
          -1.258258e-02 1.664571e-03 -1.209707e-03
          -1.258258e-02 1.664552e-03 -1.512741e-03
          -1.257281e-02 1.639230e-03 -1.816657e-03
          -1.257282e-02 1.639209e-03 -2.119692e-03
          -1.257283e-02 1.639187e-03 -2.422728e-03
          -1.257357e-02 1.637580e-03 -2.726163e-03
          -1.257358e-02 1.637552e-03 -3.029196e-03
          -1.257358e-02 1.637517e-03 -3.332229e-03
          -1.257359e-02 1.637480e-03 -3.635263e-03
          -1.257359e-02 1.637444e-03 -3.938296e-03
          -1.257359e-02 1.637406e-03 -4.241330e-03
          -1.257359e-02 1.637368e-03 -4.544364e-03
          -1.257359e-02 1.637330e-03 -4.847399e-03
          -1.257288e-02 1.349955e-03 -1.513618e-03
          -1.257289e-02 1.349933e-03 -1.816653e-03
          -1.257290e-02 1.349911e-03 -2.119689e-03
          -1.257290e-02 1.349889e-03 -2.422725e-03
          -1.257365e-02 1.348282e-03 -2.726160e-03
          -1.257365e-02 1.348254e-03 -3.029194e-03
          -1.257366e-02 1.348219e-03 -3.332227e-03
          -1.257366e-02 1.348182e-03 -3.635260e-03
          -1.257366e-02 1.348144e-03 -3.938294e-03
          -1.257366e-02 1.348106e-03 -4.241329e-03
          -1.257366e-02 1.348068e-03 -4.544363e-03
          -1.257366e-02 1.348030e-03 -4.847398e-03
          -1.257583e-02 1.070525e-03 -3.009088e-04
          -1.257296e-02 1.060680e-03 -1.210579e-03
          -1.257296e-02 1.060658e-03 -1.513614e-03
          -1.257297e-02 1.060635e-03 -1.816650e-03
          -1.257298e-02 1.060613e-03 -2.119686e-03
          -1.257298e-02 1.060591e-03 -2.422722e-03
          -1.257373e-02 1.058984e-03 -2.726157e-03
          -1.257373e-02 1.058956e-03 -3.029191e-03
          -1.257373e-02 1.058920e-03 -3.332225e-03
          -1.257374e-02 1.058883e-03 -3.635259e-03
          -1.257374e-02 1.058845e-03 -3.938293e-03
          -1.257373e-02 1.058806e-03 -4.241328e-03
          -1.257373e-02 1.058768e-03 -4.544363e-03
          -1.257373e-02 1.058730e-03 -4.847398e-03
          -1.257591e-02 7.812307e-04 -3.009030e-04
          -1.257340e-02 7.713860e-04 -9.075024e-04
          -1.257341e-02 7.713635e-04 -1.210538e-03
          -1.257341e-02 7.713409e-04 -1.513574e-03
          -1.257342e-02 7.713184e-04 -1.816610e-03
          -1.257342e-02 7.712958e-04 -2.119646e-03
          -1.257343e-02 7.712733e-04 -2.422682e-03
          -1.257380e-02 7.696860e-04 -2.726155e-03
          -1.257381e-02 7.696573e-04 -3.029188e-03
          -1.257381e-02 7.696215e-04 -3.332223e-03
          -1.257381e-02 7.695831e-04 -3.635257e-03
          -1.257381e-02 7.695447e-04 -3.938292e-03
          -1.257380e-02 7.695063e-04 -4.241327e-03
          -1.257380e-02 7.694680e-04 -4.544362e-03
          -1.257380e-02 7.694296e-04 -4.847397e-03
          -1.257599e-02 4.919343e-04 -3.008973e-04
          -1.257655e-02 4.822622e-04 -6.040581e-04
          -1.257671e-02 4.819163e-04 -9.071761e-04
          -1.257672e-02 4.818936e-04 -1.210212e-03
          -1.257672e-02 4.818708e-04 -1.513248e-03
          -1.257673e-02 4.818481e-04 -1.816284e-03
          -1.257673e-02 4.818253e-04 -2.119321e-03
          -1.257674e-02 4.818026e-04 -2.422357e-03
          -1.257388e-02 4.803861e-04 -2.726152e-03
          -1.257388e-02 4.803568e-04 -3.029186e-03
          -1.257388e-02 4.803200e-04 -3.332221e-03
          -1.257388e-02 4.802814e-04 -3.635256e-03
          -1.257387e-02 4.802429e-04 -3.938291e-03
          -1.257387e-02 4.802044e-04 -4.241326e-03
          -1.257387e-02 4.801658e-04 -4.544361e-03
          -1.257387e-02 4.801273e-04 -4.847396e-03
          -1.257951e-02 1.935488e-04 -3.005085e-04
          -1.257986e-02 1.927899e-04 -6.037313e-04
          -1.258001e-02 1.924439e-04 -9.068494e-04
          -1.258002e-02 1.924209e-04 -1.209886e-03
          -1.258003e-02 1.923980e-04 -1.512922e-03
          -1.258003e-02 1.923750e-04 -1.815958e-03
          -1.258004e-02 1.923521e-04 -2.118994e-03
          -1.258004e-02 1.923291e-04 -2.422031e-03
          -1.257394e-02 1.910828e-04 -2.726149e-03
          -1.257394e-02 1.910523e-04 -3.029184e-03
          -1.257394e-02 1.910152e-04 -3.332219e-03
          -1.257394e-02 1.909766e-04 -3.635254e-03
          -1.257393e-02 1.909379e-04 -3.938290e-03
          -1.257393e-02 1.908992e-04 -4.241325e-03
          -1.257393e-02 1.908605e-04 -4.544360e-03
          -1.257393e-02 1.908218e-04 -4.847395e-03
          -1.258217e-02 -8.975659e-05 -3.009710e-04
          -1.259668e-02 -8.063890e-05 -2.422282e-03
          -1.258189e-02 -9.548342e-05 -2.725983e-03
          -1.258225e-02 -3.790914e-04 -3.009651e-04
          -1.259675e-02 -3.699743e-04 -2.422278e-03
          -1.258196e-02 -3.848187e-04 -2.725980e-03
          -1.259506e-02 -3.764800e-04 -4.847598e-03
          -1.258232e-02 -6.684262e-04 -3.009591e-04
          -1.259682e-02 -6.592864e-04 -2.119237e-03
          -1.259682e-02 -6.593097e-04 -2.422275e-03
          -1.258203e-02 -6.741540e-04 -2.725976e-03
          -1.258240e-02 -9.577610e-04 -3.009532e-04
          -1.258210e-02 -9.634893e-04 -2.725973e-03
          -1.258248e-02 -1.247096e-03 -3.009473e-04
          -1.258217e-02 -1.252825e-03 -2.725970e-03
          -1.258255e-02 -1.536431e-03 -3.009414e-04
          -1.258224e-02 -1.542160e-03 -2.725967e-03
          -1.258351e-02 -1.825625e-03 -3.007896e-04
          -1.258415e-02 -1.829251e-03 -2.725908e-03
          -1.258652e-02 -2.114493e-03 -3.003009e-04
          -1.259184e-02 -2.404525e-03 -2.995342e-04
          -1.258985e-02 -2.413950e-03 -2.725453e-03
          -1.258984e-02 -2.413978e-03 -3.028490e-03
          -1.258983e-02 -2.414012e-03 -3.331526e-03
          -1.258982e-02 -2.414048e-03 -3.634563e-03
          -1.258982e-02 -2.414083e-03 -3.937599e-03
          -1.258981e-02 -2.414118e-03 -4.240636e-03
          -1.258980e-02 -2.414154e-03 -4.543673e-03
          -1.258979e-02 -2.414189e-03 -4.846709e-03
          -1.259463e-02 -2.697335e-03 -2.990527e-04
          -1.260252e-02 -2.693771e-03 -6.015916e-04
          -1.260592e-02 -2.692253e-03 -9.044161e-04
          -1.260592e-02 -2.692276e-03 -1.207455e-03
          -1.260591e-02 -2.692300e-03 -1.510495e-03
          -1.260591e-02 -2.692324e-03 -1.813534e-03
          -1.260591e-02 -2.692347e-03 -2.116573e-03
          -1.258938e-02 -2.702070e-03 -2.421505e-03
          -1.258946e-02 -2.704244e-03 -2.725383e-03
          -1.258945e-02 -2.704272e-03 -3.028419e-03
          -1.258944e-02 -2.704306e-03 -3.331456e-03
          -1.258944e-02 -2.704340e-03 -3.634492e-03
          -1.258943e-02 -2.704375e-03 -3.937529e-03
          -1.258942e-02 -2.704410e-03 -4.240566e-03
          -1.258941e-02 -2.704445e-03 -4.543602e-03
          -1.258940e-02 -2.704480e-03 -4.846639e-03
          -1.259468e-02 -2.986707e-03 -2.990465e-04
          -1.260596e-02 -2.981624e-03 -9.044101e-04
          -1.260596e-02 -2.981648e-03 -1.207449e-03
          -1.258943e-02 -2.991417e-03 -2.118460e-03
          -1.258942e-02 -2.991437e-03 -2.421500e-03
          -1.258950e-02 -2.993610e-03 -2.725377e-03
          -1.258950e-02 -2.993637e-03 -3.028414e-03
          -1.258949e-02 -2.993670e-03 -3.331451e-03
          -1.258948e-02 -2.993704e-03 -3.634487e-03
          -1.258947e-02 -2.993739e-03 -3.937524e-03
          -1.258946e-02 -2.993773e-03 -4.240561e-03
          -1.258945e-02 -2.993807e-03 -4.543598e-03
          -1.258944e-02 -2.993835e-03 -4.846636e-03
          -1.259473e-02 -3.276079e-03 -2.990404e-04
          -1.258947e-02 -3.280765e-03 -1.815414e-03
          -1.258947e-02 -3.280784e-03 -2.118454e-03
          -1.258947e-02 -3.280803e-03 -2.421494e-03
          -1.258955e-02 -3.282976e-03 -2.725372e-03
          -1.258954e-02 -3.283003e-03 -3.028409e-03
          -1.258953e-02 -3.283035e-03 -3.331446e-03
          -1.258952e-02 -3.283068e-03 -3.634483e-03
          -1.258951e-02 -3.283102e-03 -3.937519e-03
          -1.258950e-02 -3.283136e-03 -4.240557e-03
          -1.258949e-02 -3.283164e-03 -4.543594e-03
          -1.258948e-02 -3.283191e-03 -4.846633e-03
          -1.258952e-02 -3.570113e-03 -1.512369e-03
          -1.258952e-02 -3.570132e-03 -1.815409e-03
          -1.258951e-02 -3.570151e-03 -2.118449e-03
          -1.258951e-02 -3.570169e-03 -2.421489e-03
          -1.258959e-02 -3.572342e-03 -2.725367e-03
          -1.258958e-02 -3.572368e-03 -3.028403e-03
          -1.258957e-02 -3.572399e-03 -3.331441e-03
          -1.258957e-02 -3.572433e-03 -3.634478e-03
          -1.258956e-02 -3.572466e-03 -3.937515e-03
          -1.258955e-02 -3.572493e-03 -4.240553e-03
          -1.258954e-02 -3.572520e-03 -4.543591e-03
          -1.258953e-02 -3.572547e-03 -4.846629e-03
          -1.258956e-02 -3.859481e-03 -1.512363e-03
          -1.258956e-02 -3.859499e-03 -1.815403e-03
          -1.258956e-02 -3.859517e-03 -2.118443e-03
          -1.258955e-02 -3.859536e-03 -2.421483e-03
          -1.258963e-02 -3.861708e-03 -2.725362e-03
          -1.258963e-02 -3.861733e-03 -3.028398e-03
          -1.258962e-02 -3.861764e-03 -3.331436e-03
          -1.258961e-02 -3.861797e-03 -3.634473e-03
          -1.258960e-02 -3.861824e-03 -3.937511e-03
          -1.258959e-02 -3.861850e-03 -4.240550e-03
          -1.258958e-02 -3.861877e-03 -4.543588e-03
          -1.258957e-02 -3.861903e-03 -4.846626e-03
          -1.258961e-02 -4.148829e-03 -1.209318e-03
          -1.258961e-02 -4.148848e-03 -1.512358e-03
          -1.258960e-02 -4.148866e-03 -1.815398e-03
          -1.258960e-02 -4.148884e-03 -2.118438e-03
          -1.258960e-02 -4.148902e-03 -2.421478e-03
          -1.258968e-02 -4.151073e-03 -2.725356e-03
          -1.258967e-02 -4.151098e-03 -3.028393e-03
          -1.258966e-02 -4.151129e-03 -3.331431e-03
          -1.258965e-02 -4.151156e-03 -3.634469e-03
          -1.258964e-02 -4.151182e-03 -3.937507e-03
          -1.258963e-02 -4.151207e-03 -4.240546e-03
          -1.258962e-02 -4.151233e-03 -4.543584e-03
          -1.258961e-02 -4.151258e-03 -4.846623e-03
          -1.259049e-02 -4.439288e-03 -9.061349e-04
          -1.259048e-02 -4.439305e-03 -1.209175e-03
          -1.259048e-02 -4.439323e-03 -1.512215e-03
          -1.259048e-02 -4.439341e-03 -1.815255e-03
          -1.259055e-02 -4.439462e-03 -2.118283e-03
          -1.259055e-02 -4.439480e-03 -2.421323e-03
          -1.258972e-02 -4.440439e-03 -2.725351e-03
          -1.258971e-02 -4.440463e-03 -3.028388e-03
          -1.258970e-02 -4.440489e-03 -3.331426e-03
          -1.258969e-02 -4.440514e-03 -3.634465e-03
          -1.258968e-02 -4.440539e-03 -3.937504e-03
          -1.258967e-02 -4.440564e-03 -4.240543e-03
          -1.258966e-02 -4.440589e-03 -4.543581e-03
          -1.258965e-02 -4.440614e-03 -4.846620e-03
          -1.259244e-02 -4.730736e-03 -6.025843e-04
          -1.259246e-02 -4.731229e-03 -9.058100e-04
          -1.259245e-02 -4.731246e-03 -1.208850e-03
          -1.259245e-02 -4.731264e-03 -1.511890e-03
          -1.259244e-02 -4.731282e-03 -1.814930e-03
          -1.259244e-02 -4.731299e-03 -2.117971e-03
          -1.259244e-02 -4.731317e-03 -2.421011e-03
          -1.258976e-02 -4.729800e-03 -2.725346e-03
          -1.258975e-02 -4.729821e-03 -3.028384e-03
          -1.258974e-02 -4.729844e-03 -3.331423e-03
          -1.258973e-02 -4.729868e-03 -3.634461e-03
          -1.258972e-02 -4.729893e-03 -3.937500e-03
          -1.258971e-02 -4.729917e-03 -4.240539e-03
          -1.258970e-02 -4.729942e-03 -4.543578e-03
          -1.258969e-02 -4.729966e-03 -4.846617e-03
          -1.259431e-02 -5.021592e-03 -2.988450e-04
          -1.259435e-02 -5.022595e-03 -6.022692e-04
          -1.259436e-02 -5.023087e-03 -9.054949e-04
          -1.259436e-02 -5.023104e-03 -1.208535e-03
          -1.259435e-02 -5.023121e-03 -1.511575e-03
          -1.259435e-02 -5.023139e-03 -1.814615e-03
          -1.259435e-02 -5.023156e-03 -2.117656e-03
          -1.259434e-02 -5.023173e-03 -2.420696e-03
          -1.258979e-02 -5.019154e-03 -2.725342e-03
          -1.258979e-02 -5.019172e-03 -3.028380e-03
          -1.258978e-02 -5.019195e-03 -3.331419e-03
          -1.258977e-02 -5.019219e-03 -3.634458e-03
          -1.258975e-02 -5.019242e-03 -3.937497e-03
          -1.258974e-02 -5.019266e-03 -4.240536e-03
          -1.258973e-02 -5.019290e-03 -4.543575e-03
          -1.258972e-02 -5.019314e-03 -4.846614e-03
          -1.259799e-02 -5.308241e-03 -2.995960e-04
          -1.260865e-02 -5.311698e-03 -2.420422e-03
          -1.259590e-02 -5.311743e-03 -2.725084e-03
          -1.259591e-02 -5.601116e-03 -2.725079e-03
          -1.259593e-02 -5.890489e-03 -2.725074e-03
          -1.259595e-02 -6.179862e-03 -2.725070e-03
          -1.259597e-02 -6.469236e-03 -2.725065e-03
          -1.259599e-02 -6.758610e-03 -2.725061e-03
          -1.259818e-02 -7.634037e-03 -2.724472e-03
          -1.259817e-02 -7.634049e-03 -3.027511e-03
          -1.259816e-02 -7.634062e-03 -3.330550e-03
          -1.259817e-02 -7.923407e-03 -2.724468e-03
          -1.284775e-02 1.002674e-02 -2.424111e-03
          -1.285454e-02 9.143444e-03 -4.891329e-08
          -1.285454e-02 9.143441e-03 -3.030779e-04
          -1.285514e-02 9.142726e-03 -2.727335e-03
          -1.285455e-02 8.854195e-03 -4.609076e-08
          -1.285455e-02 8.854192e-03 -3.030751e-04
          -1.285516e-02 8.853474e-03 -2.727332e-03
          -1.286350e-02 8.566379e-03 -9.433156e-07
          -1.285495e-02 8.566714e-03 -3.029729e-04
          -1.286411e-02 8.279913e-03 -7.854294e-07
          -1.285614e-02 7.414891e-03 -3.026687e-04
          -1.285325e-02 7.432334e-03 -9.085691e-04
          -1.285255e-02 7.436577e-03 -1.211560e-03
          -1.285255e-02 7.436570e-03 -1.514588e-03
          -1.285256e-02 7.436564e-03 -1.817617e-03
          -1.285257e-02 7.436557e-03 -2.120647e-03
          -1.285731e-02 7.413484e-03 -2.726956e-03
          -1.285617e-02 7.125645e-03 -3.026646e-04
          -1.285258e-02 7.147331e-03 -1.211556e-03
          -1.285259e-02 7.147324e-03 -1.514585e-03
          -1.285260e-02 7.147317e-03 -1.817614e-03
          -1.285677e-02 7.124928e-03 -2.120867e-03
          -1.285678e-02 7.124918e-03 -2.423896e-03
          -1.285734e-02 7.124233e-03 -2.726953e-03
          -1.285735e-02 7.124224e-03 -3.029983e-03
          -1.285736e-02 7.124212e-03 -3.333014e-03
          -1.285621e-02 6.836399e-03 -3.026605e-04
          -1.285262e-02 6.858084e-03 -1.211552e-03
          -1.285262e-02 6.858077e-03 -1.514581e-03
          -1.285680e-02 6.835688e-03 -1.817834e-03
          -1.285681e-02 6.835679e-03 -2.120863e-03
          -1.285681e-02 6.835669e-03 -2.423893e-03
          -1.285738e-02 6.834984e-03 -2.726950e-03
          -1.285739e-02 6.834974e-03 -3.029980e-03
          -1.285739e-02 6.834961e-03 -3.333011e-03
          -1.285740e-02 6.834945e-03 -3.636041e-03
          -1.285624e-02 6.547153e-03 -3.026564e-04
          -1.285265e-02 6.568838e-03 -1.211548e-03
          -1.285683e-02 6.546449e-03 -1.514800e-03
          -1.285683e-02 6.546439e-03 -1.817830e-03
          -1.285684e-02 6.546429e-03 -2.120860e-03
          -1.285685e-02 6.546419e-03 -2.423890e-03
          -1.285741e-02 6.545733e-03 -2.726947e-03
          -1.285742e-02 6.545723e-03 -3.029977e-03
          -1.285743e-02 6.545710e-03 -3.333008e-03
          -1.285744e-02 6.545694e-03 -3.636038e-03
          -1.285745e-02 6.545676e-03 -3.939069e-03
          -1.285746e-02 6.545654e-03 -4.242100e-03
          -1.285627e-02 6.257907e-03 -3.026523e-04
          -1.285685e-02 6.257210e-03 -1.211767e-03
          -1.285686e-02 6.257200e-03 -1.514797e-03
          -1.285687e-02 6.257190e-03 -1.817827e-03
          -1.285688e-02 6.257180e-03 -2.120857e-03
          -1.285689e-02 6.257170e-03 -2.423887e-03
          -1.285745e-02 6.256483e-03 -2.726944e-03
          -1.285746e-02 6.256472e-03 -3.029974e-03
          -1.285746e-02 6.256459e-03 -3.333005e-03
          -1.285747e-02 6.256441e-03 -3.636036e-03
          -1.285748e-02 6.256419e-03 -3.939067e-03
          -1.285749e-02 6.256396e-03 -4.242098e-03
          -1.285750e-02 6.256373e-03 -4.545129e-03
          -1.285751e-02 6.256350e-03 -4.848160e-03
          -1.285631e-02 5.968659e-03 -3.026481e-04
          -1.285862e-02 5.969933e-03 -9.084822e-04
          -1.285874e-02 5.969790e-03 -1.211517e-03
          -1.285874e-02 5.969780e-03 -1.514547e-03
          -1.285875e-02 5.969770e-03 -1.817577e-03
          -1.285876e-02 5.969760e-03 -2.120607e-03
          -1.285877e-02 5.969750e-03 -2.423637e-03
          -1.285749e-02 5.967231e-03 -2.726940e-03
          -1.285749e-02 5.967220e-03 -3.029971e-03
          -1.285750e-02 5.967205e-03 -3.333002e-03
          -1.285751e-02 5.967183e-03 -3.636034e-03
          -1.285752e-02 5.967160e-03 -3.939065e-03
          -1.285753e-02 5.967136e-03 -4.242096e-03
          -1.285754e-02 5.967113e-03 -4.545127e-03
          -1.285755e-02 5.967090e-03 -4.848159e-03
          -1.285634e-02 5.679402e-03 -3.026440e-04
          -1.286059e-02 5.683167e-03 -6.051432e-04
          -1.286085e-02 5.682855e-03 -9.081850e-04
          -1.286097e-02 5.682712e-03 -1.211220e-03
          -1.286098e-02 5.682702e-03 -1.514250e-03
          -1.286098e-02 5.682691e-03 -1.817280e-03
          -1.286099e-02 5.682681e-03 -2.120310e-03
          -1.286100e-02 5.682671e-03 -2.423340e-03
          -1.285752e-02 5.677972e-03 -2.726937e-03
          -1.285753e-02 5.677960e-03 -3.029968e-03
          -1.285754e-02 5.677942e-03 -3.333000e-03
          -1.285754e-02 5.677919e-03 -3.636031e-03
          -1.285755e-02 5.677895e-03 -3.939063e-03
          -1.285756e-02 5.677871e-03 -4.242094e-03
          -1.285757e-02 5.677847e-03 -4.545125e-03
          -1.285758e-02 5.677823e-03 -4.848157e-03
          -1.286199e-02 5.395704e-03 -3.018903e-04
          -1.286219e-02 5.395458e-03 -6.049298e-04
          -1.286245e-02 5.395145e-03 -9.079717e-04
          -1.286257e-02 5.395002e-03 -1.211007e-03
          -1.286258e-02 5.394992e-03 -1.514037e-03
          -1.286259e-02 5.394981e-03 -1.817067e-03
          -1.286259e-02 5.394971e-03 -2.120097e-03
          -1.286260e-02 5.394960e-03 -2.423127e-03
          -1.285756e-02 5.388708e-03 -2.726933e-03
          -1.285756e-02 5.388692e-03 -3.029965e-03
          -1.285757e-02 5.388673e-03 -3.332997e-03
          -1.285758e-02 5.388650e-03 -3.636029e-03
          -1.285759e-02 5.388625e-03 -3.939060e-03
          -1.285760e-02 5.388601e-03 -4.242092e-03
          -1.285761e-02 5.388577e-03 -4.545123e-03
          -1.285762e-02 5.388552e-03 -4.848155e-03
          -1.286258e-02 5.105764e-03 -3.019121e-04
          -1.286339e-02 5.104096e-03 -2.726557e-03
          -1.286264e-02 4.816510e-03 -3.019080e-04
          -1.286501e-02 4.840232e-03 -2.423344e-03
          -1.286344e-02 4.814835e-03 -2.726555e-03
          -1.286166e-02 4.817738e-03 -3.029640e-03
          -1.286614e-02 4.833564e-03 -4.847974e-03
          -1.286270e-02 4.527255e-03 -3.019039e-04
          -1.286505e-02 4.550987e-03 -2.120311e-03
          -1.286506e-02 4.550971e-03 -2.423343e-03
          -1.286350e-02 4.525573e-03 -2.726554e-03
          -1.286172e-02 4.528476e-03 -3.029638e-03
          -1.286619e-02 4.544326e-03 -4.544940e-03
          -1.286619e-02 4.544294e-03 -4.847973e-03
          -1.286275e-02 4.238001e-03 -3.018998e-04
          -1.286510e-02 4.261742e-03 -1.817277e-03
          -1.286511e-02 4.261726e-03 -2.120309e-03
          -1.286512e-02 4.261710e-03 -2.423341e-03
          -1.286355e-02 4.236312e-03 -2.726552e-03
          -1.286178e-02 4.239214e-03 -3.029636e-03
          -1.286281e-02 3.948746e-03 -3.018957e-04
          -1.285990e-02 3.953996e-03 -6.050955e-04
          -1.286516e-02 3.972466e-03 -2.120307e-03
          -1.286517e-02 3.972450e-03 -2.423339e-03
          -1.286361e-02 3.947051e-03 -2.726550e-03
          -1.286183e-02 3.949953e-03 -3.029635e-03
          -1.286286e-02 3.659492e-03 -3.018916e-04
          -1.285995e-02 3.664741e-03 -6.050915e-04
          -1.286367e-02 3.657790e-03 -2.726549e-03
          -1.286189e-02 3.660691e-03 -3.029633e-03
          -1.286492e-02 3.372705e-03 -3.015805e-04
          -1.286200e-02 3.377954e-03 -6.047806e-04
          -1.286698e-02 3.085938e-03 -3.012662e-04
          -1.286892e-02 3.086802e-03 -3.029320e-03
          -1.286893e-02 3.086776e-03 -3.332353e-03
          -1.286806e-02 2.797944e-03 -3.011041e-04
          -1.286888e-02 2.798181e-03 -2.726203e-03
          -1.286961e-02 2.794621e-03 -3.029202e-03
          -1.286962e-02 2.794595e-03 -3.332235e-03
          -1.286962e-02 2.794562e-03 -3.635268e-03
          -1.286963e-02 2.794528e-03 -3.938300e-03
          -1.286964e-02 2.794494e-03 -4.241333e-03
          -1.286964e-02 2.794460e-03 -4.544366e-03
          -1.286965e-02 2.794426e-03 -4.847398e-03
          -1.286811e-02 2.508666e-03 -3.011002e-04
          -1.287659e-02 2.527708e-03 -9.067807e-04
          -1.287865e-02 2.532335e-03 -1.209720e-03
          -1.287866e-02 2.532317e-03 -1.512753e-03
          -1.287867e-02 2.532298e-03 -1.815786e-03
          -1.287868e-02 2.532280e-03 -2.118819e-03
          -1.286966e-02 2.505359e-03 -2.726167e-03
          -1.286966e-02 2.505339e-03 -3.029200e-03
          -1.286967e-02 2.505313e-03 -3.332233e-03
          -1.286967e-02 2.505280e-03 -3.635266e-03
          -1.286968e-02 2.505246e-03 -3.938298e-03
          -1.286969e-02 2.505211e-03 -4.241331e-03
          -1.286969e-02 2.505177e-03 -4.544364e-03
          -1.286970e-02 2.505142e-03 -4.847397e-03
          -1.286819e-02 2.219371e-03 -3.010945e-04
          -1.287666e-02 2.238413e-03 -9.067751e-04
          -1.287873e-02 2.243039e-03 -1.209714e-03
          -1.287874e-02 2.243021e-03 -1.512747e-03
          -1.287875e-02 2.243003e-03 -1.815781e-03
          -1.287876e-02 2.242984e-03 -2.118814e-03
          -1.286899e-02 2.217663e-03 -2.422729e-03
          -1.286973e-02 2.216060e-03 -2.726164e-03
          -1.286974e-02 2.216040e-03 -3.029197e-03
          -1.286974e-02 2.216014e-03 -3.332231e-03
          -1.286975e-02 2.215981e-03 -3.635263e-03
          -1.286975e-02 2.215946e-03 -3.938296e-03
          -1.286976e-02 2.215911e-03 -4.241329e-03
          -1.286976e-02 2.215877e-03 -4.544362e-03
          -1.286977e-02 2.215841e-03 -4.847396e-03
          -1.286827e-02 1.930076e-03 -3.010887e-04
          -1.287881e-02 1.953743e-03 -1.209709e-03
          -1.287882e-02 1.953725e-03 -1.512742e-03
          -1.287883e-02 1.953706e-03 -1.815775e-03
          -1.286905e-02 1.928386e-03 -2.119691e-03
          -1.286906e-02 1.928365e-03 -2.422726e-03
          -1.286981e-02 1.926761e-03 -2.726162e-03
          -1.286981e-02 1.926741e-03 -3.029195e-03
          -1.286982e-02 1.926714e-03 -3.332228e-03
          -1.286982e-02 1.926681e-03 -3.635261e-03
          -1.286983e-02 1.926646e-03 -3.938294e-03
          -1.286983e-02 1.926612e-03 -4.241327e-03
          -1.286983e-02 1.926576e-03 -4.544361e-03
          -1.286983e-02 1.926540e-03 -4.847395e-03
          -1.286835e-02 1.640781e-03 -3.010829e-04
          -1.287889e-02 1.664448e-03 -1.209704e-03
          -1.287890e-02 1.664429e-03 -1.512737e-03
          -1.286912e-02 1.639108e-03 -1.816653e-03
          -1.286913e-02 1.639087e-03 -2.119688e-03
          -1.286914e-02 1.639066e-03 -2.422723e-03
          -1.286988e-02 1.637462e-03 -2.726159e-03
          -1.286989e-02 1.637442e-03 -3.029192e-03
          -1.286989e-02 1.637415e-03 -3.332225e-03
          -1.286990e-02 1.637382e-03 -3.635259e-03
          -1.286990e-02 1.637347e-03 -3.938292e-03
          -1.286990e-02 1.637311e-03 -4.241326e-03
          -1.286990e-02 1.637275e-03 -4.544360e-03
          -1.286990e-02 1.637239e-03 -4.847395e-03
          -1.286843e-02 1.351485e-03 -3.010771e-04
          -1.287897e-02 1.375152e-03 -1.209698e-03
          -1.286919e-02 1.349831e-03 -1.513614e-03
          -1.286920e-02 1.349810e-03 -1.816649e-03
          -1.286921e-02 1.349788e-03 -2.119685e-03
          -1.286921e-02 1.349767e-03 -2.422720e-03
          -1.286996e-02 1.348163e-03 -2.726156e-03
          -1.286996e-02 1.348142e-03 -3.029189e-03
          -1.286997e-02 1.348116e-03 -3.332223e-03
          -1.286997e-02 1.348082e-03 -3.635256e-03
          -1.286997e-02 1.348047e-03 -3.938290e-03
          -1.286997e-02 1.348010e-03 -4.241325e-03
          -1.286997e-02 1.347974e-03 -4.544359e-03
          -1.286997e-02 1.347938e-03 -4.847394e-03
          -1.286850e-02 1.062190e-03 -3.010713e-04
          -1.286984e-02 1.060524e-03 -1.210518e-03
          -1.286984e-02 1.060503e-03 -1.513553e-03
          -1.286985e-02 1.060481e-03 -1.816589e-03
          -1.286986e-02 1.060460e-03 -2.119625e-03
          -1.286986e-02 1.060438e-03 -2.422660e-03
          -1.287003e-02 1.058864e-03 -2.726153e-03
          -1.287004e-02 1.058843e-03 -3.029187e-03
          -1.287004e-02 1.058816e-03 -3.332220e-03
          -1.287004e-02 1.058782e-03 -3.635254e-03
          -1.287004e-02 1.058746e-03 -3.938289e-03
          -1.287004e-02 1.058709e-03 -4.241324e-03
          -1.287004e-02 1.058673e-03 -4.544358e-03
          -1.287004e-02 1.058636e-03 -4.847393e-03
          -1.286858e-02 7.728925e-04 -3.010657e-04
          -1.287299e-02 7.713849e-04 -9.070774e-04
          -1.287315e-02 7.710532e-04 -1.210192e-03
          -1.287315e-02 7.710315e-04 -1.513227e-03
          -1.287316e-02 7.710098e-04 -1.816263e-03
          -1.287316e-02 7.709880e-04 -2.119299e-03
          -1.287317e-02 7.709663e-04 -2.422335e-03
          -1.287010e-02 7.695630e-04 -2.726150e-03
          -1.287011e-02 7.695422e-04 -3.029184e-03
          -1.287011e-02 7.695147e-04 -3.332218e-03
          -1.287011e-02 7.694796e-04 -3.635253e-03
          -1.287011e-02 7.694430e-04 -3.938288e-03
          -1.287011e-02 7.694063e-04 -4.241323e-03
          -1.287010e-02 7.693697e-04 -4.544357e-03
          -1.287010e-02 7.693331e-04 -4.847393e-03
          -1.286864e-02 4.835908e-04 -3.010604e-04
          -1.287595e-02 4.826559e-04 -6.035316e-04
          -1.287630e-02 4.819112e-04 -9.067507e-04
          -1.287645e-02 4.815794e-04 -1.209865e-03
          -1.287645e-02 4.815575e-04 -1.512901e-03
          -1.287646e-02 4.815356e-04 -1.815937e-03
          -1.287646e-02 4.815137e-04 -2.118973e-03
          -1.287647e-02 4.814918e-04 -2.422009e-03
          -1.287017e-02 4.802591e-04 -2.726146e-03
          -1.287017e-02 4.802376e-04 -3.029181e-03
          -1.287017e-02 4.802089e-04 -3.332216e-03
          -1.287017e-02 4.801736e-04 -3.635251e-03
          -1.287017e-02 4.801369e-04 -3.938286e-03
          -1.287016e-02 4.801001e-04 -4.241321e-03
          -1.287016e-02 4.800633e-04 -4.544356e-03
          -1.287016e-02 4.800265e-04 -4.847391e-03
          -1.287679e-02 1.938588e-04 -3.002496e-04
          -1.287705e-02 1.932957e-04 -6.034227e-04
          -1.287740e-02 1.925508e-04 -9.066419e-04
          -1.287755e-02 1.922189e-04 -1.209756e-03
          -1.287756e-02 1.921968e-04 -1.512792e-03
          -1.287756e-02 1.921747e-04 -1.815829e-03
          -1.287757e-02 1.921527e-04 -2.118865e-03
          -1.287757e-02 1.921306e-04 -2.421901e-03
          -1.287023e-02 1.909524e-04 -2.726143e-03
          -1.287022e-02 1.909295e-04 -3.029178e-03
          -1.287022e-02 1.909005e-04 -3.332214e-03
          -1.287022e-02 1.908652e-04 -3.635249e-03
          -1.287022e-02 1.908282e-04 -3.938284e-03
          -1.287022e-02 1.907913e-04 -4.241319e-03
          -1.287022e-02 1.907543e-04 -4.544354e-03
          -1.287021e-02 1.907174e-04 -4.847390e-03
          -1.287760e-02 -9.704327e-05 -3.006459e-04
          -1.287850e-02 -8.955611e-05 -6.040192e-04
          -1.289296e-02 -8.077167e-05 -2.422276e-03
          -1.287772e-02 -9.936225e-05 -2.725773e-03
          -1.287818e-02 -9.549528e-05 -3.029020e-03
          -1.287767e-02 -3.863764e-04 -3.006400e-04
          -1.287858e-02 -3.788894e-04 -6.040135e-04
          -1.289302e-02 -3.701056e-04 -2.422273e-03
          -1.287779e-02 -3.886961e-04 -2.725770e-03
          -1.287825e-02 -3.848290e-04 -3.029017e-03
          -1.289135e-02 -3.765832e-04 -4.847592e-03
          -1.287775e-02 -6.757096e-04 -3.006342e-04
          -1.287865e-02 -6.682226e-04 -6.040079e-04
          -1.289309e-02 -6.594170e-04 -2.119231e-03
          -1.289309e-02 -6.594395e-04 -2.422269e-03
          -1.287785e-02 -6.780300e-04 -2.725767e-03
          -1.287832e-02 -6.741627e-04 -3.029014e-03
          -1.287782e-02 -9.650428e-04 -3.006284e-04
          -1.287872e-02 -9.575559e-04 -6.040022e-04
          -1.287792e-02 -9.673638e-04 -2.725763e-03
          -1.287839e-02 -9.634964e-04 -3.029011e-03
          -1.287789e-02 -1.254376e-03 -3.006225e-04
          -1.287880e-02 -1.246889e-03 -6.039965e-04
          -1.287799e-02 -1.256698e-03 -2.725760e-03
          -1.287845e-02 -1.252830e-03 -3.029008e-03
          -1.287892e-02 -1.543559e-03 -3.004608e-04
          -1.287982e-02 -1.536073e-03 -6.038349e-04
          -1.288003e-02 -1.543633e-03 -2.725697e-03
          -1.288205e-02 -1.832406e-03 -2.999521e-04
          -1.288505e-02 -2.121265e-03 -2.994639e-04
          -1.288594e-02 -2.124979e-03 -3.028471e-03
          -1.288593e-02 -2.125006e-03 -3.331508e-03
          -1.288593e-02 -2.125038e-03 -3.634544e-03
          -1.288592e-02 -2.125072e-03 -3.937580e-03
          -1.288591e-02 -2.125106e-03 -4.240617e-03
          -1.288590e-02 -2.125140e-03 -4.543653e-03
          -1.288584e-02 -2.125286e-03 -4.846682e-03
          -1.288550e-02 -2.410523e-03 -2.993943e-04
          -1.288566e-02 -2.415001e-03 -2.725382e-03
          -1.288566e-02 -2.415023e-03 -3.028418e-03
          -1.288565e-02 -2.415049e-03 -3.331454e-03
          -1.288565e-02 -2.415082e-03 -3.634491e-03
          -1.288564e-02 -2.415116e-03 -3.937527e-03
          -1.288563e-02 -2.415149e-03 -4.240564e-03
          -1.288562e-02 -2.415183e-03 -4.543600e-03
          -1.288561e-02 -2.415217e-03 -4.846637e-03
          -1.288555e-02 -2.699874e-03 -2.993892e-04
          -1.290216e-02 -2.692385e-03 -1.207452e-03
          -1.290216e-02 -2.692408e-03 -1.510491e-03
          -1.290216e-02 -2.692431e-03 -1.813530e-03
          -1.290216e-02 -2.692454e-03 -2.116569e-03
          -1.288563e-02 -2.702177e-03 -2.421500e-03
          -1.288571e-02 -2.704349e-03 -2.725378e-03
          -1.288570e-02 -2.704370e-03 -3.028414e-03
          -1.288570e-02 -2.704396e-03 -3.331450e-03
          -1.288569e-02 -2.704428e-03 -3.634487e-03
          -1.288568e-02 -2.704462e-03 -3.937523e-03
          -1.288567e-02 -2.704495e-03 -4.240560e-03
          -1.288567e-02 -2.704529e-03 -4.543597e-03
          -1.288566e-02 -2.704562e-03 -4.846634e-03
          -1.288559e-02 -2.989244e-03 -2.993832e-04
          -1.290221e-02 -2.981755e-03 -1.207446e-03
          -1.290221e-02 -2.981777e-03 -1.510485e-03
          -1.290221e-02 -2.981800e-03 -1.813524e-03
          -1.288567e-02 -2.991523e-03 -2.118456e-03
          -1.288567e-02 -2.991541e-03 -2.421495e-03
          -1.288575e-02 -2.993713e-03 -2.725373e-03
          -1.288575e-02 -2.993734e-03 -3.028409e-03
          -1.288574e-02 -2.993759e-03 -3.331445e-03
          -1.288573e-02 -2.993791e-03 -3.634482e-03
          -1.288572e-02 -2.993824e-03 -3.937519e-03
          -1.288572e-02 -2.993857e-03 -4.240556e-03
          -1.288571e-02 -2.993890e-03 -4.543592e-03
          -1.288570e-02 -2.993916e-03 -4.846630e-03
          -1.288564e-02 -3.278614e-03 -2.993772e-04
          -1.288572e-02 -3.280869e-03 -1.815410e-03
          -1.288571e-02 -3.280888e-03 -2.118450e-03
          -1.288571e-02 -3.280906e-03 -2.421490e-03
          -1.288579e-02 -3.283077e-03 -2.725368e-03
          -1.288579e-02 -3.283097e-03 -3.028404e-03
          -1.288578e-02 -3.283123e-03 -3.331441e-03
          -1.288578e-02 -3.283154e-03 -3.634477e-03
          -1.288577e-02 -3.283186e-03 -3.937514e-03
          -1.288576e-02 -3.283218e-03 -4.240551e-03
          -1.288575e-02 -3.283245e-03 -4.543589e-03
          -1.288568e-02 -3.567984e-03 -2.993711e-04
          -1.288576e-02 -3.570216e-03 -1.512365e-03
          -1.288576e-02 -3.570234e-03 -1.815405e-03
          -1.288576e-02 -3.570253e-03 -2.118445e-03
          -1.288575e-02 -3.570271e-03 -2.421485e-03
          -1.288583e-02 -3.572442e-03 -2.725362e-03
          -1.288583e-02 -3.572461e-03 -3.028399e-03
          -1.288583e-02 -3.572486e-03 -3.331436e-03
          -1.288582e-02 -3.572516e-03 -3.634472e-03
          -1.288581e-02 -3.572548e-03 -3.937509e-03
          -1.288580e-02 -3.572575e-03 -4.240548e-03
          -1.288579e-02 -3.572600e-03 -4.543586e-03
          -1.288573e-02 -3.857355e-03 -2.993651e-04
          -1.288581e-02 -3.859582e-03 -1.512360e-03
          -1.288580e-02 -3.859600e-03 -1.815400e-03
          -1.288580e-02 -3.859618e-03 -2.118440e-03
          -1.288580e-02 -3.859636e-03 -2.421479e-03
          -1.288588e-02 -3.861806e-03 -2.725357e-03
          -1.288587e-02 -3.861825e-03 -3.028394e-03
          -1.288587e-02 -3.861849e-03 -3.331431e-03
          -1.288586e-02 -3.861879e-03 -3.634468e-03
          -1.288585e-02 -3.861906e-03 -3.937506e-03
          -1.288584e-02 -3.861930e-03 -4.240544e-03
          -1.288583e-02 -3.861955e-03 -4.543582e-03
          -1.288577e-02 -4.146724e-03 -2.993591e-04
          -1.288680e-02 -4.150192e-03 -1.209158e-03
          -1.288679e-02 -4.150210e-03 -1.512198e-03
          -1.288679e-02 -4.150228e-03 -1.815238e-03
          -1.288679e-02 -4.150246e-03 -2.118278e-03
          -1.288678e-02 -4.150263e-03 -2.421317e-03
          -1.288592e-02 -4.151170e-03 -2.725352e-03
          -1.288591e-02 -4.151188e-03 -3.028389e-03
          -1.288591e-02 -4.151212e-03 -3.331426e-03
          -1.288590e-02 -4.151237e-03 -3.634464e-03
          -1.288589e-02 -4.151261e-03 -3.937502e-03
          -1.288588e-02 -4.151285e-03 -4.240541e-03
          -1.288587e-02 -4.151310e-03 -4.543579e-03
          -1.288581e-02 -4.436088e-03 -2.993534e-04
          -1.288875e-02 -4.441675e-03 -9.056223e-04
          -1.288876e-02 -4.442132e-03 -1.208834e-03
          -1.288876e-02 -4.442149e-03 -1.511873e-03
          -1.288876e-02 -4.442167e-03 -1.814913e-03
          -1.288875e-02 -4.442184e-03 -2.117953e-03
          -1.288875e-02 -4.442201e-03 -2.420993e-03
          -1.288596e-02 -4.440529e-03 -2.725347e-03
          -1.288595e-02 -4.440547e-03 -3.028384e-03
          -1.288595e-02 -4.440567e-03 -3.331422e-03
          -1.288594e-02 -4.440590e-03 -3.634460e-03
          -1.288593e-02 -4.440613e-03 -3.937499e-03
          -1.288592e-02 -4.440637e-03 -4.240537e-03
          -1.288591e-02 -4.440661e-03 -4.543576e-03
          -1.288590e-02 -4.440685e-03 -4.846615e-03
          -1.288585e-02 -4.725445e-03 -2.993482e-04
          -1.289050e-02 -4.732356e-03 -6.018955e-04
          -1.289054e-02 -4.733377e-03 -9.053265e-04
          -1.289055e-02 -4.733833e-03 -1.208538e-03
          -1.289055e-02 -4.733850e-03 -1.511578e-03
          -1.289054e-02 -4.733868e-03 -1.814617e-03
          -1.289054e-02 -4.733885e-03 -2.117657e-03
          -1.289054e-02 -4.733902e-03 -2.420697e-03
          -1.288599e-02 -4.729883e-03 -2.725342e-03
          -1.288599e-02 -4.729899e-03 -3.028380e-03
          -1.288598e-02 -4.729917e-03 -3.331418e-03
          -1.288597e-02 -4.729939e-03 -3.634457e-03
          -1.288596e-02 -4.729962e-03 -3.937495e-03
          -1.288595e-02 -4.729985e-03 -4.240534e-03
          -1.288594e-02 -4.730009e-03 -4.543573e-03
          -1.288593e-02 -4.730032e-03 -4.846612e-03
          -1.289051e-02 -5.020986e-03 -2.985764e-04
          -1.289053e-02 -5.021709e-03 -6.018905e-04
          -1.289057e-02 -5.022729e-03 -9.053215e-04
          -1.289058e-02 -5.023186e-03 -1.208533e-03
          -1.289058e-02 -5.023203e-03 -1.511573e-03
          -1.289058e-02 -5.023220e-03 -1.814613e-03
          -1.289057e-02 -5.023237e-03 -2.117653e-03
          -1.289057e-02 -5.023254e-03 -2.420692e-03
          -1.288602e-02 -5.019233e-03 -2.725338e-03
          -1.288602e-02 -5.019246e-03 -3.028376e-03
          -1.288601e-02 -5.019264e-03 -3.331415e-03
          -1.288600e-02 -5.019286e-03 -3.634454e-03
          -1.288599e-02 -5.019308e-03 -3.937492e-03
          -1.288598e-02 -5.019331e-03 -4.240531e-03
          -1.288597e-02 -5.019354e-03 -4.543570e-03
          -1.288596e-02 -5.019376e-03 -4.846609e-03
          -1.289061e-02 -5.312510e-03 -2.994124e-04
          -1.289015e-02 -5.313877e-03 -2.724919e-03
          -1.289063e-02 -5.601887e-03 -2.994078e-04
          -1.289017e-02 -5.603248e-03 -2.724914e-03
          -1.289066e-02 -5.891264e-03 -2.994033e-04
          -1.289019e-02 -5.892620e-03 -2.724910e-03
          -1.289068e-02 -6.180641e-03 -2.993987e-04
          -1.289020e-02 -6.181990e-03 -2.724905e-03
          -1.289070e-02 -6.470018e-03 -2.993942e-04
          -1.289022e-02 -6.471362e-03 -2.724901e-03
          -1.289199e-02 -6.760521e-03 -2.989409e-04
          -1.314410e-02 1.002671e-02 -2.424110e-03
          -1.314601e-02 1.002387e-02 -4.848293e-03
          -1.314411e-02 9.737459e-03 -2.121079e-03
          -1.314411e-02 9.737453e-03 -2.424107e-03
          -1.315988e-02 8.855762e-03 -9.337432e-07
          -1.316049e-02 8.569295e-03 -7.758493e-07
          -1.314955e-02 7.432629e-03 -1.211593e-03
          -1.314891e-02 7.436511e-03 -1.514587e-03
          -1.314891e-02 7.436504e-03 -1.817616e-03
          -1.314892e-02 7.436498e-03 -2.120645e-03
          -1.314958e-02 7.143380e-03 -1.211589e-03
          -1.314894e-02 7.147262e-03 -1.514583e-03
          -1.314895e-02 7.147255e-03 -1.817612e-03
          -1.314897e-02 6.858013e-03 -1.514579e-03
          -1.315259e-02 6.547085e-03 -3.026533e-04
          -1.315260e-02 6.547079e-03 -6.056835e-04
          -1.315318e-02 6.546383e-03 -1.514799e-03
          -1.315318e-02 6.546374e-03 -1.817829e-03
          -1.315319e-02 6.546364e-03 -2.120859e-03
          -1.315376e-02 6.545669e-03 -2.726945e-03
          -1.315377e-02 6.545660e-03 -3.029976e-03
          -1.315263e-02 6.257833e-03 -3.026492e-04
          -1.315263e-02 6.257828e-03 -6.056794e-04
          -1.315504e-02 6.259184e-03 -1.211501e-03
          -1.315515e-02 6.259054e-03 -1.514536e-03
          -1.315380e-02 6.256415e-03 -2.726942e-03
          -1.315381e-02 6.256405e-03 -3.029973e-03
          -1.315381e-02 6.256395e-03 -3.333004e-03
          -1.315382e-02 6.256382e-03 -3.636034e-03
          -1.315266e-02 5.968575e-03 -3.026449e-04
          -1.315267e-02 5.968570e-03 -6.056752e-04
          -1.315383e-02 5.967154e-03 -2.726938e-03
          -1.315384e-02 5.967144e-03 -3.029969e-03
          -1.315385e-02 5.967134e-03 -3.333000e-03
          -1.315385e-02 5.967116e-03 -3.636032e-03
          -1.315386e-02 5.967095e-03 -3.939063e-03
          -1.315387e-02 5.967072e-03 -4.242095e-03
          -1.315270e-02 5.679310e-03 -3.026407e-04
          -1.315878e-02 5.684299e-03 -1.211003e-03
          -1.315889e-02 5.684168e-03 -1.514038e-03
          -1.315387e-02 5.677887e-03 -2.726934e-03
          -1.315387e-02 5.677877e-03 -3.029965e-03
          -1.315388e-02 5.677863e-03 -3.332998e-03
          -1.315389e-02 5.677845e-03 -3.636030e-03
          -1.315390e-02 5.677823e-03 -3.939061e-03
          -1.315391e-02 5.677800e-03 -4.242093e-03
          -1.315391e-02 5.677777e-03 -4.545124e-03
          -1.315392e-02 5.677754e-03 -4.848155e-03
          -1.315834e-02 5.395607e-03 -3.018870e-04
          -1.315835e-02 5.395601e-03 -6.049173e-04
          -1.315856e-02 5.395344e-03 -9.079573e-04
          -1.315882e-02 5.395032e-03 -1.210999e-03
          -1.315893e-02 5.394901e-03 -1.514034e-03
          -1.315893e-02 5.394890e-03 -1.817064e-03
          -1.315894e-02 5.394880e-03 -2.120094e-03
          -1.315390e-02 5.388619e-03 -2.726930e-03
          -1.315391e-02 5.388605e-03 -3.029963e-03
          -1.315391e-02 5.388591e-03 -3.332995e-03
          -1.315392e-02 5.388572e-03 -3.636027e-03
          -1.315393e-02 5.388550e-03 -3.939059e-03
          -1.315394e-02 5.388527e-03 -4.242090e-03
          -1.315395e-02 5.388503e-03 -4.545122e-03
          -1.315396e-02 5.388480e-03 -4.848153e-03
          -1.315894e-02 5.105665e-03 -3.019088e-04
          -1.315894e-02 5.105659e-03 -6.049392e-04
          -1.315973e-02 5.104005e-03 -2.726554e-03
          -1.315974e-02 5.103991e-03 -3.029586e-03
          -1.315899e-02 4.816409e-03 -3.019047e-04
          -1.315900e-02 4.816403e-03 -6.049352e-04
          -1.316135e-02 4.840139e-03 -2.423342e-03
          -1.315979e-02 4.814743e-03 -2.726552e-03
          -1.315979e-02 4.814728e-03 -3.029585e-03
          -1.316248e-02 4.833490e-03 -4.847972e-03
          -1.315904e-02 4.527153e-03 -3.019005e-04
          -1.315905e-02 4.527146e-03 -6.049312e-04
          -1.316140e-02 4.550892e-03 -2.120308e-03
          -1.316141e-02 4.550877e-03 -2.423340e-03
          -1.315984e-02 4.525480e-03 -2.726551e-03
          -1.315985e-02 4.525465e-03 -3.029583e-03
          -1.316253e-02 4.544249e-03 -4.544939e-03
          -1.316253e-02 4.544219e-03 -4.847971e-03
          -1.315910e-02 4.237897e-03 -3.018964e-04
          -1.315910e-02 4.237890e-03 -6.049272e-04
          -1.316144e-02 4.261645e-03 -1.817274e-03
          -1.316145e-02 4.261630e-03 -2.120306e-03
          -1.316146e-02 4.261614e-03 -2.423338e-03
          -1.315990e-02 4.236217e-03 -2.726549e-03
          -1.315990e-02 4.236202e-03 -3.029581e-03
          -1.316258e-02 4.254948e-03 -4.847971e-03
          -1.315926e-02 3.948771e-03 -3.018761e-04
          -1.315926e-02 3.948763e-03 -6.049071e-04
          -1.316146e-02 3.972466e-03 -1.514231e-03
          -1.316147e-02 3.972450e-03 -1.817263e-03
          -1.316147e-02 3.972435e-03 -2.120296e-03
          -1.316148e-02 3.972419e-03 -2.423328e-03
          -1.315998e-02 3.947483e-03 -2.726544e-03
          -1.315999e-02 3.947468e-03 -3.029576e-03
          -1.316125e-02 3.661904e-03 -3.015748e-04
          -1.316125e-02 3.661896e-03 -6.046059e-04
          -1.316093e-02 3.684403e-03 -1.514073e-03
          -1.316093e-02 3.684387e-03 -1.817105e-03
          -1.316094e-02 3.684371e-03 -2.120137e-03
          -1.316095e-02 3.684355e-03 -2.423170e-03
          -1.316331e-02 3.375136e-03 -3.012604e-04
          -1.316332e-02 3.375127e-03 -6.042917e-04
          -1.316038e-02 3.396362e-03 -1.513911e-03
          -1.316038e-02 3.396345e-03 -1.816943e-03
          -1.316039e-02 3.396329e-03 -2.119976e-03
          -1.316040e-02 3.396313e-03 -2.423008e-03
          -1.316434e-02 3.087089e-03 -3.011043e-04
          -1.316435e-02 3.087079e-03 -6.041362e-04
          -1.316007e-02 3.107796e-03 -1.513816e-03
          -1.316008e-02 3.107779e-03 -1.816849e-03
          -1.316009e-02 3.107762e-03 -2.119882e-03
          -1.316010e-02 3.107746e-03 -2.422914e-03
          -1.316589e-02 3.083784e-03 -3.029201e-03
          -1.316589e-02 3.083766e-03 -3.332233e-03
          -1.316590e-02 3.083742e-03 -3.635266e-03
          -1.316438e-02 2.797819e-03 -3.011005e-04
          -1.316439e-02 2.797806e-03 -6.041332e-04
          -1.316011e-02 2.818522e-03 -1.513814e-03
          -1.316012e-02 2.818505e-03 -1.816847e-03
          -1.316013e-02 2.818488e-03 -2.119879e-03
          -1.316014e-02 2.818471e-03 -2.422912e-03
          -1.316593e-02 2.794508e-03 -3.029199e-03
          -1.316593e-02 2.794490e-03 -3.332232e-03
          -1.316594e-02 2.794466e-03 -3.635264e-03
          -1.316595e-02 2.794435e-03 -3.938297e-03
          -1.316443e-02 2.508539e-03 -3.010967e-04
          -1.316444e-02 2.508526e-03 -6.041296e-04
          -1.317309e-02 2.527965e-03 -1.209802e-03
          -1.317498e-02 2.532197e-03 -1.512749e-03
          -1.317499e-02 2.532179e-03 -1.815782e-03
          -1.317500e-02 2.532162e-03 -2.118815e-03
          -1.316597e-02 2.505242e-03 -2.726164e-03
          -1.316598e-02 2.505225e-03 -3.029196e-03
          -1.316598e-02 2.505207e-03 -3.332229e-03
          -1.316599e-02 2.505183e-03 -3.635262e-03
          -1.316600e-02 2.505151e-03 -3.938295e-03
          -1.316600e-02 2.505119e-03 -4.241328e-03
          -1.316451e-02 2.219242e-03 -3.010910e-04
          -1.316451e-02 2.219230e-03 -6.041239e-04
          -1.317316e-02 2.238668e-03 -1.209797e-03
          -1.317506e-02 2.242900e-03 -1.512744e-03
          -1.317506e-02 2.242882e-03 -1.815777e-03
          -1.317507e-02 2.242865e-03 -2.118810e-03
          -1.316530e-02 2.217545e-03 -2.422726e-03
          -1.316605e-02 2.215942e-03 -2.726161e-03
          -1.316605e-02 2.215925e-03 -3.029194e-03
          -1.316606e-02 2.215907e-03 -3.332227e-03
          -1.316606e-02 2.215882e-03 -3.635260e-03
          -1.316607e-02 2.215851e-03 -3.938292e-03
          -1.316607e-02 2.215818e-03 -4.241326e-03
          -1.316459e-02 1.929946e-03 -3.010852e-04
          -1.316459e-02 1.929934e-03 -6.041183e-04
          -1.317324e-02 1.949372e-03 -1.209791e-03
          -1.317513e-02 1.953603e-03 -1.512738e-03
          -1.317514e-02 1.953585e-03 -1.815772e-03
          -1.316537e-02 1.928265e-03 -2.119687e-03
          -1.316537e-02 1.928245e-03 -2.422722e-03
          -1.316612e-02 1.926643e-03 -2.726158e-03
          -1.316612e-02 1.926625e-03 -3.029191e-03
          -1.316613e-02 1.926607e-03 -3.332224e-03
          -1.316613e-02 1.926582e-03 -3.635257e-03
          -1.316614e-02 1.926550e-03 -3.938290e-03
          -1.316614e-02 1.926517e-03 -4.241323e-03
          -1.316466e-02 1.640650e-03 -3.010795e-04
          -1.316467e-02 1.640637e-03 -6.041127e-04
          -1.317332e-02 1.660075e-03 -1.209786e-03
          -1.317521e-02 1.664306e-03 -1.512733e-03
          -1.316544e-02 1.638986e-03 -1.816649e-03
          -1.316544e-02 1.638966e-03 -2.119684e-03
          -1.316545e-02 1.638945e-03 -2.422719e-03
          -1.316619e-02 1.637343e-03 -2.726155e-03
          -1.316620e-02 1.637325e-03 -3.029188e-03
          -1.316620e-02 1.637307e-03 -3.332221e-03
          -1.316621e-02 1.637282e-03 -3.635255e-03
          -1.316621e-02 1.637250e-03 -3.938288e-03
          -1.316621e-02 1.637216e-03 -4.241322e-03
          -1.316474e-02 1.351353e-03 -3.010738e-04
          -1.316474e-02 1.351341e-03 -6.041071e-04
          -1.316614e-02 1.349673e-03 -1.513546e-03
          -1.316615e-02 1.349653e-03 -1.816582e-03
          -1.316616e-02 1.349632e-03 -2.119617e-03
          -1.316616e-02 1.349612e-03 -2.422652e-03
          -1.316627e-02 1.348043e-03 -2.726152e-03
          -1.316627e-02 1.348025e-03 -3.029185e-03
          -1.316627e-02 1.348006e-03 -3.332219e-03
          -1.316628e-02 1.347981e-03 -3.635252e-03
          -1.316628e-02 1.347949e-03 -3.938286e-03
          -1.316628e-02 1.347914e-03 -4.241321e-03
          -1.316628e-02 1.347880e-03 -4.544355e-03
          -1.316481e-02 1.062054e-03 -3.010683e-04
          -1.316481e-02 1.062041e-03 -6.041017e-04
          -1.316931e-02 1.060506e-03 -1.210113e-03
          -1.316945e-02 1.060201e-03 -1.513220e-03
          -1.316946e-02 1.060180e-03 -1.816256e-03
          -1.316946e-02 1.060160e-03 -2.119291e-03
          -1.316947e-02 1.060139e-03 -2.422327e-03
          -1.316634e-02 1.058741e-03 -2.726148e-03
          -1.316634e-02 1.058723e-03 -3.029182e-03
          -1.316634e-02 1.058704e-03 -3.332216e-03
          -1.316634e-02 1.058678e-03 -3.635250e-03
          -1.316634e-02 1.058645e-03 -3.938285e-03
          -1.316634e-02 1.058610e-03 -4.241319e-03
          -1.316634e-02 1.058575e-03 -4.544354e-03
          -1.316634e-02 1.058541e-03 -4.847389e-03
          -1.316487e-02 7.727515e-04 -3.010631e-04
          -1.316488e-02 7.727383e-04 -6.040966e-04
          -1.317226e-02 7.717876e-04 -9.065641e-04
          -1.317261e-02 7.710306e-04 -1.209786e-03
          -1.317275e-02 7.707261e-04 -1.512894e-03
          -1.317275e-02 7.707052e-04 -1.815929e-03
          -1.317276e-02 7.706843e-04 -2.118965e-03
          -1.317276e-02 7.706634e-04 -2.422000e-03
          -1.316640e-02 7.694359e-04 -2.726145e-03
          -1.316640e-02 7.694178e-04 -3.029178e-03
          -1.316640e-02 7.693981e-04 -3.332213e-03
          -1.316640e-02 7.693711e-04 -3.635248e-03
          -1.316640e-02 7.693377e-04 -3.938283e-03
          -1.316640e-02 7.693028e-04 -4.241318e-03
          -1.316640e-02 7.692680e-04 -4.544352e-03
          -1.316640e-02 7.692331e-04 -4.847388e-03
          -1.316493e-02 4.834454e-04 -3.010581e-04
          -1.317302e-02 4.830050e-04 -6.032859e-04
          -1.317329e-02 4.824296e-04 -9.064620e-04
          -1.317364e-02 4.816725e-04 -1.209684e-03
          -1.317378e-02 4.813679e-04 -1.512792e-03
          -1.317379e-02 4.813469e-04 -1.815828e-03
          -1.317379e-02 4.813258e-04 -2.118863e-03
          -1.317380e-02 4.813048e-04 -2.421899e-03
          -1.316645e-02 4.801286e-04 -2.726141e-03
          -1.316645e-02 4.801099e-04 -3.029175e-03
          -1.316645e-02 4.800888e-04 -3.332210e-03
          -1.316645e-02 4.800616e-04 -3.635245e-03
          -1.316645e-02 4.800281e-04 -3.938280e-03
          -1.316645e-02 4.799930e-04 -4.241316e-03
          -1.316645e-02 4.799580e-04 -4.544351e-03
          -1.316645e-02 4.799230e-04 -4.847386e-03
          -1.317308e-02 1.937120e-04 -3.002473e-04
          -1.317308e-02 1.936986e-04 -6.032810e-04
          -1.317335e-02 1.931230e-04 -9.064573e-04
          -1.317370e-02 1.923658e-04 -1.209680e-03
          -1.317384e-02 1.920611e-04 -1.512787e-03
          -1.317384e-02 1.920399e-04 -1.815823e-03
          -1.317385e-02 1.920187e-04 -2.118859e-03
          -1.317385e-02 1.919975e-04 -2.421895e-03
          -1.316651e-02 1.908209e-04 -2.726137e-03
          -1.316651e-02 1.908006e-04 -3.029172e-03
          -1.316651e-02 1.907794e-04 -3.332208e-03
          -1.316651e-02 1.907521e-04 -3.635243e-03
          -1.316650e-02 1.907183e-04 -3.938278e-03
          -1.316650e-02 1.906831e-04 -4.241314e-03
          -1.316650e-02 1.906479e-04 -4.544349e-03
          -1.316650e-02 1.906127e-04 -4.847384e-03
          -1.317388e-02 -9.718988e-05 -3.006437e-04
          -1.317388e-02 -9.720342e-05 -6.036775e-04
          -1.318924e-02 -8.090444e-05 -2.422270e-03
          -1.317400e-02 -9.949350e-05 -2.725767e-03
          -1.317400e-02 -9.951376e-05 -3.028803e-03
          -1.317395e-02 -3.865214e-04 -3.006379e-04
          -1.317396e-02 -3.865351e-04 -6.036719e-04
          -1.318930e-02 -3.702369e-04 -2.422267e-03
          -1.317406e-02 -3.888259e-04 -2.725764e-03
          -1.317406e-02 -3.888460e-04 -3.028799e-03
          -1.318763e-02 -3.766865e-04 -4.847587e-03
          -1.317402e-02 -6.758530e-04 -3.006322e-04
          -1.317403e-02 -6.758667e-04 -6.036663e-04
          -1.318937e-02 -6.595477e-04 -2.119226e-03
          -1.318937e-02 -6.595693e-04 -2.422264e-03
          -1.317413e-02 -6.781583e-04 -2.725761e-03
          -1.317413e-02 -6.781783e-04 -3.028796e-03
          -1.318769e-02 -6.660162e-04 -4.847585e-03
          -1.317409e-02 -9.651845e-04 -3.006264e-04
          -1.317410e-02 -9.651983e-04 -6.036608e-04
          -1.318943e-02 -9.488582e-04 -1.816184e-03
          -1.318943e-02 -9.488800e-04 -2.119222e-03
          -1.318944e-02 -9.489017e-04 -2.422260e-03
          -1.317420e-02 -9.674907e-04 -2.725758e-03
          -1.317420e-02 -9.675106e-04 -3.028793e-03
          -1.317530e-02 -1.254337e-03 -3.004346e-04
          -1.317530e-02 -1.254351e-03 -6.034691e-04
          -1.318952e-02 -1.237584e-03 -2.118983e-03
          -1.318952e-02 -1.237606e-03 -2.422021e-03
          -1.317661e-02 -1.253960e-03 -2.725683e-03
          -1.317661e-02 -1.253980e-03 -3.028719e-03
          -1.317830e-02 -1.543201e-03 -2.999462e-04
          -1.317831e-02 -1.543215e-03 -6.029808e-04
          -1.318963e-02 -1.525273e-03 -1.512303e-03
          -1.318964e-02 -1.525295e-03 -1.815342e-03
          -1.318964e-02 -1.525317e-03 -2.118380e-03
          -1.318964e-02 -1.525339e-03 -2.421418e-03
          -1.318142e-02 -1.832039e-03 -2.994379e-04
          -1.318143e-02 -1.832054e-03 -6.024728e-04
          -1.318974e-02 -1.812966e-03 -1.511688e-03
          -1.318974e-02 -1.812989e-03 -1.814726e-03
          -1.318974e-02 -1.813011e-03 -2.117765e-03
          -1.318974e-02 -1.813033e-03 -2.420803e-03
          -1.318199e-02 -1.836119e-03 -3.331481e-03
          -1.318198e-02 -1.836144e-03 -3.634517e-03
          -1.318197e-02 -1.836176e-03 -3.937554e-03
          -1.318169e-02 -2.121323e-03 -2.993978e-04
          -1.318170e-02 -2.121339e-03 -6.024337e-04
          -1.318980e-02 -2.102065e-03 -1.511602e-03
          -1.318980e-02 -2.102088e-03 -1.814640e-03
          -1.318980e-02 -2.102110e-03 -2.117679e-03
          -1.318980e-02 -2.102132e-03 -2.420717e-03
          -1.318186e-02 -2.125807e-03 -3.028416e-03
          -1.318186e-02 -2.125827e-03 -3.331452e-03
          -1.318185e-02 -2.125853e-03 -3.634488e-03
          -1.318185e-02 -2.125884e-03 -3.937524e-03
          -1.318184e-02 -2.125916e-03 -4.240561e-03
          -1.318175e-02 -2.410641e-03 -2.993937e-04
          -1.318175e-02 -2.410658e-03 -6.024302e-04
          -1.318985e-02 -2.391385e-03 -1.511599e-03
          -1.318985e-02 -2.391407e-03 -1.814637e-03
          -1.318985e-02 -2.391429e-03 -2.117676e-03
          -1.318985e-02 -2.391452e-03 -2.420715e-03
          -1.318191e-02 -2.415107e-03 -2.725377e-03
          -1.318191e-02 -2.415127e-03 -3.028413e-03
          -1.318191e-02 -2.415147e-03 -3.331449e-03
          -1.318190e-02 -2.415172e-03 -3.634485e-03
          -1.318189e-02 -2.415203e-03 -3.937522e-03
          -1.318189e-02 -2.415236e-03 -4.240558e-03
          -1.318179e-02 -2.699990e-03 -2.993887e-04
          -1.318179e-02 -2.700007e-03 -6.024253e-04
          -1.319841e-02 -2.692516e-03 -1.510487e-03
          -1.319841e-02 -2.692539e-03 -1.813526e-03
          -1.319841e-02 -2.692561e-03 -2.116565e-03
          -1.318187e-02 -2.702283e-03 -2.421496e-03
          -1.318195e-02 -2.704454e-03 -2.725373e-03
          -1.318195e-02 -2.704473e-03 -3.028409e-03
          -1.318195e-02 -2.704492e-03 -3.331445e-03
          -1.318195e-02 -2.704517e-03 -3.634482e-03
          -1.318194e-02 -2.704548e-03 -3.937518e-03
          -1.318184e-02 -2.989359e-03 -2.993828e-04
          -1.318184e-02 -2.989375e-03 -6.024194e-04
          -1.319845e-02 -2.981884e-03 -1.510481e-03
          -1.319845e-02 -2.981906e-03 -1.813520e-03
          -1.318192e-02 -2.991628e-03 -2.118451e-03
          -1.318192e-02 -2.991646e-03 -2.421491e-03
          -1.318200e-02 -2.993816e-03 -2.725368e-03
          -1.318199e-02 -2.993835e-03 -3.028404e-03
          -1.318199e-02 -2.993854e-03 -3.331440e-03
          -1.318199e-02 -2.993879e-03 -3.634477e-03
          -1.318188e-02 -3.278727e-03 -2.993769e-04
          -1.318188e-02 -3.278743e-03 -6.024135e-04
          -1.319850e-02 -3.271251e-03 -1.510476e-03
          -1.318196e-02 -3.280973e-03 -1.815407e-03
          -1.318196e-02 -3.280991e-03 -2.118446e-03
          -1.318196e-02 -3.281009e-03 -2.421485e-03
          -1.318204e-02 -3.283179e-03 -2.725363e-03
          -1.318203e-02 -3.283197e-03 -3.028399e-03
          -1.318203e-02 -3.283216e-03 -3.331436e-03
          -1.318203e-02 -3.283240e-03 -3.634472e-03
          -1.318193e-02 -3.568095e-03 -2.993709e-04
          -1.318193e-02 -3.568111e-03 -6.024076e-04
          -1.318201e-02 -3.570319e-03 -1.512362e-03
          -1.318200e-02 -3.570337e-03 -1.815401e-03
          -1.318200e-02 -3.570355e-03 -2.118441e-03
          -1.318200e-02 -3.570373e-03 -2.421480e-03
          -1.318208e-02 -3.572542e-03 -2.725358e-03
          -1.318208e-02 -3.572560e-03 -3.028394e-03
          -1.318207e-02 -3.572578e-03 -3.331431e-03
          -1.318197e-02 -3.857463e-03 -2.993650e-04
          -1.318197e-02 -3.857478e-03 -6.024018e-04
          -1.318311e-02 -3.861101e-03 -1.512181e-03
          -1.318310e-02 -3.861118e-03 -1.815220e-03
          -1.318310e-02 -3.861136e-03 -2.118260e-03
          -1.318310e-02 -3.861154e-03 -2.421299e-03
          -1.318212e-02 -3.861904e-03 -2.725353e-03
          -1.318212e-02 -3.861921e-03 -3.028389e-03
          -1.318211e-02 -3.861939e-03 -3.331426e-03
          -1.318201e-02 -4.146824e-03 -2.993595e-04
          -1.318201e-02 -4.146839e-03 -6.023963e-04
          -1.318506e-02 -4.152599e-03 -1.208652e-03
          -1.318507e-02 -4.153037e-03 -1.511856e-03
          -1.318507e-02 -4.153055e-03 -1.814896e-03
          -1.318507e-02 -4.153072e-03 -2.117935e-03
          -1.318506e-02 -4.153089e-03 -2.420975e-03
          -1.318216e-02 -4.151262e-03 -2.725348e-03
          -1.318215e-02 -4.151278e-03 -3.028384e-03
          -1.318215e-02 -4.151295e-03 -3.331421e-03
          -1.318204e-02 -4.436179e-03 -2.993544e-04
          -1.318204e-02 -4.436194e-03 -6.023912e-04
          -1.318669e-02 -4.443141e-03 -9.049522e-04
          -1.318673e-02 -4.444144e-03 -1.208376e-03
          -1.318674e-02 -4.444582e-03 -1.511580e-03
          -1.318674e-02 -4.444599e-03 -1.814619e-03
          -1.318674e-02 -4.444616e-03 -2.117659e-03
          -1.318674e-02 -4.444633e-03 -2.420698e-03
          -1.318219e-02 -4.440614e-03 -2.725343e-03
          -1.318219e-02 -4.440630e-03 -3.028380e-03
          -1.318218e-02 -4.440645e-03 -3.331417e-03
          -1.318207e-02 -4.725531e-03 -2.993495e-04
          -1.318670e-02 -4.731733e-03 -6.016195e-04
          -1.318673e-02 -4.732493e-03 -9.049473e-04
          -1.318676e-02 -4.733495e-03 -1.208371e-03
          -1.318678e-02 -4.733933e-03 -1.511575e-03
          -1.318677e-02 -4.733950e-03 -1.814615e-03
          -1.318677e-02 -4.733967e-03 -2.117654e-03
          -1.318677e-02 -4.733984e-03 -2.420694e-03
          -1.318222e-02 -4.729964e-03 -2.725339e-03
          -1.318222e-02 -4.729978e-03 -3.028376e-03
          -1.318221e-02 -4.729991e-03 -3.331414e-03
          -1.318220e-02 -4.730008e-03 -3.634452e-03
          -1.318220e-02 -4.730029e-03 -3.937491e-03
          -1.318673e-02 -5.021070e-03 -2.985778e-04
          -1.318673e-02 -5.021085e-03 -6.016146e-04
          -1.318676e-02 -5.021844e-03 -9.049425e-04
          -1.318679e-02 -5.022846e-03 -1.208366e-03
          -1.318681e-02 -5.023284e-03 -1.511570e-03
          -1.318681e-02 -5.023301e-03 -1.814610e-03
          -1.318680e-02 -5.023317e-03 -2.117649e-03
          -1.318680e-02 -5.023334e-03 -2.420689e-03
          -1.318225e-02 -5.019312e-03 -2.725334e-03
          -1.318225e-02 -5.019324e-03 -3.028372e-03
          -1.318224e-02 -5.019337e-03 -3.331411e-03
          -1.318223e-02 -5.019354e-03 -3.634449e-03
          -1.318223e-02 -5.019374e-03 -3.937488e-03
          -1.318222e-02 -5.019396e-03 -4.240527e-03
          -1.318221e-02 -5.019417e-03 -4.543565e-03
          -1.318684e-02 -5.312592e-03 -2.994138e-04
          -1.318684e-02 -5.312606e-03 -6.024507e-04
          -1.318638e-02 -5.313955e-03 -2.724915e-03
          -1.318637e-02 -5.313967e-03 -3.027953e-03
          -1.318686e-02 -5.601966e-03 -2.994093e-04
          -1.318686e-02 -5.601980e-03 -6.024462e-04
          -1.318639e-02 -5.603323e-03 -2.724911e-03
          -1.318688e-02 -5.891341e-03 -2.994048e-04
          -1.318688e-02 -5.891355e-03 -6.024418e-04
          -1.318641e-02 -5.892692e-03 -2.724907e-03
          -1.318690e-02 -6.180716e-03 -2.994003e-04
          -1.318690e-02 -6.180729e-03 -6.024373e-04
          -1.344045e-02 1.002667e-02 -2.424108e-03
          -1.344235e-02 1.002384e-02 -4.848293e-03
          -1.344046e-02 9.737424e-03 -2.121077e-03
          -1.344046e-02 9.737419e-03 -2.424106e-03
          -1.344047e-02 9.448174e-03 -1.818046e-03
          -1.344047e-02 9.448168e-03 -2.121075e-03
          -1.344048e-02 9.448163e-03 -2.424104e-03
          -1.345624e-02 9.145031e-03 -9.306871e-07
          -1.344013e-02 9.159263e-03 -1.818127e-03
          -1.344013e-02 9.159258e-03 -2.121156e-03
          -1.344014e-02 9.159252e-03 -2.424185e-03
          -1.345685e-02 8.858563e-03 -7.727856e-07
          -1.343968e-02 8.870451e-03 -1.818233e-03
          -1.343969e-02 8.870445e-03 -2.121262e-03
          -1.343970e-02 8.870439e-03 -2.424291e-03
          -1.345731e-02 8.571363e-03 -6.554579e-07
          -1.343932e-02 8.581554e-03 -2.121351e-03
          -1.343933e-02 8.581549e-03 -2.424380e-03
          -1.344587e-02 7.432744e-03 -1.514619e-03
          -1.344526e-02 7.436445e-03 -1.817614e-03
          -1.344527e-02 7.436438e-03 -2.120644e-03
          -1.344591e-02 7.143493e-03 -1.514615e-03
          -1.344530e-02 7.147194e-03 -1.817610e-03
          -1.344594e-02 6.854242e-03 -1.514611e-03
          -1.344901e-02 5.968484e-03 -3.026417e-04
          -1.344902e-02 5.968479e-03 -6.056720e-04
          -1.345018e-02 5.967071e-03 -2.726936e-03
          -1.345019e-02 5.967062e-03 -3.029967e-03
          -1.344905e-02 5.679215e-03 -3.026373e-04
          -1.345021e-02 5.677800e-03 -2.726932e-03
          -1.345022e-02 5.677791e-03 -3.029963e-03
          -1.345023e-02 5.677778e-03 -3.332995e-03
          -1.345023e-02 5.677765e-03 -3.636028e-03
          -1.345024e-02 5.677748e-03 -3.939059e-03
          -1.345025e-02 5.388530e-03 -2.726928e-03
          -1.345025e-02 5.388518e-03 -3.029960e-03
          -1.345026e-02 5.388505e-03 -3.332993e-03
          -1.345027e-02 5.388491e-03 -3.636025e-03
          -1.345027e-02 5.388474e-03 -3.939057e-03
          -1.345028e-02 5.388452e-03 -4.242089e-03
          -1.345029e-02 5.388430e-03 -4.545120e-03
          -1.345534e-02 4.816309e-03 -3.019013e-04
          -1.345770e-02 4.840046e-03 -2.423339e-03
          -1.345882e-02 4.833415e-03 -4.847971e-03
          -1.345539e-02 4.527051e-03 -3.018971e-04
          -1.345540e-02 4.527045e-03 -6.049278e-04
          -1.345540e-02 4.527038e-03 -9.079585e-04
          -1.345774e-02 4.550797e-03 -2.120305e-03
          -1.345775e-02 4.550782e-03 -2.423337e-03
          -1.345618e-02 4.525386e-03 -2.726548e-03
          -1.345886e-02 4.544173e-03 -4.544937e-03
          -1.345887e-02 4.544144e-03 -4.847970e-03
          -1.345559e-02 4.237975e-03 -3.018704e-04
          -1.345560e-02 4.237968e-03 -6.049012e-04
          -1.345560e-02 4.237962e-03 -9.079321e-04
          -1.345774e-02 4.261641e-03 -1.817259e-03
          -1.345775e-02 4.261626e-03 -2.120291e-03
          -1.345776e-02 4.261612e-03 -2.423323e-03
          -1.345628e-02 4.236862e-03 -2.726541e-03
          -1.345900e-02 4.254516e-03 -4.241887e-03
          -1.345901e-02 4.254486e-03 -4.544920e-03
          -1.345901e-02 4.254457e-03 -4.847952e-03
          -1.345791e-02 3.970098e-03 -1.513962e-03
          -1.345718e-02 3.973630e-03 -1.817093e-03
          -1.345719e-02 3.973615e-03 -2.120126e-03
          -1.345720e-02 3.973600e-03 -2.423158e-03
          -1.345735e-02 3.682055e-03 -1.513800e-03
          -1.345664e-02 3.685560e-03 -1.816935e-03
          -1.345665e-02 3.685544e-03 -2.119967e-03
          -1.345666e-02 3.685529e-03 -2.423000e-03
          -1.345709e-02 3.393408e-03 -1.513716e-03
          -1.345636e-02 3.396938e-03 -1.816848e-03
          -1.345637e-02 3.396923e-03 -2.119880e-03
          -1.345638e-02 3.396907e-03 -2.422913e-03
          -1.345794e-02 3.393689e-03 -2.726362e-03
          -1.345795e-02 3.393675e-03 -3.029394e-03
          -1.345713e-02 3.104132e-03 -1.513713e-03
          -1.345640e-02 3.107663e-03 -1.816845e-03
          -1.345641e-02 3.107647e-03 -2.119878e-03
          -1.345642e-02 3.107630e-03 -2.422911e-03
          -1.345798e-02 3.104413e-03 -2.726360e-03
          -1.345644e-02 2.818387e-03 -1.816843e-03
          -1.345645e-02 2.818370e-03 -2.119876e-03
          -1.345646e-02 2.818354e-03 -2.422908e-03
          -1.346950e-02 2.528025e-03 -1.512827e-03
          -1.347131e-02 2.532060e-03 -1.815778e-03
          -1.347131e-02 2.532043e-03 -2.118811e-03
          -1.346770e-02 2.522644e-03 -2.422171e-03
          -1.346229e-02 2.505126e-03 -2.726160e-03
          -1.346229e-02 2.505110e-03 -3.029193e-03
          -1.346957e-02 2.238728e-03 -1.512822e-03
          -1.347138e-02 2.242762e-03 -1.815773e-03
          -1.347139e-02 2.242745e-03 -2.118806e-03
          -1.346236e-02 2.215825e-03 -2.726157e-03
          -1.346237e-02 2.215810e-03 -3.029190e-03
          -1.346090e-02 1.929817e-03 -3.010818e-04
          -1.346965e-02 1.949430e-03 -1.512816e-03
          -1.347145e-02 1.953464e-03 -1.815768e-03
          -1.346243e-02 1.926524e-03 -2.726154e-03
          -1.346244e-02 1.926509e-03 -3.029187e-03
          -1.346098e-02 1.640519e-03 -3.010761e-04
          -1.346098e-02 1.640507e-03 -6.041092e-04
          -1.346972e-02 1.660132e-03 -1.512811e-03
          -1.346259e-02 1.638819e-03 -1.816561e-03
          -1.346250e-02 1.637223e-03 -2.726151e-03
          -1.346251e-02 1.637208e-03 -3.029184e-03
          -1.346104e-02 1.351219e-03 -3.010707e-04
          -1.346105e-02 1.351206e-03 -6.041039e-04
          -1.346105e-02 1.351194e-03 -9.071371e-04
          -1.346575e-02 1.349649e-03 -1.513128e-03
          -1.346589e-02 1.349346e-03 -1.816235e-03
          -1.346590e-02 1.349326e-03 -2.119270e-03
          -1.346257e-02 1.347920e-03 -2.726147e-03
          -1.346257e-02 1.347904e-03 -3.029181e-03
          -1.346258e-02 1.347888e-03 -3.332214e-03
          -1.346110e-02 1.061914e-03 -3.010656e-04
          -1.346111e-02 1.061902e-03 -6.040988e-04
          -1.346111e-02 1.061890e-03 -9.071321e-04
          -1.346871e-02 1.060903e-03 -1.209586e-03
          -1.346905e-02 1.060173e-03 -1.512801e-03
          -1.346919e-02 1.059870e-03 -1.815908e-03
          -1.346919e-02 1.059850e-03 -2.118944e-03
          -1.346920e-02 1.059830e-03 -2.421979e-03
          -1.346263e-02 1.058614e-03 -2.726143e-03
          -1.346263e-02 1.058598e-03 -3.029177e-03
          -1.346263e-02 1.058582e-03 -3.332211e-03
          -1.346264e-02 1.058564e-03 -3.635245e-03
          -1.346116e-02 7.726071e-04 -3.010606e-04
          -1.346116e-02 7.725947e-04 -6.040940e-04
          -1.346926e-02 7.721553e-04 -9.063215e-04
          -1.346954e-02 7.715544e-04 -1.209504e-03
          -1.346988e-02 7.708246e-04 -1.512719e-03
          -1.347002e-02 7.705209e-04 -1.815827e-03
          -1.347002e-02 7.705008e-04 -2.118862e-03
          -1.347003e-02 7.704807e-04 -2.421897e-03
          -1.346268e-02 7.693063e-04 -2.726139e-03
          -1.346268e-02 7.692900e-04 -3.029173e-03
          -1.346269e-02 7.692730e-04 -3.332207e-03
          -1.346269e-02 7.692538e-04 -3.635242e-03
          -1.346269e-02 7.692284e-04 -3.938277e-03
          -1.346121e-02 4.832996e-04 -3.010557e-04
          -1.346931e-02 4.828601e-04 -6.032833e-04
          -1.346931e-02 4.828477e-04 -9.063168e-04
          -1.346959e-02 4.822467e-04 -1.209499e-03
          -1.346993e-02 4.815168e-04 -1.512715e-03
          -1.347007e-02 4.812130e-04 -1.815822e-03
          -1.347008e-02 4.811928e-04 -2.118858e-03
          -1.347008e-02 4.811726e-04 -2.421893e-03
          -1.346273e-02 4.799980e-04 -2.726135e-03
          -1.346274e-02 4.799810e-04 -3.029169e-03
          -1.346274e-02 4.799627e-04 -3.332205e-03
          -1.346274e-02 4.799433e-04 -3.635240e-03
          -1.346274e-02 4.799177e-04 -3.938275e-03
          -1.346274e-02 4.798858e-04 -4.241310e-03
          -1.346273e-02 4.798525e-04 -4.544345e-03
          -1.346936e-02 1.935651e-04 -3.002450e-04
          -1.346936e-02 1.935526e-04 -6.032785e-04
          -1.346937e-02 1.935401e-04 -9.063120e-04
          -1.346965e-02 1.929390e-04 -1.209495e-03
          -1.346999e-02 1.922090e-04 -1.512710e-03
          -1.347012e-02 1.919051e-04 -1.815818e-03
          -1.347013e-02 1.918848e-04 -2.118853e-03
          -1.347013e-02 1.918645e-04 -2.421889e-03
          -1.346279e-02 1.906893e-04 -2.726131e-03
          -1.346279e-02 1.906709e-04 -3.029166e-03
          -1.346279e-02 1.906524e-04 -3.332202e-03
          -1.346279e-02 1.906328e-04 -3.635237e-03
          -1.346279e-02 1.906070e-04 -3.938273e-03
          -1.346279e-02 1.905750e-04 -4.241308e-03
          -1.346278e-02 1.905415e-04 -4.544343e-03
          -1.346278e-02 1.905080e-04 -4.847378e-03
          -1.347016e-02 -9.733649e-05 -3.006415e-04
          -1.347016e-02 -9.734913e-05 -6.036751e-04
          -1.347017e-02 -9.736177e-05 -9.067087e-04
          -1.347278e-02 -7.571855e-05 -1.816793e-03
          -1.347279e-02 -7.573896e-05 -2.119829e-03
          -1.348551e-02 -8.103720e-05 -2.422264e-03
          -1.347028e-02 -9.962475e-05 -2.725761e-03
          -1.347028e-02 -9.964328e-05 -3.028797e-03
          -1.347028e-02 -9.966181e-05 -3.331832e-03
          -1.347023e-02 -3.866664e-04 -3.006358e-04
          -1.347023e-02 -3.866792e-04 -6.036696e-04
          -1.347024e-02 -3.866919e-04 -9.067033e-04
          -1.347285e-02 -3.650491e-04 -1.816788e-03
          -1.348181e-02 -3.687865e-04 -2.119401e-03
          -1.348558e-02 -3.703682e-04 -2.422261e-03
          -1.347034e-02 -3.889557e-04 -2.725758e-03
          -1.347034e-02 -3.889741e-04 -3.028794e-03
          -1.347034e-02 -3.889926e-04 -3.331829e-03
          -1.348391e-02 -3.767897e-04 -4.847581e-03
          -1.347030e-02 -6.759963e-04 -3.006302e-04
          -1.347030e-02 -6.760092e-04 -6.036641e-04
          -1.347031e-02 -6.760221e-04 -9.066980e-04
          -1.347795e-02 -6.564692e-04 -1.816546e-03
          -1.348564e-02 -6.596783e-04 -2.119220e-03
          -1.348564e-02 -6.596991e-04 -2.422258e-03
          -1.347041e-02 -6.782866e-04 -2.725755e-03
          -1.347041e-02 -6.783050e-04 -3.028791e-03
          -1.347040e-02 -6.783234e-04 -3.331826e-03
          -1.348397e-02 -6.660869e-04 -4.544543e-03
          -1.348397e-02 -6.661182e-04 -4.847579e-03
          -1.347162e-02 -9.651281e-04 -3.004183e-04
          -1.347163e-02 -9.651411e-04 -6.034524e-04
          -1.347163e-02 -9.651542e-04 -9.064864e-04
          -1.348573e-02 -9.482920e-04 -1.815918e-03
          -1.348573e-02 -9.483129e-04 -2.118955e-03
          -1.348573e-02 -9.483339e-04 -2.421993e-03
          -1.347469e-02 -1.253980e-03 -2.999199e-04
          -1.347469e-02 -1.253993e-03 -6.029541e-04
          -1.347469e-02 -1.254007e-03 -9.059884e-04
          -1.348584e-02 -1.235989e-03 -1.815302e-03
          -1.348584e-02 -1.236010e-03 -2.118340e-03
          -1.348584e-02 -1.236031e-03 -2.421378e-03
          -1.347768e-02 -1.542836e-03 -2.994319e-04
          -1.348595e-02 -1.523681e-03 -1.814686e-03
          -1.348595e-02 -1.523702e-03 -2.117724e-03
          -1.348595e-02 -1.523723e-03 -2.420762e-03
          -1.348537e-02 -1.528238e-03 -2.725299e-03
          -1.348537e-02 -1.528256e-03 -3.028335e-03
          -1.348537e-02 -1.528274e-03 -3.331370e-03
          -1.348600e-02 -1.812880e-03 -1.814639e-03
          -1.348600e-02 -1.812901e-03 -2.117677e-03
          -1.348600e-02 -1.812923e-03 -2.420715e-03
          -1.348587e-02 -1.817014e-03 -2.725283e-03
          -1.348587e-02 -1.817032e-03 -3.028319e-03
          -1.348605e-02 -2.102198e-03 -1.814636e-03
          -1.348605e-02 -2.102220e-03 -2.117675e-03
          -1.348605e-02 -2.102241e-03 -2.420713e-03
          -1.348592e-02 -2.106333e-03 -2.725281e-03
          -1.347811e-02 -2.125913e-03 -3.028411e-03
          -1.348610e-02 -2.391516e-03 -1.814633e-03
          -1.348610e-02 -2.391538e-03 -2.117672e-03
          -1.348610e-02 -2.391559e-03 -2.420710e-03
          -1.347816e-02 -2.415214e-03 -2.725373e-03
          -1.347816e-02 -2.415232e-03 -3.028408e-03
          -1.349465e-02 -2.692646e-03 -1.813522e-03
          -1.349465e-02 -2.692668e-03 -2.116561e-03
          -1.347820e-02 -2.704558e-03 -2.725369e-03
          -1.349470e-02 -2.982012e-03 -1.813516e-03
          -1.348293e-02 -4.154932e-03 -1.511431e-03
          -1.348294e-02 -4.155334e-03 -1.814621e-03
          -1.348294e-02 -4.155351e-03 -2.117660e-03
          -1.373680e-02 1.002664e-02 -2.424107e-03
          -1.373870e-02 1.002381e-02 -4.848293e-03
          -1.373681e-02 9.737389e-03 -2.121076e-03
          -1.373682e-02 9.737384e-03 -2.424104e-03
          -1.373871e-02 9.734564e-03 -4.545261e-03
          -1.373871e-02 9.734553e-03 -4.848291e-03
          -1.375262e-02 9.434419e-03 -9.211141e-07
          -1.373790e-02 9.447005e-03 -1.818058e-03
          -1.373646e-02 9.448486e-03 -2.121159e-03
          -1.373647e-02 9.448481e-03 -2.424188e-03
          -1.375323e-02 9.147949e-03 -7.632049e-07
          -1.373747e-02 9.158181e-03 -1.818162e-03
          -1.373601e-02 9.159681e-03 -2.121268e-03
          -1.373601e-02 9.159676e-03 -2.424297e-03
          -1.375365e-02 8.860574e-03 -6.556468e-07
          -1.373566e-02 8.870770e-03 -2.121352e-03
          -1.373567e-02 8.870764e-03 -2.424381e-03
          -1.373686e-02 8.869591e-03 -2.727128e-03
          -1.373686e-02 8.869586e-03 -3.030158e-03
          -1.373687e-02 8.869581e-03 -3.333188e-03
          -1.373567e-02 8.581501e-03 -2.121349e-03
          -1.373568e-02 8.581496e-03 -2.424378e-03
          -1.373687e-02 8.580323e-03 -2.727125e-03
          -1.373687e-02 8.580318e-03 -3.030156e-03
          -1.373688e-02 8.580312e-03 -3.333186e-03
          -1.373568e-02 8.292233e-03 -2.121347e-03
          -1.373569e-02 8.292227e-03 -2.424376e-03
          -1.373570e-02 8.002964e-03 -2.121345e-03
          -1.373570e-02 8.002958e-03 -2.424374e-03
          -1.374217e-02 7.433039e-03 -1.817643e-03
          -1.374162e-02 7.436379e-03 -2.120642e-03
          -1.374220e-02 7.143786e-03 -1.817639e-03
          -1.374660e-02 5.388441e-03 -2.726925e-03
          -1.374660e-02 5.388430e-03 -3.029957e-03
          -1.374661e-02 5.388418e-03 -3.332990e-03
          -1.374348e-02 4.831016e-03 -2.120558e-03
          -1.375404e-02 4.839953e-03 -2.423336e-03
          -1.375516e-02 4.833341e-03 -4.847969e-03
          -1.375400e-02 4.550875e-03 -2.120279e-03
          -1.375401e-02 4.550861e-03 -2.423311e-03
          -1.375537e-02 4.543325e-03 -4.544905e-03
          -1.375538e-02 4.543297e-03 -4.847937e-03
          -1.375417e-02 4.259329e-03 -1.816983e-03
          -1.375346e-02 4.262808e-03 -2.120121e-03
          -1.375347e-02 4.262793e-03 -2.423153e-03
          -1.375362e-02 3.971257e-03 -1.816824e-03
          -1.375290e-02 3.974789e-03 -2.119956e-03
          -1.375291e-02 3.974775e-03 -2.422988e-03
          -1.375391e-02 3.967585e-03 -2.726394e-03
          -1.375391e-02 3.967572e-03 -3.029427e-03
          -1.375392e-02 3.967560e-03 -3.332460e-03
          -1.375392e-02 3.967547e-03 -3.635493e-03
          -1.375338e-02 3.682554e-03 -1.816747e-03
          -1.375266e-02 3.686086e-03 -2.119879e-03
          -1.375267e-02 3.686071e-03 -2.422911e-03
          -1.375422e-02 3.682855e-03 -2.726360e-03
          -1.375423e-02 3.682842e-03 -3.029393e-03
          -1.375424e-02 3.682829e-03 -3.332426e-03
          -1.375342e-02 3.393277e-03 -1.816745e-03
          -1.375269e-02 3.396808e-03 -2.119877e-03
          -1.375270e-02 3.396793e-03 -2.422909e-03
          -1.375426e-02 3.393577e-03 -2.726358e-03
          -1.375427e-02 3.393564e-03 -3.029391e-03
          -1.375346e-02 3.104000e-03 -1.816742e-03
          -1.375273e-02 3.107531e-03 -2.119874e-03
          -1.375274e-02 3.107515e-03 -2.422907e-03
          -1.375430e-02 3.104299e-03 -2.726356e-03
          -1.375349e-02 2.814722e-03 -1.816740e-03
          -1.375277e-02 2.818253e-03 -2.119872e-03
          -1.375278e-02 2.818237e-03 -2.422905e-03
          -1.376583e-02 2.527889e-03 -1.815856e-03
          -1.376763e-02 2.531924e-03 -2.118808e-03
          -1.376401e-02 2.522526e-03 -2.422167e-03
          -1.376590e-02 2.238590e-03 -1.815851e-03
          -1.376770e-02 2.242626e-03 -2.118802e-03
          -1.376597e-02 1.949291e-03 -1.815846e-03
          -1.375897e-02 7.691765e-04 -2.726133e-03
          -1.375750e-02 4.831539e-04 -3.010534e-04
          -1.375902e-02 4.798673e-04 -2.726129e-03
          -1.375902e-02 4.798521e-04 -3.029163e-03
          -1.375907e-02 1.905578e-04 -2.726125e-03
          -1.375907e-02 1.905411e-04 -3.029160e-03
          -1.375907e-02 1.905243e-04 -3.332196e-03
          -1.375907e-02 1.905076e-04 -3.635231e-03
          -1.375907e-02 1.904897e-04 -3.938267e-03
          -1.376907e-02 -7.587262e-05 -2.119823e-03
          -1.378179e-02 -8.116997e-05 -2.422258e-03
          -1.376859e-02 -8.290502e-05 -4.544892e-03
          -1.376859e-02 -8.293681e-05 -4.847928e-03
          -1.377809e-02 -3.689186e-04 -2.119396e-03
          -1.378186e-02 -3.704995e-04 -2.422255e-03
          -1.376865e-02 -3.722342e-04 -4.544889e-03
          -1.378019e-02 -3.768930e-04 -4.847575e-03
          -1.378194e-02 -6.590108e-04 -2.118915e-03
          -1.378195e-02 -6.590308e-04 -2.421952e-03
          -1.377904e-02 -6.688320e-04 -4.847389e-03
          -1.378067e-02 -9.499887e-04 -1.815252e-03
          -1.378205e-02 -9.467740e-04 -2.118325e-03
          -1.378205e-02 -9.467942e-04 -2.421362e-03
          -1.378077e-02 -1.237679e-03 -1.814637e-03
          -1.378216e-02 -1.234464e-03 -2.117710e-03
          -1.378216e-02 -1.234485e-03 -2.420747e-03
          -1.378196e-02 -1.238567e-03 -2.725285e-03
          -1.378196e-02 -1.238584e-03 -3.028320e-03
          -1.378196e-02 -1.238600e-03 -3.331356e-03
          -1.378196e-02 -1.238617e-03 -3.634392e-03
          -1.378082e-02 -1.526978e-03 -1.814628e-03
          -1.378221e-02 -1.523696e-03 -2.117675e-03
          -1.378221e-02 -1.523717e-03 -2.420713e-03
          -1.378207e-02 -1.527807e-03 -2.725281e-03
          -1.378207e-02 -1.527823e-03 -3.028316e-03
          -1.378207e-02 -1.527840e-03 -3.331352e-03
          -1.378087e-02 -1.816295e-03 -1.814625e-03
          -1.378226e-02 -1.813013e-03 -2.117673e-03
          -1.378226e-02 -1.813033e-03 -2.420710e-03
          -1.378212e-02 -1.817123e-03 -2.725278e-03
          -1.378212e-02 -1.817140e-03 -3.028314e-03
          -1.378092e-02 -2.105611e-03 -1.814623e-03
          -1.378230e-02 -2.102329e-03 -2.117670e-03
          -1.378230e-02 -2.102350e-03 -2.420708e-03
          -1.378217e-02 -2.106440e-03 -2.725276e-03
          -1.378097e-02 -2.394928e-03 -1.814620e-03
          -1.378235e-02 -2.391646e-03 -2.117668e-03
          -1.378235e-02 -2.391667e-03 -2.420706e-03
          -1.378806e-02 -2.694043e-03 -1.813698e-03
          -1.379090e-02 -2.692774e-03 -2.116557e-03
          -1.378810e-02 -2.983407e-03 -1.813692e-03
          -1.379049e-02 -5.299792e-03 -2.118215e-03
          -1.379356e-02 -5.312011e-03 -2.420409e-03
          -1.403316e-02 1.002661e-02 -2.424105e-03
          -1.403505e-02 1.002379e-02 -4.848293e-03
          -1.404899e-02 9.723753e-03 -9.147990e-07
          -1.403423e-02 9.736231e-03 -2.121090e-03
          -1.403278e-02 9.737732e-03 -2.424196e-03
          -1.404960e-02 9.437281e-03 -7.568822e-07
          -1.403378e-02 9.447424e-03 -2.121199e-03
          -1.403234e-02 9.448905e-03 -2.424300e-03
          -1.405000e-02 9.149787e-03 -6.558358e-07
          -1.403346e-02 9.158482e-03 -2.121276e-03
          -1.403201e-02 9.159982e-03 -2.424382e-03
          -1.403320e-02 9.158810e-03 -2.727129e-03
          -1.403320e-02 9.158805e-03 -3.030159e-03
          -1.403320e-02 9.158801e-03 -3.333190e-03
          -1.403321e-02 9.158796e-03 -3.636220e-03
          -1.403347e-02 8.869212e-03 -2.121273e-03
          -1.403202e-02 8.870713e-03 -2.424379e-03
          -1.403321e-02 8.869540e-03 -2.727126e-03
          -1.403321e-02 8.869536e-03 -3.030157e-03
          -1.403322e-02 8.869531e-03 -3.333187e-03
          -1.403420e-02 8.868489e-03 -3.636201e-03
          -1.403349e-02 8.579943e-03 -2.121271e-03
          -1.403203e-02 8.581443e-03 -2.424377e-03
          -1.403322e-02 8.580271e-03 -2.727124e-03
          -1.403322e-02 8.580266e-03 -3.030155e-03
          -1.403323e-02 8.580261e-03 -3.333185e-03
          -1.403350e-02 8.290672e-03 -2.121269e-03
          -1.403204e-02 8.292172e-03 -2.424375e-03
          -1.403323e-02 8.291000e-03 -2.727122e-03
          -1.403324e-02 8.290995e-03 -3.030153e-03
          -1.403205e-02 8.002903e-03 -2.424373e-03
          -1.403325e-02 8.001730e-03 -2.727120e-03
          -1.403207e-02 7.713633e-03 -2.424371e-03
          -1.403853e-02 7.432974e-03 -2.120671e-03
          -1.404106e-02 5.117887e-03 -2.423515e-03
          -1.404146e-02 4.829075e-03 -2.120426e-03
          -1.405028e-02 4.840087e-03 -2.423303e-03
          -1.405172e-02 4.832258e-03 -4.847927e-03
          -1.405038e-02 4.548857e-03 -2.120020e-03
          -1.404973e-02 4.552044e-03 -2.423142e-03
          -1.404758e-02 4.539982e-03 -4.241684e-03
          -1.404981e-02 4.260836e-03 -2.119855e-03
          -1.404918e-02 4.263970e-03 -2.422983e-03
          -1.405024e-02 4.257389e-03 -2.726389e-03
          -1.405024e-02 4.257378e-03 -3.029421e-03
          -1.405025e-02 4.257367e-03 -3.332454e-03
          -1.405025e-02 4.257356e-03 -3.635487e-03
          -1.405025e-02 4.257345e-03 -3.938520e-03
          -1.404961e-02 3.972052e-03 -2.119788e-03
          -1.404895e-02 3.975238e-03 -2.422910e-03
          -1.405051e-02 3.972024e-03 -2.726359e-03
          -1.405052e-02 3.972013e-03 -3.029392e-03
          -1.405052e-02 3.972001e-03 -3.332425e-03
          -1.405053e-02 3.971990e-03 -3.635457e-03
          -1.404964e-02 3.682772e-03 -2.119786e-03
          -1.404899e-02 3.685959e-03 -2.422908e-03
          -1.405055e-02 3.682744e-03 -2.726357e-03
          -1.405055e-02 3.682733e-03 -3.029390e-03
          -1.405056e-02 3.682721e-03 -3.332423e-03
          -1.404968e-02 3.393493e-03 -2.119783e-03
          -1.404902e-02 3.396679e-03 -2.422906e-03
          -1.405058e-02 3.393465e-03 -2.726355e-03
          -1.405059e-02 3.393453e-03 -3.029387e-03
          -1.404972e-02 3.104214e-03 -2.119781e-03
          -1.404906e-02 3.107400e-03 -2.422903e-03
          -1.405062e-02 3.104185e-03 -2.726353e-03
          -1.404975e-02 2.814935e-03 -2.119779e-03
          -1.404910e-02 2.818120e-03 -2.422901e-03
          -1.406233e-02 2.528150e-03 -2.118878e-03
          -1.406033e-02 2.522408e-03 -2.422163e-03
          -1.406240e-02 2.238850e-03 -2.118872e-03
          -1.406494e-02 -7.935107e-05 -2.119667e-03
          -1.407807e-02 -8.130273e-05 -2.422252e-03
          -1.406487e-02 -8.304132e-05 -4.847922e-03
          -1.407368e-02 -3.714189e-04 -2.119044e-03
          -1.407816e-02 -3.697985e-04 -2.421937e-03
          -1.406747e-02 -3.732873e-04 -4.544531e-03
          -1.407522e-02 -3.797191e-04 -4.847378e-03
          -1.407702e-02 -6.604536e-04 -2.118276e-03
          -1.407827e-02 -6.574923e-04 -2.421321e-03
          -1.407268e-02 -6.630813e-04 -4.240878e-03
          -1.407712e-02 -9.481591e-04 -2.117667e-03
          -1.407837e-02 -9.451980e-04 -2.420713e-03
          -1.407824e-02 -9.492867e-04 -2.725280e-03
          -1.407824e-02 -9.493017e-04 -3.028316e-03
          -1.407824e-02 -9.493167e-04 -3.331351e-03
          -1.407824e-02 -9.493317e-04 -3.634387e-03
          -1.407824e-02 -9.493467e-04 -3.937423e-03
          -1.407717e-02 -1.237474e-03 -2.117665e-03
          -1.407842e-02 -1.234513e-03 -2.420710e-03
          -1.407828e-02 -1.238602e-03 -2.725278e-03
          -1.407828e-02 -1.238617e-03 -3.028313e-03
          -1.407828e-02 -1.238632e-03 -3.331349e-03
          -1.407828e-02 -1.238647e-03 -3.634385e-03
          -1.407721e-02 -1.526789e-03 -2.117662e-03
          -1.407846e-02 -1.523829e-03 -2.420708e-03
          -1.407833e-02 -1.527917e-03 -2.725276e-03
          -1.407833e-02 -1.527932e-03 -3.028311e-03
          -1.407833e-02 -1.527947e-03 -3.331347e-03
          -1.407726e-02 -1.816105e-03 -2.117660e-03
          -1.407851e-02 -1.813144e-03 -2.420706e-03
          -1.407837e-02 -1.817233e-03 -2.725273e-03
          -1.407837e-02 -1.817248e-03 -3.028309e-03
          -1.407730e-02 -2.105420e-03 -2.117657e-03
          -1.407855e-02 -2.102459e-03 -2.420704e-03
          -1.407842e-02 -2.106548e-03 -2.725271e-03
          -1.407735e-02 -2.394735e-03 -2.117655e-03
          -1.407860e-02 -2.391775e-03 -2.420701e-03
          -1.408459e-02 -2.694045e-03 -2.116714e-03
          -1.408499e-02 -5.301882e-03 -2.118123e-03
          -1.408979e-02 -5.312089e-03 -2.420406e-03
          -1.408797e-02 -5.314609e-03 -4.846125e-03
          -1.409011e-02 -5.600829e-03 -2.419820e-03
          -1.409050e-02 -5.889437e-03 -2.419119e-03
          -1.409071e-02 -6.178394e-03 -2.418754e-03
          -1.408985e-02 -6.180149e-03 -2.723434e-03
          -1.408985e-02 -6.180158e-03 -3.026472e-03
          -1.408984e-02 -6.180167e-03 -3.329510e-03
          -1.408984e-02 -6.180175e-03 -3.632548e-03
          -1.409073e-02 -6.467736e-03 -2.418752e-03
          -1.408987e-02 -6.469508e-03 -3.329508e-03
          -1.409076e-02 -6.757077e-03 -2.418749e-03
          -1.409078e-02 -7.046418e-03 -2.418746e-03
          -1.409080e-02 -7.335760e-03 -2.418744e-03
          -1.409083e-02 -7.625101e-03 -2.418741e-03
          -1.434533e-02 1.001297e-02 -9.227776e-07
          -1.433043e-02 1.002537e-02 -2.424144e-03
          -1.434879e-02 9.726368e-03 -7.649266e-07
          -1.433001e-02 9.736564e-03 -2.424247e-03
          -1.433174e-02 9.732461e-03 -3.636282e-03
          -1.433175e-02 9.732455e-03 -3.939312e-03
          -1.433175e-02 9.732448e-03 -4.242343e-03
          -1.432970e-02 9.447631e-03 -2.424320e-03
          -1.432976e-02 9.447631e-03 -2.727133e-03
          -1.432976e-02 9.447625e-03 -3.030163e-03
          -1.432977e-02 9.447619e-03 -3.333194e-03
          -1.432977e-02 9.447612e-03 -3.636224e-03
          -1.432978e-02 9.447606e-03 -3.939254e-03
          -1.432972e-02 9.158382e-03 -2.424316e-03
          -1.432977e-02 9.158381e-03 -2.727130e-03
          -1.432978e-02 9.158375e-03 -3.030160e-03
          -1.432979e-02 9.158369e-03 -3.333190e-03
          -1.432979e-02 9.158362e-03 -3.636221e-03
          -1.432974e-02 8.869132e-03 -2.424312e-03
          -1.432979e-02 8.869132e-03 -2.727126e-03
          -1.432980e-02 8.869125e-03 -3.030156e-03
          -1.432980e-02 8.869119e-03 -3.333187e-03
          -1.433052e-02 8.868366e-03 -3.636205e-03
          -1.432976e-02 8.579883e-03 -2.424309e-03
          -1.432981e-02 8.579882e-03 -2.727122e-03
          -1.432982e-02 8.579876e-03 -3.030153e-03
          -1.432982e-02 8.579869e-03 -3.333183e-03
          -1.432978e-02 8.290632e-03 -2.424305e-03
          -1.432983e-02 8.290631e-03 -2.727119e-03
          -1.432984e-02 8.290625e-03 -3.030149e-03
          -1.432980e-02 8.001383e-03 -2.424301e-03
          -1.432985e-02 8.001382e-03 -2.727115e-03
          -1.432982e-02 7.712132e-03 -2.424298e-03
          -1.433874e-02 5.116411e-03 -2.423407e-03
          -1.434648e-02 4.838099e-03 -2.423070e-03
          -1.434376e-02 4.829165e-03 -4.544718e-03
          -1.434925e-02 4.826014e-03 -4.847693e-03
          -1.434786e-02 4.540769e-03 -2.119607e-03
          -1.434596e-02 4.550040e-03 -2.422910e-03
          -1.434652e-02 4.546103e-03 -2.726381e-03
          -1.434653e-02 4.546088e-03 -3.029415e-03
          -1.434653e-02 4.546074e-03 -3.332449e-03
          -1.434654e-02 4.546059e-03 -3.635483e-03
          -1.434655e-02 4.546045e-03 -3.938517e-03
          -1.434655e-02 4.546030e-03 -4.241551e-03
          -1.434771e-02 4.251918e-03 -2.119550e-03
          -1.434579e-02 4.261243e-03 -2.422845e-03
          -1.434680e-02 4.260540e-03 -2.726351e-03
          -1.434681e-02 4.260525e-03 -3.029385e-03
          -1.434681e-02 4.260511e-03 -3.332419e-03
          -1.434682e-02 4.260496e-03 -3.635453e-03
          -1.434683e-02 4.260481e-03 -3.938487e-03
          -1.434776e-02 3.962655e-03 -2.119545e-03
          -1.434584e-02 3.971979e-03 -2.422841e-03
          -1.434685e-02 3.971276e-03 -2.726347e-03
          -1.434686e-02 3.971261e-03 -3.029381e-03
          -1.434687e-02 3.971246e-03 -3.332415e-03
          -1.434687e-02 3.971232e-03 -3.635449e-03
          -1.434589e-02 3.682715e-03 -2.422837e-03
          -1.434691e-02 3.682011e-03 -2.726344e-03
          -1.434691e-02 3.681996e-03 -3.029377e-03
          -1.434692e-02 3.681982e-03 -3.332412e-03
          -1.434594e-02 3.393450e-03 -2.422833e-03
          -1.434696e-02 3.392747e-03 -2.726340e-03
          -1.434697e-02 3.392732e-03 -3.029374e-03
          -1.434600e-02 3.104186e-03 -2.422829e-03
          -1.434701e-02 3.103483e-03 -2.726336e-03
          -1.434605e-02 2.814922e-03 -2.422825e-03
          -1.435758e-02 2.522424e-03 -2.422011e-03
          -1.437299e-02 -8.335817e-05 -2.421927e-03
          -1.436366e-02 -8.402642e-05 -4.847572e-03
          -1.437312e-02 -3.710528e-04 -2.421310e-03
          -1.436834e-02 -3.781490e-04 -2.725444e-03
          -1.436834e-02 -3.781693e-04 -3.028482e-03
          -1.436834e-02 -3.781897e-04 -3.331521e-03
          -1.436834e-02 -3.782101e-04 -3.634558e-03
          -1.436835e-02 -3.782305e-04 -3.937596e-03
          -1.436835e-02 -3.782508e-04 -4.240635e-03
          -1.436890e-02 -3.736753e-04 -4.543922e-03
          -1.437325e-02 -6.588613e-04 -2.420737e-03
          -1.437406e-02 -6.605816e-04 -2.725269e-03
          -1.437406e-02 -6.606021e-04 -3.028307e-03
          -1.437407e-02 -6.606226e-04 -3.331346e-03
          -1.437407e-02 -6.606430e-04 -3.634384e-03
          -1.437407e-02 -6.606635e-04 -3.937422e-03
          -1.437407e-02 -6.606840e-04 -4.240460e-03
          -1.437332e-02 -9.481777e-04 -2.420733e-03
          -1.437413e-02 -9.498981e-04 -2.725265e-03
          -1.437413e-02 -9.499187e-04 -3.028303e-03
          -1.437413e-02 -9.499393e-04 -3.331342e-03
          -1.437414e-02 -9.499598e-04 -3.634380e-03
          -1.437414e-02 -9.499804e-04 -3.937418e-03
          -1.437338e-02 -1.237494e-03 -2.420729e-03
          -1.437420e-02 -1.239215e-03 -2.725261e-03
          -1.437420e-02 -1.239235e-03 -3.028300e-03
          -1.437420e-02 -1.239256e-03 -3.331338e-03
          -1.437420e-02 -1.239277e-03 -3.634376e-03
          -1.437345e-02 -1.526811e-03 -2.420725e-03
          -1.437427e-02 -1.528531e-03 -2.725258e-03
          -1.437427e-02 -1.528552e-03 -3.028296e-03
          -1.437427e-02 -1.528573e-03 -3.331334e-03
          -1.437352e-02 -1.816127e-03 -2.420721e-03
          -1.437434e-02 -1.817848e-03 -2.725254e-03
          -1.437434e-02 -1.817869e-03 -3.028292e-03
          -1.437359e-02 -2.105444e-03 -2.420717e-03
          -1.437441e-02 -2.107164e-03 -2.725250e-03
          -1.437366e-02 -2.394760e-03 -2.420713e-03
          -1.438458e-02 -5.312408e-03 -2.419876e-03
          -1.438497e-02 -5.601047e-03 -2.419187e-03
          -1.438519e-02 -5.890050e-03 -2.418847e-03
          -1.438568e-02 -5.890930e-03 -2.723445e-03
          -1.438567e-02 -5.890943e-03 -3.026487e-03
          -1.438567e-02 -5.890956e-03 -3.329528e-03
          -1.438567e-02 -5.890969e-03 -3.632570e-03
          -1.438566e-02 -5.890982e-03 -3.935612e-03
          -1.438522e-02 -6.179407e-03 -2.418843e-03
          -1.438572e-02 -6.180287e-03 -2.723441e-03
          -1.438571e-02 -6.180300e-03 -3.026482e-03
          -1.438571e-02 -6.180313e-03 -3.329524e-03
          -1.438570e-02 -6.180326e-03 -3.632566e-03
          -1.438526e-02 -6.468765e-03 -2.418838e-03
          -1.438575e-02 -6.469645e-03 -2.723437e-03
          -1.438575e-02 -6.469658e-03 -3.026478e-03
          -1.438575e-02 -6.469671e-03 -3.329520e-03
          -1.438503e-02 -6.470175e-03 -3.632632e-03
          -1.438530e-02 -6.758123e-03 -2.418834e-03
          -1.438579e-02 -6.759003e-03 -2.723432e-03
          -1.438579e-02 -6.759016e-03 -3.026474e-03
          -1.438578e-02 -6.759028e-03 -3.329516e-03
          -1.438534e-02 -7.047481e-03 -2.418830e-03
          -1.438583e-02 -7.048360e-03 -2.723428e-03
          -1.438583e-02 -7.048373e-03 -3.026470e-03
          -1.438538e-02 -7.336839e-03 -2.418825e-03
          -1.438587e-02 -7.337718e-03 -2.723424e-03
          -1.438542e-02 -7.626196e-03 -2.418821e-03
          -1.464461e-02 1.001295e-02 -1.001177e-06
          -1.464502e-02 9.725465e-03 -8.857945e-07
          -1.464222e-02 4.827711e-03 -2.422964e-03
          -1.464240e-02 4.539012e-03 -2.422898e-03
          -1.464281e-02 4.539467e-03 -2.726236e-03
          -1.464285e-02 4.539368e-03 -3.029292e-03
          -1.464290e-02 4.539268e-03 -3.332347e-03
          -1.464295e-02 4.539169e-03 -3.635402e-03
          -1.464299e-02 4.539070e-03 -3.938457e-03
          -1.464304e-02 4.538971e-03 -4.241513e-03
          -1.464275e-02 4.249980e-03 -2.422875e-03
          -1.464315e-02 4.250434e-03 -2.726214e-03
          -1.464320e-02 4.250335e-03 -3.029269e-03
          -1.464324e-02 4.250236e-03 -3.332325e-03
          -1.464329e-02 4.250136e-03 -3.635380e-03
          -1.464334e-02 4.250037e-03 -3.938435e-03
          -1.464309e-02 3.960948e-03 -2.422852e-03
          -1.464349e-02 3.961402e-03 -2.726191e-03
          -1.464354e-02 3.961303e-03 -3.029246e-03
          -1.464359e-02 3.961203e-03 -3.332302e-03
          -1.464363e-02 3.961104e-03 -3.635357e-03
          -1.464343e-02 3.671915e-03 -2.422830e-03
          -1.464383e-02 3.672370e-03 -2.726168e-03
          -1.464388e-02 3.672270e-03 -3.029224e-03
          -1.464393e-02 3.672170e-03 -3.332280e-03
          -1.464418e-02 3.383337e-03 -2.726146e-03
          -1.464422e-02 3.383238e-03 -3.029201e-03
          -1.464452e-02 3.094305e-03 -2.726123e-03
          -1.465088e-02 2.516670e-03 -2.422287e-03
          -1.466307e-02 -3.791476e-04 -2.421222e-03
          -1.466395e-02 -3.791516e-04 -2.725110e-03
          -1.466395e-02 -3.792892e-04 -3.028194e-03
          -1.466396e-02 -3.794267e-04 -3.331278e-03
          -1.466397e-02 -3.795643e-04 -3.634362e-03
          -1.466397e-02 -3.797018e-04 -3.937445e-03
          -1.466398e-02 -3.798394e-04 -4.240529e-03
          -1.466399e-02 -3.799770e-04 -4.543613e-03
          -1.466351e-02 -6.685151e-04 -2.421199e-03
          -1.466440e-02 -6.685192e-04 -2.725087e-03
          -1.466440e-02 -6.686568e-04 -3.028171e-03
          -1.466441e-02 -6.687945e-04 -3.331255e-03
          -1.466441e-02 -6.689321e-04 -3.634339e-03
          -1.466442e-02 -6.690698e-04 -3.937423e-03
          -1.466443e-02 -6.692074e-04 -4.240507e-03
          -1.466484e-02 -9.578866e-04 -2.725065e-03
          -1.466485e-02 -9.580244e-04 -3.028149e-03
          -1.466485e-02 -9.581621e-04 -3.331233e-03
          -1.466486e-02 -9.582999e-04 -3.634317e-03
          -1.466487e-02 -9.584376e-04 -3.937401e-03
          -1.466529e-02 -1.247254e-03 -2.725042e-03
          -1.466529e-02 -1.247392e-03 -3.028126e-03
          -1.466530e-02 -1.247530e-03 -3.331210e-03
          -1.466531e-02 -1.247668e-03 -3.634294e-03
          -1.466574e-02 -1.536622e-03 -2.725019e-03
          -1.466574e-02 -1.536760e-03 -3.028104e-03
          -1.466575e-02 -1.536898e-03 -3.331188e-03
          -2.532684e-02 6.231465e-03 -1.022062e-06
          -9.273309e-03 1.002426e-02 -1.213130e-03
          -9.274848e-03 9.448143e-03 -3.030808e-03
          -9.270440e-03 9.163799e-03 -1.411944e-06
          -9.271485e-03 9.163227e-03 -1.213046e-03
          -9.271935e-03 9.162895e-03 -1.515987e-03
          -9.272412e-03 9.162536e-03 -1.818932e-03
          -9.270696e-03 8.876510e-03 -9.101115e-04
          -9.270970e-03 8.876357e-03 -1.213015e-03
          -9.273045e-03 8.874733e-03 -2.424794e-03
          -9.273673e-03 8.874190e-03 -2.727767e-03
          -9.274335e-03 8.873604e-03 -3.030751e-03
          -9.274997e-03 8.873019e-03 -3.333734e-03
          -9.275659e-03 8.872433e-03 -3.636718e-03
          -9.270355e-03 8.589946e-03 -9.100785e-04
          -9.270649e-03 8.589776e-03 -1.212980e-03
          -9.272887e-03 8.587907e-03 -2.424761e-03
          -9.274282e-03 8.586596e-03 -3.030723e-03
          -9.274998e-03 8.585915e-03 -3.333709e-03
          -9.275714e-03 8.585234e-03 -3.636695e-03
          -9.275769e-03 8.298034e-03 -3.636672e-03
          -9.275824e-03 8.010836e-03 -3.636649e-03
          -9.275880e-03 7.723637e-03 -3.636626e-03
          -9.278248e-03 6.861755e-03 -3.939565e-03
          -9.279207e-03 6.860555e-03 -4.242603e-03
          -9.278783e-03 6.574805e-03 -3.939542e-03
          -9.279810e-03 6.573545e-03 -4.242590e-03
          -9.280837e-03 6.572284e-03 -4.545637e-03
          -9.278422e-03 6.289300e-03 -3.636503e-03
          -9.279374e-03 6.002536e-03 -3.636517e-03
          -9.270426e-03 5.730235e-03 -6.069268e-04
          -9.281398e-03 5.714032e-03 -3.939562e-03
          -9.282392e-03 5.712374e-03 -4.242605e-03
          -9.282342e-03 5.427112e-03 -3.939575e-03
          -9.283328e-03 5.140182e-03 -3.939591e-03
          -9.272060e-03 4.875797e-03 -1.125257e-06
          -9.272535e-03 4.875317e-03 -3.039969e-04
          -9.273010e-03 4.874836e-03 -6.068686e-04
          -9.273796e-03 4.873772e-03 -9.097316e-04
          -9.274602e-03 4.872670e-03 -1.212594e-03
          -9.277990e-03 4.867137e-03 -2.121513e-03
          -9.285116e-03 4.853155e-03 -3.939672e-03
          -9.273203e-03 4.591092e-03 -1.049222e-06
          -9.273668e-03 4.590596e-03 -3.039496e-04
          -9.274133e-03 4.590100e-03 -6.068501e-04
          -9.274989e-03 4.588858e-03 -9.097183e-04
          -9.275870e-03 4.587567e-03 -1.212585e-03
          -9.279566e-03 4.581533e-03 -2.121528e-03
          -9.284506e-03 4.571102e-03 -3.333663e-03
          -9.286922e-03 4.566126e-03 -3.939754e-03
          -9.287962e-03 4.563852e-03 -4.242815e-03
          -9.283662e-03 4.289977e-03 -2.727621e-03
          -9.284962e-03 4.287203e-03 -3.030671e-03
          -9.286261e-03 4.284429e-03 -3.333722e-03
          -9.288726e-03 4.279095e-03 -3.939837e-03
          -9.289815e-03 4.276663e-03 -4.242910e-03
          -9.290903e-03 4.274230e-03 -4.545983e-03
          -9.285389e-03 4.003679e-03 -2.727657e-03
          -9.286703e-03 4.000717e-03 -3.030719e-03
          -9.288016e-03 3.997754e-03 -3.333781e-03
          -9.290531e-03 3.992063e-03 -3.939919e-03
          -9.291667e-03 3.989473e-03 -4.243004e-03
          -9.292803e-03 3.986882e-03 -4.546089e-03
          -9.293939e-03 3.984291e-03 -4.849175e-03
          -9.285348e-03 3.723341e-03 -2.121571e-03
          -9.287618e-03 3.717130e-03 -2.727720e-03
          -9.288899e-03 3.713978e-03 -3.030792e-03
          -9.290177e-03 3.710825e-03 -3.333865e-03
          -9.291454e-03 3.707672e-03 -3.636937e-03
          -9.288038e-03 3.437298e-03 -2.121615e-03
          -9.290223e-03 3.430395e-03 -2.727803e-03
          -9.291426e-03 3.427055e-03 -3.030885e-03
          -9.292627e-03 3.423715e-03 -3.333967e-03
          -9.293827e-03 3.420374e-03 -3.637050e-03
          -9.289424e-03 3.154321e-03 -1.818538e-03
          -9.295076e-03 3.136602e-03 -3.334069e-03
          -9.296198e-03 3.133074e-03 -3.637162e-03
          -9.297091e-03 3.129891e-03 -3.940238e-03
          -9.297847e-03 3.126913e-03 -4.243305e-03
          -9.292411e-03 2.867983e-03 -1.818604e-03
          -9.297523e-03 2.849488e-03 -3.334171e-03
          -9.298569e-03 2.845772e-03 -3.637274e-03
          -9.299336e-03 2.842441e-03 -3.940348e-03
          -9.299935e-03 2.839339e-03 -4.243405e-03
          -9.296401e-03 2.577719e-03 -2.121801e-03
          -9.301717e-03 2.554848e-03 -3.940463e-03
          -9.302185e-03 2.551613e-03 -4.243512e-03
          -9.297961e-03 2.299085e-03 -1.515663e-03
          -9.300176e-03 2.290632e-03 -2.121937e-03
          -9.304822e-03 2.266556e-03 -3.940609e-03
          -9.305262e-03 2.263190e-03 -4.243655e-03
          -9.303955e-03 2.003530e-03 -2.122072e-03
          -9.305100e-03 1.994578e-03 -2.728312e-03
          -9.307925e-03 1.978263e-03 -3.940755e-03
          -9.308337e-03 1.974766e-03 -4.243797e-03
          -9.308748e-03 1.971267e-03 -4.546839e-03
          -9.308571e-03 1.706845e-03 -2.728440e-03
          -9.311024e-03 1.689968e-03 -3.940901e-03
          -9.311408e-03 1.686340e-03 -4.243940e-03
          -9.311791e-03 1.682710e-03 -4.546978e-03
          -9.312174e-03 1.679079e-03 -4.850017e-03
          -9.311110e-03 1.428130e-03 -2.122247e-03
          -9.314121e-03 1.401672e-03 -3.941046e-03
          -9.314476e-03 1.397912e-03 -4.244081e-03
          -9.314831e-03 1.394151e-03 -4.547116e-03
          -9.315185e-03 1.390389e-03 -4.850151e-03
          -9.315123e-03 1.139703e-03 -2.122353e-03
          -9.315701e-03 1.130426e-03 -2.728671e-03
          -9.316113e-03 1.125885e-03 -3.031808e-03
          -9.316928e-03 1.116804e-03 -3.638082e-03
          -9.317928e-03 1.101505e-03 -4.850246e-03
          -9.319368e-03 8.509844e-04 -2.122472e-03
          -9.319875e-03 8.461059e-04 -2.425700e-03
          -9.319441e-03 8.413536e-04 -2.728765e-03
          -9.319942e-03 8.322139e-04 -3.335039e-03
          -9.320189e-03 8.276439e-04 -3.638176e-03
          -9.320331e-03 8.236252e-04 -3.941244e-03
          -9.320411e-03 8.199333e-04 -4.244271e-03
          -9.323035e-03 5.670341e-04 -1.819304e-03
          -9.323432e-03 5.344914e-04 -3.941335e-03
          -9.323357e-03 5.308597e-04 -4.244358e-03
          -9.327234e-03 2.727018e-04 -2.122588e-03
          -9.326701e-03 2.493222e-04 -3.638364e-03
          -9.326530e-03 2.453575e-04 -3.941427e-03
          -9.326301e-03 2.417860e-04 -4.244445e-03
          -9.331269e-03 -1.207048e-05 -1.819365e-03
          -9.331100e-03 -1.695292e-05 -2.122619e-03
          -9.329598e-03 -4.418482e-05 -3.941498e-03
          -9.329225e-03 -4.773096e-05 -4.244511e-03
          -9.335215e-03 -3.075765e-04 -2.122647e-03
          -9.333059e-03 -3.306404e-04 -3.638472e-03
          -9.332620e-03 -3.345853e-04 -3.941530e-03
          -9.332140e-03 -3.381561e-04 -4.244536e-03
          -9.339884e-03 -5.877183e-04 -1.516036e-03
          -9.336711e-03 -6.165280e-04 -3.335352e-03
          -9.335640e-03 -6.249846e-04 -3.941561e-03
          -9.335053e-03 -6.285798e-04 -4.244560e-03
          -9.341291e-03 -8.980798e-04 -2.729060e-03
          -9.340641e-03 -9.025366e-04 -3.032219e-03
          -9.339989e-03 -9.069941e-04 -3.335378e-03
          -9.338656e-03 -9.153827e-04 -3.941592e-03
          -9.337963e-03 -9.190022e-04 -4.244584e-03
          -9.337268e-03 -9.226233e-04 -4.547575e-03
          -9.346341e-03 -1.180040e-03 -2.122538e-03
          -9.344844e-03 -1.188676e-03 -2.729072e-03
          -9.344053e-03 -1.193071e-03 -3.032237e-03
          -9.343260e-03 -1.197467e-03 -3.335403e-03
          -9.341665e-03 -1.205786e-03 -3.941621e-03
          -9.340866e-03 -1.209428e-03 -4.244607e-03
          -9.340065e-03 -1.213071e-03 -4.547592e-03
          -9.350451e-03 -1.467591e-03 -1.819039e-03
          -9.349688e-03 -1.471972e-03 -2.122386e-03
          -9.347827e-03 -1.480224e-03 -2.728947e-03
          -9.346921e-03 -1.484473e-03 -3.032125e-03
          -9.346014e-03 -1.488723e-03 -3.335303e-03
          -9.345104e-03 -1.492972e-03 -3.638481e-03
          -9.354776e-03 -1.755113e-03 -1.515413e-03
          -9.353020e-03 -1.764078e-03 -2.122219e-03
          -9.348700e-03 -1.780074e-03 -3.335186e-03
          -9.347685e-03 -1.784157e-03 -3.638378e-03
          -9.346704e-03 -1.787717e-03 -3.941463e-03
          -9.345742e-03 -1.790967e-03 -4.244485e-03
          -9.351384e-03 -2.071423e-03 -3.335069e-03
          -9.350264e-03 -2.075341e-03 -3.638276e-03
          -9.349194e-03 -2.078709e-03 -3.941379e-03
          -9.348153e-03 -2.081749e-03 -4.244420e-03
          -9.359690e-03 -2.344676e-03 -1.818410e-03
          -9.354066e-03 -2.362771e-03 -3.334953e-03
          -9.352842e-03 -2.366524e-03 -3.638174e-03
          -9.351683e-03 -2.369699e-03 -3.941294e-03
          -9.350563e-03 -2.372531e-03 -4.244355e-03
          -9.361140e-03 -2.640842e-03 -2.121596e-03
          -9.353791e-03 -2.661081e-03 -3.941167e-03
          -9.352600e-03 -2.663769e-03 -4.244240e-03
          -9.355536e-03 -2.952840e-03 -3.940997e-03
          -9.357280e-03 -3.244597e-03 -3.940828e-03
          -9.359023e-03 -3.536352e-03 -3.940659e-03
          -9.357684e-03 -3.538781e-03 -4.243752e-03
          -9.366355e-03 -3.817183e-03 -2.727411e-03
          -9.364934e-03 -3.819990e-03 -3.030710e-03
          -9.367286e-03 -4.109748e-03 -2.727141e-03
          -9.363110e-03 -4.117595e-03 -3.637063e-03
          -9.362863e-03 -4.411723e-03 -3.940032e-03
          -9.363947e-03 -4.703526e-03 -3.939806e-03
          -9.367859e-03 -5.575796e-03 -3.332506e-03
          -9.369194e-03 -5.866315e-03 -3.028946e-03
          -9.370519e-03 -6.157108e-03 -2.725399e-03
          -9.369249e-03 -6.158582e-03 -3.028710e-03
          -9.374559e-03 -6.443893e-03 -1.208215e-03
          -9.366798e-03 -6.453326e-03 -3.635100e-03
          -9.367058e-03 -7.036085e-03 -3.634707e-03
          -9.367188e-03 -7.327465e-03 -3.634511e-03
          -9.367319e-03 -7.618844e-03 -3.634314e-03
          -9.369127e-03 -8.198174e-03 -2.117522e-03
          -9.368799e-03 -8.198592e-03 -2.420879e-03
          -9.368631e-03 -8.489334e-03 -1.814054e-03
          -9.368337e-03 -8.489681e-03 -2.117397e-03
          -9.368043e-03 -8.490029e-03 -2.420741e-03
          -9.367287e-03 -8.781465e-03 -2.420603e-03
          -9.368078e-03 -9.070978e-03 -6.004615e-04
          -9.367834e-03 -9.071388e-03 -9.038166e-04
          -9.367701e-03 -9.361938e-03 -2.970324e-04
          -9.367472e-03 -9.362294e-03 -6.003718e-04
          -9.367080e-03 -9.653308e-03 -2.969584e-04
          -9.363624e-03 -9.947498e-03 -3.329899e-03
          -9.363181e-03 -9.947876e-03 -3.633159e-03
          -9.362696e-03 -9.948233e-03 -3.936425e-03
          -9.362185e-03 -9.948578e-03 -4.239696e-03
          -9.361673e-03 -9.948923e-03 -4.542967e-03
          -9.361161e-03 -9.949268e-03 -4.846238e-03
          -9.570289e-03 8.875219e-03 -1.212951e-03
          -9.571959e-03 8.873892e-03 -2.424732e-03
          -9.572497e-03 8.873389e-03 -2.727713e-03
          -9.573074e-03 8.872829e-03 -3.030705e-03
          -9.573651e-03 8.872270e-03 -3.333698e-03
          -9.574227e-03 8.871711e-03 -3.636690e-03
          -9.574291e-03 8.584363e-03 -3.636664e-03
          -9.574355e-03 8.297014e-03 -3.636638e-03
          -9.574419e-03 8.009667e-03 -3.636612e-03
          -9.577003e-03 6.860078e-03 -3.939501e-03
          -9.577591e-03 6.572964e-03 -3.939475e-03
          -9.577373e-03 6.287171e-03 -3.636425e-03
          -9.577328e-03 6.001725e-03 -3.333418e-03
          -9.570960e-03 5.725549e-03 -6.067517e-04
          -9.574203e-03 4.584302e-03 -7.816776e-07
          -9.583568e-03 4.567395e-03 -3.333518e-03
          -9.584174e-03 4.282859e-03 -3.030509e-03
          -9.585255e-03 4.280460e-03 -3.333563e-03
          -9.587312e-03 4.275799e-03 -3.939683e-03
          -9.588228e-03 4.273617e-03 -4.242757e-03
          -9.584768e-03 3.998633e-03 -2.727480e-03
          -9.585854e-03 3.996079e-03 -3.030544e-03
          -9.586941e-03 3.993525e-03 -3.333609e-03
          -9.589021e-03 3.988553e-03 -3.939748e-03
          -9.589961e-03 3.986218e-03 -4.242830e-03
          -9.586880e-03 3.711775e-03 -2.727528e-03
          -9.587934e-03 3.709064e-03 -3.030602e-03
          -9.588987e-03 3.706353e-03 -3.333676e-03
          -9.590038e-03 3.703642e-03 -3.636750e-03
          -9.589306e-03 3.424751e-03 -2.727592e-03
          -9.590294e-03 3.421886e-03 -3.030675e-03
          -9.591281e-03 3.419021e-03 -3.333758e-03
          -9.592267e-03 3.416155e-03 -3.636842e-03
          -9.593103e-03 3.413494e-03 -3.939921e-03
          -9.593849e-03 3.410953e-03 -4.242998e-03
          -9.594594e-03 3.408413e-03 -4.546075e-03
          -9.588823e-03 3.146868e-03 -1.818348e-03
          -9.593574e-03 3.131686e-03 -3.333841e-03
          -9.594494e-03 3.128667e-03 -3.636933e-03
          -9.595225e-03 3.125892e-03 -3.940012e-03
          -9.595843e-03 3.123262e-03 -4.243084e-03
          -9.591583e-03 2.860163e-03 -1.818385e-03
          -9.596720e-03 2.841178e-03 -3.637024e-03
          -9.599593e-03 2.550543e-03 -3.940198e-03
          -9.602451e-03 2.262127e-03 -3.940312e-03
          -9.601922e-03 1.995202e-03 -2.121711e-03
          -9.605305e-03 1.973709e-03 -3.940426e-03
          -9.605601e-03 1.970633e-03 -4.243478e-03
          -9.606217e-03 1.699718e-03 -2.728058e-03
          -9.608158e-03 1.685291e-03 -3.940540e-03
          -9.608411e-03 1.682087e-03 -4.243587e-03
          -9.608665e-03 1.678881e-03 -4.546633e-03
          -9.611008e-03 1.396871e-03 -3.940653e-03
          -9.613692e-03 1.111430e-03 -3.637654e-03
          -9.616308e-03 8.300045e-04 -3.031417e-03
          -9.616503e-03 8.261296e-04 -3.334570e-03
          -9.619287e-03 5.571771e-04 -1.818777e-03
          -9.619634e-03 5.369754e-04 -3.334633e-03
          -9.622545e-03 2.404748e-04 -3.940946e-03
          -9.626693e-03 -2.189070e-05 -1.818781e-03
          -9.632250e-03 -6.185979e-04 -3.031576e-03
          -9.631828e-03 -6.224213e-04 -3.334760e-03
          -9.637028e-03 -8.975784e-04 -2.121927e-03
          -9.635890e-03 -9.052262e-04 -2.728383e-03
          -9.635353e-03 -9.089991e-04 -3.031576e-03
          -9.634814e-03 -9.127725e-04 -3.334769e-03
          -9.633652e-03 -9.199236e-04 -3.941046e-03
          -9.632983e-03 -9.230661e-04 -4.244065e-03
          -9.639102e-03 -1.195685e-03 -2.728374e-03
          -9.638448e-03 -1.199407e-03 -3.031575e-03
          -9.637793e-03 -1.203130e-03 -3.334776e-03
          -9.636399e-03 -1.210218e-03 -3.941060e-03
          -9.641823e-03 -1.486991e-03 -2.728261e-03
          -9.641076e-03 -1.490593e-03 -3.031471e-03
          -9.640327e-03 -1.494195e-03 -3.334682e-03
          -9.639577e-03 -1.497797e-03 -3.637893e-03
          -9.641971e-03 -1.788805e-03 -3.637798e-03
          -9.640219e-03 -1.794691e-03 -4.243956e-03
          -9.649759e-03 -2.060078e-03 -1.818071e-03
          -9.644364e-03 -2.079812e-03 -3.637703e-03
          -9.652371e-03 -2.352266e-03 -1.817853e-03
          -9.646755e-03 -2.370818e-03 -3.637608e-03
          -9.645765e-03 -2.373563e-03 -3.940750e-03
          -9.647735e-03 -2.664773e-03 -3.940631e-03
          -9.652634e-03 -3.539410e-03 -3.940165e-03
          -9.662521e-03 -3.813109e-03 -1.513303e-03
          -9.660882e-03 -3.817224e-03 -2.120162e-03
          -9.660091e-03 -3.819246e-03 -2.423587e-03
          -9.662571e-03 -4.108006e-03 -1.816505e-03
          -9.661780e-03 -4.109900e-03 -2.119922e-03
          -9.665099e-03 -4.691740e-03 -1.512622e-03
          -9.661143e-03 -5.869955e-03 -3.331948e-03
          -9.661265e-03 -6.161888e-03 -3.331727e-03
          -9.663292e-03 -7.908088e-03 -2.420901e-03
          -9.662933e-03 -8.198970e-03 -2.117433e-03
          -9.662677e-03 -8.199348e-03 -2.420776e-03
          -9.662539e-03 -8.489944e-03 -1.813987e-03
          -9.662300e-03 -8.490277e-03 -2.117320e-03
          -9.662062e-03 -8.490611e-03 -2.420652e-03
          -9.662380e-03 -9.070975e-03 -2.971341e-04
          -9.662153e-03 -9.071334e-03 -6.004718e-04
          -9.661927e-03 -9.071692e-03 -9.038096e-04
          -9.661767e-03 -9.362338e-03 -2.970644e-04
          -9.661552e-03 -9.362657e-03 -6.003901e-04
          -9.661154e-03 -9.653701e-03 -2.969947e-04
          -9.656146e-03 -9.658537e-03 -4.846257e-03
          -9.656668e-03 -9.948723e-03 -4.239611e-03
          -9.656237e-03 -9.949047e-03 -4.542873e-03
          -9.655806e-03 -9.949371e-03 -4.846135e-03
          -9.868275e-03 8.874858e-03 -3.040710e-04
          -9.868576e-03 8.874626e-03 -6.070107e-04
          -9.868877e-03 8.874393e-03 -9.099505e-04
          -9.869178e-03 8.874161e-03 -1.212890e-03
          -9.869510e-03 8.873895e-03 -1.515836e-03
          -9.869847e-03 8.873624e-03 -1.818782e-03
          -9.870183e-03 8.873354e-03 -2.121728e-03
          -9.870987e-03 8.872606e-03 -2.727661e-03
          -9.871498e-03 8.872061e-03 -3.030661e-03
          -9.872009e-03 8.871515e-03 -3.333662e-03
          -9.872520e-03 8.870969e-03 -3.636662e-03
          -9.872576e-03 8.583483e-03 -3.636634e-03
          -9.875448e-03 6.858493e-03 -3.939442e-03
          -9.868037e-03 6.580909e-03 -9.440491e-07
          -9.876072e-03 6.571250e-03 -3.939413e-03
          -9.868529e-03 6.294550e-03 -9.073668e-07
          -9.868873e-03 6.294244e-03 -3.037965e-04
          -9.869218e-03 6.293938e-03 -6.066856e-04
          -9.869571e-03 6.293619e-03 -9.095758e-04
          -9.869924e-03 6.293299e-03 -1.212466e-03
          -9.870560e-03 6.292513e-03 -1.515419e-03
          -9.871236e-03 6.291660e-03 -1.818381e-03
          -9.871911e-03 6.290796e-03 -2.121344e-03
          -9.872587e-03 6.289930e-03 -2.424308e-03
          -9.873403e-03 6.288800e-03 -2.727309e-03
          -9.874265e-03 6.287587e-03 -3.030324e-03
          -9.875127e-03 6.286374e-03 -3.333339e-03
          -9.875988e-03 6.285161e-03 -3.636353e-03
          -9.878560e-03 6.281760e-03 -4.545520e-03
          -9.879415e-03 6.280638e-03 -4.848581e-03
          -9.869635e-03 6.008058e-03 -3.037512e-04
          -9.870000e-03 6.007717e-03 -6.066427e-04
          -9.870382e-03 6.007346e-03 -9.095359e-04
          -9.870765e-03 6.006974e-03 -1.212429e-03
          -9.871418e-03 6.006120e-03 -1.515386e-03
          -9.872109e-03 6.005197e-03 -1.818353e-03
          -9.874332e-03 6.002029e-03 -2.727298e-03
          -9.875205e-03 6.000696e-03 -3.030316e-03
          -9.876078e-03 5.999362e-03 -3.333334e-03
          -9.876950e-03 5.998029e-03 -3.636352e-03
          -9.870785e-03 5.721490e-03 -6.066000e-04
          -9.872278e-03 5.719722e-03 -1.515354e-03
          -9.876146e-03 5.713804e-03 -3.030309e-03
          -9.877029e-03 5.712349e-03 -3.333330e-03
          -9.877912e-03 5.710895e-03 -3.636351e-03
          -9.873147e-03 5.433305e-03 -1.515324e-03
          -9.878874e-03 5.423761e-03 -3.636350e-03
          -9.874371e-03 4.578467e-03 -5.639698e-07
          -9.878550e-03 4.288357e-03 -1.515234e-03
          -9.879393e-03 4.286632e-03 -1.818239e-03
          -9.880243e-03 4.284869e-03 -2.121251e-03
          -9.887205e-03 3.985406e-03 -3.939606e-03
          -9.885608e-03 3.707076e-03 -2.727361e-03
          -9.886495e-03 3.704724e-03 -3.030437e-03
          -9.887381e-03 3.702372e-03 -3.333513e-03
          -9.888265e-03 3.700020e-03 -3.636589e-03
          -9.891277e-03 3.691325e-03 -4.848933e-03
          -9.887874e-03 3.419816e-03 -2.727411e-03
          -9.888702e-03 3.417334e-03 -3.030495e-03
          -9.889530e-03 3.414852e-03 -3.333579e-03
          -9.890357e-03 3.412370e-03 -3.636663e-03
          -9.884661e-03 3.147567e-03 -3.031067e-04
          -9.884994e-03 3.147039e-03 -6.061229e-04
          -9.886978e-03 3.142290e-03 -1.515126e-03
          -9.887828e-03 3.140118e-03 -1.818168e-03
          -9.890138e-03 3.132555e-03 -2.727461e-03
          -9.890909e-03 3.129944e-03 -3.030553e-03
          -9.891679e-03 3.127331e-03 -3.333645e-03
          -9.892448e-03 3.124719e-03 -3.636737e-03
          -9.887346e-03 2.861086e-03 -3.029947e-04
          -9.887665e-03 2.860509e-03 -6.060487e-04
          -9.889564e-03 2.855406e-03 -1.515122e-03
          -9.890363e-03 2.853073e-03 -1.818187e-03
          -9.893114e-03 2.842551e-03 -3.030611e-03
          -9.893826e-03 2.839809e-03 -3.333711e-03
          -9.894538e-03 2.837067e-03 -3.636811e-03
          -9.896083e-03 2.552153e-03 -3.333779e-03
          -9.896739e-03 2.549283e-03 -3.636888e-03
          -9.897172e-03 2.546670e-03 -3.939974e-03
          -9.898872e-03 2.263856e-03 -3.333859e-03
          -9.899845e-03 2.258162e-03 -3.940064e-03
          -9.897258e-03 1.998043e-03 -9.088857e-04
          -9.901146e-03 1.978627e-03 -3.030812e-03
          -9.901659e-03 1.975557e-03 -3.333938e-03
          -9.902172e-03 1.972487e-03 -3.637065e-03
          -9.902517e-03 1.969654e-03 -3.940154e-03
          -9.899974e-03 1.712809e-03 -3.024877e-04
          -9.900214e-03 1.712087e-03 -6.057025e-04
          -9.901657e-03 1.705734e-03 -1.515125e-03
          -9.902251e-03 1.702849e-03 -1.818288e-03
          -9.903559e-03 1.693596e-03 -2.727747e-03
          -9.905187e-03 1.681144e-03 -3.940243e-03
          -9.903459e-03 1.425136e-03 -3.023640e-04
          -9.904924e-03 1.417780e-03 -1.515129e-03
          -9.905419e-03 1.414789e-03 -1.818312e-03
          -9.907855e-03 1.392634e-03 -3.940333e-03
          -9.908418e-03 1.383856e-03 -4.849514e-03
          -9.908345e-03 1.129305e-03 -1.515129e-03
          -9.909541e-03 1.116633e-03 -2.727847e-03
          -9.909815e-03 1.113321e-03 -3.030998e-03
          -9.910088e-03 1.110008e-03 -3.334150e-03
          -9.910359e-03 1.106696e-03 -3.637301e-03
          -9.910737e-03 1.097808e-03 -4.546517e-03
          -9.911493e-03 8.436453e-04 -1.211908e-03
          -9.912646e-03 8.274974e-04 -2.727877e-03
          -9.912811e-03 8.241677e-04 -3.031035e-03
          -9.912974e-03 8.208379e-04 -3.334193e-03
          -9.913137e-03 8.175082e-04 -3.637351e-03
          -9.914581e-03 5.595520e-04 -3.019510e-04
          -9.914686e-03 5.587086e-04 -6.053663e-04
          -9.915287e-03 5.515799e-04 -1.515117e-03
          -9.915536e-03 5.483678e-04 -1.818350e-03
          -9.915804e-03 5.350144e-04 -3.031071e-03
          -9.915859e-03 5.316676e-04 -3.334236e-03
          -9.915913e-03 5.283206e-04 -3.637401e-03
          -9.918408e-03 2.702229e-04 -3.018069e-04
          -9.918446e-03 2.693570e-04 -6.052826e-04
          -9.918738e-03 2.621890e-04 -1.515094e-03
          -9.918865e-03 2.589763e-04 -1.818337e-03
          -9.918795e-03 2.458610e-04 -3.031107e-03
          -9.918741e-03 2.424971e-04 -3.334279e-03
          -9.918687e-03 2.391328e-04 -3.637451e-03
          -9.922181e-03 -2.027442e-05 -6.051877e-04
          -9.921742e-03 -4.366275e-05 -3.031128e-03
          -9.921583e-03 -4.703176e-05 -3.334307e-03
          -9.921424e-03 -5.040059e-05 -3.637486e-03
          -9.925861e-03 -3.106018e-04 -6.050645e-04
          -9.925679e-03 -3.146669e-04 -1.211732e-03
          -9.924597e-03 -3.339635e-04 -3.031116e-03
          -9.924342e-03 -3.372921e-04 -3.334304e-03
          -9.929504e-03 -6.010060e-04 -6.049375e-04
          -9.928815e-03 -6.111958e-04 -1.818242e-03
          -9.928534e-03 -6.178417e-04 -2.424717e-03
          -9.927801e-03 -6.209750e-04 -2.727908e-03
          -9.927450e-03 -6.242633e-04 -3.031104e-03
          -9.932645e-03 -8.939998e-04 -9.081511e-04
          -9.931881e-03 -9.019491e-04 -1.818148e-03
          -9.931624e-03 -9.050600e-04 -2.121416e-03
          -9.936383e-03 -1.182386e-03 -3.009531e-04
          -9.936217e-03 -1.183198e-03 -6.045910e-04
          -9.935300e-03 -1.189770e-03 -1.514725e-03
          -9.934938e-03 -1.192714e-03 -1.818053e-03
          -9.938191e-03 -1.481249e-03 -1.514574e-03
          -9.936192e-03 -1.492770e-03 -2.727760e-03
          -9.935570e-03 -1.495876e-03 -3.030982e-03
          -9.934947e-03 -1.498982e-03 -3.334205e-03
          -9.934324e-03 -1.502087e-03 -3.637428e-03
          -9.937947e-03 -1.786960e-03 -3.030876e-03
          -9.937251e-03 -1.789952e-03 -3.334108e-03
          -9.936554e-03 -1.792944e-03 -3.637339e-03
          -9.943098e-03 -2.067235e-03 -1.817606e-03
          -9.939554e-03 -2.080922e-03 -3.334010e-03
          -9.938784e-03 -2.083801e-03 -3.637250e-03
          -9.945523e-03 -2.359051e-03 -1.817413e-03
          -9.941856e-03 -2.371890e-03 -3.333913e-03
          -9.941012e-03 -2.374656e-03 -3.637162e-03
          -9.940176e-03 -2.377047e-03 -3.940320e-03
          -9.944702e-03 -2.660545e-03 -3.030526e-03
          -9.943806e-03 -2.663191e-03 -3.333783e-03
          -9.942910e-03 -2.665837e-03 -3.637041e-03
          -9.942025e-03 -2.668118e-03 -3.940207e-03
          -9.946348e-03 -2.952291e-03 -3.030356e-03
          -9.943574e-03 -2.959506e-03 -3.940062e-03
          -9.947043e-03 -3.246414e-03 -3.333463e-03
          -9.945123e-03 -3.250894e-03 -3.939917e-03
          -9.951623e-03 -3.531535e-03 -2.423406e-03
          -9.946672e-03 -3.542281e-03 -3.939772e-03
          -9.956397e-03 -3.814074e-03 -2.990970e-04
          -9.956199e-03 -3.814881e-03 -6.026129e-04
          -9.955999e-03 -3.815695e-03 -9.061290e-04
          -9.955798e-03 -3.816509e-03 -1.209645e-03
          -9.955178e-03 -3.818141e-03 -1.513054e-03
          -9.954496e-03 -3.819897e-03 -1.816447e-03
          -9.953813e-03 -3.821653e-03 -2.119841e-03
          -9.953131e-03 -3.823408e-03 -2.423234e-03
          -9.952209e-03 -3.825428e-03 -2.726552e-03
          -9.956059e-03 -4.110636e-03 -1.512846e-03
          -9.955386e-03 -4.112286e-03 -1.816237e-03
          -9.954714e-03 -4.113921e-03 -2.119628e-03
          -9.956937e-03 -4.403129e-03 -1.512638e-03
          -9.956273e-03 -4.404673e-03 -1.816027e-03
          -9.957816e-03 -4.695609e-03 -1.512430e-03
          -9.950475e-03 -5.294432e-03 -4.848321e-03
          -9.960205e-03 -5.570812e-03 -6.015869e-04
          -9.951526e-03 -5.584598e-03 -4.544912e-03
          -9.950796e-03 -5.585615e-03 -4.848143e-03
          -9.952512e-03 -5.875005e-03 -4.241481e-03
          -9.957371e-03 -7.618487e-03 -2.724205e-03
          -9.957357e-03 -7.909100e-03 -2.420811e-03
          -9.957048e-03 -8.199889e-03 -2.117360e-03
          -9.956827e-03 -8.200253e-03 -2.420693e-03
          -9.956723e-03 -8.490732e-03 -1.813925e-03
          -9.956510e-03 -8.491069e-03 -2.117251e-03
          -9.956297e-03 -8.491407e-03 -2.420576e-03
          -9.957004e-03 -8.780664e-03 -6.005459e-04
          -9.956795e-03 -8.780989e-03 -9.038674e-04
          -9.956587e-03 -8.781314e-03 -1.207189e-03
          -9.956381e-03 -8.781627e-03 -1.510507e-03
          -9.956176e-03 -8.781938e-03 -1.813824e-03
          -9.955971e-03 -8.782249e-03 -2.117142e-03
          -9.955766e-03 -8.782560e-03 -2.420459e-03
          -9.956630e-03 -9.071662e-03 -2.971611e-04
          -9.956429e-03 -9.071962e-03 -6.004750e-04
          -9.956228e-03 -9.072263e-03 -9.037888e-04
          -9.956026e-03 -9.072564e-03 -1.207103e-03
          -9.955828e-03 -9.072852e-03 -1.510413e-03
          -9.955631e-03 -9.073139e-03 -1.813723e-03
          -9.955433e-03 -9.073425e-03 -2.117032e-03
          -9.955236e-03 -9.073712e-03 -2.420342e-03
          -9.956049e-03 -9.362982e-03 -2.970973e-04
          -9.955856e-03 -9.363256e-03 -6.004029e-04
          -9.955662e-03 -9.363531e-03 -9.037085e-04
          -9.955469e-03 -9.363806e-03 -1.207014e-03
          -9.955278e-03 -9.364071e-03 -1.510317e-03
          -9.955088e-03 -9.364335e-03 -1.813620e-03
          -9.954897e-03 -9.364599e-03 -2.116922e-03
          -9.954706e-03 -9.364863e-03 -2.420225e-03
          -9.955468e-03 -9.654303e-03 -2.970334e-04
          -9.955282e-03 -9.654551e-03 -6.003308e-04
          -9.955097e-03 -9.654800e-03 -9.036281e-04
          -9.954912e-03 -9.655048e-03 -1.206925e-03
          -9.954728e-03 -9.655291e-03 -1.510221e-03
          -9.954544e-03 -9.655532e-03 -1.813517e-03
          -9.954360e-03 -9.655774e-03 -2.116812e-03
          -9.954177e-03 -9.656015e-03 -2.420107e-03
          -9.953819e-03 -9.656348e-03 -2.723374e-03
          -9.954886e-03 -9.945623e-03 -2.969696e-04
          -9.954709e-03 -9.945845e-03 -6.002587e-04
          -9.954531e-03 -9.946068e-03 -9.035478e-04
          -9.954354e-03 -9.946290e-03 -1.206837e-03
          -9.954177e-03 -9.946510e-03 -1.510125e-03
          -9.954001e-03 -9.946729e-03 -1.813414e-03
          -9.953824e-03 -9.946948e-03 -2.116702e-03
          -9.953647e-03 -9.947167e-03 -2.419990e-03
          -1.016630e-02 8.874027e-03 -1.022855e-06
          -1.016660e-02 8.873790e-03 -3.039729e-04
          -1.016689e-02 8.873554e-03 -6.069230e-04
          -1.016718e-02 8.873318e-03 -9.098731e-04
          -1.016747e-02 8.873081e-03 -1.212823e-03
          -1.016777e-02 8.872845e-03 -1.515773e-03
          -1.016806e-02 8.872609e-03 -1.818723e-03
          -1.016835e-02 8.872372e-03 -2.121674e-03
          -1.016865e-02 8.872136e-03 -2.424624e-03
          -1.016907e-02 8.871684e-03 -2.727614e-03
          -1.016954e-02 8.871161e-03 -3.030618e-03
          -1.017000e-02 8.870638e-03 -3.333623e-03
          -1.017047e-02 8.870115e-03 -3.636627e-03
          -1.016606e-02 8.586868e-03 -9.986437e-07
          -1.016638e-02 8.586605e-03 -3.039471e-04
          -1.016669e-02 8.586343e-03 -6.068955e-04
          -1.016701e-02 8.586081e-03 -9.098439e-04
          -1.016732e-02 8.585818e-03 -1.212792e-03
          -1.016764e-02 8.585556e-03 -1.515741e-03
          -1.016795e-02 8.585293e-03 -1.818689e-03
          -1.016827e-02 8.585031e-03 -2.121638e-03
          -1.016954e-02 8.583687e-03 -3.030585e-03
          -1.017004e-02 8.583106e-03 -3.333591e-03
          -1.017054e-02 8.582526e-03 -3.636598e-03
          -1.016717e-02 8.298554e-03 -1.212762e-03
          -1.017060e-02 8.294936e-03 -3.636569e-03
          -1.017363e-02 6.856981e-03 -3.939386e-03
          -1.016721e-02 6.578164e-03 -8.014021e-07
          -1.017070e-02 6.574381e-03 -2.424262e-03
          -1.017428e-02 6.569637e-03 -3.939354e-03
          -1.016774e-02 6.291569e-03 -7.573862e-07
          -1.016806e-02 6.291281e-03 -3.036583e-04
          -1.016838e-02 6.290994e-03 -6.065592e-04
          -1.016870e-02 6.290706e-03 -9.094601e-04
          -1.016902e-02 6.290419e-03 -1.212361e-03
          -1.017137e-02 6.287431e-03 -2.424226e-03
          -1.017208e-02 6.286442e-03 -2.727231e-03
          -1.017283e-02 6.285378e-03 -3.030249e-03
          -1.017358e-02 6.284314e-03 -3.333268e-03
          -1.017433e-02 6.283250e-03 -3.636286e-03
          -1.017651e-02 6.280386e-03 -4.545467e-03
          -1.017723e-02 6.279446e-03 -4.848533e-03
          -1.016851e-02 6.005138e-03 -7.031266e-07
          -1.016885e-02 6.004814e-03 -3.036072e-04
          -1.016920e-02 6.004491e-03 -6.065113e-04
          -1.016954e-02 6.004168e-03 -9.094154e-04
          -1.016988e-02 6.003844e-03 -1.212320e-03
          -1.017046e-02 6.003072e-03 -1.515284e-03
          -1.017107e-02 6.002236e-03 -1.818257e-03
          -1.017229e-02 6.000564e-03 -2.424204e-03
          -1.017300e-02 5.999476e-03 -2.727214e-03
          -1.017376e-02 5.998303e-03 -3.030236e-03
          -1.017452e-02 5.997130e-03 -3.333258e-03
          -1.017527e-02 5.995958e-03 -3.636279e-03
          -1.017736e-02 5.992779e-03 -4.545456e-03
          -1.016928e-02 5.718705e-03 -6.488506e-07
          -1.016965e-02 5.718346e-03 -3.035561e-04
          -1.017001e-02 5.717987e-03 -6.064634e-04
          -1.017037e-02 5.717628e-03 -9.093707e-04
          -1.017073e-02 5.717268e-03 -1.212278e-03
          -1.017133e-02 5.716427e-03 -1.515247e-03
          -1.017320e-02 5.713697e-03 -2.424182e-03
          -1.017393e-02 5.712508e-03 -2.727196e-03
          -1.017469e-02 5.711227e-03 -3.030222e-03
          -1.017545e-02 5.709945e-03 -3.333247e-03
          -1.017621e-02 5.708664e-03 -3.636273e-03
          -1.017005e-02 5.432273e-03 -5.945582e-07
          -1.017044e-02 5.431878e-03 -3.035050e-04
          -1.017082e-02 5.431483e-03 -6.064155e-04
          -1.017120e-02 5.431088e-03 -9.093260e-04
          -1.017159e-02 5.430693e-03 -1.212237e-03
          -1.017220e-02 5.429782e-03 -1.515211e-03
          -1.017562e-02 5.424151e-03 -3.030208e-03
          -1.017639e-02 5.422760e-03 -3.333237e-03
          -1.017716e-02 5.421370e-03 -3.636267e-03
          -1.017736e-02 5.135567e-03 -3.333229e-03
          -1.017814e-02 5.134068e-03 -3.636262e-03
          -1.017879e-02 5.132660e-03 -3.939311e-03
          -1.017891e-02 4.848259e-03 -3.333253e-03
          -1.018037e-02 4.845135e-03 -3.939355e-03
          -1.017376e-02 4.573433e-03 -3.796457e-07
          -1.017605e-02 4.286061e-03 -6.061945e-04
          -1.017826e-02 4.282029e-03 -1.818107e-03
          -1.018514e-02 3.982548e-03 -3.939485e-03
          -1.018210e-02 3.708184e-03 -1.818022e-03
          -1.018390e-02 3.702905e-03 -2.727215e-03
          -1.018467e-02 3.700845e-03 -3.030292e-03
          -1.018544e-02 3.698785e-03 -3.333370e-03
          -1.018620e-02 3.696725e-03 -3.636448e-03
          -1.018602e-02 3.415451e-03 -2.727253e-03
          -1.018674e-02 3.413278e-03 -3.030338e-03
          -1.018745e-02 3.411104e-03 -3.333423e-03
          -1.018817e-02 3.408930e-03 -3.636508e-03
          -1.018383e-02 3.139925e-03 -3.028874e-04
          -1.018414e-02 3.139451e-03 -6.059052e-04
          -1.018511e-02 3.137330e-03 -1.211917e-03
          -1.018576e-02 3.135733e-03 -1.514956e-03
          -1.018644e-02 3.134062e-03 -1.818001e-03
          -1.018814e-02 3.127996e-03 -2.727290e-03
          -1.018881e-02 3.125709e-03 -3.030383e-03
          -1.018947e-02 3.123422e-03 -3.333476e-03
          -1.019013e-02 3.121135e-03 -3.636568e-03
          -1.018628e-02 2.853014e-03 -3.027819e-04
          -1.018659e-02 2.852500e-03 -6.058323e-04
          -1.018875e-02 2.846718e-03 -1.818011e-03
          -1.019026e-02 2.840540e-03 -2.727328e-03
          -1.019087e-02 2.838140e-03 -3.030428e-03
          -1.019148e-02 2.835739e-03 -3.333529e-03
          -1.019209e-02 2.833338e-03 -3.636629e-03
          -1.019115e-02 2.559302e-03 -1.818018e-03
          -1.019248e-02 2.552950e-03 -2.727366e-03
          -1.019304e-02 2.550439e-03 -3.030474e-03
          -1.019360e-02 2.547928e-03 -3.333582e-03
          -1.019416e-02 2.545416e-03 -3.636690e-03
          -1.019451e-02 2.543135e-03 -3.939781e-03
          -1.019521e-02 2.264717e-03 -2.727408e-03
          -1.019571e-02 2.262122e-03 -3.030524e-03
          -1.019622e-02 2.259527e-03 -3.333641e-03
          -1.019672e-02 2.256932e-03 -3.636757e-03
          -1.019705e-02 2.254559e-03 -3.939853e-03
          -1.019492e-02 1.990504e-03 -6.055455e-04
          -1.019959e-02 1.965981e-03 -3.939925e-03
          -1.019777e-02 1.703220e-03 -3.022699e-04
          -1.019801e-02 1.702584e-03 -6.054615e-04
          -1.019874e-02 1.699793e-03 -1.211732e-03
          -1.019921e-02 1.697698e-03 -1.514878e-03
          -1.019969e-02 1.695507e-03 -1.818026e-03
          -1.020066e-02 1.688247e-03 -2.727490e-03
          -1.020213e-02 1.677404e-03 -3.939996e-03
          -1.020287e-02 1.670095e-03 -4.849257e-03
          -1.020090e-02 1.415282e-03 -3.021481e-04
          -1.020112e-02 1.414615e-03 -6.053786e-04
          -1.020339e-02 1.400010e-03 -2.727532e-03
          -1.020467e-02 1.388825e-03 -3.940068e-03
          -1.020518e-02 1.383759e-03 -4.546245e-03
          -1.020543e-02 1.381225e-03 -4.849334e-03
          -1.020418e-02 1.126830e-03 -3.020096e-04
          -1.020526e-02 1.120905e-03 -1.514846e-03
          -1.020622e-02 1.111091e-03 -2.727554e-03
          -1.020646e-02 1.108209e-03 -3.030704e-03
          -1.020671e-02 1.105327e-03 -3.333854e-03
          -1.020695e-02 1.102446e-03 -3.637003e-03
          -1.020732e-02 1.097270e-03 -4.243205e-03
          -1.020749e-02 1.094750e-03 -4.546294e-03
          -1.020908e-02 8.219348e-04 -2.727570e-03
          -1.020923e-02 8.190377e-04 -3.030727e-03
          -1.020938e-02 8.161407e-04 -3.333884e-03
          -1.020952e-02 8.132436e-04 -3.637040e-03
          -1.020968e-02 8.081437e-04 -4.243246e-03
          -1.021085e-02 5.491968e-04 -3.017257e-04
          -1.021098e-02 5.484645e-04 -6.050901e-04
          -1.021154e-02 5.429994e-04 -1.514797e-03
          -1.021177e-02 5.405653e-04 -1.818008e-03
          -1.021194e-02 5.327783e-04 -2.727586e-03
          -1.021199e-02 5.298661e-04 -3.030750e-03
          -1.021204e-02 5.269538e-04 -3.333913e-03
          -1.021210e-02 5.240414e-04 -3.637077e-03
          -1.021205e-02 5.190174e-04 -4.243286e-03
          -1.021422e-02 2.598764e-04 -3.015883e-04
          -1.021430e-02 2.591261e-04 -6.050017e-04
          -1.021463e-02 2.536299e-04 -1.514763e-03
          -1.021476e-02 2.511896e-04 -1.817986e-03
          -1.021480e-02 2.436217e-04 -2.727602e-03
          -1.021475e-02 2.406944e-04 -3.030773e-03
          -1.021471e-02 2.377668e-04 -3.333943e-03
          -1.021466e-02 2.348390e-04 -3.637114e-03
          -1.021761e-02 -3.047685e-05 -6.048967e-04
          -1.021761e-02 -4.589305e-05 -2.727603e-03
          -1.021748e-02 -4.882540e-05 -3.030781e-03
          -1.021734e-02 -5.175764e-05 -3.333959e-03
          -1.021721e-02 -5.468974e-05 -3.637137e-03
          -1.021701e-02 -5.725808e-05 -3.940260e-03
          -1.022088e-02 -3.206879e-04 -6.047585e-04
          -1.022034e-02 -3.361468e-04 -2.727575e-03
          -1.022012e-02 -3.390465e-04 -3.030761e-03
          -1.021991e-02 -3.419463e-04 -3.333948e-03
          -1.021943e-02 -3.474200e-04 -3.940259e-03
          -1.022411e-02 -6.109530e-04 -6.046193e-04
          -1.022392e-02 -6.140543e-04 -1.211306e-03
          -1.022379e-02 -6.187948e-04 -1.817842e-03
          -1.022400e-02 -6.238911e-04 -2.424360e-03
          -1.022719e-02 -9.010091e-04 -3.009169e-04
          -1.022713e-02 -9.017463e-04 -6.044573e-04
          -1.022700e-02 -9.032293e-04 -9.078230e-04
          -1.022686e-02 -9.047646e-04 -1.211176e-03
          -1.022656e-02 -9.093530e-04 -1.817752e-03
          -1.022579e-02 -9.166520e-04 -2.727517e-03
          -1.023023e-02 -1.191829e-03 -3.007356e-04
          -1.023014e-02 -1.192552e-03 -6.042944e-04
          -1.022933e-02 -1.199920e-03 -1.817662e-03
          -1.023296e-02 -1.483231e-03 -3.005273e-04
          -1.023218e-02 -1.488862e-03 -1.514213e-03
          -1.023082e-02 -1.497863e-03 -2.727387e-03
          -1.023030e-02 -1.500576e-03 -3.030607e-03
          -1.022978e-02 -1.503289e-03 -3.333827e-03
          -1.022926e-02 -1.506001e-03 -3.637047e-03
          -1.023309e-02 -1.788887e-03 -2.727281e-03
          -1.023251e-02 -1.791501e-03 -3.030508e-03
          -1.023192e-02 -1.794115e-03 -3.333736e-03
          -1.023134e-02 -1.796730e-03 -3.636964e-03
          -1.023536e-02 -2.079909e-03 -2.727174e-03
          -1.023471e-02 -2.082425e-03 -3.030409e-03
          -1.023407e-02 -2.084942e-03 -3.333645e-03
          -1.023342e-02 -2.087457e-03 -3.636880e-03
          -1.023762e-02 -2.370930e-03 -2.727067e-03
          -1.023692e-02 -2.373348e-03 -3.030310e-03
          -1.023621e-02 -2.375766e-03 -3.333553e-03
          -1.023550e-02 -2.378184e-03 -3.636796e-03
          -1.023481e-02 -2.380270e-03 -3.939967e-03
          -1.024030e-02 -2.660297e-03 -2.423635e-03
          -1.023954e-02 -2.662285e-03 -2.726930e-03
          -1.023879e-02 -2.664600e-03 -3.030180e-03
          -1.023803e-02 -2.666914e-03 -3.333431e-03
          -1.023655e-02 -2.671225e-03 -3.939859e-03
          -1.024273e-02 -2.950541e-03 -2.120044e-03
          -1.024209e-02 -2.952378e-03 -2.423439e-03
          -1.024112e-02 -2.953953e-03 -2.726765e-03
          -1.024034e-02 -2.956154e-03 -3.030023e-03
          -1.023803e-02 -2.962492e-03 -3.939721e-03
          -1.024596e-02 -3.237626e-03 -1.209804e-03
          -1.024451e-02 -3.242346e-03 -2.119853e-03
          -1.024377e-02 -3.244239e-03 -2.423259e-03
          -1.024190e-02 -3.247708e-03 -3.029866e-03
          -1.023951e-02 -3.253759e-03 -3.939583e-03
          -1.024799e-02 -3.526967e-03 -2.991408e-04
          -1.024764e-02 -3.528464e-03 -9.060981e-04
          -1.024741e-02 -3.529378e-03 -1.209631e-03
          -1.024703e-02 -3.530644e-03 -1.512985e-03
          -1.024596e-02 -3.533747e-03 -2.119703e-03
          -1.024521e-02 -3.535639e-03 -2.423109e-03
          -1.024099e-02 -3.545025e-03 -3.939445e-03
          -1.023854e-02 -3.550186e-03 -4.848856e-03
          -1.024931e-02 -3.819024e-03 -2.990161e-04
          -1.024914e-02 -3.819735e-03 -6.024916e-04
          -1.024897e-02 -3.820472e-03 -9.059772e-04
          -1.024879e-02 -3.821209e-03 -1.209463e-03
          -1.024828e-02 -3.822604e-03 -1.512846e-03
          -1.024772e-02 -3.824109e-03 -1.816216e-03
          -1.024714e-02 -3.825646e-03 -2.119589e-03
          -1.024656e-02 -3.827188e-03 -2.422962e-03
          -1.024578e-02 -3.828967e-03 -2.726266e-03
          -1.024494e-02 -3.830826e-03 -3.029547e-03
          -1.024410e-02 -3.832686e-03 -3.332828e-03
          -1.024325e-02 -3.834545e-03 -3.636109e-03
          -1.023989e-02 -3.841314e-03 -4.848725e-03
          -1.024986e-02 -4.112821e-03 -9.058022e-04
          -1.024967e-02 -4.113501e-03 -1.209274e-03
          -1.024916e-02 -4.114828e-03 -1.512656e-03
          -1.024860e-02 -4.116252e-03 -1.816026e-03
          -1.024803e-02 -4.117675e-03 -2.119395e-03
          -1.024506e-02 -4.124227e-03 -3.332638e-03
          -1.024423e-02 -4.125962e-03 -3.635923e-03
          -1.025005e-02 -4.407028e-03 -1.512464e-03
          -1.024949e-02 -4.408354e-03 -1.815831e-03
          -1.024602e-02 -4.415767e-03 -3.332449e-03
          -1.024521e-02 -4.417378e-03 -3.635737e-03
          -1.025094e-02 -4.699226e-03 -1.512272e-03
          -1.024698e-02 -4.707307e-03 -3.332259e-03
          -1.024618e-02 -4.708794e-03 -3.635550e-03
          -1.025253e-02 -4.989824e-03 -9.052606e-04
          -1.025232e-02 -4.990369e-03 -1.208706e-03
          -1.025183e-02 -4.991424e-03 -1.512080e-03
          -1.024794e-02 -4.998846e-03 -3.332069e-03
          -1.024716e-02 -5.000209e-03 -3.635364e-03
          -1.025334e-02 -5.281099e-03 -2.982464e-04
          -1.025313e-02 -5.281614e-03 -6.016739e-04
          -1.025293e-02 -5.282129e-03 -9.051014e-04
          -1.025272e-02 -5.282644e-03 -1.208529e-03
          -1.024919e-02 -5.289181e-03 -3.028590e-03
          -1.024843e-02 -5.290439e-03 -3.331878e-03
          -1.024500e-02 -5.295832e-03 -4.848110e-03
          -1.025351e-02 -5.573437e-03 -2.981401e-04
          -1.025331e-02 -5.573927e-03 -6.015458e-04
          -1.025291e-02 -5.574908e-03 -1.208357e-03
          -1.024599e-02 -5.586072e-03 -4.544695e-03
          -1.024534e-02 -5.586996e-03 -4.847933e-03
          -1.024697e-02 -5.876485e-03 -4.241264e-03
          -1.024632e-02 -5.877323e-03 -4.544510e-03
          -1.025152e-02 -7.328396e-03 -2.724245e-03
          -1.025167e-02 -7.619550e-03 -2.724114e-03
          -1.025163e-02 -7.910164e-03 -2.420737e-03
          -1.025156e-02 -8.200562e-03 -1.813983e-03
          -1.025135e-02 -8.200908e-03 -2.117304e-03
          -1.025115e-02 -8.201253e-03 -2.420624e-03
          -1.025186e-02 -8.490403e-03 -6.006332e-04
          -1.025166e-02 -8.490726e-03 -9.039462e-04
          -1.025146e-02 -8.491050e-03 -1.207259e-03
          -1.025126e-02 -8.491373e-03 -1.510572e-03
          -1.025106e-02 -8.491697e-03 -1.813885e-03
          -1.025087e-02 -8.492020e-03 -2.117198e-03
          -1.025067e-02 -8.492344e-03 -2.420511e-03
          -1.025152e-02 -8.781323e-03 -2.972600e-04
          -1.025133e-02 -8.781624e-03 -6.005655e-04
          -1.025114e-02 -8.781926e-03 -9.038710e-04
          -1.025095e-02 -8.782227e-03 -1.207176e-03
          -1.025076e-02 -8.782529e-03 -1.510482e-03
          -1.025057e-02 -8.782830e-03 -1.813787e-03
          -1.025038e-02 -8.783132e-03 -2.117093e-03
          -1.025019e-02 -8.783433e-03 -2.420398e-03
          -1.024980e-02 -8.783846e-03 -2.723663e-03
          -1.025099e-02 -9.072567e-03 -2.971999e-04
          -1.025081e-02 -9.072846e-03 -6.004979e-04
          -1.025062e-02 -9.073126e-03 -9.037958e-04
          -1.025044e-02 -9.073405e-03 -1.207094e-03
          -1.025026e-02 -9.073685e-03 -1.510392e-03
          -1.025007e-02 -9.073964e-03 -1.813690e-03
          -1.024989e-02 -9.074244e-03 -2.116988e-03
          -1.024971e-02 -9.074523e-03 -2.420286e-03
          -1.024934e-02 -9.074900e-03 -2.723549e-03
          -1.025046e-02 -9.363811e-03 -2.971398e-04
          -1.025028e-02 -9.364068e-03 -6.004302e-04
          -1.025011e-02 -9.364326e-03 -9.037206e-04
          -1.024993e-02 -9.364583e-03 -1.207011e-03
          -1.024975e-02 -9.364841e-03 -1.510301e-03
          -1.024958e-02 -9.365098e-03 -1.813592e-03
          -1.024940e-02 -9.365355e-03 -2.116882e-03
          -1.024923e-02 -9.365613e-03 -2.420173e-03
          -1.024888e-02 -9.365955e-03 -2.723434e-03
          -1.024976e-02 -9.655292e-03 -6.003625e-04
          -1.024959e-02 -9.655527e-03 -9.036454e-04
          -1.024942e-02 -9.655762e-03 -1.206928e-03
          -1.024925e-02 -9.655998e-03 -1.510211e-03
          -1.024908e-02 -9.656233e-03 -1.813494e-03
          -1.024891e-02 -9.656468e-03 -2.116777e-03
          -1.024874e-02 -9.656704e-03 -2.420060e-03
          -1.024939e-02 -9.946301e-03 -2.970195e-04
          -1.024923e-02 -9.946514e-03 -6.002949e-04
          -1.024907e-02 -9.946727e-03 -9.035702e-04
          -1.024891e-02 -9.946941e-03 -1.206846e-03
          -1.024875e-02 -9.947154e-03 -1.510121e-03
          -1.024859e-02 -9.947367e-03 -1.813396e-03
          -1.024842e-02 -9.947580e-03 -2.116672e-03
          -1.024826e-02 -9.947794e-03 -2.419947e-03
          -1.024796e-02 -9.948066e-03 -2.723206e-03
          -1.046449e-02 8.872821e-03 -9.246254e-07
          -1.046476e-02 8.872603e-03 -3.038810e-04
          -1.046503e-02 8.872384e-03 -6.068374e-04
          -1.046530e-02 8.872166e-03 -9.097937e-04
          -1.046557e-02 8.871947e-03 -1.212750e-03
          -1.046584e-02 8.871729e-03 -1.515706e-03
          -1.046611e-02 8.871511e-03 -1.818663e-03
          -1.046638e-02 8.871292e-03 -2.121619e-03
          -1.046664e-02 8.871074e-03 -2.424576e-03
          -1.046703e-02 8.870654e-03 -2.727569e-03
          -1.046746e-02 8.870166e-03 -3.030575e-03
          -1.046789e-02 8.869679e-03 -3.333581e-03
          -1.046832e-02 8.869191e-03 -3.636586e-03
          -1.046432e-02 8.585534e-03 -8.959477e-07
          -1.046461e-02 8.585292e-03 -3.038510e-04
          -1.046490e-02 8.585051e-03 -6.068060e-04
          -1.046519e-02 8.584809e-03 -9.097611e-04
          -1.046547e-02 8.584567e-03 -1.212716e-03
          -1.046663e-02 8.583600e-03 -2.424536e-03
          -1.046704e-02 8.583136e-03 -2.727531e-03
          -1.046750e-02 8.582597e-03 -3.030539e-03
          -1.046796e-02 8.582058e-03 -3.333548e-03
          -1.046842e-02 8.581520e-03 -3.636556e-03
          -1.046415e-02 8.298246e-03 -8.672722e-07
          -1.046446e-02 8.297981e-03 -3.038210e-04
          -1.046476e-02 8.297716e-03 -6.067747e-04
          -1.046507e-02 8.297451e-03 -9.097284e-04
          -1.046538e-02 8.297186e-03 -1.212682e-03
          -1.046754e-02 8.295027e-03 -3.030504e-03
          -1.046803e-02 8.294437e-03 -3.333515e-03
          -1.046852e-02 8.293847e-03 -3.636525e-03
          -1.046496e-02 8.010094e-03 -9.096958e-04
          -1.046529e-02 8.009806e-03 -1.212648e-03
          -1.046810e-02 8.006817e-03 -3.333482e-03
          -1.046862e-02 8.006176e-03 -3.636494e-03
          -1.046660e-02 7.148519e-03 -1.212413e-03
          -1.046840e-02 7.146482e-03 -2.424288e-03
          -1.046703e-02 6.861504e-03 -1.212360e-03
          -1.046748e-02 6.860981e-03 -1.515324e-03
          -1.046891e-02 6.859286e-03 -2.424237e-03
          -1.046947e-02 6.858557e-03 -2.727241e-03
          -1.047006e-02 6.857774e-03 -3.030257e-03
          -1.047065e-02 6.856991e-03 -3.333273e-03
          -1.047340e-02 6.853382e-03 -4.848502e-03
          -1.046633e-02 6.575455e-03 -6.615767e-07
          -1.046746e-02 6.574488e-03 -1.212307e-03
          -1.046942e-02 6.572090e-03 -2.424186e-03
          -1.047001e-02 6.571307e-03 -2.727192e-03
          -1.047063e-02 6.570466e-03 -3.030210e-03
          -1.047247e-02 6.568035e-03 -3.939295e-03
          -1.046690e-02 6.288621e-03 -6.102418e-07
          -1.046720e-02 6.288357e-03 -3.035219e-04
          -1.046749e-02 6.288093e-03 -6.064335e-04
          -1.046779e-02 6.287829e-03 -9.093452e-04
          -1.046809e-02 6.287565e-03 -1.212257e-03
          -1.047012e-02 6.284952e-03 -2.424145e-03
          -1.047073e-02 6.284098e-03 -2.727154e-03
          -1.047136e-02 6.283181e-03 -3.030176e-03
          -1.047200e-02 6.282265e-03 -3.333198e-03
          -1.047264e-02 6.281349e-03 -3.636219e-03
          -1.047443e-02 6.279030e-03 -4.545414e-03
          -1.047502e-02 6.278278e-03 -4.848485e-03
          -1.046770e-02 6.001918e-03 -5.499232e-07
          -1.046801e-02 6.001626e-03 -3.034650e-04
          -1.046832e-02 6.001334e-03 -6.063802e-04
          -1.046863e-02 6.001042e-03 -9.092953e-04
          -1.046895e-02 6.000750e-03 -1.212210e-03
          -1.047103e-02 5.997881e-03 -2.424116e-03
          -1.047164e-02 5.996938e-03 -2.727130e-03
          -1.047228e-02 5.995925e-03 -3.030156e-03
          -1.047292e-02 5.994911e-03 -3.333182e-03
          -1.047356e-02 5.993897e-03 -3.636207e-03
          -1.047470e-02 5.992116e-03 -4.242328e-03
          -1.047525e-02 5.991253e-03 -4.545397e-03
          -1.046849e-02 5.715213e-03 -4.895875e-07
          -1.046882e-02 5.714893e-03 -3.034082e-04
          -1.046915e-02 5.714573e-03 -6.063268e-04
          -1.046948e-02 5.714253e-03 -9.092454e-04
          -1.046981e-02 5.713933e-03 -1.212164e-03
          -1.047193e-02 5.710810e-03 -2.424087e-03
          -1.047255e-02 5.709778e-03 -2.727105e-03
          -1.047320e-02 5.708667e-03 -3.030135e-03
          -1.047384e-02 5.707556e-03 -3.333166e-03
          -1.047449e-02 5.706445e-03 -3.636196e-03
          -1.047505e-02 5.705420e-03 -3.939248e-03
          -1.047556e-02 5.704448e-03 -4.242314e-03
          -1.047608e-02 5.703475e-03 -4.545379e-03
          -1.046928e-02 5.428509e-03 -4.292348e-07
          -1.046963e-02 5.428161e-03 -3.033513e-04
          -1.046998e-02 5.427813e-03 -6.062734e-04
          -1.047032e-02 5.427465e-03 -9.091956e-04
          -1.047067e-02 5.427117e-03 -1.212118e-03
          -1.047284e-02 5.423739e-03 -2.424059e-03
          -1.047346e-02 5.422617e-03 -2.727081e-03
          -1.047411e-02 5.421409e-03 -3.030115e-03
          -1.047476e-02 5.420201e-03 -3.333150e-03
          -1.047541e-02 5.418992e-03 -3.636184e-03
          -1.047595e-02 5.417862e-03 -3.939236e-03
          -1.047643e-02 5.416780e-03 -4.242299e-03
          -1.047441e-02 5.135448e-03 -2.727058e-03
          -1.047506e-02 5.134143e-03 -3.030097e-03
          -1.047571e-02 5.132838e-03 -3.333136e-03
          -1.047637e-02 5.131532e-03 -3.636174e-03
          -1.047689e-02 5.130300e-03 -3.939227e-03
          -1.047733e-02 5.129111e-03 -4.242289e-03
          -1.047778e-02 5.127922e-03 -4.545350e-03
          -1.047843e-02 4.842655e-03 -3.939262e-03
          -1.047892e-02 4.841399e-03 -4.242335e-03
          -1.047516e-02 4.280893e-03 -6.060262e-04
          -1.047884e-02 3.706768e-03 -6.058693e-04
          -1.048216e-02 3.698780e-03 -2.727070e-03
          -1.048281e-02 3.697006e-03 -3.030149e-03
          -1.048347e-02 3.695231e-03 -3.333229e-03
          -1.048412e-02 3.693457e-03 -3.636308e-03
          -1.048472e-02 3.691833e-03 -3.939408e-03
          -1.048529e-02 3.690301e-03 -4.242519e-03
          -1.048414e-02 3.411134e-03 -2.727096e-03
          -1.048474e-02 3.409262e-03 -3.030182e-03
          -1.048535e-02 3.407390e-03 -3.333269e-03
          -1.048595e-02 3.405518e-03 -3.636355e-03
          -1.048647e-02 3.403812e-03 -3.939453e-03
          -1.048692e-02 3.402206e-03 -4.242559e-03
          -1.048293e-02 3.132587e-03 -6.057012e-04
          -1.048371e-02 3.130962e-03 -1.211757e-03
          -1.048424e-02 3.129711e-03 -1.514799e-03
          -1.048478e-02 3.128399e-03 -1.817844e-03
          -1.048611e-02 3.123486e-03 -2.727122e-03
          -1.048667e-02 3.121517e-03 -3.030215e-03
          -1.048723e-02 3.119548e-03 -3.333308e-03
          -1.048779e-02 3.117579e-03 -3.636402e-03
          -1.048821e-02 3.115790e-03 -3.939499e-03
          -1.048513e-02 2.845303e-03 -6.056370e-04
          -1.048688e-02 2.840817e-03 -1.817849e-03
          -1.048809e-02 2.835837e-03 -2.727148e-03
          -1.048860e-02 2.833771e-03 -3.030248e-03
          -1.048911e-02 2.831705e-03 -3.333348e-03
          -1.048962e-02 2.829638e-03 -3.636448e-03
          -1.048996e-02 2.827767e-03 -3.939544e-03
          -1.049016e-02 2.548058e-03 -2.727172e-03
          -1.049063e-02 2.545898e-03 -3.030279e-03
          -1.049110e-02 2.543738e-03 -3.333387e-03
          -1.049156e-02 2.541578e-03 -3.636494e-03
          -1.049425e-02 2.250980e-03 -3.939645e-03
          -1.049599e-02 1.966731e-03 -3.333463e-03
          -1.049666e-02 1.962335e-03 -3.939698e-03
          -1.049738e-02 1.956376e-03 -4.849011e-03
          -1.049558e-02 1.694127e-03 -6.052344e-04
          -1.049775e-02 1.682948e-03 -2.727237e-03
          -1.049809e-02 1.680587e-03 -3.030369e-03
          -1.049843e-02 1.678226e-03 -3.333501e-03
          -1.049876e-02 1.675864e-03 -3.636633e-03
          -1.049907e-02 1.673689e-03 -3.939752e-03
          -1.049935e-02 1.671625e-03 -4.242863e-03
          -1.049992e-02 1.667497e-03 -4.849085e-03
          -1.049837e-02 1.405960e-03 -6.051549e-04
          -1.050028e-02 1.394576e-03 -2.727259e-03
          -1.050057e-02 1.392148e-03 -3.030399e-03
          -1.050087e-02 1.389720e-03 -3.333539e-03
          -1.050116e-02 1.387291e-03 -3.636679e-03
          -1.050148e-02 1.385042e-03 -3.939805e-03
          -1.050181e-02 1.382900e-03 -4.242924e-03
          -1.050246e-02 1.378616e-03 -4.849160e-03
          -1.050288e-02 1.105598e-03 -2.727266e-03
          -1.050310e-02 1.103140e-03 -3.030414e-03
          -1.050332e-02 1.100682e-03 -3.333561e-03
          -1.050354e-02 1.098224e-03 -3.636709e-03
          -1.050377e-02 1.095972e-03 -3.939838e-03
          -1.050401e-02 1.093844e-03 -4.242957e-03
          -1.050425e-02 1.091716e-03 -4.546075e-03
          -1.050449e-02 1.089588e-03 -4.849194e-03
          -1.050550e-02 8.164187e-04 -2.727269e-03
          -1.050564e-02 8.139478e-04 -3.030423e-03
          -1.050577e-02 8.114769e-04 -3.333578e-03
          -1.050591e-02 8.090061e-04 -3.636733e-03
          -1.050603e-02 8.067761e-04 -3.939864e-03
          -1.050616e-02 8.046906e-04 -4.242983e-03
          -1.050628e-02 8.026056e-04 -4.546100e-03
          -1.050640e-02 8.005211e-04 -4.849219e-03
          -1.050723e-02 5.393999e-04 -6.048292e-04
          -1.050796e-02 5.333970e-04 -1.817700e-03
          -1.050812e-02 5.272395e-04 -2.727271e-03
          -1.050817e-02 5.247556e-04 -3.030433e-03
          -1.050822e-02 5.222716e-04 -3.333595e-03
          -1.050827e-02 5.197876e-04 -3.636756e-03
          -1.050829e-02 5.175797e-04 -3.939890e-03
          -1.050830e-02 5.155374e-04 -4.243008e-03
          -1.050830e-02 5.134954e-04 -4.546125e-03
          -1.051018e-02 2.501250e-04 -6.047460e-04
          -1.051067e-02 2.440773e-04 -1.817674e-03
          -1.051074e-02 2.380601e-04 -2.727273e-03
          -1.051071e-02 2.355633e-04 -3.030442e-03
          -1.051067e-02 2.330662e-04 -3.333611e-03
          -1.051064e-02 2.305690e-04 -3.636780e-03
          -1.051056e-02 2.283832e-04 -3.939916e-03
          -1.051044e-02 2.263840e-04 -4.243033e-03
          -1.051032e-02 2.243850e-04 -4.546150e-03
          -1.051332e-02 -5.145188e-05 -2.727263e-03
          -1.051321e-02 -5.395319e-05 -3.030439e-03
          -1.051310e-02 -5.645445e-05 -3.333615e-03
          -1.051299e-02 -5.895565e-05 -3.636792e-03
          -1.051283e-02 -6.113709e-05 -3.939930e-03
          -1.051263e-02 -6.312758e-05 -4.243046e-03
          -1.051243e-02 -6.511854e-05 -4.546162e-03
          -1.051565e-02 -3.440979e-04 -3.030410e-03
          -1.051548e-02 -3.465741e-04 -3.333595e-03
          -1.051762e-02 -6.391443e-04 -3.636768e-03
          -1.051993e-02 -9.292378e-04 -3.636756e-03
          -1.052224e-02 -1.219337e-03 -3.636744e-03
          -1.052545e-02 -1.502930e-03 -2.727020e-03
          -1.052503e-02 -1.505254e-03 -3.030236e-03
          -1.052462e-02 -1.507577e-03 -3.333453e-03
          -1.052420e-02 -1.509901e-03 -3.636670e-03
          -1.052384e-02 -1.512042e-03 -3.939826e-03
          -1.052350e-02 -1.514073e-03 -4.242945e-03
          -1.052317e-02 -1.516104e-03 -4.546064e-03
          -1.052754e-02 -1.793784e-03 -2.726920e-03
          -1.052707e-02 -1.796023e-03 -3.030144e-03
          -1.052660e-02 -1.798263e-03 -3.333368e-03
          -1.052613e-02 -1.800502e-03 -3.636591e-03
          -1.052571e-02 -1.802524e-03 -3.939756e-03
          -1.052531e-02 -1.804414e-03 -4.242885e-03
          -1.052963e-02 -2.084636e-03 -2.726821e-03
          -1.052911e-02 -2.086791e-03 -3.030051e-03
          -1.052859e-02 -2.088947e-03 -3.333282e-03
          -1.052806e-02 -2.091102e-03 -3.636512e-03
          -1.052758e-02 -2.093005e-03 -3.939686e-03
          -1.053172e-02 -2.375487e-03 -2.726722e-03
          -1.053114e-02 -2.377559e-03 -3.029959e-03
          -1.053057e-02 -2.379630e-03 -3.333196e-03
          -1.053000e-02 -2.381702e-03 -3.636434e-03
          -1.053410e-02 -2.664946e-03 -2.423314e-03
          -1.053349e-02 -2.666655e-03 -2.726595e-03
          -1.053288e-02 -2.668641e-03 -3.029838e-03
          -1.053227e-02 -2.670626e-03 -3.333082e-03
          -1.053576e-02 -2.956741e-03 -2.423136e-03
          -1.053372e-02 -2.961897e-03 -3.332942e-03
          -1.053896e-02 -3.242851e-03 -1.209610e-03
          -1.053734e-02 -3.248373e-03 -2.422969e-03
          -1.053516e-02 -3.253168e-03 -3.332803e-03
          -1.053213e-02 -3.261305e-03 -4.848709e-03
          -1.054040e-02 -3.534344e-03 -1.209443e-03
          -1.053871e-02 -3.539610e-03 -2.422830e-03
          -1.053728e-02 -3.542732e-03 -3.029400e-03
          -1.053661e-02 -3.544438e-03 -3.332663e-03
          -1.053351e-02 -3.552468e-03 -4.848576e-03
          -1.054224e-02 -3.823958e-03 -2.989385e-04
          -1.054210e-02 -3.824581e-03 -6.023773e-04
          -1.054194e-02 -3.825238e-03 -9.058296e-04
          -1.054179e-02 -3.825893e-03 -1.209282e-03
          -1.053936e-02 -3.832496e-03 -2.725982e-03
          -1.053868e-02 -3.834107e-03 -3.029250e-03
          -1.053799e-02 -3.835718e-03 -3.332519e-03
          -1.053731e-02 -3.837328e-03 -3.635788e-03
          -1.053667e-02 -3.838902e-03 -3.938985e-03
          -1.053606e-02 -3.840453e-03 -4.242140e-03
          -1.053545e-02 -3.842003e-03 -4.545294e-03
          -1.053483e-02 -3.843552e-03 -4.848448e-03
          -1.054315e-02 -4.116079e-03 -2.987961e-04
          -1.054300e-02 -4.116681e-03 -6.022336e-04
          -1.054284e-02 -4.117284e-03 -9.056710e-04
          -1.054268e-02 -4.117886e-03 -1.209109e-03
          -1.054090e-02 -4.122639e-03 -2.422511e-03
          -1.054029e-02 -4.124066e-03 -2.725802e-03
          -1.053962e-02 -4.125567e-03 -3.029074e-03
          -1.053895e-02 -4.127068e-03 -3.332346e-03
          -1.053827e-02 -4.128570e-03 -3.635618e-03
          -1.053706e-02 -4.131412e-03 -4.242003e-03
          -1.053647e-02 -4.132814e-03 -4.545176e-03
          -1.054407e-02 -4.408184e-03 -2.986469e-04
          -1.054391e-02 -4.408749e-03 -6.020761e-04
          -1.054374e-02 -4.409313e-03 -9.055053e-04
          -1.054358e-02 -4.409878e-03 -1.208934e-03
          -1.054182e-02 -4.414312e-03 -2.422329e-03
          -1.054121e-02 -4.415636e-03 -2.725622e-03
          -1.054055e-02 -4.417028e-03 -3.028897e-03
          -1.053990e-02 -4.418419e-03 -3.332173e-03
          -1.053924e-02 -4.419810e-03 -3.635448e-03
          -1.053806e-02 -4.422372e-03 -4.241866e-03
          -1.054499e-02 -4.700289e-03 -2.984978e-04
          -1.054482e-02 -4.700815e-03 -6.019187e-04
          -1.054465e-02 -4.701342e-03 -9.053396e-04
          -1.054447e-02 -4.701868e-03 -1.208760e-03
          -1.054273e-02 -4.705984e-03 -2.422147e-03
          -1.054214e-02 -4.707206e-03 -2.725442e-03
          -1.054149e-02 -4.708488e-03 -3.028721e-03
          -1.054085e-02 -4.709769e-03 -3.332000e-03
          -1.054020e-02 -4.711051e-03 -3.635278e-03
          -1.054591e-02 -4.992392e-03 -2.983487e-04
          -1.054573e-02 -4.992881e-03 -6.017613e-04
          -1.054555e-02 -4.993369e-03 -9.051739e-04
          -1.054537e-02 -4.993857e-03 -1.208586e-03
          -1.054365e-02 -4.997655e-03 -2.421965e-03
          -1.054306e-02 -4.998774e-03 -2.725262e-03
          -1.054243e-02 -4.999946e-03 -3.028544e-03
          -1.054180e-02 -5.001118e-03 -3.331826e-03
          -1.054117e-02 -5.002290e-03 -3.635108e-03
          -1.054634e-02 -5.284498e-03 -2.982368e-04
          -1.054617e-02 -5.284963e-03 -6.016296e-04
          -1.054599e-02 -5.285427e-03 -9.050224e-04
          -1.054582e-02 -5.285892e-03 -1.208415e-03
          -1.054415e-02 -5.289370e-03 -2.421808e-03
          -1.054297e-02 -5.291473e-03 -3.028375e-03
          -1.054236e-02 -5.292549e-03 -3.331650e-03
          -1.053954e-02 -5.297231e-03 -4.847901e-03
          -1.054658e-02 -5.576600e-03 -2.981398e-04
          -1.054642e-02 -5.577046e-03 -6.015084e-04
          -1.054625e-02 -5.577492e-03 -9.048771e-04
          -1.054609e-02 -5.577939e-03 -1.208246e-03
          -1.054046e-02 -5.587546e-03 -4.544479e-03
          -1.053989e-02 -5.588378e-03 -4.847725e-03
          -1.054144e-02 -5.877966e-03 -4.241048e-03
          -1.054706e-02 -6.160803e-03 -2.979460e-04
          -1.054692e-02 -6.161213e-03 -6.012662e-04
          -1.054677e-02 -6.161623e-03 -9.045865e-04
          -1.054548e-02 -7.038675e-03 -2.724259e-03
          -1.054505e-02 -7.039253e-03 -3.027487e-03
          -1.054573e-02 -7.329645e-03 -2.724141e-03
          -1.054533e-02 -7.330151e-03 -3.027368e-03
          -1.054630e-02 -7.620178e-03 -2.420762e-03
          -1.054597e-02 -7.620613e-03 -2.724023e-03
          -1.054561e-02 -7.621048e-03 -3.027249e-03
          -1.054649e-02 -7.910195e-03 -1.510723e-03
          -1.054630e-02 -7.910540e-03 -1.814037e-03
          -1.054610e-02 -7.910884e-03 -2.117350e-03
          -1.054591e-02 -7.911228e-03 -2.420664e-03
          -1.054680e-02 -8.199984e-03 -2.974116e-04
          -1.054661e-02 -8.200308e-03 -6.007178e-04
          -1.054642e-02 -8.200633e-03 -9.040241e-04
          -1.054623e-02 -8.200957e-03 -1.207330e-03
          -1.054604e-02 -8.201282e-03 -1.510637e-03
          -1.054585e-02 -8.201607e-03 -1.813943e-03
          -1.054566e-02 -8.201931e-03 -2.117249e-03
          -1.054548e-02 -8.202256e-03 -2.420555e-03
          -1.054463e-02 -8.203193e-03 -3.027060e-03
          -1.054631e-02 -8.491150e-03 -2.973547e-04
          -1.054613e-02 -8.491455e-03 -6.006535e-04
          -1.054595e-02 -8.491760e-03 -9.039524e-04
          -1.054577e-02 -8.492065e-03 -1.207251e-03
          -1.054559e-02 -8.492370e-03 -1.510550e-03
          -1.054541e-02 -8.492674e-03 -1.813849e-03
          -1.054522e-02 -8.492979e-03 -2.117148e-03
          -1.054467e-02 -8.493699e-03 -2.723706e-03
          -1.054424e-02 -8.494152e-03 -3.026951e-03
          -1.054583e-02 -8.782316e-03 -2.972977e-04
          -1.054566e-02 -8.782601e-03 -6.005892e-04
          -1.054548e-02 -8.782886e-03 -9.038807e-04
          -1.054531e-02 -8.783171e-03 -1.207172e-03
          -1.054426e-02 -8.784694e-03 -2.723596e-03
          -1.054385e-02 -8.785110e-03 -3.026842e-03
          -1.054344e-02 -8.785526e-03 -3.330089e-03
          -1.054535e-02 -9.073482e-03 -2.972408e-04
          -1.054518e-02 -9.073747e-03 -6.005249e-04
          -1.054502e-02 -9.074013e-03 -9.038091e-04
          -1.054385e-02 -9.075689e-03 -2.723486e-03
          -1.054346e-02 -9.076068e-03 -3.026733e-03
          -1.054455e-02 -9.365139e-03 -9.037374e-04
          -1.054439e-02 -9.365385e-03 -1.207014e-03
          -1.054423e-02 -9.365630e-03 -1.510291e-03
          -1.054407e-02 -9.365876e-03 -1.813568e-03
          -1.054423e-02 -9.656041e-03 -6.003963e-04
          -1.054408e-02 -9.656267e-03 -9.036657e-04
          -1.054393e-02 -9.656493e-03 -1.206935e-03
          -1.054377e-02 -9.656719e-03 -1.510204e-03
          -1.054362e-02 -9.656944e-03 -1.813474e-03
          -1.054347e-02 -9.657170e-03 -2.116743e-03
          -1.054331e-02 -9.657396e-03 -2.420012e-03
          -1.054391e-02 -9.946982e-03 -2.970701e-04
          -1.054376e-02 -9.947188e-03 -6.003320e-04
          -1.054361e-02 -9.947394e-03 -9.035940e-04
          -1.054347e-02 -9.947600e-03 -1.206856e-03
          -1.054332e-02 -9.947806e-03 -1.510118e-03
          -1.054317e-02 -9.948012e-03 -1.813380e-03
          -1.054303e-02 -9.948218e-03 -2.116642e-03
          -1.054288e-02 -9.948424e-03 -2.419904e-03
          -1.054260e-02 -9.948676e-03 -2.723157e-03
          -1.054228e-02 -9.948944e-03 -3.026407e-03
          -1.076293e-02 8.871414e-03 -3.037890e-04
          -1.076317e-02 8.871214e-03 -6.067517e-04
          -1.076342e-02 8.871013e-03 -9.097143e-04
          -1.076366e-02 8.870813e-03 -1.212677e-03
          -1.076464e-02 8.870012e-03 -2.424528e-03
          -1.076539e-02 8.869171e-03 -3.030531e-03
          -1.076577e-02 8.868719e-03 -3.333539e-03
          -1.076616e-02 8.868267e-03 -3.636546e-03
          -1.076337e-02 8.583537e-03 -9.096782e-04
          -1.076363e-02 8.583316e-03 -1.212640e-03
          -1.076304e-02 8.296300e-03 -6.066814e-04
          -1.076331e-02 8.296059e-03 -9.096421e-04
          -1.076359e-02 8.295817e-03 -1.212603e-03
          -1.076539e-02 7.146336e-03 -1.212324e-03
          -1.076833e-02 7.142744e-03 -3.333260e-03
          -1.076589e-02 6.859127e-03 -1.212266e-03
          -1.076534e-02 6.572812e-03 -5.203097e-07
          -1.077060e-02 6.566432e-03 -3.939238e-03
          -1.077106e-02 6.565884e-03 -4.242309e-03
          -1.076596e-02 6.285748e-03 -4.619668e-07
          -1.076623e-02 6.285506e-03 -3.033851e-04
          -1.076650e-02 6.285264e-03 -6.063083e-04
          -1.076677e-02 6.285023e-03 -9.092314e-04
          -1.076704e-02 6.284781e-03 -1.212155e-03
          -1.076878e-02 6.282529e-03 -2.424068e-03
          -1.076929e-02 6.281802e-03 -2.727081e-03
          -1.076982e-02 6.281025e-03 -3.030106e-03
          -1.077035e-02 6.280247e-03 -3.333130e-03
          -1.077088e-02 6.279469e-03 -3.636155e-03
          -1.077279e-02 6.277034e-03 -4.848434e-03
          -1.076677e-02 5.998782e-03 -3.959345e-07
          -1.076705e-02 5.998520e-03 -3.033229e-04
          -1.076733e-02 5.998257e-03 -6.062499e-04
          -1.076762e-02 5.997994e-03 -9.091769e-04
          -1.076790e-02 5.997731e-03 -1.212104e-03
          -1.076967e-02 5.995262e-03 -2.424033e-03
          -1.077019e-02 5.994456e-03 -2.727050e-03
          -1.077072e-02 5.993592e-03 -3.030080e-03
          -1.077125e-02 5.992728e-03 -3.333109e-03
          -1.077179e-02 5.991864e-03 -3.636138e-03
          -1.077355e-02 5.988991e-03 -4.848408e-03
          -1.076787e-02 5.711532e-03 -3.032607e-04
          -1.076817e-02 5.711248e-03 -6.061915e-04
          -1.076847e-02 5.710964e-03 -9.091223e-04
          -1.076876e-02 5.710680e-03 -1.212053e-03
          -1.077057e-02 5.707993e-03 -2.423997e-03
          -1.077108e-02 5.707110e-03 -2.727020e-03
          -1.077162e-02 5.706159e-03 -3.030053e-03
          -1.077215e-02 5.705209e-03 -3.333088e-03
          -1.077269e-02 5.704258e-03 -3.636122e-03
          -1.077392e-02 5.701762e-03 -4.545313e-03
          -1.076870e-02 5.424544e-03 -3.031984e-04
          -1.076901e-02 5.424239e-03 -6.061331e-04
          -1.076932e-02 5.423934e-03 -9.090677e-04
          -1.076963e-02 5.423629e-03 -1.212002e-03
          -1.077198e-02 5.419763e-03 -2.726989e-03
          -1.077252e-02 5.418726e-03 -3.030027e-03
          -1.077305e-02 5.417689e-03 -3.333066e-03
          -1.077359e-02 5.416652e-03 -3.636105e-03
          -1.077472e-02 5.413829e-03 -4.545289e-03
          -1.077345e-02 5.131284e-03 -3.030002e-03
          -1.077399e-02 5.130161e-03 -3.333046e-03
          -1.077453e-02 5.129039e-03 -3.636090e-03
          -1.078033e-02 3.694763e-03 -2.726933e-03
          -1.078088e-02 3.693261e-03 -3.030013e-03
          -1.078142e-02 3.691758e-03 -3.333093e-03
          -1.078196e-02 3.690256e-03 -3.636173e-03
          -1.078217e-02 3.406937e-03 -2.726947e-03
          -1.078267e-02 3.405352e-03 -3.030034e-03
          -1.078317e-02 3.403767e-03 -3.333120e-03
          -1.078367e-02 3.402182e-03 -3.636207e-03
          -1.078130e-02 3.126510e-03 -6.055340e-04
          -1.078400e-02 3.119111e-03 -2.726962e-03
          -1.078446e-02 3.117443e-03 -3.030055e-03
          -1.078492e-02 3.115776e-03 -3.333148e-03
          -1.078538e-02 3.114108e-03 -3.636240e-03
          -1.078600e-02 3.111213e-03 -4.242449e-03
          -1.078584e-02 2.831283e-03 -2.726976e-03
          -1.078626e-02 2.829533e-03 -3.030075e-03
          -1.078667e-02 2.827783e-03 -3.333175e-03
          -1.078709e-02 2.826033e-03 -3.636274e-03
          -1.078891e-02 2.537843e-03 -3.636306e-03
          -1.079139e-02 2.247481e-03 -3.939442e-03
          -1.079126e-02 1.972353e-03 -1.514502e-03
          -1.079199e-02 1.969651e-03 -2.120743e-03
          -1.079245e-02 1.966321e-03 -2.726995e-03
          -1.079277e-02 1.964390e-03 -3.030115e-03
          -1.079309e-02 1.962459e-03 -3.333237e-03
          -1.079341e-02 1.960527e-03 -3.636358e-03
          -1.079367e-02 1.958766e-03 -3.939478e-03
          -1.079479e-02 1.677817e-03 -2.726998e-03
          -1.079508e-02 1.675834e-03 -3.030126e-03
          -1.079536e-02 1.673851e-03 -3.333255e-03
          -1.079565e-02 1.671869e-03 -3.636384e-03
          -1.079595e-02 1.670051e-03 -3.939514e-03
          -1.079626e-02 1.668331e-03 -4.242645e-03
          -1.079617e-02 1.395581e-03 -1.514416e-03
          -1.079643e-02 1.394120e-03 -1.817559e-03
          -1.079667e-02 1.392670e-03 -2.120710e-03
          -1.079738e-02 1.387277e-03 -3.030137e-03
          -1.079764e-02 1.385243e-03 -3.333273e-03
          -1.079823e-02 1.381334e-03 -3.939549e-03
          -1.079861e-02 1.379555e-03 -4.242692e-03
          -1.079898e-02 1.377776e-03 -4.545834e-03
          -1.079950e-02 1.100284e-03 -2.726994e-03
          -1.079970e-02 1.098226e-03 -3.030137e-03
          -1.079989e-02 1.096169e-03 -3.333281e-03
          -1.080009e-02 1.094112e-03 -3.636425e-03
          -1.080064e-02 1.090470e-03 -4.242712e-03
          -1.080093e-02 1.088704e-03 -4.545855e-03
          -1.080122e-02 1.086939e-03 -4.848998e-03
          -1.080190e-02 8.110895e-04 -2.726984e-03
          -1.080202e-02 8.090209e-04 -3.030135e-03
          -1.080214e-02 8.069524e-04 -3.333286e-03
          -1.080226e-02 8.048839e-04 -3.636437e-03
          -1.080258e-02 8.012960e-04 -4.242724e-03
          -1.080274e-02 7.995659e-04 -4.545865e-03
          -1.080291e-02 7.978363e-04 -4.849007e-03
          -1.080429e-02 5.218953e-04 -2.726974e-03
          -1.080434e-02 5.198155e-04 -3.030132e-03
          -1.080439e-02 5.177357e-04 -3.333291e-03
          -1.080444e-02 5.156559e-04 -3.636450e-03
          -1.080452e-02 5.121221e-04 -4.242736e-03
          -1.080456e-02 5.104278e-04 -4.545875e-03
          -1.080460e-02 5.087337e-04 -4.849015e-03
          -1.080669e-02 2.327010e-04 -2.726963e-03
          -1.080666e-02 2.306101e-04 -3.030129e-03
          -1.080664e-02 2.285190e-04 -3.333296e-03
          -1.080661e-02 2.264278e-04 -3.636462e-03
          -1.080646e-02 2.229481e-04 -4.242748e-03
          -1.080637e-02 2.212895e-04 -4.545885e-03
          -1.080904e-02 -5.680484e-05 -2.726941e-03
          -1.080895e-02 -5.890004e-05 -3.030115e-03
          -1.080886e-02 -6.099524e-05 -3.333289e-03
          -1.080877e-02 -6.309042e-05 -3.636462e-03
          -1.082014e-02 -1.507819e-03 -2.726673e-03
          -1.081982e-02 -1.509777e-03 -3.029885e-03
          -1.081950e-02 -1.511734e-03 -3.333096e-03
          -1.081918e-02 -1.513691e-03 -3.636308e-03
          -1.082206e-02 -1.798503e-03 -2.726581e-03
          -1.082170e-02 -1.800390e-03 -3.029799e-03
          -1.082133e-02 -1.802277e-03 -3.333016e-03
          -1.082097e-02 -1.804164e-03 -3.636234e-03
          -1.082398e-02 -2.089186e-03 -2.726489e-03
          -1.082358e-02 -2.091003e-03 -3.029713e-03
          -1.082317e-02 -2.092820e-03 -3.332937e-03
          -1.082276e-02 -2.094636e-03 -3.636160e-03
          -1.082545e-02 -2.381614e-03 -3.029627e-03
          -1.082500e-02 -2.383361e-03 -3.332857e-03
          -1.082455e-02 -2.385108e-03 -3.636087e-03
          -1.083058e-02 -2.955892e-03 -1.209608e-03
          -1.083212e-02 -3.247444e-03 -1.209443e-03
          -1.082930e-02 -3.256427e-03 -3.332488e-03
          -1.083356e-02 -3.538899e-03 -1.209278e-03
          -1.083119e-02 -3.546079e-03 -3.029107e-03
          -1.083066e-02 -3.547536e-03 -3.332358e-03
          -1.083014e-02 -3.548993e-03 -3.635608e-03
          -1.083506e-02 -3.829804e-03 -9.057038e-04
          -1.083493e-02 -3.830377e-03 -1.209116e-03
          -1.083250e-02 -3.837270e-03 -3.028969e-03
          -1.083197e-02 -3.838650e-03 -3.332224e-03
          -1.083143e-02 -3.840031e-03 -3.635479e-03
          -1.083624e-02 -4.120472e-03 -2.987492e-04
          -1.083610e-02 -4.121007e-03 -6.021516e-04
          -1.083597e-02 -4.121542e-03 -9.055541e-04
          -1.083584e-02 -4.122078e-03 -1.208957e-03
          -1.083344e-02 -4.128530e-03 -3.028808e-03
          -1.083291e-02 -4.129815e-03 -3.332067e-03
          -1.083238e-02 -4.131099e-03 -3.635326e-03
          -1.083716e-02 -4.412270e-03 -2.986120e-04
          -1.083703e-02 -4.412772e-03 -6.020070e-04
          -1.083689e-02 -4.413275e-03 -9.054020e-04
          -1.083675e-02 -4.413778e-03 -1.208797e-03
          -1.083437e-02 -4.419791e-03 -3.028648e-03
          -1.083385e-02 -4.420979e-03 -3.331911e-03
          -1.083333e-02 -4.422167e-03 -3.635173e-03
          -1.083809e-02 -4.704066e-03 -2.984749e-04
          -1.083795e-02 -4.704537e-03 -6.018625e-04
          -1.083780e-02 -4.705007e-03 -9.052500e-04
          -1.083766e-02 -4.705477e-03 -1.208638e-03
          -1.083582e-02 -4.709959e-03 -2.725223e-03
          -1.083531e-02 -4.711051e-03 -3.028488e-03
          -1.083480e-02 -4.712143e-03 -3.331754e-03
          -1.083429e-02 -4.713235e-03 -3.635019e-03
          -1.083935e-02 -5.288133e-03 -6.015949e-04
          -1.083920e-02 -5.288553e-03 -9.049546e-04
          -1.083408e-02 -5.298609e-03 -4.847694e-03
          -1.083494e-02 -5.588981e-03 -4.544272e-03
          -1.083445e-02 -5.589723e-03 -4.847523e-03
          -1.083590e-02 -5.879399e-03 -4.240844e-03
          -1.083956e-02 -6.457410e-03 -2.117745e-03
          -1.083928e-02 -6.457885e-03 -2.421106e-03
          -1.084014e-02 -6.747814e-03 -1.814279e-03
          -1.083987e-02 -6.748278e-03 -2.117640e-03
          -1.083959e-02 -6.748742e-03 -2.421000e-03
          -1.084070e-02 -7.038239e-03 -1.510813e-03
          -1.084043e-02 -7.038692e-03 -1.814174e-03
          -1.084017e-02 -7.039145e-03 -2.117534e-03
          -1.083990e-02 -7.039598e-03 -2.420894e-03
          -1.083961e-02 -7.040065e-03 -2.724147e-03
          -1.083931e-02 -7.040538e-03 -3.027364e-03
          -1.083900e-02 -7.041010e-03 -3.330581e-03
          -1.084099e-02 -7.329129e-03 -1.510709e-03
          -1.084073e-02 -7.329571e-03 -1.814069e-03
          -1.084047e-02 -7.330013e-03 -2.117428e-03
          -1.084022e-02 -7.330454e-03 -2.420788e-03
          -1.083994e-02 -7.330875e-03 -2.724041e-03
          -1.083965e-02 -7.331290e-03 -3.027257e-03
          -1.083936e-02 -7.331704e-03 -3.330473e-03
          -1.084163e-02 -7.619365e-03 -9.040064e-04
          -1.084150e-02 -7.619612e-03 -1.207259e-03
          -1.084127e-02 -7.620019e-03 -1.510604e-03
          -1.084103e-02 -7.620449e-03 -1.813964e-03
          -1.084078e-02 -7.620880e-03 -2.117323e-03
          -1.084053e-02 -7.621310e-03 -2.420682e-03
          -1.084027e-02 -7.621685e-03 -2.723934e-03
          -1.083999e-02 -7.622041e-03 -3.027150e-03
          -1.083972e-02 -7.622397e-03 -3.330366e-03
          -1.084144e-02 -7.910045e-03 -2.974966e-04
          -1.084126e-02 -7.910366e-03 -6.007957e-04
          -1.084108e-02 -7.910687e-03 -9.040949e-04
          -1.084090e-02 -7.911008e-03 -1.207394e-03
          -1.084072e-02 -7.911329e-03 -1.510693e-03
          -1.084054e-02 -7.911650e-03 -1.813992e-03
          -1.084036e-02 -7.911972e-03 -2.117292e-03
          -1.083982e-02 -7.912735e-03 -2.723845e-03
          -1.083939e-02 -7.913219e-03 -3.027083e-03
          -1.083896e-02 -7.913703e-03 -3.330321e-03
          -1.084101e-02 -8.201132e-03 -2.974429e-04
          -1.084083e-02 -8.201436e-03 -6.007348e-04
          -1.084066e-02 -8.201740e-03 -9.040268e-04
          -1.084049e-02 -8.202043e-03 -1.207319e-03
          -1.084032e-02 -8.202347e-03 -1.510611e-03
          -1.084015e-02 -8.202651e-03 -1.813903e-03
          -1.083945e-02 -8.203670e-03 -2.723739e-03
          -1.083904e-02 -8.204120e-03 -3.026979e-03
          -1.083863e-02 -8.204570e-03 -3.330218e-03
          -1.084058e-02 -8.492221e-03 -2.973892e-04
          -1.084041e-02 -8.492507e-03 -6.006739e-04
          -1.084024e-02 -8.492793e-03 -9.039586e-04
          -1.084008e-02 -8.493080e-03 -1.207243e-03
          -1.083991e-02 -8.493366e-03 -1.510528e-03
          -1.083909e-02 -8.494607e-03 -2.723634e-03
          -1.083870e-02 -8.495022e-03 -3.026875e-03
          -1.083831e-02 -8.495438e-03 -3.330115e-03
          -1.083792e-02 -8.495854e-03 -3.633356e-03
          -1.084014e-02 -8.783309e-03 -2.973355e-04
          -1.083999e-02 -8.783578e-03 -6.006130e-04
          -1.083983e-02 -8.783846e-03 -9.038905e-04
          -1.083967e-02 -8.784115e-03 -1.207168e-03
          -1.083872e-02 -8.785542e-03 -2.723529e-03
          -1.083835e-02 -8.785924e-03 -3.026771e-03
          -1.083798e-02 -8.786305e-03 -3.330013e-03
          -1.083899e-02 -9.365953e-03 -9.037542e-04
          -1.083885e-02 -9.366186e-03 -1.207017e-03
          -1.083870e-02 -9.366420e-03 -1.510280e-03
          -1.083856e-02 -9.366654e-03 -1.813543e-03
          -1.083841e-02 -9.366887e-03 -2.116807e-03
          -1.083827e-02 -9.367121e-03 -2.420070e-03
          -1.083844e-02 -9.657223e-03 -1.206942e-03
          -1.083830e-02 -9.657439e-03 -1.510198e-03
          -1.083816e-02 -9.657655e-03 -1.813454e-03
          -1.106176e-02 8.869678e-03 -1.212604e-03
          -1.106351e-02 6.857714e-03 -4.335057e-07
          -1.106476e-02 6.856543e-03 -1.515157e-03
          -1.106402e-02 6.570383e-03 -3.745290e-07
          -1.106856e-02 6.564828e-03 -3.939186e-03
          -1.106894e-02 6.564348e-03 -4.242255e-03
          -1.106566e-02 6.282229e-03 -1.212059e-03
          -1.106715e-02 6.280290e-03 -2.424005e-03
          -1.106892e-02 6.277664e-03 -3.636099e-03
          -1.106548e-02 5.995922e-03 -2.394811e-07
          -1.106625e-02 5.995202e-03 -9.090638e-04
          -1.106651e-02 5.994962e-03 -1.212005e-03
          -1.106802e-02 5.992848e-03 -2.423964e-03
          -1.106935e-02 5.990666e-03 -3.333047e-03
          -1.106980e-02 5.989922e-03 -3.636078e-03
          -1.107123e-02 5.987411e-03 -4.848343e-03
          -1.106682e-02 5.708210e-03 -6.060604e-04
          -1.106708e-02 5.707952e-03 -9.090061e-04
          -1.106735e-02 5.707694e-03 -1.211952e-03
          -1.107022e-02 5.703000e-03 -3.333021e-03
          -1.107067e-02 5.702178e-03 -3.636057e-03
          -1.106946e-02 5.132523e-03 -1.514840e-03
          -1.107084e-02 4.845055e-03 -1.514791e-03
          -1.107223e-02 4.557585e-03 -1.514742e-03
          -1.107263e-02 4.556820e-03 -1.817762e-03
          -1.107303e-02 4.556054e-03 -2.120782e-03
          -1.107343e-02 4.555289e-03 -2.423801e-03
          -1.107362e-02 4.270114e-03 -1.514694e-03
          -1.107401e-02 4.269302e-03 -1.817723e-03
          -1.107441e-02 4.268489e-03 -2.120752e-03
          -1.107500e-02 3.982642e-03 -1.514645e-03
          -1.107540e-02 3.981783e-03 -1.817683e-03
          -1.107580e-02 3.980923e-03 -2.120721e-03
          -1.107619e-02 3.980064e-03 -2.423760e-03
          -1.107854e-02 3.974236e-03 -3.939135e-03
          -1.107899e-02 3.973212e-03 -4.242254e-03
          -1.107869e-02 3.689823e-03 -3.029897e-03
          -1.107914e-02 3.688549e-03 -3.332974e-03
          -1.108384e-02 2.543760e-03 -1.514478e-03
          -1.108449e-02 2.541622e-03 -2.120650e-03
          -1.108481e-02 2.540552e-03 -2.423737e-03
          -1.108622e-02 2.533024e-03 -3.939240e-03
          -1.108612e-02 2.255295e-03 -1.514413e-03
          -1.108643e-02 2.254198e-03 -1.817510e-03
          -1.108673e-02 2.253087e-03 -2.120613e-03
          -1.108703e-02 2.251973e-03 -2.423718e-03
          -1.108730e-02 2.250486e-03 -2.726824e-03
          -1.108759e-02 2.248888e-03 -3.029932e-03
          -1.108789e-02 2.247290e-03 -3.333040e-03
          -1.108837e-02 2.244236e-03 -3.939258e-03
          -1.108841e-02 1.966829e-03 -1.514348e-03
          -1.108870e-02 1.965703e-03 -1.817456e-03
          -1.108897e-02 1.964551e-03 -2.120576e-03
          -1.108924e-02 1.963393e-03 -2.423698e-03
          -1.108948e-02 1.961857e-03 -2.726812e-03
          -1.108975e-02 1.960220e-03 -3.029927e-03
          -1.109052e-02 1.955448e-03 -3.939277e-03
          -1.109073e-02 1.954032e-03 -4.242402e-03
          -1.109068e-02 1.678337e-03 -1.514287e-03
          -1.109094e-02 1.677166e-03 -1.817412e-03
          -1.109118e-02 1.675980e-03 -2.120544e-03
          -1.109142e-02 1.674792e-03 -2.423678e-03
          -1.109165e-02 1.673227e-03 -2.726800e-03
          -1.109267e-02 1.666660e-03 -3.939295e-03
          -1.109294e-02 1.665197e-03 -4.242433e-03
          -1.109322e-02 1.663735e-03 -4.545571e-03
          -1.109296e-02 1.389841e-03 -1.514226e-03
          -1.109318e-02 1.388625e-03 -1.817369e-03
          -1.109339e-02 1.387406e-03 -2.120513e-03
          -1.109361e-02 1.386188e-03 -2.423657e-03
          -1.109481e-02 1.377871e-03 -3.939313e-03
          -1.109516e-02 1.376362e-03 -4.242465e-03
          -1.109550e-02 1.374854e-03 -4.545616e-03
          -1.109585e-02 1.373345e-03 -4.848768e-03
          -1.109620e-02 1.093811e-03 -3.029907e-03
          -1.109637e-02 1.092079e-03 -3.333042e-03
          -1.109654e-02 1.090347e-03 -3.636177e-03
          -1.109759e-02 1.084268e-03 -4.848781e-03
          -1.109834e-02 8.046160e-04 -3.029895e-03
          -1.109845e-02 8.028735e-04 -3.333039e-03
          -1.109855e-02 8.011311e-04 -3.636182e-03
          -1.109901e-02 7.966189e-04 -4.545630e-03
          -1.109916e-02 7.951494e-04 -4.848781e-03
          -1.110052e-02 5.136680e-04 -3.333036e-03
          -1.110056e-02 5.119149e-04 -3.636187e-03
          -1.110468e-02 -5.600385e-05 -1.513946e-03
          -1.110474e-02 -5.729107e-05 -1.817133e-03
          -1.110479e-02 -5.857411e-05 -2.120322e-03
          -1.110485e-02 -5.985611e-05 -2.423510e-03
          -1.110465e-02 -6.503775e-05 -3.333017e-03
          -1.110694e-02 -3.460876e-04 -1.513842e-03
          -1.110696e-02 -3.473663e-04 -1.817040e-03
          -1.110698e-02 -3.486403e-04 -2.120244e-03
          -1.110699e-02 -3.499132e-04 -2.423450e-03
          -1.110646e-02 -3.583808e-04 -3.939310e-03
          -1.110919e-02 -6.361712e-04 -1.513737e-03
          -1.110919e-02 -6.374413e-04 -1.816947e-03
          -1.110917e-02 -6.387060e-04 -2.120167e-03
          -1.110846e-02 -6.484078e-04 -3.939283e-03
          -1.111143e-02 -9.262613e-04 -1.513636e-03
          -1.111138e-02 -9.275167e-04 -1.816863e-03
          -1.111132e-02 -9.287678e-04 -2.120096e-03
          -1.111126e-02 -9.300179e-04 -2.423330e-03
          -1.111046e-02 -9.384344e-04 -3.939255e-03
          -1.111039e-02 -9.399937e-04 -4.242407e-03
          -1.111451e-02 -1.515472e-03 -3.332793e-03
          -1.111652e-02 -1.804267e-03 -3.029514e-03
          -1.112288e-02 -2.669842e-03 -1.512930e-03
          -1.112268e-02 -2.670954e-03 -1.816214e-03
          -1.112248e-02 -2.672060e-03 -2.119500e-03
          -1.112193e-02 -2.674511e-03 -2.726026e-03
          -1.112154e-02 -2.675946e-03 -3.029248e-03
          -1.112039e-02 -2.680071e-03 -3.938888e-03
          -1.112426e-02 -2.961161e-03 -1.512774e-03
          -1.112405e-02 -2.962225e-03 -1.816063e-03
          -1.112322e-02 -2.965595e-03 -2.725894e-03
          -1.112282e-02 -2.966974e-03 -3.029120e-03
          -1.112563e-02 -3.252472e-03 -1.512618e-03
          -1.112699e-02 -3.543760e-03 -1.512464e-03
          -1.112581e-02 -3.547761e-03 -2.725630e-03
          -1.112864e-02 -5.299925e-03 -4.847499e-03
          -1.112945e-02 -5.590289e-03 -4.544090e-03
          -1.112902e-02 -5.590956e-03 -4.847338e-03
          -1.113036e-02 -5.880683e-03 -4.240679e-03
          -1.112987e-02 -5.881336e-03 -4.543928e-03
          -1.112939e-02 -5.881988e-03 -4.847177e-03
          -1.113448e-02 -6.456686e-03 -2.979101e-04
          -1.113439e-02 -6.457039e-03 -6.011583e-04
          -1.113430e-02 -6.457393e-03 -9.044064e-04
          -1.113421e-02 -6.457746e-03 -1.207655e-03
          -1.113400e-02 -6.458142e-03 -1.510984e-03
          -1.113377e-02 -6.458545e-03 -1.814326e-03
          -1.113354e-02 -6.458948e-03 -2.117668e-03
          -1.113331e-02 -6.459351e-03 -2.421010e-03
          -1.113486e-02 -6.747562e-03 -2.978147e-04
          -1.113476e-02 -6.747883e-03 -6.010611e-04
          -1.113467e-02 -6.748205e-03 -9.043074e-04
          -1.113457e-02 -6.748527e-03 -1.207554e-03
          -1.113436e-02 -6.748918e-03 -1.510883e-03
          -1.113413e-02 -6.749320e-03 -1.814225e-03
          -1.113390e-02 -6.749722e-03 -2.117567e-03
          -1.113367e-02 -6.750124e-03 -2.420909e-03
          -1.113523e-02 -7.038437e-03 -2.977194e-04
          -1.113513e-02 -7.038727e-03 -6.009638e-04
          -1.113503e-02 -7.039017e-03 -9.042083e-04
          -1.113493e-02 -7.039307e-03 -1.207453e-03
          -1.113472e-02 -7.039694e-03 -1.510782e-03
          -1.113449e-02 -7.040095e-03 -1.814124e-03
          -1.113426e-02 -7.040496e-03 -2.117466e-03
          -1.113403e-02 -7.040897e-03 -2.420808e-03
          -1.113380e-02 -7.041314e-03 -2.724052e-03
          -1.113355e-02 -7.041736e-03 -3.027263e-03
          -1.113331e-02 -7.042158e-03 -3.330473e-03
          -1.113307e-02 -7.042580e-03 -3.633684e-03
          -1.113560e-02 -7.329312e-03 -2.976240e-04
          -1.113550e-02 -7.329571e-03 -6.008666e-04
          -1.113539e-02 -7.329829e-03 -9.041093e-04
          -1.113529e-02 -7.330088e-03 -1.207352e-03
          -1.113508e-02 -7.330469e-03 -1.510681e-03
          -1.113485e-02 -7.330869e-03 -1.814022e-03
          -1.113462e-02 -7.331270e-03 -2.117364e-03
          -1.113440e-02 -7.331670e-03 -2.420706e-03
          -1.113416e-02 -7.332048e-03 -2.723951e-03
          -1.113393e-02 -7.332418e-03 -3.027162e-03
          -1.113369e-02 -7.332788e-03 -3.330373e-03
          -1.113345e-02 -7.333158e-03 -3.633584e-03
          -1.113598e-02 -7.620187e-03 -2.975286e-04
          -1.113587e-02 -7.620414e-03 -6.007694e-04
          -1.113576e-02 -7.620641e-03 -9.040103e-04
          -1.113565e-02 -7.620868e-03 -1.207251e-03
          -1.113544e-02 -7.621244e-03 -1.510579e-03
          -1.113521e-02 -7.621644e-03 -1.813921e-03
          -1.113498e-02 -7.622043e-03 -2.117263e-03
          -1.113476e-02 -7.622442e-03 -2.420605e-03
          -1.113453e-02 -7.622781e-03 -2.723849e-03
          -1.113430e-02 -7.623099e-03 -3.027061e-03
          -1.113407e-02 -7.623417e-03 -3.330272e-03
          -1.113384e-02 -7.623735e-03 -3.633483e-03
          -1.113560e-02 -7.911271e-03 -2.975247e-04
          -1.113544e-02 -7.911569e-03 -6.008094e-04
          -1.113527e-02 -7.911867e-03 -9.040941e-04
          -1.113511e-02 -7.912165e-03 -1.207379e-03
          -1.113495e-02 -7.912463e-03 -1.510664e-03
          -1.113479e-02 -7.912761e-03 -1.813948e-03
          -1.113462e-02 -7.913059e-03 -2.117233e-03
          -1.113414e-02 -7.913762e-03 -2.723764e-03
          -1.113375e-02 -7.914203e-03 -3.026996e-03
          -1.113337e-02 -7.914644e-03 -3.330229e-03
          -1.113299e-02 -7.915086e-03 -3.633462e-03
          -1.113260e-02 -7.915527e-03 -3.936695e-03
          -1.113522e-02 -8.202281e-03 -2.974742e-04
          -1.113506e-02 -8.202564e-03 -6.007518e-04
          -1.113491e-02 -8.202846e-03 -9.040295e-04
          -1.113475e-02 -8.203129e-03 -1.207307e-03
          -1.113459e-02 -8.203412e-03 -1.510585e-03
          -1.113444e-02 -8.203695e-03 -1.813863e-03
          -1.113382e-02 -8.204637e-03 -2.723663e-03
          -1.113345e-02 -8.205047e-03 -3.026897e-03
          -1.113309e-02 -8.205457e-03 -3.330132e-03
          -1.113272e-02 -8.205867e-03 -3.633366e-03
          -1.113236e-02 -8.206277e-03 -3.936600e-03
          -1.113484e-02 -8.493292e-03 -2.974237e-04
          -1.113469e-02 -8.493559e-03 -6.006943e-04
          -1.113454e-02 -8.493827e-03 -9.039649e-04
          -1.113439e-02 -8.494094e-03 -1.207235e-03
          -1.113424e-02 -8.494362e-03 -1.510506e-03
          -1.113350e-02 -8.495514e-03 -2.723562e-03
          -1.113315e-02 -8.495893e-03 -3.026798e-03
          -1.113280e-02 -8.496271e-03 -3.330034e-03
          -1.113246e-02 -8.496649e-03 -3.633270e-03
          -1.113367e-02 -9.076023e-03 -1.207092e-03
          -1.113353e-02 -9.076260e-03 -1.510349e-03
          -1.113340e-02 -9.076497e-03 -1.813605e-03
          -1.113326e-02 -9.076734e-03 -2.116862e-03
          -1.113312e-02 -9.076971e-03 -2.420118e-03
          -1.136240e-02 6.568156e-03 -2.243130e-07
          -1.136356e-02 6.567026e-03 -1.515019e-03
          -1.136387e-02 6.566632e-03 -1.818014e-03
          -1.136419e-02 6.566239e-03 -2.121009e-03
          -1.136450e-02 6.565846e-03 -2.424005e-03
          -1.136487e-02 6.565344e-03 -2.727020e-03
          -1.136525e-02 6.564806e-03 -3.030043e-03
          -1.136636e-02 6.563223e-03 -3.939137e-03
          -1.136395e-02 6.279895e-03 -1.211968e-03
          -1.136524e-02 6.278224e-03 -2.423954e-03
          -1.136677e-02 6.275928e-03 -3.636052e-03
          -1.136575e-02 5.991086e-03 -2.120909e-03
          -1.136607e-02 5.990629e-03 -2.423909e-03
          -1.136760e-02 5.988063e-03 -3.636027e-03
          -1.136957e-02 5.411569e-03 -3.939030e-03
          -1.136861e-02 4.842392e-03 -1.211685e-03
          -1.136894e-02 4.841833e-03 -1.514698e-03
          -1.136928e-02 4.841236e-03 -1.817715e-03
          -1.137029e-02 4.554171e-03 -1.514642e-03
          -1.137063e-02 4.553532e-03 -1.817670e-03
          -1.137097e-02 4.552894e-03 -2.120698e-03
          -1.137131e-02 4.552255e-03 -2.423727e-03
          -1.137320e-02 4.547646e-03 -3.939016e-03
          -1.137164e-02 4.266507e-03 -1.514586e-03
          -1.137198e-02 4.265827e-03 -1.817625e-03
          -1.137232e-02 4.265147e-03 -2.120664e-03
          -1.137266e-02 4.264467e-03 -2.423702e-03
          -1.137459e-02 4.259655e-03 -3.939020e-03
          -1.137492e-02 4.258737e-03 -4.242116e-03
          -1.137299e-02 3.978844e-03 -1.514530e-03
          -1.137332e-02 3.978122e-03 -1.817579e-03
          -1.137366e-02 3.977400e-03 -2.120629e-03
          -1.137400e-02 3.976678e-03 -2.423678e-03
          -1.137598e-02 3.971664e-03 -3.939025e-03
          -1.137634e-02 3.970712e-03 -4.242133e-03
          -1.137671e-02 3.969761e-03 -4.545240e-03
          -1.137707e-02 3.968809e-03 -4.848348e-03
          -1.137418e-02 3.691737e-03 -1.211440e-03
          -1.137550e-02 3.688760e-03 -2.423662e-03
          -1.137557e-02 3.404246e-03 -9.083745e-04
          -1.137582e-02 3.403864e-03 -1.211401e-03
          -1.137678e-02 3.401549e-03 -2.120588e-03
          -1.137710e-02 3.400761e-03 -2.423652e-03
          -1.137721e-02 3.116404e-03 -9.083206e-04
          -1.137746e-02 3.115990e-03 -1.211363e-03
          -1.137910e-02 2.828116e-03 -1.211324e-03
          -1.138117e-02 2.821005e-03 -3.332897e-03
          -1.138112e-02 2.539267e-03 -1.514359e-03
          -1.138141e-02 2.538382e-03 -1.817445e-03
          -1.138170e-02 2.537498e-03 -2.120531e-03
          -1.138199e-02 2.536613e-03 -2.423617e-03
          -1.138319e-02 2.530091e-03 -3.939091e-03
          -1.138325e-02 2.250646e-03 -1.514283e-03
          -1.138352e-02 2.249728e-03 -1.817384e-03
          -1.138378e-02 2.248810e-03 -2.120486e-03
          -1.138405e-02 2.247893e-03 -2.423587e-03
          -1.138454e-02 2.245255e-03 -3.029787e-03
          -1.138479e-02 2.243879e-03 -3.332888e-03
          -1.138520e-02 2.241227e-03 -3.939092e-03
          -1.138538e-02 1.962024e-03 -1.514207e-03
          -1.138562e-02 1.961073e-03 -1.817324e-03
          -1.138586e-02 1.960122e-03 -2.120440e-03
          -1.138610e-02 1.959172e-03 -2.423557e-03
          -1.138633e-02 1.957882e-03 -2.726665e-03
          -1.138657e-02 1.956478e-03 -3.029769e-03
          -1.138722e-02 1.952361e-03 -3.939093e-03
          -1.138738e-02 1.951111e-03 -4.242214e-03
          -1.138661e-02 1.675873e-03 -3.016592e-04
          -1.138751e-02 1.673400e-03 -1.514131e-03
          -1.138772e-02 1.672417e-03 -1.817263e-03
          -1.138794e-02 1.671434e-03 -2.120395e-03
          -1.138815e-02 1.670450e-03 -2.423527e-03
          -1.138837e-02 1.669131e-03 -2.726642e-03
          -1.138923e-02 1.663495e-03 -3.939095e-03
          -1.138943e-02 1.662209e-03 -4.242228e-03
          -1.138963e-02 1.660922e-03 -4.545361e-03
          -1.138964e-02 1.384776e-03 -1.514055e-03
          -1.138983e-02 1.383760e-03 -1.817202e-03
          -1.139002e-02 1.382744e-03 -2.120349e-03
          -1.139021e-02 1.381727e-03 -2.423497e-03
          -1.139041e-02 1.380380e-03 -2.726619e-03
          -1.139061e-02 1.378921e-03 -3.029733e-03
          -1.139081e-02 1.377462e-03 -3.332847e-03
          -1.139101e-02 1.376003e-03 -3.635961e-03
          -1.139124e-02 1.374629e-03 -3.939096e-03
          -1.139148e-02 1.373307e-03 -4.242242e-03
          -1.139172e-02 1.371984e-03 -4.545388e-03
          -1.139197e-02 1.370662e-03 -4.848535e-03
          -1.139142e-02 1.097300e-03 -9.076972e-04
          -1.139162e-02 1.096750e-03 -1.210844e-03
          -1.139213e-02 1.093715e-03 -2.120308e-03
          -1.139229e-02 1.092683e-03 -2.423463e-03
          -1.139245e-02 1.091320e-03 -2.726594e-03
          -1.139276e-02 1.088371e-03 -3.332839e-03
          -1.139291e-02 1.086896e-03 -3.635961e-03
          -1.139364e-02 1.081576e-03 -4.848543e-03
          -1.139425e-02 8.045807e-04 -2.120268e-03
          -1.139439e-02 8.035391e-04 -2.423429e-03
          -1.139450e-02 8.021654e-04 -2.726568e-03
          -1.139478e-02 7.977096e-04 -3.635963e-03
          -1.139667e-02 5.071653e-04 -3.939107e-03
          -1.139777e-02 2.312677e-04 -3.010440e-04
          -1.139791e-02 2.306574e-04 -6.042507e-04
          -1.139805e-02 2.300470e-04 -9.074575e-04
          -1.139819e-02 2.294366e-04 -1.210664e-03
          -1.139829e-02 2.284334e-04 -1.513842e-03
          -1.139839e-02 2.273726e-04 -1.817015e-03
          -1.139848e-02 2.263118e-04 -2.120188e-03
          -1.139854e-02 2.208439e-04 -3.332816e-03
          -1.139846e-02 2.179878e-04 -3.939111e-03
          -1.140022e-02 -5.937913e-05 -9.073590e-04
          -1.140034e-02 -6.000354e-05 -1.210582e-03
          -1.140042e-02 -6.101315e-05 -1.513770e-03
          -1.140049e-02 -6.207921e-05 -1.816952e-03
          -1.140056e-02 -6.314520e-05 -2.120134e-03
          -1.140063e-02 -6.421111e-05 -2.423316e-03
          -1.140045e-02 -6.863486e-05 -3.332794e-03
          -1.140028e-02 -7.149800e-05 -3.939099e-03
          -1.140244e-02 -3.500537e-04 -1.210462e-03
          -1.140249e-02 -3.510563e-04 -1.513663e-03
          -1.140252e-02 -3.521145e-04 -1.816859e-03
          -1.140255e-02 -3.531726e-04 -2.120056e-03
          -1.140259e-02 -3.542307e-04 -2.423252e-03
          -1.140234e-02 -3.586273e-04 -3.332746e-03
          -1.140214e-02 -3.614971e-04 -3.939061e-03
          -1.140455e-02 -6.410992e-04 -1.513556e-03
          -1.140455e-02 -6.421495e-04 -1.816767e-03
          -1.140455e-02 -6.431998e-04 -2.119977e-03
          -1.140455e-02 -6.442501e-04 -2.423187e-03
          -1.140400e-02 -6.514962e-04 -3.939022e-03
          -1.140662e-02 -9.311418e-04 -1.513449e-03
          -1.140658e-02 -9.321843e-04 -1.816674e-03
          -1.140655e-02 -9.332268e-04 -2.119899e-03
          -1.140651e-02 -9.342692e-04 -2.423123e-03
          -1.140585e-02 -9.414949e-04 -3.938984e-03
          -1.140576e-02 -9.428410e-04 -4.242138e-03
          -1.141052e-02 -1.510013e-03 -9.067078e-04
          -1.141056e-02 -1.510627e-03 -1.209989e-03
          -1.141040e-02 -1.512614e-03 -1.816484e-03
          -1.141031e-02 -1.513634e-03 -2.119729e-03
          -1.141022e-02 -1.514654e-03 -2.422974e-03
          -1.140964e-02 -1.518845e-03 -3.332538e-03
          -1.141584e-02 -2.382905e-03 -1.512926e-03
          -1.141571e-02 -2.383877e-03 -1.816189e-03
          -1.141557e-02 -2.384848e-03 -2.119452e-03
          -1.141454e-02 -2.389614e-03 -3.332335e-03
          -1.141422e-02 -2.390906e-03 -3.635536e-03
          -1.141393e-02 -2.392056e-03 -3.938720e-03
          -1.141735e-02 -2.673717e-03 -1.512798e-03
          -1.141719e-02 -2.674654e-03 -1.816067e-03
          -1.141861e-02 -2.964849e-03 -1.512651e-03
          -1.141844e-02 -2.965736e-03 -1.815925e-03
          -1.141987e-02 -3.255981e-03 -1.512503e-03
          -1.142113e-02 -3.547112e-03 -1.512356e-03
          -1.142322e-02 -5.301191e-03 -4.847312e-03
          -1.142397e-02 -5.591493e-03 -4.543930e-03
          -1.142360e-02 -5.592098e-03 -4.847168e-03
          -1.142774e-02 -5.875734e-03 -6.014027e-04
          -1.142764e-02 -5.876107e-03 -9.046774e-04
          -1.142754e-02 -5.876480e-03 -1.207952e-03
          -1.142439e-02 -5.882424e-03 -4.543785e-03
          -1.142397e-02 -5.883004e-03 -4.847024e-03
          -1.142819e-02 -6.166794e-03 -2.980397e-04
          -1.142810e-02 -6.167162e-03 -6.012981e-04
          -1.142801e-02 -6.167529e-03 -9.045564e-04
          -1.142791e-02 -6.167896e-03 -1.207815e-03
          -1.142773e-02 -6.168280e-03 -1.511118e-03
          -1.142753e-02 -6.168667e-03 -1.814427e-03
          -1.142733e-02 -6.169053e-03 -2.117737e-03
          -1.142713e-02 -6.169440e-03 -2.421047e-03
          -1.142480e-02 -6.173354e-03 -4.543640e-03
          -1.142435e-02 -6.173910e-03 -4.846880e-03
          -1.142856e-02 -6.458048e-03 -2.979491e-04
          -1.142847e-02 -6.458401e-03 -6.011957e-04
          -1.142837e-02 -6.458753e-03 -9.044424e-04
          -1.142828e-02 -6.459105e-03 -1.207689e-03
          -1.142810e-02 -6.459456e-03 -1.510994e-03
          -1.142791e-02 -6.459807e-03 -1.814307e-03
          -1.142772e-02 -6.460157e-03 -2.117621e-03
          -1.142752e-02 -6.460508e-03 -2.420935e-03
          -1.142473e-02 -6.464701e-03 -4.846750e-03
          -1.142894e-02 -6.748914e-03 -2.978536e-04
          -1.142884e-02 -6.749234e-03 -6.010985e-04
          -1.142875e-02 -6.749555e-03 -9.043435e-04
          -1.142865e-02 -6.749876e-03 -1.207588e-03
          -1.142847e-02 -6.750222e-03 -1.510893e-03
          -1.142828e-02 -6.750573e-03 -1.814207e-03
          -1.142808e-02 -6.750923e-03 -2.117520e-03
          -1.142789e-02 -6.751274e-03 -2.420834e-03
          -1.142512e-02 -6.755254e-03 -4.846650e-03
          -1.142932e-02 -7.039778e-03 -2.977581e-04
          -1.142922e-02 -7.040067e-03 -6.010013e-04
          -1.142912e-02 -7.040356e-03 -9.042445e-04
          -1.142902e-02 -7.040645e-03 -1.207488e-03
          -1.142884e-02 -7.040987e-03 -1.510792e-03
          -1.142864e-02 -7.041338e-03 -1.814106e-03
          -1.142845e-02 -7.041689e-03 -2.117419e-03
          -1.142825e-02 -7.042039e-03 -2.420733e-03
          -1.142779e-02 -7.042858e-03 -3.027180e-03
          -1.142970e-02 -7.330644e-03 -2.976626e-04
          -1.142959e-02 -7.330901e-03 -6.009041e-04
          -1.142949e-02 -7.331158e-03 -9.041456e-04
          -1.142938e-02 -7.331415e-03 -1.207387e-03
          -1.142920e-02 -7.331753e-03 -1.510691e-03
          -1.142901e-02 -7.332104e-03 -1.814005e-03
          -1.142881e-02 -7.332454e-03 -2.117318e-03
          -1.142862e-02 -7.332805e-03 -2.420632e-03
          -1.142840e-02 -7.333167e-03 -2.723869e-03
          -1.142817e-02 -7.333534e-03 -3.027079e-03
          -1.142793e-02 -7.333900e-03 -3.330290e-03
          -1.142770e-02 -7.334266e-03 -3.633501e-03
          -1.143007e-02 -7.621509e-03 -2.975671e-04
          -1.142997e-02 -7.621734e-03 -6.008069e-04
          -1.142986e-02 -7.621960e-03 -9.040467e-04
          -1.142975e-02 -7.622185e-03 -1.207287e-03
          -1.142957e-02 -7.622519e-03 -1.510590e-03
          -1.142937e-02 -7.622869e-03 -1.813904e-03
          -1.142918e-02 -7.623220e-03 -2.117218e-03
          -1.142899e-02 -7.623570e-03 -2.420531e-03
          -1.142877e-02 -7.623894e-03 -2.723768e-03
          -1.142854e-02 -7.624209e-03 -3.026979e-03
          -1.142831e-02 -7.624524e-03 -3.330190e-03
          -1.142809e-02 -7.624838e-03 -3.633401e-03
          -1.142771e-02 -7.625292e-03 -3.936630e-03
          -1.142976e-02 -7.912497e-03 -2.975528e-04
          -1.142961e-02 -7.912772e-03 -6.008231e-04
          -1.142947e-02 -7.913047e-03 -9.040934e-04
          -1.142932e-02 -7.913321e-03 -1.207364e-03
          -1.142918e-02 -7.913596e-03 -1.510634e-03
          -1.142903e-02 -7.913871e-03 -1.813904e-03
          -1.142888e-02 -7.914146e-03 -2.117175e-03
          -1.142845e-02 -7.914788e-03 -2.723683e-03
          -1.142812e-02 -7.915187e-03 -3.026910e-03
          -1.142778e-02 -7.915585e-03 -3.330137e-03
          -1.142744e-02 -7.915984e-03 -3.633365e-03
          -1.142711e-02 -7.916383e-03 -3.936592e-03
          -1.142677e-02 -7.916782e-03 -4.239819e-03
          -1.142644e-02 -7.917180e-03 -4.543046e-03
          -1.142610e-02 -7.917579e-03 -4.846273e-03
          -1.142943e-02 -8.203429e-03 -2.975055e-04
          -1.142929e-02 -8.203691e-03 -6.007689e-04
          -1.142915e-02 -8.203953e-03 -9.040322e-04
          -1.142901e-02 -8.204215e-03 -1.207296e-03
          -1.142887e-02 -8.204476e-03 -1.510559e-03
          -1.142873e-02 -8.204738e-03 -1.813822e-03
          -1.142818e-02 -8.205604e-03 -2.723587e-03
          -1.142786e-02 -8.205974e-03 -3.026816e-03
          -1.142754e-02 -8.206344e-03 -3.330045e-03
          -1.142722e-02 -8.206714e-03 -3.633274e-03
          -1.142690e-02 -8.207084e-03 -3.936503e-03
          -1.142658e-02 -8.207454e-03 -4.239732e-03
          -1.142594e-02 -8.208194e-03 -4.846190e-03
          -1.142910e-02 -8.494362e-03 -2.974582e-04
          -1.142896e-02 -8.494611e-03 -6.007147e-04
          -1.142883e-02 -8.494860e-03 -9.039711e-04
          -1.142870e-02 -8.495109e-03 -1.207228e-03
          -1.142857e-02 -8.495358e-03 -1.510484e-03
          -1.142813e-02 -8.786474e-03 -1.813659e-03
          -1.142801e-02 -8.786710e-03 -2.116908e-03
          -1.142788e-02 -8.786945e-03 -2.420158e-03
          -1.142562e-02 -8.789424e-03 -4.846023e-03
          -1.142546e-02 -9.080038e-03 -4.845939e-03
          -1.142530e-02 -9.370653e-03 -4.845856e-03
          -1.142538e-02 -9.661043e-03 -4.542534e-03
          -1.142514e-02 -9.661268e-03 -4.845772e-03
          -1.142520e-02 -9.951686e-03 -4.542449e-03
          -1.142498e-02 -9.951883e-03 -4.845689e-03
          -1.165795e-02 8.867407e-03 -1.212457e-03
          -1.166218e-02 6.277605e-03 -1.211879e-03
          -1.166327e-02 6.276192e-03 -2.423905e-03
          -1.166458e-02 6.274205e-03 -3.636005e-03
          -1.166668e-02 4.839130e-03 -1.211585e-03
          -1.166776e-02 4.551605e-03 -9.085111e-04
          -1.166800e-02 4.551322e-03 -1.211512e-03
          -1.166884e-02 4.264093e-03 -6.054293e-04
          -1.166908e-02 4.263803e-03 -9.084338e-04
          -1.166931e-02 4.263513e-03 -1.211438e-03
          -1.167110e-02 4.259721e-03 -3.029737e-03
          -1.166992e-02 3.976595e-03 -3.023394e-04
          -1.167016e-02 3.976298e-03 -6.053480e-04
          -1.167039e-02 3.976001e-03 -9.083565e-04
          -1.167062e-02 3.975704e-03 -1.211365e-03
          -1.167090e-02 3.975144e-03 -1.514419e-03
          -1.167119e-02 3.974547e-03 -1.817479e-03
          -1.167147e-02 3.973950e-03 -2.120540e-03
          -1.167208e-02 3.972561e-03 -2.726659e-03
          -1.167241e-02 3.971705e-03 -3.029717e-03
          -1.167338e-02 3.969111e-03 -3.938915e-03
          -1.167205e-02 3.687765e-03 -1.211316e-03
          -1.167260e-02 3.686556e-03 -1.817444e-03
          -1.167288e-02 3.685933e-03 -2.120511e-03
          -1.167317e-02 3.685309e-03 -2.423578e-03
          -1.167331e-02 3.400103e-03 -9.082457e-04
          -1.167354e-02 3.399749e-03 -1.211280e-03
          -1.167503e-02 3.111731e-03 -1.211244e-03
          -1.167652e-02 2.823713e-03 -1.211208e-03
          -1.167812e-02 2.535548e-03 -1.211157e-03
          -1.167990e-02 2.247269e-03 -9.079670e-04
          -1.168012e-02 2.246811e-03 -1.211052e-03
          -1.168191e-02 1.958541e-03 -9.078536e-04
          -1.168213e-02 1.958074e-03 -1.210947e-03
          -1.168348e-02 1.670761e-03 -3.015359e-04
          -1.168370e-02 1.670286e-03 -6.046381e-04
          -1.168391e-02 1.669811e-03 -9.077402e-04
          -1.168413e-02 1.669336e-03 -1.210842e-03
          -1.168432e-02 1.668585e-03 -1.513974e-03
          -1.168450e-02 1.667793e-03 -1.817110e-03
          -1.168549e-02 1.382048e-03 -3.014056e-04
          -1.168571e-02 1.381564e-03 -6.045162e-04
          -1.168592e-02 1.381080e-03 -9.076268e-04
          -1.168613e-02 1.380597e-03 -1.210737e-03
          -1.168630e-02 1.379819e-03 -1.513885e-03
          -1.168646e-02 1.378998e-03 -1.817037e-03
          -1.168663e-02 1.378177e-03 -2.120190e-03
          -1.168679e-02 1.377356e-03 -2.423342e-03
          -1.168696e-02 1.376240e-03 -2.726456e-03
          -1.168714e-02 1.375025e-03 -3.029556e-03
          -1.168732e-02 1.373809e-03 -3.332656e-03
          -1.168764e-02 1.371421e-03 -3.938881e-03
          -1.168777e-02 1.370272e-03 -4.242020e-03
          -1.168812e-02 1.091591e-03 -1.210671e-03
          -1.168872e-02 1.088304e-03 -2.423302e-03
          -1.168926e-02 1.083492e-03 -3.635750e-03
          -1.168964e-02 1.078880e-03 -4.848302e-03
          -1.169608e-02 -6.510197e-05 -1.210417e-03
          -1.169619e-02 -7.343562e-05 -3.635724e-03
          -1.169789e-02 -3.545292e-04 -9.070857e-04
          -1.169800e-02 -3.551116e-04 -1.210293e-03
          -1.169971e-02 -6.439562e-04 -6.037410e-04
          -1.169982e-02 -6.445386e-04 -9.069552e-04
          -1.169992e-02 -6.451210e-04 -1.210169e-03
          -1.170165e-02 -9.339652e-04 -6.036036e-04
          -1.170174e-02 -9.345476e-04 -9.068246e-04
          -1.170184e-02 -9.351301e-04 -1.210046e-03
          -1.170159e-02 -9.408445e-04 -3.029250e-03
          -1.170148e-02 -9.420927e-04 -3.332406e-03
          -1.170376e-02 -1.225140e-03 -1.209922e-03
          -1.170309e-02 -1.233309e-03 -3.635508e-03
          -1.170546e-02 -1.515377e-03 -1.209825e-03
          -1.170536e-02 -1.516995e-03 -1.816300e-03
          -1.170530e-02 -1.517819e-03 -2.119537e-03
          -1.170524e-02 -1.518644e-03 -2.422775e-03
          -1.170715e-02 -1.805634e-03 -1.209728e-03
          -1.170884e-02 -2.095889e-03 -1.209631e-03
          -1.171053e-02 -2.386144e-03 -1.209535e-03
          -1.171194e-02 -2.676804e-03 -1.209412e-03
          -1.171316e-02 -2.967260e-03 -9.059788e-04
          -1.171312e-02 -2.967803e-03 -1.209267e-03
          -1.171438e-02 -3.257727e-03 -6.025450e-04
          -1.171561e-02 -3.548206e-03 -2.991105e-04
          -1.171556e-02 -3.548737e-03 -6.023997e-04
          -1.171594e-02 -3.843136e-03 -2.421934e-03
          -1.171475e-02 -3.846912e-03 -3.634740e-03
          -1.171780e-02 -5.302451e-03 -4.847126e-03
          -1.172135e-02 -5.586561e-03 -9.048093e-04
          -1.172125e-02 -5.586933e-03 -1.208083e-03
          -1.171818e-02 -5.593229e-03 -4.846999e-03
          -1.172192e-02 -5.877038e-03 -2.981711e-04
          -1.172182e-02 -5.877407e-03 -6.014350e-04
          -1.172173e-02 -5.877776e-03 -9.046990e-04
          -1.172163e-02 -5.878145e-03 -1.207963e-03
          -1.172148e-02 -5.878519e-03 -1.511240e-03
          -1.172131e-02 -5.878895e-03 -1.814520e-03
          -1.172115e-02 -5.879270e-03 -2.117800e-03
          -1.172099e-02 -5.879645e-03 -2.421080e-03
          -1.171856e-02 -5.884007e-03 -4.846872e-03
          -1.172228e-02 -6.168260e-03 -2.980806e-04
          -1.172219e-02 -6.168625e-03 -6.013347e-04
          -1.172210e-02 -6.168991e-03 -9.045887e-04
          -1.172201e-02 -6.169356e-03 -1.207843e-03
          -1.172186e-02 -6.169691e-03 -1.511121e-03
          -1.172170e-02 -6.170022e-03 -1.814404e-03
          -1.172153e-02 -6.170353e-03 -2.117687e-03
          -1.172137e-02 -6.170683e-03 -2.420969e-03
          -1.171894e-02 -6.174784e-03 -4.846745e-03
          -1.172265e-02 -6.459371e-03 -2.979886e-04
          -1.172256e-02 -6.459723e-03 -6.012352e-04
          -1.172247e-02 -6.460075e-03 -9.044819e-04
          -1.172238e-02 -6.460428e-03 -1.207728e-03
          -1.172223e-02 -6.460735e-03 -1.511008e-03
          -1.172207e-02 -6.461035e-03 -1.814292e-03
          -1.172191e-02 -6.461335e-03 -2.117577e-03
          -1.172175e-02 -6.461636e-03 -2.420862e-03
          -1.171932e-02 -6.465489e-03 -4.846627e-03
          -1.172303e-02 -6.750236e-03 -2.978931e-04
          -1.172294e-02 -6.750557e-03 -6.011380e-04
          -1.172285e-02 -6.750877e-03 -9.043829e-04
          -1.172275e-02 -6.751198e-03 -1.207628e-03
          -1.172260e-02 -6.751500e-03 -1.510907e-03
          -1.172244e-02 -6.751801e-03 -1.814192e-03
          -1.172228e-02 -6.752101e-03 -2.117476e-03
          -1.172212e-02 -6.752401e-03 -2.420761e-03
          -1.171971e-02 -6.756042e-03 -4.846527e-03
          -1.172341e-02 -7.041101e-03 -2.977976e-04
          -1.172332e-02 -7.041390e-03 -6.010408e-04
          -1.172322e-02 -7.041679e-03 -9.042840e-04
          -1.172312e-02 -7.041967e-03 -1.207527e-03
          -1.172297e-02 -7.042266e-03 -1.510806e-03
          -1.172280e-02 -7.042566e-03 -1.814091e-03
          -1.172264e-02 -7.042867e-03 -2.117375e-03
          -1.172248e-02 -7.043167e-03 -2.420660e-03
          -1.172010e-02 -7.046594e-03 -4.846427e-03
          -1.172379e-02 -7.331966e-03 -2.977021e-04
          -1.172369e-02 -7.332223e-03 -6.009436e-04
          -1.172359e-02 -7.332480e-03 -9.041851e-04
          -1.172348e-02 -7.332737e-03 -1.207427e-03
          -1.172333e-02 -7.333032e-03 -1.510705e-03
          -1.172317e-02 -7.333332e-03 -1.813990e-03
          -1.172301e-02 -7.333632e-03 -2.117274e-03
          -1.172285e-02 -7.333933e-03 -2.420559e-03
          -1.172264e-02 -7.334282e-03 -2.723788e-03
          -1.172049e-02 -7.337147e-03 -4.846327e-03
          -1.172417e-02 -7.622831e-03 -2.976066e-04
          -1.172407e-02 -7.623056e-03 -6.008464e-04
          -1.172396e-02 -7.623282e-03 -9.040862e-04
          -1.172385e-02 -7.623507e-03 -1.207326e-03
          -1.172370e-02 -7.623797e-03 -1.510604e-03
          -1.172354e-02 -7.624097e-03 -1.813889e-03
          -1.172338e-02 -7.624398e-03 -2.117173e-03
          -1.172322e-02 -7.624698e-03 -2.420458e-03
          -1.172301e-02 -7.625009e-03 -2.723688e-03
          -1.172278e-02 -7.625324e-03 -3.026898e-03
          -1.172255e-02 -7.625638e-03 -3.330109e-03
          -1.172233e-02 -7.625953e-03 -3.633320e-03
          -1.172201e-02 -7.626351e-03 -3.936542e-03
          -1.172088e-02 -7.627700e-03 -4.846228e-03
          -1.172392e-02 -7.913722e-03 -2.975809e-04
          -1.172379e-02 -7.913974e-03 -6.008367e-04
          -1.172366e-02 -7.914226e-03 -9.040926e-04
          -1.172353e-02 -7.914478e-03 -1.207348e-03
          -1.172340e-02 -7.914729e-03 -1.510604e-03
          -1.172327e-02 -7.914981e-03 -1.813860e-03
          -1.172315e-02 -7.915233e-03 -2.117116e-03
          -1.172277e-02 -7.915814e-03 -2.723602e-03
          -1.172248e-02 -7.916170e-03 -3.026824e-03
          -1.172219e-02 -7.916526e-03 -3.330046e-03
          -1.172190e-02 -7.916882e-03 -3.633267e-03
          -1.172161e-02 -7.917238e-03 -3.936489e-03
          -1.172132e-02 -7.917594e-03 -4.239711e-03
          -1.172103e-02 -7.917950e-03 -4.542932e-03
          -1.172075e-02 -7.918307e-03 -4.846154e-03
          -1.172364e-02 -8.204577e-03 -2.975368e-04
          -1.172352e-02 -8.204818e-03 -6.007859e-04
          -1.172339e-02 -8.205059e-03 -9.040350e-04
          -1.172327e-02 -8.205300e-03 -1.207284e-03
          -1.172315e-02 -8.205541e-03 -1.510533e-03
          -1.172303e-02 -8.205782e-03 -1.813782e-03
          -1.172062e-02 -8.208880e-03 -4.846077e-03
          -1.172336e-02 -8.495432e-03 -2.974927e-04
          -1.172324e-02 -8.495662e-03 -6.007351e-04
          -1.172312e-02 -8.495892e-03 -9.039774e-04
          -1.172301e-02 -8.496123e-03 -1.207220e-03
          -1.172289e-02 -8.496353e-03 -1.510462e-03
          -1.172049e-02 -8.499455e-03 -4.846000e-03
          -1.172308e-02 -8.786286e-03 -2.974486e-04
          -1.172297e-02 -8.786506e-03 -6.006842e-04
          -1.172286e-02 -8.786725e-03 -9.039198e-04
          -1.172275e-02 -8.786945e-03 -1.207155e-03
          -1.172036e-02 -8.790029e-03 -4.845924e-03
          -1.172280e-02 -9.077141e-03 -2.974045e-04
          -1.172269e-02 -9.077349e-03 -6.006334e-04
          -1.172259e-02 -9.077558e-03 -9.038622e-04
          -1.172024e-02 -9.080603e-03 -4.845847e-03
          -1.172251e-02 -9.367995e-03 -2.973604e-04
          -1.172242e-02 -9.368193e-03 -6.005825e-04
          -1.172011e-02 -9.371177e-03 -4.845770e-03
          -1.172223e-02 -9.658851e-03 -2.973163e-04
          -1.171998e-02 -9.661752e-03 -4.845693e-03
          -1.171986e-02 -9.952326e-03 -4.845617e-03
          -1.195600e-02 8.866284e-03 -1.212386e-03
          -1.195610e-02 7.715103e-03 -2.325659e-07
          -1.195698e-02 7.427198e-03 -1.626909e-07
          -1.195814e-02 7.138927e-03 -9.090392e-04
          -1.195831e-02 7.138767e-03 -1.212024e-03
          -1.195864e-02 6.851286e-03 -6.059772e-04
          -1.195881e-02 6.851121e-03 -9.089628e-04
          -1.196471e-02 4.835932e-03 -1.211495e-03
          -1.196577e-02 4.548204e-03 -9.084033e-04
          -1.196598e-02 4.547931e-03 -1.211421e-03
          -1.196769e-02 4.544376e-03 -3.332739e-03
          -1.196683e-02 4.260490e-03 -6.053051e-04
          -1.196705e-02 4.260210e-03 -9.083259e-04
          -1.196726e-02 4.259930e-03 -1.211347e-03
          -1.196790e-02 3.972789e-03 -3.022003e-04
          -1.196811e-02 3.972503e-03 -6.052244e-04
          -1.196832e-02 3.972216e-03 -9.082485e-04
          -1.196853e-02 3.971929e-03 -1.211273e-03
          -1.196985e-02 3.683845e-03 -1.211219e-03
          -1.197078e-02 3.681940e-03 -2.423497e-03
          -1.197120e-02 3.395708e-03 -1.211179e-03
          -1.197340e-02 3.388889e-03 -4.241896e-03
          -1.197256e-02 3.107569e-03 -1.211139e-03
          -1.197391e-02 2.819430e-03 -1.211099e-03
          -1.197536e-02 2.531130e-03 -1.211045e-03
          -1.197721e-02 2.242244e-03 -1.210936e-03
          -1.197886e-02 1.953796e-03 -9.077347e-04
          -1.197906e-02 1.953358e-03 -1.210827e-03
          -1.198051e-02 1.665358e-03 -6.045221e-04
          -1.198071e-02 1.664914e-03 -9.076202e-04
          -1.198091e-02 1.664470e-03 -1.210718e-03
          -1.198217e-02 1.376933e-03 -3.012982e-04
          -1.198237e-02 1.376482e-03 -6.044019e-04
          -1.198256e-02 1.376032e-03 -9.075056e-04
          -1.198276e-02 1.375582e-03 -1.210609e-03
          -1.198291e-02 1.374979e-03 -1.513751e-03
          -1.198306e-02 1.374354e-03 -1.816900e-03
          -1.198320e-02 1.373730e-03 -2.120047e-03
          -1.198335e-02 1.373106e-03 -2.423195e-03
          -1.198349e-02 1.372209e-03 -2.726302e-03
          -1.198362e-02 1.371220e-03 -3.029395e-03
          -1.198375e-02 1.370231e-03 -3.332489e-03
          -1.198396e-02 1.368261e-03 -3.938696e-03
          -1.198876e-02 5.009134e-04 -3.938673e-03
          -1.199182e-02 -7.004278e-05 -1.210261e-03
          -1.199200e-02 -7.665931e-05 -3.635506e-03
          -1.199344e-02 -3.594695e-04 -9.069570e-04
          -1.199355e-02 -3.600102e-04 -1.210141e-03
          -1.199519e-02 -6.494367e-04 -9.068329e-04
          -1.199529e-02 -6.499775e-04 -1.210021e-03
          -1.199525e-02 -6.555225e-04 -3.332242e-03
          -1.199683e-02 -9.388626e-04 -6.035160e-04
          -1.199693e-02 -9.394035e-04 -9.067088e-04
          -1.199702e-02 -9.399445e-04 -1.209902e-03
          -1.199693e-02 -9.444538e-04 -3.029035e-03
          -1.199684e-02 -9.454690e-04 -3.332179e-03
          -1.199849e-02 -1.228288e-03 -3.001903e-04
          -1.199858e-02 -1.228829e-03 -6.033875e-04
          -1.199866e-02 -1.229370e-03 -9.065847e-04
          -1.199875e-02 -1.229911e-03 -1.209782e-03
          -1.200036e-02 -1.519970e-03 -1.209690e-03
          -1.200196e-02 -1.810038e-03 -1.209601e-03
          -1.200355e-02 -2.100105e-03 -1.209511e-03
          -1.200515e-02 -2.390171e-03 -1.209422e-03
          -1.200645e-02 -2.680646e-03 -1.209308e-03
          -1.200755e-02 -2.970935e-03 -9.059225e-04
          -1.200752e-02 -2.971455e-03 -1.209173e-03
          -1.200865e-02 -3.261237e-03 -6.025356e-04
          -1.200862e-02 -3.261750e-03 -9.057872e-04
          -1.200858e-02 -3.262264e-03 -1.209039e-03
          -1.200976e-02 -3.551551e-03 -2.991472e-04
          -1.200972e-02 -3.552058e-03 -6.023996e-04
          -1.200968e-02 -3.552565e-03 -9.056520e-04
          -1.200965e-02 -3.553073e-03 -1.208904e-03
          -1.201501e-02 -5.297748e-03 -1.208180e-03
          -1.201568e-02 -5.587671e-03 -2.983049e-04
          -1.201558e-02 -5.588030e-03 -6.015616e-04
          -1.201549e-02 -5.588389e-03 -9.048182e-04
          -1.201539e-02 -5.588747e-03 -1.208075e-03
          -1.201528e-02 -5.589106e-03 -1.511332e-03
          -1.201515e-02 -5.589465e-03 -1.814588e-03
          -1.201503e-02 -5.589823e-03 -2.117845e-03
          -1.201491e-02 -5.590182e-03 -2.421102e-03
          -1.201605e-02 -5.878686e-03 -2.982123e-04
          -1.201596e-02 -5.879039e-03 -6.014649e-04
          -1.201587e-02 -5.879393e-03 -9.047174e-04
          -1.201578e-02 -5.879747e-03 -1.207970e-03
          -1.201566e-02 -5.880076e-03 -1.511226e-03
          -1.201553e-02 -5.880402e-03 -1.814483e-03
          -1.201541e-02 -5.880727e-03 -2.117741e-03
          -1.201529e-02 -5.881053e-03 -2.420998e-03
          -1.201643e-02 -6.169700e-03 -2.981197e-04
          -1.201634e-02 -6.170048e-03 -6.013682e-04
          -1.201625e-02 -6.170397e-03 -9.046166e-04
          -1.201616e-02 -6.170745e-03 -1.207865e-03
          -1.201604e-02 -6.171045e-03 -1.511121e-03
          -1.201591e-02 -6.171338e-03 -1.814379e-03
          -1.201579e-02 -6.171631e-03 -2.117636e-03
          -1.201566e-02 -6.171924e-03 -2.420893e-03
          -1.201681e-02 -6.460670e-03 -2.980264e-04
          -1.201672e-02 -6.461006e-03 -6.012714e-04
          -1.201663e-02 -6.461342e-03 -9.045165e-04
          -1.201653e-02 -6.461677e-03 -1.207762e-03
          -1.201641e-02 -6.461955e-03 -1.511017e-03
          -1.201629e-02 -6.462224e-03 -1.814275e-03
          -1.201616e-02 -6.462493e-03 -2.117533e-03
          -1.201603e-02 -6.462762e-03 -2.420790e-03
          -1.201719e-02 -6.751532e-03 -2.979311e-04
          -1.201710e-02 -6.751840e-03 -6.011748e-04
          -1.201700e-02 -6.752148e-03 -9.044184e-04
          -1.201690e-02 -6.752456e-03 -1.207662e-03
          -1.201678e-02 -6.752727e-03 -1.510918e-03
          -1.201666e-02 -6.752992e-03 -1.814175e-03
          -1.201653e-02 -6.753256e-03 -2.117433e-03
          -1.201640e-02 -6.753521e-03 -2.420690e-03
          -1.201757e-02 -7.042393e-03 -2.978359e-04
          -1.201747e-02 -7.042673e-03 -6.010781e-04
          -1.201737e-02 -7.042954e-03 -9.043203e-04
          -1.201727e-02 -7.043234e-03 -1.207563e-03
          -1.201715e-02 -7.043498e-03 -1.510818e-03
          -1.201702e-02 -7.043759e-03 -1.814075e-03
          -1.201690e-02 -7.044020e-03 -2.117332e-03
          -1.201677e-02 -7.044281e-03 -2.420590e-03
          -1.201796e-02 -7.333255e-03 -2.977407e-04
          -1.201785e-02 -7.333508e-03 -6.009814e-04
          -1.201775e-02 -7.333760e-03 -9.042222e-04
          -1.201764e-02 -7.334012e-03 -1.207463e-03
          -1.201752e-02 -7.334268e-03 -1.510718e-03
          -1.201739e-02 -7.334526e-03 -1.813975e-03
          -1.201726e-02 -7.334783e-03 -2.117232e-03
          -1.201714e-02 -7.335040e-03 -2.420489e-03
          -1.201693e-02 -7.335373e-03 -2.723711e-03
          -1.201834e-02 -7.624117e-03 -2.976455e-04
          -1.201823e-02 -7.624342e-03 -6.008848e-04
          -1.201812e-02 -7.624566e-03 -9.041241e-04
          -1.201801e-02 -7.624791e-03 -1.207363e-03
          -1.201789e-02 -7.625040e-03 -1.510618e-03
          -1.201776e-02 -7.625293e-03 -1.813875e-03
          -1.201763e-02 -7.625546e-03 -2.117132e-03
          -1.201750e-02 -7.625800e-03 -2.420389e-03
          -1.201814e-02 -7.914914e-03 -2.976092e-04
          -1.201803e-02 -7.915144e-03 -6.008512e-04
          -1.201792e-02 -7.915373e-03 -9.040931e-04
          -1.201780e-02 -7.915603e-03 -1.207335e-03
          -1.201769e-02 -7.915833e-03 -1.510577e-03
          -1.201758e-02 -7.916063e-03 -1.813819e-03
          -1.201746e-02 -7.916293e-03 -2.117061e-03
          -1.201791e-02 -8.205691e-03 -2.975680e-04
          -1.201780e-02 -8.205912e-03 -6.008034e-04
          -1.201769e-02 -8.206133e-03 -9.040388e-04
          -1.201759e-02 -8.206354e-03 -1.207274e-03
          -1.201748e-02 -8.206576e-03 -1.510510e-03
          -1.201737e-02 -8.206797e-03 -1.813745e-03
          -1.225391e-02 8.001630e-03 -1.945720e-07
          -1.225413e-02 7.713609e-03 -1.403691e-07
          -1.225544e-02 7.425054e-03 -1.212047e-03
          -1.225599e-02 7.137268e-03 -9.089740e-04
          -1.225614e-02 7.137108e-03 -1.211972e-03
          -1.225669e-02 6.849330e-03 -9.088976e-04
          -1.225685e-02 6.849163e-03 -1.211898e-03
          -1.225719e-02 6.848775e-03 -1.817913e-03
          -1.225736e-02 6.848579e-03 -2.120921e-03
          -1.225754e-02 6.848383e-03 -2.423929e-03
          -1.225775e-02 6.848039e-03 -2.726953e-03
          -1.225798e-02 6.847646e-03 -3.029982e-03
          -1.225773e-02 6.561011e-03 -1.514834e-03
          -1.225791e-02 6.560800e-03 -1.817846e-03
          -1.225809e-02 6.560589e-03 -2.120859e-03
          -1.225827e-02 6.560377e-03 -2.423871e-03
          -1.225849e-02 6.560017e-03 -2.726897e-03
          -1.225872e-02 6.559606e-03 -3.029929e-03
          -1.225895e-02 6.559196e-03 -3.332961e-03
          -1.225918e-02 6.558785e-03 -3.635992e-03
          -1.225941e-02 6.558340e-03 -3.939029e-03
          -1.225963e-02 6.557872e-03 -4.242070e-03
          -1.225845e-02 6.273042e-03 -1.514767e-03
          -1.225922e-02 6.271990e-03 -2.726843e-03
          -1.225882e-02 5.985490e-03 -9.086775e-04
          -1.225900e-02 5.985290e-03 -1.211687e-03
          -1.225918e-02 5.985063e-03 -1.514703e-03
          -1.225937e-02 5.984831e-03 -1.817721e-03
          -1.225956e-02 5.984598e-03 -2.120739e-03
          -1.226087e-02 5.982049e-03 -3.938947e-03
          -1.226109e-02 5.981538e-03 -4.241992e-03
          -1.225936e-02 5.697747e-03 -6.055939e-04
          -1.225954e-02 5.697533e-03 -9.086076e-04
          -1.225972e-02 5.697319e-03 -1.211621e-03
          -1.225991e-02 5.697082e-03 -1.514640e-03
          -1.226011e-02 5.696842e-03 -1.817660e-03
          -1.226030e-02 5.696602e-03 -2.120679e-03
          -1.226049e-02 5.696361e-03 -2.423699e-03
          -1.226070e-02 5.695923e-03 -2.726735e-03
          -1.226093e-02 5.695418e-03 -3.029777e-03
          -1.226138e-02 5.694408e-03 -3.635862e-03
          -1.226160e-02 5.693887e-03 -3.938907e-03
          -1.226182e-02 5.693356e-03 -4.241954e-03
          -1.225989e-02 5.410035e-03 -3.025017e-04
          -1.226008e-02 5.409806e-03 -6.055196e-04
          -1.226027e-02 5.409577e-03 -9.085374e-04
          -1.226045e-02 5.409349e-03 -1.211555e-03
          -1.226065e-02 5.409102e-03 -1.514576e-03
          -1.226084e-02 5.408853e-03 -1.817598e-03
          -1.226103e-02 5.408605e-03 -2.120620e-03
          -1.226123e-02 5.408356e-03 -2.423642e-03
          -1.226144e-02 5.407890e-03 -2.726682e-03
          -1.226167e-02 5.407350e-03 -3.029728e-03
          -1.226189e-02 5.406811e-03 -3.332774e-03
          -1.226211e-02 5.406272e-03 -3.635820e-03
          -1.226233e-02 5.405725e-03 -3.938868e-03
          -1.226255e-02 5.405174e-03 -4.241916e-03
          -1.226276e-02 5.404623e-03 -4.544965e-03
          -1.227240e-02 2.527511e-03 -1.210951e-03
          -1.227334e-02 2.525109e-03 -2.726374e-03
          -1.227347e-02 2.524294e-03 -3.029453e-03
          -1.227361e-02 2.523479e-03 -3.332534e-03
          -1.227375e-02 2.522665e-03 -3.635614e-03
          -1.227388e-02 2.521855e-03 -3.938694e-03
          -1.227401e-02 2.521048e-03 -4.241774e-03
          -1.227414e-02 2.520241e-03 -4.544855e-03
          -1.227411e-02 2.238508e-03 -1.210850e-03
          -1.227485e-02 2.236762e-03 -2.423237e-03
          -1.227498e-02 2.236039e-03 -2.726324e-03
          -1.227511e-02 2.235219e-03 -3.029409e-03
          -1.227523e-02 2.234400e-03 -3.332493e-03
          -1.227535e-02 2.233580e-03 -3.635577e-03
          -1.227546e-02 2.232763e-03 -3.938664e-03
          -1.227557e-02 2.231948e-03 -4.241753e-03
          -1.227567e-02 2.231133e-03 -4.544841e-03
          -1.227564e-02 1.949922e-03 -9.076533e-04
          -1.227582e-02 1.949504e-03 -1.210750e-03
          -1.227634e-02 1.948151e-03 -2.120074e-03
          -1.227651e-02 1.947699e-03 -2.423182e-03
          -1.227663e-02 1.946968e-03 -2.726275e-03
          -1.227674e-02 1.946144e-03 -3.029364e-03
          -1.227685e-02 1.945320e-03 -3.332453e-03
          -1.227696e-02 1.944495e-03 -3.635541e-03
          -1.227705e-02 1.943671e-03 -3.938634e-03
          -1.227712e-02 1.942848e-03 -4.241731e-03
          -1.227720e-02 1.942024e-03 -4.544827e-03
          -1.227718e-02 1.661351e-03 -6.044436e-04
          -1.227736e-02 1.660926e-03 -9.075467e-04
          -1.227753e-02 1.660501e-03 -1.210650e-03
          -1.227785e-02 1.659571e-03 -1.816887e-03
          -1.227801e-02 1.659103e-03 -2.120007e-03
          -1.227817e-02 1.658635e-03 -2.423127e-03
          -1.227828e-02 1.657897e-03 -2.726226e-03
          -1.227837e-02 1.657068e-03 -3.029319e-03
          -1.227847e-02 1.656239e-03 -3.332412e-03
          -1.227856e-02 1.655410e-03 -3.635505e-03
          -1.227863e-02 1.654579e-03 -3.938604e-03
          -1.227868e-02 1.653748e-03 -4.241709e-03
          -1.227873e-02 1.652916e-03 -4.544813e-03
          -1.227879e-02 1.652084e-03 -4.847917e-03
          -1.227890e-02 1.372363e-03 -6.043306e-04
          -1.227907e-02 1.371930e-03 -9.074399e-04
          -1.227924e-02 1.371496e-03 -1.210549e-03
          -1.227939e-02 1.371020e-03 -1.513678e-03
          -1.227954e-02 1.370537e-03 -1.816809e-03
          -1.227969e-02 1.370054e-03 -2.119940e-03
          -1.227983e-02 1.369571e-03 -2.423071e-03
          -1.227993e-02 1.368826e-03 -2.726177e-03
          -1.228001e-02 1.367992e-03 -3.029274e-03
          -1.228008e-02 1.367158e-03 -3.332371e-03
          -1.228016e-02 1.366325e-03 -3.635468e-03
          -1.228021e-02 1.365487e-03 -3.938574e-03
          -1.228024e-02 1.364647e-03 -4.241687e-03
          -1.228026e-02 1.363807e-03 -4.544798e-03
          -1.228029e-02 1.362967e-03 -4.847911e-03
          -1.228094e-02 1.082456e-03 -1.210464e-03
          -1.228108e-02 1.081970e-03 -1.513601e-03
          -1.228122e-02 1.081477e-03 -1.816739e-03
          -1.228136e-02 1.080985e-03 -2.119878e-03
          -1.228150e-02 1.080492e-03 -2.423017e-03
          -1.228157e-02 1.079739e-03 -2.726129e-03
          -1.228162e-02 1.078899e-03 -3.029233e-03
          -1.228167e-02 1.078059e-03 -3.332337e-03
          -1.228173e-02 1.077219e-03 -3.635441e-03
          -1.228175e-02 1.076376e-03 -3.938553e-03
          -1.228176e-02 1.075532e-03 -4.241670e-03
          -1.228177e-02 1.074688e-03 -4.544787e-03
          -1.228248e-02 7.938625e-04 -9.072545e-04
          -1.228263e-02 7.934016e-04 -1.210386e-03
          -1.228276e-02 7.929066e-04 -1.513529e-03
          -1.228289e-02 7.924065e-04 -1.816673e-03
          -1.228303e-02 7.919065e-04 -2.119818e-03
          -1.228316e-02 7.914066e-04 -2.422963e-03
          -1.228321e-02 7.906470e-04 -2.726083e-03
          -1.228323e-02 7.897998e-04 -3.029194e-03
          -1.228325e-02 7.889526e-04 -3.332306e-03
          -1.228328e-02 7.881054e-04 -3.635417e-03
          -1.228328e-02 7.872584e-04 -3.938535e-03
          -1.228327e-02 7.864115e-04 -4.241656e-03
          -1.228326e-02 7.855646e-04 -4.544776e-03
          -1.228325e-02 7.847177e-04 -4.847898e-03
          -1.228404e-02 5.052981e-04 -6.040214e-04
          -1.228418e-02 5.048225e-04 -9.071641e-04
          -1.228432e-02 5.043469e-04 -1.210307e-03
          -1.228444e-02 5.038435e-04 -1.513456e-03
          -1.228457e-02 5.033359e-04 -1.816607e-03
          -1.228469e-02 5.028285e-04 -2.119758e-03
          -1.228482e-02 5.023210e-04 -2.422908e-03
          -1.228484e-02 5.015544e-04 -2.726036e-03
          -1.228484e-02 5.007003e-04 -3.029155e-03
          -1.228483e-02 4.998461e-04 -3.332274e-03
          -1.228482e-02 4.989920e-04 -3.635393e-03
          -1.228480e-02 4.981406e-04 -3.938516e-03
          -1.228478e-02 4.972911e-04 -4.241641e-03
          -1.228475e-02 4.964415e-04 -4.544766e-03
          -1.228472e-02 4.955919e-04 -4.847891e-03
          -1.228563e-02 2.167631e-04 -3.007650e-04
          -1.228576e-02 2.162727e-04 -6.039195e-04
          -1.228588e-02 2.157823e-04 -9.070739e-04
          -1.228600e-02 2.152919e-04 -1.210228e-03
          -1.228612e-02 2.147801e-04 -1.513385e-03
          -1.228624e-02 2.142652e-04 -1.816541e-03
          -1.228636e-02 2.137504e-04 -2.119698e-03
          -1.228648e-02 2.132355e-04 -2.422854e-03
          -1.228648e-02 2.124619e-04 -2.725989e-03
          -1.228644e-02 2.116008e-04 -3.029115e-03
          -1.228641e-02 2.107396e-04 -3.332243e-03
          -1.228637e-02 2.098785e-04 -3.635370e-03
          -1.228633e-02 2.090228e-04 -3.938498e-03
          -1.228628e-02 2.081706e-04 -4.241627e-03
          -1.228624e-02 2.073183e-04 -4.544755e-03
          -1.228619e-02 2.064660e-04 -4.847885e-03
          -1.229987e-02 -2.396262e-03 -2.725393e-03
          -1.230119e-02 -2.685825e-03 -2.422123e-03
          -1.230103e-02 -2.686527e-03 -2.725302e-03
          -1.230083e-02 -2.687294e-03 -3.028467e-03
          -1.230063e-02 -2.688062e-03 -3.331632e-03
          -1.230042e-02 -2.688829e-03 -3.634796e-03
          -1.230022e-02 -2.689587e-03 -3.937961e-03
          -1.230002e-02 -2.690338e-03 -4.241126e-03
          -1.229981e-02 -2.691090e-03 -4.544290e-03
          -1.230216e-02 -2.975896e-03 -2.118785e-03
          -1.230212e-02 -2.976383e-03 -2.422011e-03
          -1.230196e-02 -2.977064e-03 -2.725194e-03
          -1.230175e-02 -2.977810e-03 -3.028362e-03
          -1.230155e-02 -2.978556e-03 -3.331531e-03
          -1.230134e-02 -2.979303e-03 -3.634699e-03
          -1.230113e-02 -2.980031e-03 -3.937870e-03
          -1.230092e-02 -2.980748e-03 -4.241041e-03
          -1.230314e-02 -3.266013e-03 -1.815441e-03
          -1.230310e-02 -3.266477e-03 -2.118670e-03
          -1.230305e-02 -3.266941e-03 -2.421899e-03
          -1.230289e-02 -3.267600e-03 -2.725085e-03
          -1.230268e-02 -3.268325e-03 -3.028258e-03
          -1.230247e-02 -3.269051e-03 -3.331430e-03
          -1.230226e-02 -3.269776e-03 -3.634602e-03
          -1.230204e-02 -3.270475e-03 -3.937778e-03
          -1.230183e-02 -3.271158e-03 -4.240956e-03
          -1.230415e-02 -3.556174e-03 -1.512090e-03
          -1.230410e-02 -3.556616e-03 -1.815322e-03
          -1.230404e-02 -3.557058e-03 -2.118555e-03
          -1.230399e-02 -3.557499e-03 -2.421787e-03
          -1.230381e-02 -3.558137e-03 -2.724977e-03
          -1.230360e-02 -3.558841e-03 -3.028153e-03
          -1.230339e-02 -3.559545e-03 -3.331329e-03
          -1.230317e-02 -3.560249e-03 -3.634506e-03
          -1.230296e-02 -3.560918e-03 -3.937687e-03
          -1.230511e-02 -3.846798e-03 -1.511969e-03
          -1.230505e-02 -3.847218e-03 -1.815204e-03
          -1.230498e-02 -3.847637e-03 -2.118440e-03
          -1.230474e-02 -3.848672e-03 -2.724869e-03
          -1.230452e-02 -3.849353e-03 -3.028049e-03
          -1.230430e-02 -3.850035e-03 -3.331229e-03
          -1.230612e-02 -4.136984e-03 -1.208616e-03
          -1.230605e-02 -4.137394e-03 -1.511852e-03
          -1.230598e-02 -4.137801e-03 -1.815089e-03
          -1.230591e-02 -4.138208e-03 -2.118326e-03
          -1.230584e-02 -4.138614e-03 -2.421562e-03
          -1.230565e-02 -4.139198e-03 -2.724762e-03
          -1.230543e-02 -4.139842e-03 -3.027949e-03
          -1.230521e-02 -4.140486e-03 -3.331136e-03
          -1.230476e-02 -4.141741e-03 -3.937515e-03
          -1.230712e-02 -4.427187e-03 -9.052613e-04
          -1.230706e-02 -4.427594e-03 -1.208498e-03
          -1.230698e-02 -4.427990e-03 -1.511736e-03
          -1.230691e-02 -4.428384e-03 -1.814974e-03
          -1.230683e-02 -4.428778e-03 -2.118212e-03
          -1.230676e-02 -4.429172e-03 -2.421450e-03
          -1.230657e-02 -4.429724e-03 -2.724655e-03
          -1.230634e-02 -4.430330e-03 -3.027849e-03
          -1.230611e-02 -4.430937e-03 -3.331043e-03
          -1.230565e-02 -4.432126e-03 -3.937434e-03
          -1.230542e-02 -4.432695e-03 -4.240634e-03
          -1.230814e-02 -4.717432e-03 -6.019010e-04
          -1.230807e-02 -4.717818e-03 -9.051402e-04
          -1.230800e-02 -4.718204e-03 -1.208379e-03
          -1.230792e-02 -4.718586e-03 -1.511619e-03
          -1.230784e-02 -4.718967e-03 -1.814859e-03
          -1.230776e-02 -4.719348e-03 -2.118098e-03
          -1.230768e-02 -4.719729e-03 -2.421338e-03
          -1.230748e-02 -4.720250e-03 -2.724549e-03
          -1.230725e-02 -4.720819e-03 -3.027749e-03
          -1.230702e-02 -4.721387e-03 -3.330950e-03
          -1.230678e-02 -4.721956e-03 -3.634150e-03
          -1.230655e-02 -4.722510e-03 -3.937353e-03
          -1.230918e-02 -5.007721e-03 -2.985353e-04
          -1.230910e-02 -5.008085e-03 -6.017772e-04
          -1.230902e-02 -5.008449e-03 -9.050191e-04
          -1.230894e-02 -5.008813e-03 -1.208261e-03
          -1.230886e-02 -5.009180e-03 -1.511502e-03
          -1.230877e-02 -5.009549e-03 -1.814744e-03
          -1.230868e-02 -5.009917e-03 -2.117985e-03
          -1.230860e-02 -5.010285e-03 -2.421226e-03
          -1.230840e-02 -5.010775e-03 -2.724442e-03
          -1.230816e-02 -5.011306e-03 -3.027649e-03
          -1.230792e-02 -5.011837e-03 -3.330857e-03
          -1.230768e-02 -5.012368e-03 -3.634064e-03
          -1.230744e-02 -5.012894e-03 -3.937272e-03
          -1.230720e-02 -5.013417e-03 -4.240480e-03
          -1.230911e-02 -5.300972e-03 -2.421124e-03
          -1.230958e-02 -5.591376e-03 -2.117786e-03
          -1.230949e-02 -5.591705e-03 -2.421026e-03
          -1.254999e-02 1.001705e-02 -5.220626e-07
          -1.255080e-02 1.001643e-02 -2.424461e-03
          -1.255021e-02 9.728956e-03 -4.656089e-07
          -1.255043e-02 9.440865e-03 -4.091537e-07
          -1.255065e-02 9.152775e-03 -3.526968e-07
          -1.255087e-02 8.864685e-03 -2.962384e-07
          -1.255200e-02 8.863608e-03 -2.727280e-03
          -1.255109e-02 8.576595e-03 -2.397784e-07
          -1.255121e-02 8.576480e-03 -3.032372e-04
          -1.255226e-02 8.575445e-03 -2.727233e-03
          -1.255131e-02 8.288504e-03 -1.833168e-07
          -1.255153e-02 8.000414e-03 -1.268537e-07
          -1.255305e-02 7.710953e-03 -2.727093e-03
          -1.255326e-02 7.710644e-03 -3.030118e-03
          -1.255347e-02 7.710334e-03 -3.333143e-03
          -1.255368e-02 7.710025e-03 -3.636168e-03
          -1.255283e-02 7.423860e-03 -9.089983e-04
          -1.255298e-02 7.423713e-03 -1.212001e-03
          -1.255312e-02 7.423566e-03 -1.515005e-03
          -1.255326e-02 7.423418e-03 -1.818008e-03
          -1.255340e-02 7.423271e-03 -2.121011e-03
          -1.255355e-02 7.423123e-03 -2.424014e-03
          -1.255374e-02 7.422837e-03 -2.727036e-03
          -1.255395e-02 7.422505e-03 -3.030064e-03
          -1.255416e-02 7.422173e-03 -3.333092e-03
          -1.255437e-02 7.421841e-03 -3.636120e-03
          -1.255458e-02 7.421508e-03 -3.939148e-03
          -1.255354e-02 7.135817e-03 -9.089229e-04
          -1.255369e-02 7.135660e-03 -1.211929e-03
          -1.255384e-02 7.135503e-03 -1.514935e-03
          -1.255398e-02 7.135346e-03 -1.817941e-03
          -1.255413e-02 7.135188e-03 -2.120947e-03
          -1.255428e-02 7.135031e-03 -2.423953e-03
          -1.255447e-02 7.134725e-03 -2.726978e-03
          -1.255468e-02 7.134370e-03 -3.030009e-03
          -1.255489e-02 7.134014e-03 -3.333040e-03
          -1.255509e-02 7.133658e-03 -3.636071e-03
          -1.255530e-02 7.133303e-03 -3.939102e-03
          -1.255551e-02 7.132947e-03 -4.242133e-03
          -1.255425e-02 6.847774e-03 -9.088475e-04
          -1.255440e-02 6.847607e-03 -1.211856e-03
          -1.255455e-02 6.847440e-03 -1.514865e-03
          -1.255470e-02 6.847273e-03 -1.817874e-03
          -1.255485e-02 6.847107e-03 -2.120883e-03
          -1.255501e-02 6.846940e-03 -2.423892e-03
          -1.255520e-02 6.846614e-03 -2.726920e-03
          -1.255540e-02 6.846235e-03 -3.029954e-03
          -1.255561e-02 6.845856e-03 -3.332988e-03
          -1.255582e-02 6.845476e-03 -3.636023e-03
          -1.255603e-02 6.845097e-03 -3.939057e-03
          -1.255623e-02 6.844718e-03 -4.242091e-03
          -1.255644e-02 6.844339e-03 -4.545125e-03
          -1.255665e-02 6.843960e-03 -4.848160e-03
          -1.255527e-02 6.559377e-03 -1.514795e-03
          -1.255542e-02 6.559201e-03 -1.817807e-03
          -1.255558e-02 6.559024e-03 -2.120819e-03
          -1.255573e-02 6.558848e-03 -2.423830e-03
          -1.255593e-02 6.558502e-03 -2.726861e-03
          -1.255613e-02 6.558099e-03 -3.029899e-03
          -1.255634e-02 6.557696e-03 -3.332936e-03
          -1.255654e-02 6.557294e-03 -3.635974e-03
          -1.255675e-02 6.556891e-03 -3.939011e-03
          -1.255696e-02 6.556488e-03 -4.242049e-03
          -1.255716e-02 6.556086e-03 -4.545086e-03
          -1.255737e-02 6.555683e-03 -4.848124e-03
          -1.255582e-02 6.271500e-03 -1.211711e-03
          -1.255598e-02 6.271314e-03 -1.514726e-03
          -1.255614e-02 6.271127e-03 -1.817740e-03
          -1.255630e-02 6.270941e-03 -2.120755e-03
          -1.255646e-02 6.270755e-03 -2.423769e-03
          -1.255666e-02 6.270389e-03 -2.726803e-03
          -1.255686e-02 6.269963e-03 -3.029844e-03
          -1.255706e-02 6.269537e-03 -3.332885e-03
          -1.255727e-02 6.269111e-03 -3.635925e-03
          -1.255747e-02 6.268685e-03 -3.938966e-03
          -1.255768e-02 6.268259e-03 -4.242007e-03
          -1.255788e-02 6.267832e-03 -4.545047e-03
          -1.255809e-02 6.267406e-03 -4.848088e-03
          -1.255637e-02 5.983642e-03 -9.086214e-04
          -1.255654e-02 5.983446e-03 -1.211639e-03
          -1.255670e-02 5.983250e-03 -1.514656e-03
          -1.255686e-02 5.983055e-03 -1.817673e-03
          -1.255703e-02 5.982859e-03 -2.120691e-03
          -1.255719e-02 5.982663e-03 -2.423708e-03
          -1.255738e-02 5.982277e-03 -2.726745e-03
          -1.255759e-02 5.981828e-03 -3.029789e-03
          -1.255779e-02 5.981378e-03 -3.332833e-03
          -1.255799e-02 5.980928e-03 -3.635877e-03
          -1.255820e-02 5.980479e-03 -3.938920e-03
          -1.255840e-02 5.980029e-03 -4.241965e-03
          -1.255860e-02 5.979579e-03 -4.545008e-03
          -1.255881e-02 5.979130e-03 -4.848052e-03
          -1.255691e-02 5.695803e-03 -6.055259e-04
          -1.255708e-02 5.695597e-03 -9.085460e-04
          -1.255725e-02 5.695392e-03 -1.211566e-03
          -1.255741e-02 5.695187e-03 -1.514586e-03
          -1.255758e-02 5.694981e-03 -1.817606e-03
          -1.255775e-02 5.694776e-03 -2.120626e-03
          -1.255792e-02 5.694571e-03 -2.423646e-03
          -1.255811e-02 5.694165e-03 -2.726687e-03
          -1.255832e-02 5.693692e-03 -3.029734e-03
          -1.255852e-02 5.693218e-03 -3.332781e-03
          -1.255872e-02 5.692745e-03 -3.635828e-03
          -1.255892e-02 5.692272e-03 -3.938875e-03
          -1.255912e-02 5.691799e-03 -4.241922e-03
          -1.255933e-02 5.691326e-03 -4.544969e-03
          -1.255953e-02 5.690853e-03 -4.848016e-03
          -1.255744e-02 5.407983e-03 -3.024248e-04
          -1.255761e-02 5.407768e-03 -6.054477e-04
          -1.255779e-02 5.407553e-03 -9.084706e-04
          -1.255796e-02 5.407338e-03 -1.211493e-03
          -1.255813e-02 5.407123e-03 -1.514516e-03
          -1.255830e-02 5.406908e-03 -1.817539e-03
          -1.255848e-02 5.406693e-03 -2.120562e-03
          -1.255865e-02 5.406478e-03 -2.423585e-03
          -1.255884e-02 5.406052e-03 -2.726628e-03
          -1.255904e-02 5.405556e-03 -3.029679e-03
          -1.255924e-02 5.405059e-03 -3.332729e-03
          -1.255944e-02 5.404562e-03 -3.635779e-03
          -1.255965e-02 5.404066e-03 -3.938830e-03
          -1.255985e-02 5.403569e-03 -4.241880e-03
          -1.256005e-02 5.403073e-03 -4.544930e-03
          -1.256025e-02 5.402576e-03 -4.847981e-03
          -1.255817e-02 5.119945e-03 -3.023439e-04
          -1.255960e-02 5.117922e-03 -2.726572e-03
          -1.255933e-02 4.831737e-03 -3.022642e-04
          -1.256057e-02 4.830042e-03 -2.423492e-03
          -1.256076e-02 4.829574e-03 -2.726542e-03
          -1.256210e-02 4.825771e-03 -4.847936e-03
          -1.256049e-02 4.543529e-03 -3.021844e-04
          -1.256155e-02 4.541974e-03 -2.120418e-03
          -1.256173e-02 4.541714e-03 -2.423457e-03
          -1.256191e-02 4.541225e-03 -2.726511e-03
          -1.256165e-02 4.255320e-03 -3.021047e-04
          -1.256254e-02 4.253939e-03 -1.817332e-03
          -1.256272e-02 4.253663e-03 -2.120378e-03
          -1.256289e-02 4.253387e-03 -2.423423e-03
          -1.256307e-02 4.252876e-03 -2.726481e-03
          -1.256280e-02 3.967111e-03 -3.020250e-04
          -1.256423e-02 3.964527e-03 -2.726450e-03
          -1.256396e-02 3.678901e-03 -3.019453e-04
          -1.256538e-02 3.676177e-03 -2.726420e-03
          -1.256555e-02 3.675541e-03 -3.029488e-03
          -1.256512e-02 3.390692e-03 -3.018655e-04
          -1.256654e-02 3.387827e-03 -2.726389e-03
          -1.256669e-02 3.387168e-03 -3.029460e-03
          -1.256628e-02 3.102482e-03 -3.017858e-04
          -1.256743e-02 2.814272e-03 -3.017061e-04
          -1.256885e-02 2.811127e-03 -2.726328e-03
          -1.256899e-02 2.810422e-03 -3.029405e-03
          -1.256913e-02 2.809717e-03 -3.332481e-03
          -1.256926e-02 2.809012e-03 -3.635557e-03
          -1.256940e-02 2.808307e-03 -3.938634e-03
          -1.256954e-02 2.807602e-03 -4.241710e-03
          -1.256869e-02 2.525880e-03 -3.016190e-04
          -1.256887e-02 2.525503e-03 -6.047036e-04
          -1.256905e-02 2.525127e-03 -9.077882e-04
          -1.256923e-02 2.524750e-03 -1.210873e-03
          -1.256941e-02 2.524373e-03 -1.513957e-03
          -1.256960e-02 2.523996e-03 -1.817042e-03
          -1.256978e-02 2.523619e-03 -2.120127e-03
          -1.257010e-02 2.522605e-03 -2.726293e-03
          -1.257022e-02 2.521880e-03 -3.029372e-03
          -1.257035e-02 2.521155e-03 -3.332452e-03
          -1.257048e-02 2.520430e-03 -3.635532e-03
          -1.257060e-02 2.519705e-03 -3.938612e-03
          -1.257073e-02 2.518979e-03 -4.241692e-03
          -1.257086e-02 2.518254e-03 -4.544772e-03
          -1.257098e-02 2.517529e-03 -4.847852e-03
          -1.257032e-02 2.236840e-03 -3.015051e-04
          -1.257066e-02 2.236067e-03 -9.076898e-04
          -1.257084e-02 2.235680e-03 -1.210782e-03
          -1.257101e-02 2.235293e-03 -1.513874e-03
          -1.257118e-02 2.234907e-03 -1.816967e-03
          -1.257135e-02 2.234520e-03 -2.120059e-03
          -1.257153e-02 2.234133e-03 -2.423152e-03
          -1.257165e-02 2.233489e-03 -2.726239e-03
          -1.257176e-02 2.232758e-03 -3.029325e-03
          -1.257186e-02 2.232027e-03 -3.332411e-03
          -1.257197e-02 2.231296e-03 -3.635497e-03
          -1.257208e-02 2.230566e-03 -3.938582e-03
          -1.257218e-02 2.229835e-03 -4.241669e-03
          -1.257229e-02 2.229104e-03 -4.544754e-03
          -1.257239e-02 2.228373e-03 -4.847840e-03
          -1.257194e-02 1.947800e-03 -3.013913e-04
          -1.257227e-02 1.947007e-03 -9.075913e-04
          -1.257244e-02 1.946610e-03 -1.210691e-03
          -1.257260e-02 1.946214e-03 -1.513791e-03
          -1.257277e-02 1.945817e-03 -1.816891e-03
          -1.257293e-02 1.945420e-03 -2.119992e-03
          -1.257310e-02 1.945024e-03 -2.423092e-03
          -1.257320e-02 1.944373e-03 -2.726185e-03
          -1.257329e-02 1.943636e-03 -3.029277e-03
          -1.257337e-02 1.942899e-03 -3.332369e-03
          -1.257346e-02 1.942163e-03 -3.635461e-03
          -1.257355e-02 1.941426e-03 -3.938553e-03
          -1.257363e-02 1.940690e-03 -4.241645e-03
          -1.257372e-02 1.939953e-03 -4.544736e-03
          -1.257380e-02 1.939217e-03 -4.847829e-03
          -1.257388e-02 1.657947e-03 -9.074929e-04
          -1.257404e-02 1.657540e-03 -1.210601e-03
          -1.257419e-02 1.657134e-03 -1.513708e-03
          -1.257435e-02 1.656727e-03 -1.816816e-03
          -1.257451e-02 1.656321e-03 -2.119924e-03
          -1.257466e-02 1.655914e-03 -2.423031e-03
          -1.257475e-02 1.655256e-03 -2.726132e-03
          -1.257482e-02 1.654514e-03 -3.029229e-03
          -1.257489e-02 1.653772e-03 -3.332327e-03
          -1.257495e-02 1.653029e-03 -3.635425e-03
          -1.257502e-02 1.652287e-03 -3.938523e-03
          -1.257508e-02 1.651545e-03 -4.241621e-03
          -1.257515e-02 1.650802e-03 -4.544719e-03
          -1.257521e-02 1.650060e-03 -4.847817e-03
          -1.257578e-02 1.368053e-03 -1.513625e-03
          -1.257593e-02 1.367637e-03 -1.816741e-03
          -1.257608e-02 1.367220e-03 -2.119856e-03
          -1.257623e-02 1.366804e-03 -2.422971e-03
          -1.257630e-02 1.366140e-03 -2.726078e-03
          -1.257635e-02 1.365392e-03 -3.029182e-03
          -1.257640e-02 1.364644e-03 -3.332286e-03
          -1.257644e-02 1.363895e-03 -3.635390e-03
          -1.257649e-02 1.363147e-03 -3.938493e-03
          -1.257653e-02 1.362399e-03 -4.241597e-03
          -1.257658e-02 1.361651e-03 -4.544701e-03
          -1.257662e-02 1.360903e-03 -4.847805e-03
          -1.257681e-02 1.080679e-03 -3.010499e-04
          -1.257723e-02 1.079399e-03 -1.210419e-03
          -1.257738e-02 1.078973e-03 -1.513542e-03
          -1.257752e-02 1.078547e-03 -1.816665e-03
          -1.257766e-02 1.078120e-03 -2.119788e-03
          -1.257780e-02 1.077694e-03 -2.422911e-03
          -1.257786e-02 1.077023e-03 -2.726024e-03
          -1.257788e-02 1.076269e-03 -3.029134e-03
          -1.257791e-02 1.075515e-03 -3.332244e-03
          -1.257793e-02 1.074762e-03 -3.635354e-03
          -1.257796e-02 1.074008e-03 -3.938464e-03
          -1.257798e-02 1.073254e-03 -4.241574e-03
          -1.257801e-02 1.072500e-03 -4.544683e-03
          -1.257803e-02 1.071746e-03 -4.847793e-03
          -1.257843e-02 7.916375e-04 -3.009362e-04
          -1.257870e-02 7.907650e-04 -9.071975e-04
          -1.257883e-02 7.903288e-04 -1.210328e-03
          -1.257897e-02 7.898926e-04 -1.513459e-03
          -1.257910e-02 7.894564e-04 -1.816590e-03
          -1.257923e-02 7.890201e-04 -2.119720e-03
          -1.257937e-02 7.885839e-04 -2.422851e-03
          -1.257941e-02 7.879060e-04 -2.725971e-03
          -1.257941e-02 7.871465e-04 -3.029086e-03
          -1.257942e-02 7.863870e-04 -3.332202e-03
          -1.257942e-02 7.856275e-04 -3.635318e-03
          -1.257943e-02 7.848679e-04 -3.938434e-03
          -1.257943e-02 7.841084e-04 -4.241550e-03
          -1.257944e-02 7.833488e-04 -4.544665e-03
          -1.257944e-02 7.825892e-04 -4.847782e-03
          -1.258005e-02 5.025962e-04 -3.008224e-04
          -1.258018e-02 5.021501e-04 -6.039607e-04
          -1.258030e-02 5.017040e-04 -9.070990e-04
          -1.258043e-02 5.012579e-04 -1.210237e-03
          -1.258056e-02 5.008118e-04 -1.513376e-03
          -1.258068e-02 5.003657e-04 -1.816514e-03
          -1.258081e-02 4.999196e-04 -2.119653e-03
          -1.258093e-02 4.994735e-04 -2.422791e-03
          -1.258096e-02 4.987889e-04 -2.725917e-03
          -1.258094e-02 4.980236e-04 -3.029039e-03
          -1.258093e-02 4.972584e-04 -3.332160e-03
          -1.258091e-02 4.964931e-04 -3.635282e-03
          -1.258090e-02 4.957279e-04 -3.938404e-03
          -1.258088e-02 4.949626e-04 -4.241526e-03
          -1.258087e-02 4.941972e-04 -4.544648e-03
          -1.258085e-02 4.934319e-04 -4.847770e-03
          -1.258167e-02 2.135546e-04 -3.007086e-04
          -1.258179e-02 2.130987e-04 -6.038546e-04
          -1.258191e-02 2.126427e-04 -9.070006e-04
          -1.258203e-02 2.121867e-04 -1.210147e-03
          -1.258215e-02 2.117308e-04 -1.513293e-03
          -1.258226e-02 2.112748e-04 -1.816439e-03
          -1.258238e-02 2.108189e-04 -2.119585e-03
          -1.258250e-02 2.103629e-04 -2.422731e-03
          -1.258251e-02 2.096715e-04 -2.725863e-03
          -1.258247e-02 2.089006e-04 -3.028991e-03
          -1.258244e-02 2.081296e-04 -3.332119e-03
          -1.258240e-02 2.073586e-04 -3.635246e-03
          -1.258237e-02 2.065876e-04 -3.938374e-03
          -1.258233e-02 2.058166e-04 -4.241502e-03
          -1.258230e-02 2.050455e-04 -4.544630e-03
          -1.258226e-02 2.042744e-04 -4.847758e-03
          -1.258325e-02 -7.578927e-05 -3.005940e-04
          -1.258401e-02 -7.903308e-05 -2.422667e-03
          -1.258400e-02 -7.972734e-05 -2.725805e-03
          -1.258476e-02 -3.656340e-04 -3.004777e-04
          -1.258542e-02 -3.688897e-04 -2.422598e-03
          -1.258540e-02 -3.695783e-04 -2.725740e-03
          -1.258493e-02 -3.749285e-04 -4.847690e-03
          -1.258628e-02 -6.554784e-04 -3.003614e-04
          -1.258675e-02 -6.582792e-04 -2.119363e-03
          -1.258683e-02 -6.587460e-04 -2.422530e-03
          -1.258679e-02 -6.594291e-04 -2.725675e-03
          -1.258779e-02 -9.453224e-04 -3.002451e-04
          -1.258819e-02 -9.492795e-04 -2.725610e-03
          -1.258930e-02 -1.235166e-03 -3.001289e-04
          -1.258959e-02 -1.239130e-03 -2.725546e-03
          -1.259081e-02 -1.525009e-03 -3.000127e-04
          -1.259099e-02 -1.528980e-03 -2.725481e-03
          -1.259232e-02 -1.814852e-03 -2.998965e-04
          -1.259238e-02 -1.818829e-03 -2.725416e-03
          -1.259383e-02 -2.104695e-03 -2.997803e-04
          -1.259534e-02 -2.394538e-03 -2.996641e-04
          -1.259518e-02 -2.398528e-03 -2.725286e-03
          -1.259501e-02 -2.399236e-03 -3.028443e-03
          -1.259484e-02 -2.399945e-03 -3.331600e-03
          -1.259468e-02 -2.400653e-03 -3.634756e-03
          -1.259451e-02 -2.401362e-03 -3.937913e-03
          -1.259435e-02 -2.402070e-03 -4.241070e-03
          -1.259418e-02 -2.402779e-03 -4.544226e-03
          -1.259402e-02 -2.403487e-03 -4.847383e-03
          -1.259652e-02 -2.684795e-03 -2.995441e-04
          -1.259651e-02 -2.685265e-03 -6.027556e-04
          -1.259649e-02 -2.685736e-03 -9.059672e-04
          -1.259648e-02 -2.686206e-03 -1.209179e-03
          -1.259646e-02 -2.686676e-03 -1.512390e-03
          -1.259645e-02 -2.687146e-03 -1.815602e-03
          -1.259643e-02 -2.687616e-03 -2.118814e-03
          -1.259641e-02 -2.688087e-03 -2.422025e-03
          -1.259628e-02 -2.688721e-03 -2.725199e-03
          -1.259610e-02 -2.689412e-03 -3.028360e-03
          -1.259593e-02 -2.690103e-03 -3.331521e-03
          -1.259575e-02 -2.690794e-03 -3.634682e-03
          -1.259558e-02 -2.691485e-03 -3.937843e-03
          -1.259540e-02 -2.692175e-03 -4.241004e-03
          -1.259523e-02 -2.692866e-03 -4.544165e-03
          -1.259505e-02 -2.693557e-03 -4.847326e-03
          -1.259745e-02 -2.975384e-03 -2.994209e-04
          -1.259741e-02 -2.976295e-03 -9.058481e-04
          -1.259738e-02 -2.976750e-03 -1.209062e-03
          -1.259732e-02 -2.978116e-03 -2.118703e-03
          -1.259729e-02 -2.978571e-03 -2.421916e-03
          -1.259715e-02 -2.979182e-03 -2.725094e-03
          -1.259697e-02 -2.979847e-03 -3.028261e-03
          -1.259679e-02 -2.980511e-03 -3.331427e-03
          -1.259661e-02 -2.981175e-03 -3.634593e-03
          -1.259643e-02 -2.981840e-03 -3.937760e-03
          -1.259625e-02 -2.982504e-03 -4.240926e-03
          -1.259607e-02 -2.983168e-03 -4.544092e-03
          -1.259589e-02 -2.983832e-03 -4.847259e-03
          -1.259838e-02 -3.265972e-03 -2.992978e-04
          -1.259823e-02 -3.268175e-03 -1.815376e-03
          -1.259820e-02 -3.268615e-03 -2.118592e-03
          -1.259817e-02 -3.269055e-03 -2.421807e-03
          -1.259803e-02 -3.269643e-03 -2.724990e-03
          -1.259784e-02 -3.270281e-03 -3.028161e-03
          -1.259766e-02 -3.270919e-03 -3.331333e-03
          -1.259747e-02 -3.271557e-03 -3.634505e-03
          -1.259729e-02 -3.272194e-03 -3.937676e-03
          -1.259710e-02 -3.272832e-03 -4.240848e-03
          -1.259692e-02 -3.273470e-03 -4.544020e-03
          -1.259673e-02 -3.274108e-03 -4.847192e-03
          -1.259916e-02 -3.558263e-03 -1.512045e-03
          -1.259913e-02 -3.558688e-03 -1.815263e-03
          -1.259909e-02 -3.559114e-03 -2.118480e-03
          -1.259905e-02 -3.559540e-03 -2.421698e-03
          -1.259890e-02 -3.560104e-03 -2.724885e-03
          -1.259871e-02 -3.560715e-03 -3.028062e-03
          -1.259852e-02 -3.561326e-03 -3.331239e-03
          -1.259833e-02 -3.561938e-03 -3.634416e-03
          -1.259814e-02 -3.562549e-03 -3.937593e-03
          -1.259795e-02 -3.563160e-03 -4.240770e-03
          -1.259776e-02 -3.563772e-03 -4.543947e-03
          -1.259757e-02 -3.564383e-03 -4.847124e-03
          -1.260006e-02 -3.848792e-03 -1.511930e-03
          -1.260002e-02 -3.849202e-03 -1.815150e-03
          -1.259998e-02 -3.849613e-03 -2.118369e-03
          -1.259993e-02 -3.850024e-03 -2.421589e-03
          -1.259978e-02 -3.850564e-03 -2.724781e-03
          -1.259958e-02 -3.851149e-03 -3.027963e-03
          -1.259939e-02 -3.851734e-03 -3.331146e-03
          -1.259919e-02 -3.852319e-03 -3.634328e-03
          -1.259900e-02 -3.852904e-03 -3.937510e-03
          -1.259880e-02 -3.853489e-03 -4.240693e-03
          -1.259861e-02 -3.854073e-03 -4.543875e-03
          -1.259841e-02 -3.854658e-03 -4.847057e-03
          -1.260101e-02 -4.138924e-03 -1.208593e-03
          -1.260096e-02 -4.139320e-03 -1.511815e-03
          -1.260091e-02 -4.139716e-03 -1.815037e-03
          -1.260086e-02 -4.140111e-03 -2.118258e-03
          -1.260081e-02 -4.140507e-03 -2.421480e-03
          -1.260065e-02 -4.141024e-03 -2.724676e-03
          -1.260045e-02 -4.141583e-03 -3.027864e-03
          -1.260025e-02 -4.142141e-03 -3.331052e-03
          -1.260005e-02 -4.142700e-03 -3.634239e-03
          -1.259985e-02 -4.143258e-03 -3.937427e-03
          -1.259965e-02 -4.143816e-03 -4.240615e-03
          -1.259945e-02 -4.144375e-03 -4.543802e-03
          -1.259925e-02 -4.144933e-03 -4.846990e-03
          -1.260197e-02 -4.429086e-03 -9.052527e-04
          -1.260192e-02 -4.429467e-03 -1.208476e-03
          -1.260186e-02 -4.429848e-03 -1.511700e-03
          -1.260181e-02 -4.430229e-03 -1.814924e-03
          -1.260175e-02 -4.430610e-03 -2.118148e-03
          -1.260169e-02 -4.430991e-03 -2.421371e-03
          -1.260153e-02 -4.431485e-03 -2.724572e-03
          -1.260132e-02 -4.432017e-03 -3.027765e-03
          -1.260112e-02 -4.432549e-03 -3.330958e-03
          -1.260091e-02 -4.433080e-03 -3.634151e-03
          -1.260071e-02 -4.433612e-03 -3.937344e-03
          -1.260050e-02 -4.434144e-03 -4.240537e-03
          -1.260030e-02 -4.434676e-03 -4.543730e-03
          -1.260009e-02 -4.435208e-03 -4.846923e-03
          -1.260295e-02 -4.719278e-03 -6.019079e-04
          -1.260289e-02 -4.719644e-03 -9.051336e-04
          -1.260282e-02 -4.720010e-03 -1.208359e-03
          -1.260276e-02 -4.720376e-03 -1.511585e-03
          -1.260270e-02 -4.720742e-03 -1.814811e-03
          -1.260264e-02 -4.721109e-03 -2.118037e-03
          -1.260257e-02 -4.721475e-03 -2.421262e-03
          -1.260240e-02 -4.721945e-03 -2.724467e-03
          -1.260219e-02 -4.722450e-03 -3.027666e-03
          -1.260198e-02 -4.722956e-03 -3.330864e-03
          -1.260177e-02 -4.723461e-03 -3.634062e-03
          -1.260156e-02 -4.723967e-03 -3.937261e-03
          -1.260135e-02 -4.724472e-03 -4.240459e-03
          -1.260114e-02 -4.724978e-03 -4.543657e-03
          -1.260093e-02 -4.725483e-03 -4.846856e-03
          -1.260394e-02 -5.009498e-03 -2.985592e-04
          -1.260387e-02 -5.009850e-03 -6.017869e-04
          -1.260380e-02 -5.010201e-03 -9.050146e-04
          -1.260373e-02 -5.010552e-03 -1.208242e-03
          -1.260366e-02 -5.010904e-03 -1.511470e-03
          -1.260359e-02 -5.011255e-03 -1.814698e-03
          -1.260352e-02 -5.011606e-03 -2.117926e-03
          -1.260345e-02 -5.011958e-03 -2.421153e-03
          -1.260327e-02 -5.012404e-03 -2.724363e-03
          -1.260306e-02 -5.012883e-03 -3.027567e-03
          -1.260284e-02 -5.013362e-03 -3.330770e-03
          -1.260263e-02 -5.013841e-03 -3.633974e-03
          -1.260242e-02 -5.014320e-03 -3.937177e-03
          -1.260220e-02 -5.014800e-03 -4.240381e-03
          -1.260199e-02 -5.015279e-03 -4.543585e-03
          -1.260177e-02 -5.015758e-03 -4.846789e-03
          -1.260448e-02 -5.300194e-03 -2.984581e-04
          -1.260397e-02 -5.302547e-03 -2.421057e-03
          -1.260379e-02 -5.302973e-03 -2.724268e-03
          -1.260418e-02 -5.593580e-03 -2.724176e-03
          -1.260457e-02 -5.884187e-03 -2.724084e-03
          -1.260495e-02 -6.174793e-03 -2.723992e-03
          -1.260534e-02 -6.465400e-03 -2.723900e-03
          -1.260573e-02 -6.756007e-03 -2.723808e-03
          -1.260690e-02 -7.627826e-03 -2.723533e-03
          -1.260670e-02 -7.628112e-03 -3.026738e-03
          -1.260651e-02 -7.628398e-03 -3.329944e-03
          -1.260681e-02 -7.918400e-03 -2.723453e-03
          -1.284822e-02 1.001574e-02 -2.424431e-03
          -1.284814e-02 9.151858e-03 -2.999333e-07
          -1.284825e-02 9.151765e-03 -3.032984e-04
          -1.284914e-02 9.150924e-03 -2.727302e-03
          -1.284836e-02 8.863709e-03 -2.415675e-07
          -1.284847e-02 8.863608e-03 -3.032414e-04
          -1.284940e-02 8.862704e-03 -2.727255e-03
          -1.284858e-02 8.575560e-03 -1.832000e-07
          -1.284869e-02 8.575452e-03 -3.031844e-04
          -1.284879e-02 8.287410e-03 -1.248309e-07
          -1.285002e-02 7.422864e-03 -3.029330e-04
          -1.285028e-02 7.422586e-03 -9.089480e-04
          -1.285042e-02 7.422448e-03 -1.211955e-03
          -1.285055e-02 7.422309e-03 -1.514963e-03
          -1.285068e-02 7.422170e-03 -1.817970e-03
          -1.285081e-02 7.422031e-03 -2.120978e-03
          -1.285112e-02 7.421633e-03 -2.727009e-03
          -1.285071e-02 7.134751e-03 -3.028508e-04
          -1.285112e-02 7.134310e-03 -1.211881e-03
          -1.285126e-02 7.134163e-03 -1.514890e-03
          -1.285139e-02 7.134016e-03 -1.817900e-03
          -1.285153e-02 7.133869e-03 -2.120910e-03
          -1.285167e-02 7.133722e-03 -2.423920e-03
          -1.285184e-02 7.133444e-03 -2.726947e-03
          -1.285203e-02 7.133123e-03 -3.029980e-03
          -1.285222e-02 7.132802e-03 -3.333013e-03
          -1.285141e-02 6.846639e-03 -3.027687e-04
          -1.285183e-02 6.846173e-03 -1.211806e-03
          -1.285197e-02 6.846018e-03 -1.514818e-03
          -1.285211e-02 6.845862e-03 -1.817830e-03
          -1.285225e-02 6.845707e-03 -2.120843e-03
          -1.285239e-02 6.845551e-03 -2.423855e-03
          -1.285256e-02 6.845255e-03 -2.726885e-03
          -1.285275e-02 6.844912e-03 -3.029922e-03
          -1.285294e-02 6.844569e-03 -3.332958e-03
          -1.285313e-02 6.844226e-03 -3.635995e-03
          -1.285210e-02 6.558526e-03 -3.026865e-04
          -1.285253e-02 6.558035e-03 -1.211731e-03
          -1.285268e-02 6.557871e-03 -1.514745e-03
          -1.285282e-02 6.557708e-03 -1.817760e-03
          -1.285296e-02 6.557544e-03 -2.120775e-03
          -1.285311e-02 6.557381e-03 -2.423790e-03
          -1.285328e-02 6.557066e-03 -2.726823e-03
          -1.285347e-02 6.556701e-03 -3.029863e-03
          -1.285366e-02 6.556336e-03 -3.332903e-03
          -1.285385e-02 6.555971e-03 -3.635943e-03
          -1.285404e-02 6.555605e-03 -3.938983e-03
          -1.285422e-02 6.555240e-03 -4.242023e-03
          -1.285280e-02 6.270413e-03 -3.026043e-04
          -1.285324e-02 6.269897e-03 -1.211656e-03
          -1.285339e-02 6.269725e-03 -1.514673e-03
          -1.285353e-02 6.269553e-03 -1.817690e-03
          -1.285368e-02 6.269381e-03 -2.120707e-03
          -1.285383e-02 6.269209e-03 -2.423725e-03
          -1.285400e-02 6.268876e-03 -2.726761e-03
          -1.285419e-02 6.268489e-03 -3.029805e-03
          -1.285438e-02 6.268102e-03 -3.332848e-03
          -1.285457e-02 6.267715e-03 -3.635892e-03
          -1.285475e-02 6.267328e-03 -3.938935e-03
          -1.285494e-02 6.266941e-03 -4.241979e-03
          -1.285513e-02 6.266553e-03 -4.545022e-03
          -1.285532e-02 6.266166e-03 -4.848066e-03
          -1.285349e-02 5.982300e-03 -3.025221e-04
          -1.285379e-02 5.981940e-03 -9.085613e-04
          -1.285394e-02 5.981759e-03 -1.211581e-03
          -1.285409e-02 5.981579e-03 -1.514600e-03
          -1.285425e-02 5.981399e-03 -1.817620e-03
          -1.285440e-02 5.981219e-03 -2.120640e-03
          -1.285455e-02 5.981039e-03 -2.423659e-03
          -1.285473e-02 5.980687e-03 -2.726699e-03
          -1.285491e-02 5.980278e-03 -3.029746e-03
          -1.285510e-02 5.979869e-03 -3.332793e-03
          -1.285529e-02 5.979459e-03 -3.635840e-03
          -1.285547e-02 5.979050e-03 -3.938887e-03
          -1.285566e-02 5.978641e-03 -4.241934e-03
          -1.285585e-02 5.978232e-03 -4.544981e-03
          -1.285603e-02 5.977823e-03 -4.848028e-03
          -1.285419e-02 5.694186e-03 -3.024400e-04
          -1.285434e-02 5.693998e-03 -6.054620e-04
          -1.285449e-02 5.693809e-03 -9.084840e-04
          -1.285465e-02 5.693621e-03 -1.211506e-03
          -1.285480e-02 5.693432e-03 -1.514528e-03
          -1.285496e-02 5.693244e-03 -1.817550e-03
          -1.285511e-02 5.693056e-03 -2.120572e-03
          -1.285527e-02 5.692867e-03 -2.423594e-03
          -1.285545e-02 5.692497e-03 -2.726637e-03
          -1.285563e-02 5.692066e-03 -3.029688e-03
          -1.285582e-02 5.691635e-03 -3.332738e-03
          -1.285600e-02 5.691203e-03 -3.635789e-03
          -1.285619e-02 5.690772e-03 -3.938839e-03
          -1.285638e-02 5.690341e-03 -4.241890e-03
          -1.285656e-02 5.689910e-03 -4.544940e-03
          -1.285675e-02 5.689479e-03 -4.847991e-03
          -1.285488e-02 5.406073e-03 -3.023578e-04
          -1.285504e-02 5.405876e-03 -6.053822e-04
          -1.285520e-02 5.405680e-03 -9.084066e-04
          -1.285535e-02 5.405483e-03 -1.211431e-03
          -1.285551e-02 5.405286e-03 -1.514455e-03
          -1.285567e-02 5.405089e-03 -1.817480e-03
          -1.285583e-02 5.404893e-03 -2.120504e-03
          -1.285599e-02 5.404696e-03 -2.423529e-03
          -1.285617e-02 5.404307e-03 -2.726575e-03
          -1.285635e-02 5.403854e-03 -3.029629e-03
          -1.285654e-02 5.403401e-03 -3.332683e-03
          -1.285672e-02 5.402948e-03 -3.635737e-03
          -1.285691e-02 5.402494e-03 -3.938791e-03
          -1.285709e-02 5.402041e-03 -4.241846e-03
          -1.285728e-02 5.401588e-03 -4.544899e-03
          -1.285746e-02 5.401135e-03 -4.847953e-03
          -1.285560e-02 5.117948e-03 -3.022757e-04
          -1.285691e-02 5.116101e-03 -2.726516e-03
          -1.285669e-02 4.829676e-03 -3.021954e-04
          -1.285783e-02 4.828121e-03 -2.423430e-03
          -1.285800e-02 4.827695e-03 -2.726483e-03
          -1.285818e-02 4.827200e-03 -3.029543e-03
          -1.285925e-02 4.824230e-03 -4.847902e-03
          -1.285778e-02 4.541403e-03 -3.021151e-04
          -1.285876e-02 4.539972e-03 -2.120354e-03
          -1.285893e-02 4.539733e-03 -2.423394e-03
          -1.285909e-02 4.539288e-03 -2.726451e-03
          -1.285927e-02 4.538773e-03 -3.029513e-03
          -1.286012e-02 4.536199e-03 -4.544825e-03
          -1.286029e-02 4.535684e-03 -4.847887e-03
          -1.285887e-02 4.253130e-03 -3.020348e-04
          -1.285969e-02 4.251855e-03 -1.817266e-03
          -1.285986e-02 4.251600e-03 -2.120312e-03
          -1.286002e-02 4.251345e-03 -2.423358e-03
          -1.286019e-02 4.250881e-03 -2.726418e-03
          -1.286035e-02 4.250346e-03 -3.029483e-03
          -1.285996e-02 3.964857e-03 -3.019545e-04
          -1.286012e-02 3.964585e-03 -6.050070e-04
          -1.286095e-02 3.963228e-03 -2.120270e-03
          -1.286112e-02 3.962957e-03 -2.423322e-03
          -1.286128e-02 3.962474e-03 -2.726386e-03
          -1.286143e-02 3.961919e-03 -3.029453e-03
          -1.286105e-02 3.676583e-03 -3.018742e-04
          -1.286121e-02 3.676295e-03 -6.049331e-04
          -1.286237e-02 3.674066e-03 -2.726353e-03
          -1.286252e-02 3.673492e-03 -3.029423e-03
          -1.286214e-02 3.388309e-03 -3.017939e-04
          -1.286230e-02 3.388005e-03 -6.048591e-04
          -1.286323e-02 3.100035e-03 -3.017136e-04
          -1.286468e-02 3.096637e-03 -3.029363e-03
          -1.286482e-02 3.096023e-03 -3.332438e-03
          -1.286431e-02 2.811761e-03 -3.016333e-04
          -1.286564e-02 2.808843e-03 -2.726256e-03
          -1.286577e-02 2.808209e-03 -3.029333e-03
          -1.286590e-02 2.807576e-03 -3.332410e-03
          -1.286603e-02 2.806942e-03 -3.635487e-03
          -1.286616e-02 2.806309e-03 -3.938564e-03
          -1.286629e-02 2.805675e-03 -4.241641e-03
          -1.286642e-02 2.805041e-03 -4.544718e-03
          -1.286655e-02 2.804408e-03 -4.847795e-03
          -1.286550e-02 2.523305e-03 -3.015461e-04
          -1.286584e-02 2.522601e-03 -9.077146e-04
          -1.286600e-02 2.522249e-03 -1.210799e-03
          -1.286617e-02 2.521897e-03 -1.513883e-03
          -1.286634e-02 2.521545e-03 -1.816967e-03
          -1.286651e-02 2.521193e-03 -2.120052e-03
          -1.286681e-02 2.520265e-03 -2.726217e-03
          -1.286693e-02 2.519614e-03 -3.029297e-03
          -1.286705e-02 2.518963e-03 -3.332378e-03
          -1.286718e-02 2.518312e-03 -3.635458e-03
          -1.286730e-02 2.517661e-03 -3.938538e-03
          -1.286742e-02 2.517010e-03 -4.241619e-03
          -1.286754e-02 2.516359e-03 -4.544699e-03
          -1.286766e-02 2.515708e-03 -4.847779e-03
          -1.286703e-02 2.234220e-03 -3.014348e-04
          -1.286735e-02 2.233498e-03 -9.076164e-04
          -1.286751e-02 2.233138e-03 -1.210707e-03
          -1.286768e-02 2.232777e-03 -1.513798e-03
          -1.286784e-02 2.232417e-03 -1.816889e-03
          -1.286800e-02 2.232056e-03 -2.119980e-03
          -1.286816e-02 2.231696e-03 -2.423071e-03
          -1.286828e-02 2.231113e-03 -2.726158e-03
          -1.286838e-02 2.230456e-03 -3.029244e-03
          -1.286849e-02 2.229799e-03 -3.332331e-03
          -1.286859e-02 2.229142e-03 -3.635417e-03
          -1.286869e-02 2.228485e-03 -3.938503e-03
          -1.286879e-02 2.227827e-03 -4.241590e-03
          -1.286890e-02 2.227170e-03 -4.544676e-03
          -1.286900e-02 2.226513e-03 -4.847763e-03
          -1.286856e-02 1.945134e-03 -3.013235e-04
          -1.286902e-02 1.944026e-03 -1.210616e-03
          -1.286918e-02 1.943657e-03 -1.513713e-03
          -1.286933e-02 1.943288e-03 -1.816811e-03
          -1.286949e-02 1.942919e-03 -2.119908e-03
          -1.286964e-02 1.942550e-03 -2.423005e-03
          -1.286975e-02 1.941961e-03 -2.726099e-03
          -1.286983e-02 1.941298e-03 -3.029191e-03
          -1.286992e-02 1.940635e-03 -3.332284e-03
          -1.287000e-02 1.939971e-03 -3.635376e-03
          -1.287008e-02 1.939308e-03 -3.938469e-03
          -1.287017e-02 1.938645e-03 -4.241561e-03
          -1.287025e-02 1.937982e-03 -4.544653e-03
          -1.287034e-02 1.937319e-03 -4.847746e-03
          -1.287009e-02 1.656047e-03 -3.012123e-04
          -1.287053e-02 1.654915e-03 -1.210524e-03
          -1.287068e-02 1.654537e-03 -1.513628e-03
          -1.287083e-02 1.654160e-03 -1.816732e-03
          -1.287098e-02 1.653782e-03 -2.119836e-03
          -1.287113e-02 1.653404e-03 -2.422940e-03
          -1.287121e-02 1.652809e-03 -2.726040e-03
          -1.287128e-02 1.652139e-03 -3.029138e-03
          -1.287134e-02 1.651470e-03 -3.332237e-03
          -1.287141e-02 1.650801e-03 -3.635335e-03
          -1.287148e-02 1.650132e-03 -3.938434e-03
          -1.287154e-02 1.649462e-03 -4.241532e-03
          -1.287161e-02 1.648793e-03 -4.544631e-03
          -1.287167e-02 1.648124e-03 -4.847729e-03
          -1.287162e-02 1.366961e-03 -3.011010e-04
          -1.287204e-02 1.365803e-03 -1.210433e-03
          -1.287218e-02 1.365417e-03 -1.513543e-03
          -1.287233e-02 1.365031e-03 -1.816654e-03
          -1.287247e-02 1.364645e-03 -2.119764e-03
          -1.287261e-02 1.364258e-03 -2.422875e-03
          -1.287268e-02 1.363656e-03 -2.725981e-03
          -1.287273e-02 1.362981e-03 -3.029085e-03
          -1.287277e-02 1.362305e-03 -3.332190e-03
          -1.287282e-02 1.361630e-03 -3.635294e-03
          -1.287287e-02 1.360955e-03 -3.938399e-03
          -1.287291e-02 1.360279e-03 -4.241504e-03
          -1.287296e-02 1.359604e-03 -4.544608e-03
          -1.287301e-02 1.358929e-03 -4.847713e-03
          -1.287315e-02 1.077874e-03 -3.009897e-04
          -1.287355e-02 1.076691e-03 -1.210341e-03
          -1.287369e-02 1.076296e-03 -1.513458e-03
          -1.287382e-02 1.075902e-03 -1.816575e-03
          -1.287396e-02 1.075507e-03 -2.119693e-03
          -1.287409e-02 1.075113e-03 -2.422810e-03
          -1.287415e-02 1.074504e-03 -2.725922e-03
          -1.287417e-02 1.073822e-03 -3.029032e-03
          -1.287420e-02 1.073141e-03 -3.332143e-03
          -1.287423e-02 1.072459e-03 -3.635253e-03
          -1.287426e-02 1.071778e-03 -3.938364e-03
          -1.287429e-02 1.071096e-03 -4.241475e-03
          -1.287432e-02 1.070415e-03 -4.544585e-03
          -1.287434e-02 1.069734e-03 -4.847696e-03
          -1.287468e-02 7.887873e-04 -3.008785e-04
          -1.287493e-02 7.879813e-04 -9.071259e-04
          -1.287506e-02 7.875783e-04 -1.210250e-03
          -1.287519e-02 7.871754e-04 -1.513373e-03
          -1.287532e-02 7.867724e-04 -1.816497e-03
          -1.287544e-02 7.863694e-04 -2.119621e-03
          -1.287557e-02 7.859664e-04 -2.422744e-03
          -1.287561e-02 7.853508e-04 -2.725863e-03
          -1.287562e-02 7.846633e-04 -3.028979e-03
          -1.287563e-02 7.839759e-04 -3.332096e-03
          -1.287564e-02 7.832884e-04 -3.635213e-03
          -1.287565e-02 7.826009e-04 -3.938329e-03
          -1.287566e-02 7.819134e-04 -4.241446e-03
          -1.287567e-02 7.812259e-04 -4.544562e-03
          -1.287568e-02 7.805383e-04 -4.847679e-03
          -1.287620e-02 4.997002e-04 -3.007672e-04
          -1.287632e-02 4.992887e-04 -6.038975e-04
          -1.287645e-02 4.988773e-04 -9.070277e-04
          -1.287657e-02 4.984658e-04 -1.210158e-03
          -1.287669e-02 4.980544e-04 -1.513288e-03
          -1.287681e-02 4.976429e-04 -1.816419e-03
          -1.287693e-02 4.972315e-04 -2.119549e-03
          -1.287705e-02 4.968200e-04 -2.422679e-03
          -1.287708e-02 4.961978e-04 -2.725804e-03
          -1.287707e-02 4.955043e-04 -3.028926e-03
          -1.287706e-02 4.948108e-04 -3.332049e-03
          -1.287705e-02 4.941172e-04 -3.635172e-03
          -1.287704e-02 4.934236e-04 -3.938294e-03
          -1.287703e-02 4.927301e-04 -4.241417e-03
          -1.287702e-02 4.920365e-04 -4.544539e-03
          -1.287701e-02 4.913428e-04 -4.847662e-03
          -1.287773e-02 2.106128e-04 -3.006560e-04
          -1.287785e-02 2.101929e-04 -6.037928e-04
          -1.287796e-02 2.097730e-04 -9.069296e-04
          -1.287808e-02 2.093531e-04 -1.210066e-03
          -1.287819e-02 2.089332e-04 -1.513203e-03
          -1.287830e-02 2.085133e-04 -1.816340e-03
          -1.287842e-02 2.080934e-04 -2.119477e-03
          -1.287853e-02 2.076735e-04 -2.422614e-03
          -1.287854e-02 2.070447e-04 -2.725744e-03
          -1.287852e-02 2.063451e-04 -3.028873e-03
          -1.287849e-02 2.056455e-04 -3.332002e-03
          -1.287846e-02 2.049459e-04 -3.635130e-03
          -1.287843e-02 2.042462e-04 -3.938259e-03
          -1.287840e-02 2.035466e-04 -4.241388e-03
          -1.287838e-02 2.028469e-04 -4.544516e-03
          -1.287835e-02 2.021472e-04 -4.847645e-03
          -1.287922e-02 -7.873733e-05 -3.005443e-04
          -1.287933e-02 -7.916402e-05 -6.036878e-04
          -1.287996e-02 -8.172398e-05 -2.422549e-03
          -1.287995e-02 -8.235584e-05 -2.725685e-03
          -1.287991e-02 -8.305719e-05 -3.028818e-03
          -1.288065e-02 -3.685146e-04 -3.004318e-04
          -1.288075e-02 -3.689439e-04 -6.035820e-04
          -1.288130e-02 -3.715195e-04 -2.422483e-03
          -1.288128e-02 -3.721469e-04 -2.725623e-03
          -1.288122e-02 -3.728413e-04 -3.028758e-03
          -1.288089e-02 -3.770080e-04 -4.847574e-03
          -1.288209e-02 -6.582916e-04 -3.003193e-04
          -1.288216e-02 -6.587235e-04 -6.034762e-04
          -1.288256e-02 -6.608829e-04 -2.119261e-03
          -1.288263e-02 -6.613148e-04 -2.422418e-03
          -1.288260e-02 -6.619376e-04 -2.725561e-03
          -1.288254e-02 -6.626252e-04 -3.028699e-03
          -1.288352e-02 -9.480681e-04 -3.002068e-04
          -1.288358e-02 -9.485027e-04 -6.033704e-04
          -1.288393e-02 -9.517281e-04 -2.725499e-03
          -1.288385e-02 -9.524088e-04 -3.028640e-03
          -1.288495e-02 -1.237844e-03 -3.000944e-04
          -1.288500e-02 -1.238282e-03 -6.032647e-04
          -1.288525e-02 -1.241518e-03 -2.725437e-03
          -1.288516e-02 -1.242192e-03 -3.028580e-03
          -1.288638e-02 -1.527620e-03 -2.999819e-04
          -1.288642e-02 -1.528060e-03 -6.031589e-04
          -1.288658e-02 -1.531308e-03 -2.725375e-03
          -1.288781e-02 -1.817396e-03 -2.998695e-04
          -1.288924e-02 -2.107172e-03 -2.997571e-04
          -1.288910e-02 -2.111541e-03 -3.028403e-03
          -1.288897e-02 -2.112194e-03 -3.331554e-03
          -1.288884e-02 -2.112847e-03 -3.634705e-03
          -1.288871e-02 -2.113501e-03 -3.937857e-03
          -1.288858e-02 -2.114154e-03 -4.241008e-03
          -1.288845e-02 -2.114808e-03 -4.544160e-03
          -1.288832e-02 -2.115461e-03 -4.847311e-03
          -1.289067e-02 -2.396946e-03 -2.996447e-04
          -1.289055e-02 -2.400677e-03 -2.725189e-03
          -1.289041e-02 -2.401323e-03 -3.028343e-03
          -1.289027e-02 -2.401970e-03 -3.331497e-03
          -1.289013e-02 -2.402616e-03 -3.634651e-03
          -1.288999e-02 -2.403263e-03 -3.937805e-03
          -1.288984e-02 -2.403909e-03 -4.240959e-03
          -1.288970e-02 -2.404556e-03 -4.544113e-03
          -1.288956e-02 -2.405202e-03 -4.847267e-03
          -1.289179e-02 -2.687134e-03 -2.995288e-04
          -1.289175e-02 -2.688461e-03 -1.209132e-03
          -1.289174e-02 -2.688903e-03 -1.512333e-03
          -1.289173e-02 -2.689346e-03 -1.815534e-03
          -1.289172e-02 -2.689788e-03 -2.118735e-03
          -1.289170e-02 -2.690230e-03 -2.421936e-03
          -1.289159e-02 -2.690813e-03 -2.725105e-03
          -1.289144e-02 -2.691443e-03 -3.028263e-03
          -1.289129e-02 -2.692073e-03 -3.331421e-03
          -1.289114e-02 -2.692703e-03 -3.634579e-03
          -1.289099e-02 -2.693333e-03 -3.937737e-03
          -1.289084e-02 -2.693964e-03 -4.240895e-03
          -1.289069e-02 -2.694594e-03 -4.544053e-03
          -1.289054e-02 -2.695224e-03 -4.847211e-03
          -1.289266e-02 -2.977646e-03 -2.994102e-04
          -1.289261e-02 -2.978934e-03 -1.209018e-03
          -1.289259e-02 -2.979364e-03 -1.512221e-03
          -1.289257e-02 -2.979793e-03 -1.815424e-03
          -1.289256e-02 -2.980223e-03 -2.118627e-03
          -1.289254e-02 -2.980652e-03 -2.421829e-03
          -1.289242e-02 -2.981213e-03 -2.725003e-03
          -1.289226e-02 -2.981819e-03 -3.028166e-03
          -1.289211e-02 -2.982424e-03 -3.331329e-03
          -1.289195e-02 -2.983030e-03 -3.634493e-03
          -1.289180e-02 -2.983636e-03 -3.937656e-03
          -1.289164e-02 -2.984241e-03 -4.240820e-03
          -1.289149e-02 -2.984847e-03 -4.543983e-03
          -1.289133e-02 -2.985452e-03 -4.847146e-03
          -1.289353e-02 -3.268157e-03 -2.992916e-04
          -1.289342e-02 -3.270241e-03 -1.815314e-03
          -1.289339e-02 -3.270657e-03 -2.118518e-03
          -1.289337e-02 -3.271074e-03 -2.421723e-03
          -1.289325e-02 -3.271613e-03 -2.724901e-03
          -1.289309e-02 -3.272194e-03 -3.028069e-03
          -1.289293e-02 -3.272775e-03 -3.331238e-03
          -1.289277e-02 -3.273357e-03 -3.634407e-03
          -1.289261e-02 -3.273938e-03 -3.937575e-03
          -1.289245e-02 -3.274519e-03 -4.240744e-03
          -1.289229e-02 -3.275099e-03 -4.543912e-03
          -1.289441e-02 -3.558668e-03 -2.991730e-04
          -1.289429e-02 -3.560284e-03 -1.511998e-03
          -1.289426e-02 -3.560688e-03 -1.815204e-03
          -1.289423e-02 -3.561092e-03 -2.118410e-03
          -1.289420e-02 -3.561496e-03 -2.421616e-03
          -1.289407e-02 -3.562013e-03 -2.724798e-03
          -1.289391e-02 -3.562570e-03 -3.027972e-03
          -1.289374e-02 -3.563126e-03 -3.331146e-03
          -1.289358e-02 -3.563683e-03 -3.634320e-03
          -1.289341e-02 -3.564239e-03 -3.937494e-03
          -1.289325e-02 -3.564796e-03 -4.240668e-03
          -1.289308e-02 -3.565352e-03 -4.543842e-03
          -1.289528e-02 -3.849179e-03 -2.990544e-04
          -1.289514e-02 -3.850744e-03 -1.511886e-03
          -1.289511e-02 -3.851135e-03 -1.815094e-03
          -1.289507e-02 -3.851526e-03 -2.118302e-03
          -1.289504e-02 -3.851918e-03 -2.421510e-03
          -1.289490e-02 -3.852414e-03 -2.724696e-03
          -1.289473e-02 -3.852946e-03 -3.027876e-03
          -1.289456e-02 -3.853478e-03 -3.331055e-03
          -1.289439e-02 -3.854009e-03 -3.634234e-03
          -1.289422e-02 -3.854541e-03 -3.937413e-03
          -1.289405e-02 -3.855073e-03 -4.240593e-03
          -1.289388e-02 -3.855605e-03 -4.543772e-03
          -1.289615e-02 -4.139689e-03 -2.989358e-04
          -1.289603e-02 -4.140825e-03 -1.208565e-03
          -1.289599e-02 -4.141203e-03 -1.511774e-03
          -1.289595e-02 -4.141582e-03 -1.814984e-03
          -1.289591e-02 -4.141960e-03 -2.118194e-03
          -1.289587e-02 -4.142339e-03 -2.421403e-03
          -1.289573e-02 -4.142813e-03 -2.724594e-03
          -1.289555e-02 -4.143321e-03 -3.027779e-03
          -1.289538e-02 -4.143828e-03 -3.330963e-03
          -1.289520e-02 -4.144335e-03 -3.634148e-03
          -1.289502e-02 -4.144843e-03 -3.937332e-03
          -1.289485e-02 -4.145350e-03 -4.240517e-03
          -1.289467e-02 -4.145857e-03 -4.543701e-03
          -1.289703e-02 -4.430200e-03 -2.988173e-04
          -1.289693e-02 -4.430931e-03 -9.052400e-04
          -1.289689e-02 -4.431297e-03 -1.208451e-03
          -1.289684e-02 -4.431663e-03 -1.511663e-03
          -1.289679e-02 -4.432029e-03 -1.814874e-03
          -1.289675e-02 -4.432395e-03 -2.118086e-03
          -1.289670e-02 -4.432760e-03 -2.421297e-03
          -1.289655e-02 -4.433213e-03 -2.724492e-03
          -1.289637e-02 -4.433696e-03 -3.027682e-03
          -1.289619e-02 -4.434179e-03 -3.330872e-03
          -1.289601e-02 -4.434662e-03 -3.634062e-03
          -1.289583e-02 -4.435144e-03 -3.937251e-03
          -1.289565e-02 -4.435627e-03 -4.240442e-03
          -1.289547e-02 -4.436110e-03 -4.543631e-03
          -1.289529e-02 -4.436593e-03 -4.846821e-03
          -1.289790e-02 -4.720710e-03 -2.986987e-04
          -1.289785e-02 -4.721063e-03 -6.019118e-04
          -1.289780e-02 -4.721416e-03 -9.051249e-04
          -1.289774e-02 -4.721769e-03 -1.208338e-03
          -1.289769e-02 -4.722122e-03 -1.511551e-03
          -1.289764e-02 -4.722476e-03 -1.814764e-03
          -1.289759e-02 -4.722829e-03 -2.117977e-03
          -1.289753e-02 -4.723182e-03 -2.421190e-03
          -1.289738e-02 -4.723613e-03 -2.724390e-03
          -1.289719e-02 -4.724071e-03 -3.027585e-03
          -1.289701e-02 -4.724529e-03 -3.330780e-03
          -1.289682e-02 -4.724988e-03 -3.633975e-03
          -1.289664e-02 -4.725446e-03 -3.937171e-03
          -1.289645e-02 -4.725904e-03 -4.240366e-03
          -1.289626e-02 -4.726362e-03 -4.543561e-03
          -1.289608e-02 -4.726820e-03 -4.846756e-03
          -1.289877e-02 -5.011220e-03 -2.985802e-04
          -1.289872e-02 -5.011560e-03 -6.017950e-04
          -1.289866e-02 -5.011901e-03 -9.050098e-04
          -1.289860e-02 -5.012241e-03 -1.208225e-03
          -1.289854e-02 -5.012581e-03 -1.511439e-03
          -1.289848e-02 -5.012922e-03 -1.814654e-03
          -1.289842e-02 -5.013262e-03 -2.117869e-03
          -1.289837e-02 -5.013602e-03 -2.421084e-03
          -1.289821e-02 -5.014012e-03 -2.724288e-03
          -1.289802e-02 -5.014446e-03 -3.027488e-03
          -1.289782e-02 -5.014879e-03 -3.330689e-03
          -1.289763e-02 -5.015313e-03 -3.633889e-03
          -1.289744e-02 -5.015747e-03 -3.937090e-03
          -1.289725e-02 -5.016180e-03 -4.240290e-03
          -1.289706e-02 -5.016614e-03 -4.543490e-03
          -1.289687e-02 -5.017048e-03 -4.846691e-03
          -1.289932e-02 -5.301822e-03 -2.984811e-04
          -1.289872e-02 -5.304495e-03 -2.724198e-03
          -1.289975e-02 -5.592456e-03 -2.983889e-04
          -1.289912e-02 -5.595006e-03 -2.724112e-03
          -1.290018e-02 -5.883091e-03 -2.982967e-04
          -1.289953e-02 -5.885517e-03 -2.724026e-03
          -1.290061e-02 -6.173724e-03 -2.982044e-04
          -1.289993e-02 -6.176028e-03 -2.723941e-03
          -1.290103e-02 -6.464359e-03 -2.981122e-04
          -1.290033e-02 -6.466539e-03 -2.723855e-03
          -1.290146e-02 -6.754993e-03 -2.980200e-04
          -1.314564e-02 1.001504e-02 -2.424402e-03
          -1.314674e-02 1.001374e-02 -4.848536e-03
          -1.314581e-02 9.726851e-03 -2.121356e-03
          -1.314589e-02 9.726778e-03 -2.424354e-03
          -1.314585e-02 8.862733e-03 -1.868895e-07
          -1.314607e-02 8.574524e-03 -1.266141e-07
          -1.314786e-02 7.421182e-03 -1.211910e-03
          -1.314798e-02 7.421052e-03 -1.514921e-03
          -1.314810e-02 7.420921e-03 -1.817933e-03
          -1.314822e-02 7.420791e-03 -2.120945e-03
          -1.314855e-02 7.132960e-03 -1.211832e-03
          -1.314868e-02 7.132823e-03 -1.514846e-03
          -1.314881e-02 7.132686e-03 -1.817860e-03
          -1.314938e-02 6.844595e-03 -1.514771e-03
          -1.314956e-02 6.556969e-03 -3.026241e-04
          -1.314969e-02 6.556818e-03 -6.056420e-04
          -1.315009e-02 6.556366e-03 -1.514696e-03
          -1.315022e-02 6.556215e-03 -1.817713e-03
          -1.315035e-02 6.556064e-03 -2.120731e-03
          -1.315064e-02 6.555630e-03 -2.726785e-03
          -1.315081e-02 6.555302e-03 -3.029828e-03
          -1.315025e-02 6.268768e-03 -3.025408e-04
          -1.315038e-02 6.268610e-03 -6.055607e-04
          -1.315065e-02 6.268294e-03 -1.211600e-03
          -1.315079e-02 6.268136e-03 -1.514620e-03
          -1.315135e-02 6.267363e-03 -2.726720e-03
          -1.315152e-02 6.267015e-03 -3.029766e-03
          -1.315169e-02 6.266666e-03 -3.332812e-03
          -1.315186e-02 6.266318e-03 -3.635858e-03
          -1.315094e-02 5.980566e-03 -3.024574e-04
          -1.315108e-02 5.980402e-03 -6.054793e-04
          -1.315207e-02 5.979096e-03 -2.726654e-03
          -1.315224e-02 5.978727e-03 -3.029704e-03
          -1.315241e-02 5.978359e-03 -3.332754e-03
          -1.315258e-02 5.977990e-03 -3.635804e-03
          -1.315275e-02 5.977621e-03 -3.938854e-03
          -1.315292e-02 5.977253e-03 -4.241904e-03
          -1.315163e-02 5.692364e-03 -3.023741e-04
          -1.315205e-02 5.691849e-03 -1.211446e-03
          -1.315219e-02 5.691678e-03 -1.514470e-03
          -1.315278e-02 5.690829e-03 -2.726588e-03
          -1.315295e-02 5.690439e-03 -3.029642e-03
          -1.315312e-02 5.690050e-03 -3.332696e-03
          -1.315329e-02 5.689661e-03 -3.635750e-03
          -1.315346e-02 5.689272e-03 -3.938804e-03
          -1.315363e-02 5.688883e-03 -4.241858e-03
          -1.315380e-02 5.688494e-03 -4.544911e-03
          -1.315397e-02 5.688104e-03 -4.847965e-03
          -1.315232e-02 5.404163e-03 -3.022907e-04
          -1.315246e-02 5.403984e-03 -6.053167e-04
          -1.315261e-02 5.403806e-03 -9.083426e-04
          -1.315275e-02 5.403627e-03 -1.211369e-03
          -1.315290e-02 5.403449e-03 -1.514394e-03
          -1.315304e-02 5.403270e-03 -1.817420e-03
          -1.315318e-02 5.403092e-03 -2.120447e-03
          -1.315349e-02 5.402561e-03 -2.726522e-03
          -1.315366e-02 5.402152e-03 -3.029580e-03
          -1.315383e-02 5.401742e-03 -3.332638e-03
          -1.315400e-02 5.401332e-03 -3.635695e-03
          -1.315417e-02 5.400923e-03 -3.938753e-03
          -1.315434e-02 5.400513e-03 -4.241811e-03
          -1.315451e-02 5.400103e-03 -4.544868e-03
          -1.315468e-02 5.399694e-03 -4.847926e-03
          -1.315303e-02 5.115951e-03 -3.022076e-04
          -1.315318e-02 5.115764e-03 -6.052359e-04
          -1.315423e-02 5.114279e-03 -2.726459e-03
          -1.315440e-02 5.113849e-03 -3.029520e-03
          -1.315405e-02 4.827614e-03 -3.021267e-04
          -1.315420e-02 4.827412e-03 -6.051612e-04
          -1.315509e-02 4.826200e-03 -2.423368e-03
          -1.315525e-02 4.825815e-03 -2.726424e-03
          -1.315541e-02 4.825368e-03 -3.029488e-03
          -1.315640e-02 4.822689e-03 -4.847869e-03
          -1.315507e-02 4.539277e-03 -3.020459e-04
          -1.315522e-02 4.539059e-03 -6.050865e-04
          -1.315597e-02 4.537969e-03 -2.120290e-03
          -1.315612e-02 4.537751e-03 -2.423331e-03
          -1.315627e-02 4.537350e-03 -2.726390e-03
          -1.315643e-02 4.536887e-03 -3.029455e-03
          -1.315723e-02 4.534571e-03 -4.544783e-03
          -1.315738e-02 4.534108e-03 -4.847849e-03
          -1.315609e-02 4.250939e-03 -3.019650e-04
          -1.315624e-02 4.250705e-03 -6.050118e-04
          -1.315685e-02 4.249770e-03 -1.817199e-03
          -1.315700e-02 4.249536e-03 -2.120246e-03
          -1.315715e-02 4.249303e-03 -2.423293e-03
          -1.315730e-02 4.248885e-03 -2.726355e-03
          -1.315745e-02 4.248405e-03 -3.029423e-03
          -1.315837e-02 4.245527e-03 -4.847828e-03
          -1.315711e-02 3.962602e-03 -3.018841e-04
          -1.315727e-02 3.962352e-03 -6.049371e-04
          -1.315772e-02 3.961603e-03 -1.514096e-03
          -1.315787e-02 3.961354e-03 -1.817149e-03
          -1.315802e-02 3.961104e-03 -2.120202e-03
          -1.315818e-02 3.960854e-03 -2.423256e-03
          -1.315832e-02 3.960420e-03 -2.726321e-03
          -1.315847e-02 3.959924e-03 -3.029390e-03
          -1.315813e-02 3.674264e-03 -3.018032e-04
          -1.315829e-02 3.673998e-03 -6.048624e-04
          -1.315874e-02 3.673202e-03 -1.514040e-03
          -1.315890e-02 3.672936e-03 -1.817099e-03
          -1.315905e-02 3.672671e-03 -2.120159e-03
          -1.315920e-02 3.672405e-03 -2.423218e-03
          -1.315915e-02 3.385926e-03 -3.017223e-04
          -1.315931e-02 3.385644e-03 -6.047877e-04
          -1.315977e-02 3.384800e-03 -1.513984e-03
          -1.315992e-02 3.384519e-03 -1.817049e-03
          -1.316008e-02 3.384238e-03 -2.120115e-03
          -1.316023e-02 3.383956e-03 -2.423180e-03
          -1.316017e-02 3.097588e-03 -3.016414e-04
          -1.316033e-02 3.097290e-03 -6.047130e-04
          -1.316079e-02 3.096399e-03 -1.513928e-03
          -1.316095e-02 3.096102e-03 -1.817000e-03
          -1.316110e-02 3.095804e-03 -2.120071e-03
          -1.316126e-02 3.095507e-03 -2.423143e-03
          -1.316153e-02 3.094478e-03 -3.029293e-03
          -1.316166e-02 3.093933e-03 -3.332369e-03
          -1.316179e-02 3.093387e-03 -3.635445e-03
          -1.316119e-02 2.809249e-03 -3.015605e-04
          -1.316135e-02 2.808936e-03 -6.046383e-04
          -1.316182e-02 2.807997e-03 -1.513872e-03
          -1.316197e-02 2.807684e-03 -1.816950e-03
          -1.316213e-02 2.807371e-03 -2.120027e-03
          -1.316229e-02 2.807058e-03 -2.423105e-03
          -1.316254e-02 2.805996e-03 -3.029261e-03
          -1.316267e-02 2.805434e-03 -3.332339e-03
          -1.316279e-02 2.804872e-03 -3.635416e-03
          -1.316292e-02 2.804310e-03 -3.938494e-03
          -1.316231e-02 2.520730e-03 -3.014734e-04
          -1.316246e-02 2.520403e-03 -6.045571e-04
          -1.316277e-02 2.519748e-03 -1.210725e-03
          -1.316293e-02 2.519421e-03 -1.513808e-03
          -1.316309e-02 2.519094e-03 -1.816892e-03
          -1.316324e-02 2.518766e-03 -2.119976e-03
          -1.316352e-02 2.517925e-03 -2.726141e-03
          -1.316364e-02 2.517348e-03 -3.029222e-03
          -1.316376e-02 2.516771e-03 -3.332303e-03
          -1.316388e-02 2.516194e-03 -3.635384e-03
          -1.316399e-02 2.515617e-03 -3.938464e-03
          -1.316411e-02 2.515040e-03 -4.241545e-03
          -1.316374e-02 2.231598e-03 -3.013646e-04
          -1.316389e-02 2.231264e-03 -6.044538e-04
          -1.316419e-02 2.230595e-03 -1.210632e-03
          -1.316434e-02 2.230261e-03 -1.513722e-03
          -1.316449e-02 2.229926e-03 -1.816811e-03
          -1.316464e-02 2.229592e-03 -2.119900e-03
          -1.316480e-02 2.229258e-03 -2.422990e-03
          -1.316491e-02 2.228737e-03 -2.726077e-03
          -1.316501e-02 2.228154e-03 -3.029164e-03
          -1.316511e-02 2.227570e-03 -3.332251e-03
          -1.316521e-02 2.226987e-03 -3.635338e-03
          -1.316531e-02 2.226403e-03 -3.938424e-03
          -1.316541e-02 2.225820e-03 -4.241512e-03
          -1.316518e-02 1.942466e-03 -3.012558e-04
          -1.316532e-02 1.942125e-03 -6.043506e-04
          -1.316561e-02 1.941442e-03 -1.210540e-03
          -1.316576e-02 1.941101e-03 -1.513635e-03
          -1.316590e-02 1.940759e-03 -1.816730e-03
          -1.316605e-02 1.940418e-03 -2.119825e-03
          -1.316619e-02 1.940076e-03 -2.422919e-03
          -1.316629e-02 1.939549e-03 -2.726013e-03
          -1.316637e-02 1.938959e-03 -3.029106e-03
          -1.316646e-02 1.938369e-03 -3.332199e-03
          -1.316654e-02 1.937779e-03 -3.635292e-03
          -1.316662e-02 1.937190e-03 -3.938384e-03
          -1.316670e-02 1.936600e-03 -4.241478e-03
          -1.316661e-02 1.653334e-03 -3.011470e-04
          -1.316675e-02 1.652986e-03 -6.042473e-04
          -1.316703e-02 1.652289e-03 -1.210448e-03
          -1.316717e-02 1.651940e-03 -1.513548e-03
          -1.316731e-02 1.651592e-03 -1.816648e-03
          -1.316745e-02 1.651243e-03 -2.119749e-03
          -1.316759e-02 1.650895e-03 -2.422849e-03
          -1.316767e-02 1.650361e-03 -2.725948e-03
          -1.316774e-02 1.649765e-03 -3.029047e-03
          -1.316780e-02 1.649168e-03 -3.332146e-03
          -1.316787e-02 1.648572e-03 -3.635245e-03
          -1.316793e-02 1.647976e-03 -3.938344e-03
          -1.316800e-02 1.647380e-03 -4.241444e-03
          -1.316805e-02 1.364202e-03 -3.010383e-04
          -1.316818e-02 1.363846e-03 -6.041440e-04
          -1.316858e-02 1.362779e-03 -1.513461e-03
          -1.316872e-02 1.362424e-03 -1.816567e-03
          -1.316885e-02 1.362068e-03 -2.119673e-03
          -1.316899e-02 1.361713e-03 -2.422779e-03
          -1.316906e-02 1.361172e-03 -2.725884e-03
          -1.316910e-02 1.360570e-03 -3.028989e-03
          -1.316915e-02 1.359967e-03 -3.332094e-03
          -1.316920e-02 1.359364e-03 -3.635199e-03
          -1.316925e-02 1.358762e-03 -3.938304e-03
          -1.316930e-02 1.358159e-03 -4.241410e-03
          -1.316934e-02 1.357557e-03 -4.544515e-03
          -1.316948e-02 1.075069e-03 -3.009295e-04
          -1.316961e-02 1.074707e-03 -6.040408e-04
          -1.316987e-02 1.073981e-03 -1.210263e-03
          -1.317000e-02 1.073619e-03 -1.513374e-03
          -1.317013e-02 1.073256e-03 -1.816486e-03
          -1.317025e-02 1.072893e-03 -2.119597e-03
          -1.317038e-02 1.072531e-03 -2.422708e-03
          -1.317044e-02 1.071984e-03 -2.725819e-03
          -1.317047e-02 1.071375e-03 -3.028931e-03
          -1.317050e-02 1.070766e-03 -3.332042e-03
          -1.317053e-02 1.070157e-03 -3.635153e-03
          -1.317056e-02 1.069548e-03 -3.938264e-03
          -1.317059e-02 1.068939e-03 -4.241376e-03
          -1.317062e-02 1.068330e-03 -4.544487e-03
          -1.317065e-02 1.067721e-03 -4.847598e-03
          -1.317092e-02 7.859367e-04 -3.008208e-04
          -1.317104e-02 7.855669e-04 -6.039375e-04
          -1.317116e-02 7.851972e-04 -9.070542e-04
          -1.317129e-02 7.848275e-04 -1.210171e-03
          -1.317141e-02 7.844577e-04 -1.513288e-03
          -1.317153e-02 7.840880e-04 -1.816404e-03
          -1.317165e-02 7.837183e-04 -2.119521e-03
          -1.317178e-02 7.833486e-04 -2.422638e-03
          -1.317182e-02 7.827953e-04 -2.725755e-03
          -1.317183e-02 7.821799e-04 -3.028872e-03
          -1.317185e-02 7.815644e-04 -3.331990e-03
          -1.317186e-02 7.809490e-04 -3.635107e-03
          -1.317187e-02 7.803335e-04 -3.938224e-03
          -1.317189e-02 7.797181e-04 -4.241342e-03
          -1.317190e-02 7.791026e-04 -4.544459e-03
          -1.317191e-02 7.784871e-04 -4.847576e-03
          -1.317235e-02 4.968037e-04 -3.007121e-04
          -1.317247e-02 4.964269e-04 -6.038343e-04
          -1.317259e-02 4.960501e-04 -9.069564e-04
          -1.317270e-02 4.956733e-04 -1.210079e-03
          -1.317282e-02 4.952966e-04 -1.513201e-03
          -1.317294e-02 4.949198e-04 -1.816323e-03
          -1.317306e-02 4.945430e-04 -2.119445e-03
          -1.317317e-02 4.941662e-04 -2.422567e-03
          -1.317320e-02 4.936064e-04 -2.725690e-03
          -1.317320e-02 4.929846e-04 -3.028814e-03
          -1.317319e-02 4.923628e-04 -3.331937e-03
          -1.317319e-02 4.917410e-04 -3.635061e-03
          -1.317319e-02 4.911191e-04 -3.938184e-03
          -1.317318e-02 4.904972e-04 -4.241308e-03
          -1.317318e-02 4.898754e-04 -4.544431e-03
          -1.317318e-02 4.892535e-04 -4.847555e-03
          -1.317379e-02 2.076705e-04 -3.006034e-04
          -1.317390e-02 2.072867e-04 -6.037310e-04
          -1.317401e-02 2.069028e-04 -9.068587e-04
          -1.317412e-02 2.065190e-04 -1.209986e-03
          -1.317423e-02 2.061352e-04 -1.513114e-03
          -1.317434e-02 2.057514e-04 -1.816242e-03
          -1.317446e-02 2.053676e-04 -2.119369e-03
          -1.317457e-02 2.049838e-04 -2.422497e-03
          -1.317458e-02 2.044174e-04 -2.725626e-03
          -1.317456e-02 2.037892e-04 -3.028755e-03
          -1.317454e-02 2.031610e-04 -3.331885e-03
          -1.317452e-02 2.025328e-04 -3.635014e-03
          -1.317450e-02 2.019045e-04 -3.938144e-03
          -1.317448e-02 2.012763e-04 -4.241274e-03
          -1.317446e-02 2.006480e-04 -4.544403e-03
          -1.317444e-02 2.000197e-04 -4.847533e-03
          -1.317519e-02 -8.168472e-05 -3.004947e-04
          -1.317529e-02 -8.207469e-05 -6.036283e-04
          -1.317591e-02 -8.441433e-05 -2.422430e-03
          -1.317591e-02 -8.498383e-05 -2.725564e-03
          -1.317587e-02 -8.561421e-05 -3.028698e-03
          -1.317654e-02 -3.713945e-04 -3.003860e-04
          -1.317663e-02 -3.717880e-04 -6.035262e-04
          -1.317717e-02 -3.741488e-04 -2.422368e-03
          -1.317716e-02 -3.747149e-04 -2.725505e-03
          -1.317712e-02 -3.753395e-04 -3.028641e-03
          -1.317685e-02 -3.790872e-04 -4.847458e-03
          -1.317789e-02 -6.611041e-04 -3.002773e-04
          -1.317797e-02 -6.615011e-04 -6.034242e-04
          -1.317836e-02 -6.634861e-04 -2.119159e-03
          -1.317843e-02 -6.638830e-04 -2.422306e-03
          -1.317841e-02 -6.644457e-04 -2.725446e-03
          -1.317836e-02 -6.650646e-04 -3.028584e-03
          -1.317803e-02 -6.687778e-04 -4.847414e-03
          -1.317925e-02 -9.508133e-04 -3.001686e-04
          -1.317931e-02 -9.512138e-04 -6.033221e-04
          -1.317957e-02 -9.528159e-04 -1.815936e-03
          -1.317963e-02 -9.532164e-04 -2.119090e-03
          -1.317970e-02 -9.536169e-04 -2.422243e-03
          -1.317966e-02 -9.541762e-04 -2.725387e-03
          -1.317960e-02 -9.547893e-04 -3.028528e-03
          -1.318060e-02 -1.240522e-03 -3.000599e-04
          -1.318065e-02 -1.240926e-03 -6.032201e-04
          -1.318091e-02 -1.242947e-03 -2.119021e-03
          -1.318096e-02 -1.243351e-03 -2.422181e-03
          -1.318092e-02 -1.243906e-03 -2.725328e-03
          -1.318084e-02 -1.244514e-03 -3.028471e-03
          -1.318195e-02 -1.530231e-03 -2.999513e-04
          -1.318199e-02 -1.530638e-03 -6.031181e-04
          -1.318210e-02 -1.531861e-03 -1.512618e-03
          -1.318214e-02 -1.532269e-03 -1.815785e-03
          -1.318218e-02 -1.532677e-03 -2.118952e-03
          -1.318222e-02 -1.533084e-03 -2.422119e-03
          -1.318330e-02 -1.819939e-03 -2.998426e-04
          -1.318333e-02 -1.820350e-03 -6.030161e-04
          -1.318340e-02 -1.821584e-03 -1.512536e-03
          -1.318343e-02 -1.821995e-03 -1.815710e-03
          -1.318346e-02 -1.822406e-03 -2.118884e-03
          -1.318348e-02 -1.822817e-03 -2.422057e-03
          -1.318323e-02 -1.824558e-03 -3.331505e-03
          -1.318313e-02 -1.825154e-03 -3.634651e-03
          -1.318304e-02 -1.825750e-03 -3.937798e-03
          -1.318465e-02 -2.109647e-03 -2.997340e-04
          -1.318466e-02 -2.110062e-03 -6.029141e-04
          -1.318470e-02 -2.111306e-03 -1.512454e-03
          -1.318472e-02 -2.111721e-03 -1.815635e-03
          -1.318473e-02 -2.112136e-03 -2.118815e-03
          -1.318474e-02 -2.112550e-03 -2.421995e-03
          -1.318456e-02 -2.113686e-03 -3.028301e-03
          -1.318446e-02 -2.114276e-03 -3.331450e-03
          -1.318435e-02 -2.114867e-03 -3.634599e-03
          -1.318425e-02 -2.115457e-03 -3.937748e-03
          -1.318414e-02 -2.116047e-03 -4.240897e-03
          -1.318600e-02 -2.399355e-03 -2.996254e-04
          -1.318600e-02 -2.399773e-03 -6.028121e-04
          -1.318600e-02 -2.401028e-03 -1.512372e-03
          -1.318600e-02 -2.401446e-03 -1.815559e-03
          -1.318600e-02 -2.401865e-03 -2.118746e-03
          -1.318600e-02 -2.402283e-03 -2.421933e-03
          -1.318592e-02 -2.402825e-03 -2.725093e-03
          -1.318580e-02 -2.403410e-03 -3.028244e-03
          -1.318569e-02 -2.403994e-03 -3.331395e-03
          -1.318557e-02 -2.404579e-03 -3.634547e-03
          -1.318546e-02 -2.405163e-03 -3.937698e-03
          -1.318534e-02 -2.405748e-03 -4.240849e-03
          -1.318705e-02 -2.689473e-03 -2.995137e-04
          -1.318704e-02 -2.689887e-03 -6.027041e-04
          -1.318702e-02 -2.691130e-03 -1.512275e-03
          -1.318701e-02 -2.691544e-03 -1.815466e-03
          -1.318700e-02 -2.691959e-03 -2.118656e-03
          -1.318699e-02 -2.692373e-03 -2.421847e-03
          -1.318690e-02 -2.692903e-03 -2.725011e-03
          -1.318678e-02 -2.693473e-03 -3.028166e-03
          -1.318665e-02 -2.694043e-03 -3.331321e-03
          -1.318653e-02 -2.694612e-03 -3.634476e-03
          -1.318641e-02 -2.695182e-03 -3.937631e-03
          -1.318787e-02 -2.979907e-03 -2.993996e-04
          -1.318786e-02 -2.980311e-03 -6.025914e-04
          -1.318782e-02 -2.981522e-03 -1.512167e-03
          -1.318781e-02 -2.981925e-03 -1.815359e-03
          -1.318779e-02 -2.982329e-03 -2.118551e-03
          -1.318778e-02 -2.982733e-03 -2.421743e-03
          -1.318768e-02 -2.983243e-03 -2.724911e-03
          -1.318755e-02 -2.983790e-03 -3.028071e-03
          -1.318742e-02 -2.984337e-03 -3.331232e-03
          -1.318729e-02 -2.984884e-03 -3.634392e-03
          -1.318869e-02 -3.270341e-03 -2.992855e-04
          -1.318867e-02 -3.270734e-03 -6.024788e-04
          -1.318862e-02 -3.271913e-03 -1.512059e-03
          -1.318860e-02 -3.272306e-03 -1.815252e-03
          -1.318858e-02 -3.272699e-03 -2.118445e-03
          -1.318857e-02 -3.273092e-03 -2.421639e-03
          -1.318846e-02 -3.273583e-03 -2.724811e-03
          -1.318833e-02 -3.274108e-03 -3.027977e-03
          -1.318819e-02 -3.274632e-03 -3.331143e-03
          -1.318806e-02 -3.275156e-03 -3.634308e-03
          -1.318951e-02 -3.560775e-03 -2.991714e-04
          -1.318949e-02 -3.561157e-03 -6.023662e-04
          -1.318942e-02 -3.562304e-03 -1.511950e-03
          -1.318940e-02 -3.562687e-03 -1.815145e-03
          -1.318938e-02 -3.563069e-03 -2.118340e-03
          -1.318935e-02 -3.563452e-03 -2.421535e-03
          -1.318924e-02 -3.563923e-03 -2.724712e-03
          -1.318910e-02 -3.564425e-03 -3.027882e-03
          -1.318896e-02 -3.564926e-03 -3.331053e-03
          -1.319033e-02 -3.851208e-03 -2.990574e-04
          -1.319030e-02 -3.851580e-03 -6.022535e-04
          -1.319022e-02 -3.852696e-03 -1.511842e-03
          -1.319019e-02 -3.853068e-03 -1.815038e-03
          -1.319017e-02 -3.853439e-03 -2.118234e-03
          -1.319014e-02 -3.853811e-03 -2.421431e-03
          -1.319002e-02 -3.854263e-03 -2.724612e-03
          -1.318988e-02 -3.854742e-03 -3.027788e-03
          -1.318973e-02 -3.855221e-03 -3.330964e-03
          -1.319115e-02 -4.141642e-03 -2.989433e-04
          -1.319112e-02 -4.142003e-03 -6.021409e-04
          -1.319105e-02 -4.142725e-03 -1.208536e-03
          -1.319102e-02 -4.143086e-03 -1.511734e-03
          -1.319099e-02 -4.143448e-03 -1.814931e-03
          -1.319096e-02 -4.143809e-03 -2.118129e-03
          -1.319092e-02 -4.144170e-03 -2.421327e-03
          -1.319080e-02 -4.144602e-03 -2.724512e-03
          -1.319065e-02 -4.145058e-03 -3.027693e-03
          -1.319050e-02 -4.145515e-03 -3.330875e-03
          -1.319197e-02 -4.432075e-03 -2.988293e-04
          -1.319193e-02 -4.432426e-03 -6.020283e-04
          -1.319189e-02 -4.432776e-03 -9.052274e-04
          -1.319186e-02 -4.433127e-03 -1.208426e-03
          -1.319182e-02 -4.433477e-03 -1.511625e-03
          -1.319178e-02 -4.433828e-03 -1.814825e-03
          -1.319175e-02 -4.434179e-03 -2.118024e-03
          -1.319171e-02 -4.434529e-03 -2.421223e-03
          -1.319158e-02 -4.434942e-03 -2.724412e-03
          -1.319142e-02 -4.435375e-03 -3.027599e-03
          -1.319127e-02 -4.435809e-03 -3.330786e-03
          -1.319279e-02 -4.722508e-03 -2.987152e-04
          -1.319275e-02 -4.722848e-03 -6.019157e-04
          -1.319270e-02 -4.723188e-03 -9.051162e-04
          -1.319266e-02 -4.723528e-03 -1.208317e-03
          -1.319262e-02 -4.723868e-03 -1.511517e-03
          -1.319258e-02 -4.724208e-03 -1.814718e-03
          -1.319254e-02 -4.724548e-03 -2.117918e-03
          -1.319249e-02 -4.724888e-03 -2.421119e-03
          -1.319236e-02 -4.725281e-03 -2.724313e-03
          -1.319220e-02 -4.725692e-03 -3.027505e-03
          -1.319204e-02 -4.726103e-03 -3.330697e-03
          -1.319187e-02 -4.726514e-03 -3.633889e-03
          -1.319171e-02 -4.726925e-03 -3.937081e-03
          -1.319361e-02 -5.012941e-03 -2.986012e-04
          -1.319356e-02 -5.013270e-03 -6.018031e-04
          -1.319351e-02 -5.013600e-03 -9.050051e-04
          -1.319347e-02 -5.013929e-03 -1.208207e-03
          -1.319342e-02 -5.014258e-03 -1.511409e-03
          -1.319337e-02 -5.014588e-03 -1.814611e-03
          -1.319333e-02 -5.014917e-03 -2.117813e-03
          -1.319328e-02 -5.015247e-03 -2.421015e-03
          -1.319314e-02 -5.015620e-03 -2.724213e-03
          -1.319297e-02 -5.016008e-03 -3.027410e-03
          -1.319280e-02 -5.016396e-03 -3.330608e-03
          -1.319264e-02 -5.016785e-03 -3.633805e-03
          -1.319247e-02 -5.017173e-03 -3.937002e-03
          -1.319230e-02 -5.017561e-03 -4.240199e-03
          -1.319213e-02 -5.017949e-03 -4.543396e-03
          -1.319415e-02 -5.303449e-03 -2.985041e-04
          -1.319410e-02 -5.303765e-03 -6.017076e-04
          -1.319365e-02 -5.306016e-03 -2.724128e-03
          -1.319348e-02 -5.306387e-03 -3.027327e-03
          -1.319460e-02 -5.593983e-03 -2.984129e-04
          -1.319454e-02 -5.594284e-03 -6.016179e-04
          -1.319407e-02 -5.596431e-03 -2.724049e-03
          -1.319505e-02 -5.884517e-03 -2.983216e-04
          -1.319499e-02 -5.884803e-03 -6.015283e-04
          -1.319449e-02 -5.886847e-03 -2.723969e-03
          -1.319549e-02 -6.175051e-03 -2.982304e-04
          -1.319543e-02 -6.175322e-03 -6.014386e-04
          -1.344306e-02 1.001435e-02 -2.424372e-03
          -1.344405e-02 1.001317e-02 -4.848532e-03
          -1.344323e-02 9.726094e-03 -2.121325e-03
          -1.344331e-02 9.726027e-03 -2.424325e-03
          -1.344340e-02 9.437850e-03 -1.818273e-03
          -1.344348e-02 9.437776e-03 -2.121276e-03
          -1.344356e-02 9.437703e-03 -2.424279e-03
          -1.344313e-02 9.150024e-03 -1.943866e-07
          -1.344364e-02 9.149540e-03 -1.818223e-03
          -1.344373e-02 9.149459e-03 -2.121228e-03
          -1.344381e-02 9.149379e-03 -2.424232e-03
          -1.344334e-02 8.861756e-03 -1.322045e-07
          -1.344388e-02 8.861230e-03 -1.818172e-03
          -1.344398e-02 8.861143e-03 -2.121179e-03
          -1.344407e-02 8.861055e-03 -2.424186e-03
          -1.344355e-02 8.573489e-03 -7.002063e-08
          -1.344422e-02 8.572826e-03 -2.121131e-03
          -1.344432e-02 8.572731e-03 -2.424139e-03
          -1.344541e-02 7.419794e-03 -1.514880e-03
          -1.344552e-02 7.419673e-03 -1.817896e-03
          -1.344563e-02 7.419551e-03 -2.120912e-03
          -1.344610e-02 7.131483e-03 -1.514802e-03
          -1.344622e-02 7.131356e-03 -1.817819e-03
          -1.344680e-02 6.843171e-03 -1.514724e-03
          -1.344839e-02 5.978832e-03 -3.023927e-04
          -1.344851e-02 5.978683e-03 -6.054170e-04
          -1.344941e-02 5.977505e-03 -2.726608e-03
          -1.344956e-02 5.977176e-03 -3.029661e-03
          -1.344907e-02 5.690542e-03 -3.023082e-04
          -1.345011e-02 5.689160e-03 -2.726539e-03
          -1.345026e-02 5.688813e-03 -3.029596e-03
          -1.345042e-02 5.688466e-03 -3.332653e-03
          -1.345057e-02 5.688118e-03 -3.635711e-03
          -1.345073e-02 5.687771e-03 -3.938768e-03
          -1.345081e-02 5.400815e-03 -2.726469e-03
          -1.345097e-02 5.400449e-03 -3.029530e-03
          -1.345112e-02 5.400083e-03 -3.332592e-03
          -1.345128e-02 5.399717e-03 -3.635653e-03
          -1.345143e-02 5.399351e-03 -3.938715e-03
          -1.345159e-02 5.398984e-03 -4.241776e-03
          -1.345174e-02 5.398618e-03 -4.544838e-03
          -1.345141e-02 4.825552e-03 -3.020580e-04
          -1.345235e-02 4.824278e-03 -2.423306e-03
          -1.345355e-02 4.821148e-03 -4.847835e-03
          -1.345237e-02 4.537150e-03 -3.019766e-04
          -1.345250e-02 4.536953e-03 -6.050181e-04
          -1.345264e-02 4.536755e-03 -9.080596e-04
          -1.345318e-02 4.535966e-03 -2.120226e-03
          -1.345331e-02 4.535769e-03 -2.423267e-03
          -1.345345e-02 4.535412e-03 -2.726329e-03
          -1.345433e-02 4.532944e-03 -4.544741e-03
          -1.345447e-02 4.532532e-03 -4.847810e-03
          -1.345332e-02 4.248748e-03 -3.018951e-04
          -1.345345e-02 4.248536e-03 -6.049426e-04
          -1.345359e-02 4.248323e-03 -9.079902e-04
          -1.345400e-02 4.247685e-03 -1.817133e-03
          -1.345414e-02 4.247473e-03 -2.120181e-03
          -1.345427e-02 4.247260e-03 -2.423228e-03
          -1.345441e-02 4.246889e-03 -2.726293e-03
          -1.345512e-02 4.244766e-03 -4.241644e-03
          -1.345526e-02 4.244341e-03 -4.544714e-03
          -1.345540e-02 4.243917e-03 -4.847785e-03
          -1.345482e-02 3.959435e-03 -1.514028e-03
          -1.345496e-02 3.959207e-03 -1.817082e-03
          -1.345509e-02 3.958979e-03 -2.120135e-03
          -1.345523e-02 3.958751e-03 -2.423189e-03
          -1.345578e-02 3.670971e-03 -1.513971e-03
          -1.345591e-02 3.670728e-03 -1.817030e-03
          -1.345605e-02 3.670485e-03 -2.120090e-03
          -1.345619e-02 3.670242e-03 -2.423150e-03
          -1.345673e-02 3.382508e-03 -1.513913e-03
          -1.345687e-02 3.382250e-03 -1.816979e-03
          -1.345701e-02 3.381991e-03 -2.120045e-03
          -1.345715e-02 3.381733e-03 -2.423110e-03
          -1.345728e-02 3.381320e-03 -2.726183e-03
          -1.345741e-02 3.380856e-03 -3.029258e-03
          -1.345769e-02 3.094044e-03 -1.513856e-03
          -1.345783e-02 3.093771e-03 -1.816928e-03
          -1.345797e-02 3.093497e-03 -2.119999e-03
          -1.345811e-02 3.093223e-03 -2.423071e-03
          -1.345824e-02 3.092797e-03 -2.726147e-03
          -1.345879e-02 2.805291e-03 -1.816876e-03
          -1.345893e-02 2.805002e-03 -2.119954e-03
          -1.345907e-02 2.804713e-03 -2.423032e-03
          -1.345968e-02 2.516944e-03 -1.513734e-03
          -1.345983e-02 2.516642e-03 -1.816817e-03
          -1.345997e-02 2.516339e-03 -2.119901e-03
          -1.346012e-02 2.516037e-03 -2.422984e-03
          -1.346024e-02 2.515584e-03 -2.726066e-03
          -1.346035e-02 2.515081e-03 -3.029147e-03
          -1.346101e-02 2.227744e-03 -1.513645e-03
          -1.346115e-02 2.227436e-03 -1.816733e-03
          -1.346129e-02 2.227128e-03 -2.119821e-03
          -1.346154e-02 2.226361e-03 -2.725996e-03
          -1.346163e-02 2.225851e-03 -3.029083e-03
          -1.346179e-02 1.939799e-03 -3.011881e-04
          -1.346233e-02 1.938543e-03 -1.513557e-03
          -1.346247e-02 1.938230e-03 -1.816649e-03
          -1.346283e-02 1.937137e-03 -2.725926e-03
          -1.346291e-02 1.936620e-03 -3.029020e-03
          -1.346314e-02 1.650621e-03 -3.010818e-04
          -1.346327e-02 1.650301e-03 -6.041784e-04
          -1.346366e-02 1.649343e-03 -1.513468e-03
          -1.346379e-02 1.649023e-03 -1.816565e-03
          -1.346413e-02 1.647913e-03 -2.725856e-03
          -1.346420e-02 1.647389e-03 -3.028956e-03
          -1.346448e-02 1.361443e-03 -3.009756e-04
          -1.346460e-02 1.361117e-03 -6.040765e-04
          -1.346473e-02 1.360792e-03 -9.071775e-04
          -1.346498e-02 1.360142e-03 -1.513379e-03
          -1.346511e-02 1.359817e-03 -1.816480e-03
          -1.346523e-02 1.359492e-03 -2.119581e-03
          -1.346543e-02 1.358688e-03 -2.725787e-03
          -1.346548e-02 1.358158e-03 -3.028892e-03
          -1.346553e-02 1.357628e-03 -3.331998e-03
          -1.346582e-02 1.072264e-03 -3.008694e-04
          -1.346594e-02 1.071933e-03 -6.039747e-04
          -1.346606e-02 1.071603e-03 -9.070800e-04
          -1.346618e-02 1.071272e-03 -1.210185e-03
          -1.346631e-02 1.070941e-03 -1.513291e-03
          -1.346643e-02 1.070610e-03 -1.816396e-03
          -1.346655e-02 1.070279e-03 -2.119501e-03
          -1.346667e-02 1.069948e-03 -2.422607e-03
          -1.346673e-02 1.069464e-03 -2.725717e-03
          -1.346676e-02 1.068927e-03 -3.028829e-03
          -1.346679e-02 1.068391e-03 -3.331941e-03
          -1.346683e-02 1.067854e-03 -3.635053e-03
          -1.346716e-02 7.830856e-04 -3.007632e-04
          -1.346728e-02 7.827491e-04 -6.038729e-04
          -1.346739e-02 7.824126e-04 -9.069826e-04
          -1.346751e-02 7.820762e-04 -1.210092e-03
          -1.346763e-02 7.817397e-04 -1.513202e-03
          -1.346775e-02 7.814033e-04 -1.816312e-03
          -1.346786e-02 7.810668e-04 -2.119421e-03
          -1.346798e-02 7.807304e-04 -2.422531e-03
          -1.346802e-02 7.802394e-04 -2.725647e-03
          -1.346804e-02 7.796960e-04 -3.028765e-03
          -1.346806e-02 7.791526e-04 -3.331883e-03
          -1.346808e-02 7.786093e-04 -3.635001e-03
          -1.346809e-02 7.780659e-04 -3.938119e-03
          -1.346850e-02 4.939067e-04 -3.006570e-04
          -1.346861e-02 4.935646e-04 -6.037711e-04
          -1.346873e-02 4.932225e-04 -9.068851e-04
          -1.346884e-02 4.928804e-04 -1.209999e-03
          -1.346895e-02 4.925383e-04 -1.513113e-03
          -1.346906e-02 4.921963e-04 -1.816227e-03
          -1.346918e-02 4.918542e-04 -2.119342e-03
          -1.346929e-02 4.915121e-04 -2.422456e-03
          -1.346932e-02 4.910147e-04 -2.725577e-03
          -1.346932e-02 4.904646e-04 -3.028701e-03
          -1.346932e-02 4.899145e-04 -3.331826e-03
          -1.346933e-02 4.893644e-04 -3.634950e-03
          -1.346933e-02 4.888142e-04 -3.938074e-03
          -1.346933e-02 4.882641e-04 -4.241198e-03
          -1.346933e-02 4.877139e-04 -4.544322e-03
          -1.346984e-02 2.047277e-04 -3.005508e-04
          -1.346995e-02 2.043800e-04 -6.036692e-04
          -1.347006e-02 2.040322e-04 -9.067877e-04
          -1.347016e-02 2.036845e-04 -1.209906e-03
          -1.347027e-02 2.033368e-04 -1.513025e-03
          -1.347038e-02 2.029891e-04 -1.816143e-03
          -1.347049e-02 2.026414e-04 -2.119262e-03
          -1.347060e-02 2.022937e-04 -2.422380e-03
          -1.347062e-02 2.017898e-04 -2.725507e-03
          -1.347060e-02 2.012330e-04 -3.028638e-03
          -1.347059e-02 2.006762e-04 -3.331768e-03
          -1.347058e-02 2.001194e-04 -3.634898e-03
          -1.347056e-02 1.995625e-04 -3.938029e-03
          -1.347055e-02 1.990056e-04 -4.241159e-03
          -1.347054e-02 1.984487e-04 -4.544289e-03
          -1.347052e-02 1.978918e-04 -4.847420e-03
          -1.347115e-02 -8.463142e-05 -3.004451e-04
          -1.347125e-02 -8.498469e-05 -6.035689e-04
          -1.347136e-02 -8.533795e-05 -9.066926e-04
          -1.347166e-02 -8.639768e-05 -1.816064e-03
          -1.347176e-02 -8.675091e-05 -2.119188e-03
          -1.347186e-02 -8.710413e-05 -2.422311e-03
          -1.347186e-02 -8.761131e-05 -2.725443e-03
          -1.347184e-02 -8.817073e-05 -3.028578e-03
          -1.347181e-02 -8.873016e-05 -3.331713e-03
          -1.347243e-02 -3.742738e-04 -3.003402e-04
          -1.347252e-02 -3.746315e-04 -6.034705e-04
          -1.347260e-02 -3.749892e-04 -9.066009e-04
          -1.347287e-02 -3.760622e-04 -1.815992e-03
          -1.347296e-02 -3.764199e-04 -2.119122e-03
          -1.347305e-02 -3.767776e-04 -2.422253e-03
          -1.347304e-02 -3.772824e-04 -2.725387e-03
          -1.347301e-02 -3.778372e-04 -3.028524e-03
          -1.347298e-02 -3.783920e-04 -3.331660e-03
          -1.347281e-02 -3.811660e-04 -4.847343e-03
          -1.347370e-02 -6.639160e-04 -3.002353e-04
          -1.347378e-02 -6.642781e-04 -6.033722e-04
          -1.347385e-02 -6.646402e-04 -9.065091e-04
          -1.347408e-02 -6.657266e-04 -1.815920e-03
          -1.347416e-02 -6.660887e-04 -2.119057e-03
          -1.347423e-02 -6.664508e-04 -2.422194e-03
          -1.347422e-02 -6.669532e-04 -2.725332e-03
          -1.347418e-02 -6.675034e-04 -3.028470e-03
          -1.347414e-02 -6.680536e-04 -3.331608e-03
          -1.347397e-02 -6.702543e-04 -4.544160e-03
          -1.347393e-02 -6.708045e-04 -4.847299e-03
          -1.347497e-02 -9.535578e-04 -3.001304e-04
          -1.347504e-02 -9.539243e-04 -6.032739e-04
          -1.347510e-02 -9.542909e-04 -9.064173e-04
          -1.347529e-02 -9.553906e-04 -1.815848e-03
          -1.347536e-02 -9.557571e-04 -2.118991e-03
          -1.347542e-02 -9.561237e-04 -2.422135e-03
          -1.347624e-02 -1.243199e-03 -3.000255e-04
          -1.347630e-02 -1.243570e-03 -6.031755e-04
          -1.347635e-02 -1.243941e-03 -9.063256e-04
          -1.347650e-02 -1.245054e-03 -1.815776e-03
          -1.347656e-02 -1.245425e-03 -2.118926e-03
          -1.347661e-02 -1.245796e-03 -2.422076e-03
          -1.347752e-02 -1.532841e-03 -2.999206e-04
          -1.347772e-02 -1.534718e-03 -1.815704e-03
          -1.347775e-02 -1.535093e-03 -2.118861e-03
          -1.347779e-02 -1.535469e-03 -2.422017e-03
          -1.347776e-02 -1.535964e-03 -2.725164e-03
          -1.347769e-02 -1.536501e-03 -3.028307e-03
          -1.347762e-02 -1.537037e-03 -3.331451e-03
          -1.347893e-02 -1.824381e-03 -1.815632e-03
          -1.347895e-02 -1.824761e-03 -2.118795e-03
          -1.347898e-02 -1.825141e-03 -2.421958e-03
          -1.347893e-02 -1.825634e-03 -2.725108e-03
          -1.347886e-02 -1.826166e-03 -3.028253e-03
          -1.348014e-02 -2.114044e-03 -1.815560e-03
          -1.348015e-02 -2.114429e-03 -2.118730e-03
          -1.348017e-02 -2.114813e-03 -2.421900e-03
          -1.348011e-02 -2.115304e-03 -2.725052e-03
          -1.348003e-02 -2.115831e-03 -3.028199e-03
          -1.348135e-02 -2.403707e-03 -1.815488e-03
          -1.348135e-02 -2.404096e-03 -2.118664e-03
          -1.348135e-02 -2.404485e-03 -2.421841e-03
          -1.348129e-02 -2.404973e-03 -2.724996e-03
          -1.348120e-02 -2.405496e-03 -3.028145e-03
          -1.348229e-02 -2.693743e-03 -1.815398e-03
          -1.348229e-02 -2.694129e-03 -2.118578e-03
          -1.348221e-02 -2.694994e-03 -2.724917e-03
          -1.348304e-02 -2.984057e-03 -1.815294e-03
          -1.348605e-02 -4.144969e-03 -1.511693e-03
          -1.348602e-02 -4.145313e-03 -1.814879e-03
          -1.348600e-02 -4.145657e-03 -2.118064e-03
          -1.374048e-02 1.001366e-02 -2.424342e-03
          -1.374136e-02 1.001260e-02 -4.848527e-03
          -1.374066e-02 9.725337e-03 -2.121293e-03
          -1.374073e-02 9.725276e-03 -2.424296e-03
          -1.374152e-02 9.724310e-03 -4.545463e-03
          -1.374163e-02 9.724169e-03 -4.848488e-03
          -1.374041e-02 9.437433e-03 -2.056924e-07
          -1.374084e-02 9.437029e-03 -1.818239e-03
          -1.374091e-02 9.436961e-03 -2.121245e-03
          -1.374098e-02 9.436894e-03 -2.424250e-03
          -1.374062e-02 9.149106e-03 -1.416033e-07
          -1.374108e-02 9.148661e-03 -1.818189e-03
          -1.374115e-02 9.148587e-03 -2.121197e-03
          -1.374123e-02 9.148512e-03 -2.424204e-03
          -1.374083e-02 8.860779e-03 -7.751236e-08
          -1.374140e-02 8.860212e-03 -2.121148e-03
          -1.374148e-02 8.860131e-03 -2.424158e-03
          -1.374159e-02 8.859992e-03 -2.727181e-03
          -1.374171e-02 8.859833e-03 -3.030208e-03
          -1.374183e-02 8.859674e-03 -3.333235e-03
          -1.374164e-02 8.571837e-03 -2.121100e-03
          -1.374173e-02 8.571749e-03 -2.424112e-03
          -1.374184e-02 8.571604e-03 -2.727136e-03
          -1.374197e-02 8.571439e-03 -3.030164e-03
          -1.374209e-02 8.571274e-03 -3.333191e-03
          -1.374189e-02 8.283462e-03 -2.121052e-03
          -1.374198e-02 8.283367e-03 -2.424066e-03
          -1.374213e-02 7.995087e-03 -2.121004e-03
          -1.374223e-02 7.994985e-03 -2.424020e-03
          -1.374294e-02 7.418423e-03 -1.817858e-03
          -1.374304e-02 7.418311e-03 -2.120879e-03
          -1.374363e-02 7.130025e-03 -1.817779e-03
          -1.374814e-02 5.399069e-03 -2.726416e-03
          -1.374828e-02 5.398746e-03 -3.029481e-03
          -1.374842e-02 5.398423e-03 -3.332546e-03
          -1.374949e-02 4.822518e-03 -2.120208e-03
          -1.374961e-02 4.822356e-03 -2.423245e-03
          -1.375070e-02 4.819606e-03 -4.847801e-03
          -1.375038e-02 4.533963e-03 -2.120162e-03
          -1.375050e-02 4.533787e-03 -2.423204e-03
          -1.375143e-02 4.531316e-03 -4.544699e-03
          -1.375156e-02 4.530956e-03 -4.847771e-03
          -1.375115e-02 4.245600e-03 -1.817066e-03
          -1.375127e-02 4.245408e-03 -2.120115e-03
          -1.375140e-02 4.245217e-03 -2.423163e-03
          -1.375204e-02 3.957060e-03 -1.817014e-03
          -1.375217e-02 3.956854e-03 -2.120068e-03
          -1.375229e-02 3.956648e-03 -2.423122e-03
          -1.375242e-02 3.956312e-03 -2.726191e-03
          -1.375254e-02 3.955933e-03 -3.029266e-03
          -1.375267e-02 3.955553e-03 -3.332340e-03
          -1.375280e-02 3.955174e-03 -3.635414e-03
          -1.375293e-02 3.668520e-03 -1.816961e-03
          -1.375306e-02 3.668299e-03 -2.120021e-03
          -1.375318e-02 3.668078e-03 -2.423081e-03
          -1.375331e-02 3.667731e-03 -2.726153e-03
          -1.375343e-02 3.667342e-03 -3.029228e-03
          -1.375355e-02 3.666952e-03 -3.332304e-03
          -1.375382e-02 3.379980e-03 -1.816909e-03
          -1.375395e-02 3.379744e-03 -2.119974e-03
          -1.375408e-02 3.379508e-03 -2.423040e-03
          -1.375420e-02 3.379150e-03 -2.726114e-03
          -1.375432e-02 3.378751e-03 -3.029191e-03
          -1.375471e-02 3.091439e-03 -1.816856e-03
          -1.375484e-02 3.091189e-03 -2.119928e-03
          -1.375497e-02 3.090938e-03 -2.422999e-03
          -1.375509e-02 3.090569e-03 -2.726076e-03
          -1.375560e-02 2.802898e-03 -1.816803e-03
          -1.375573e-02 2.802633e-03 -2.119881e-03
          -1.375586e-02 2.802368e-03 -2.422959e-03
          -1.375657e-02 2.514190e-03 -1.816742e-03
          -1.375670e-02 2.513912e-03 -2.119825e-03
          -1.375684e-02 2.513634e-03 -2.422908e-03
          -1.375780e-02 2.224945e-03 -1.816655e-03
          -1.375793e-02 2.224663e-03 -2.119741e-03
          -1.375904e-02 1.935700e-03 -1.816568e-03
          -1.376423e-02 7.776832e-04 -2.725539e-03
          -1.376465e-02 4.910093e-04 -3.006019e-04
          -1.376544e-02 4.884226e-04 -2.725464e-03
          -1.376545e-02 4.879442e-04 -3.028589e-03
          -1.376665e-02 1.991619e-04 -2.725389e-03
          -1.376664e-02 1.986765e-04 -3.028520e-03
          -1.376664e-02 1.981910e-04 -3.331651e-03
          -1.376663e-02 1.977056e-04 -3.634782e-03
          -1.376663e-02 1.972201e-04 -3.937914e-03
          -1.376771e-02 -8.947684e-05 -2.119079e-03
          -1.376781e-02 -8.979338e-05 -2.422193e-03
          -1.376772e-02 -9.316926e-05 -4.544135e-03
          -1.376770e-02 -9.365775e-05 -4.847271e-03
          -1.376883e-02 -3.790839e-04 -2.119017e-03
          -1.376892e-02 -3.794058e-04 -2.422137e-03
          -1.376879e-02 -3.827594e-04 -4.544090e-03
          -1.376877e-02 -3.832444e-04 -4.847227e-03
          -1.376996e-02 -6.686907e-04 -2.118955e-03
          -1.377003e-02 -6.690180e-04 -2.422082e-03
          -1.376983e-02 -6.728309e-04 -4.847183e-03
          -1.377102e-02 -9.579647e-04 -1.815759e-03
          -1.377108e-02 -9.582973e-04 -2.118893e-03
          -1.377114e-02 -9.586299e-04 -2.422026e-03
          -1.377215e-02 -1.247566e-03 -1.815691e-03
          -1.377220e-02 -1.247904e-03 -2.118831e-03
          -1.377226e-02 -1.248242e-03 -2.421971e-03
          -1.377224e-02 -1.248681e-03 -2.725111e-03
          -1.377220e-02 -1.249156e-03 -3.028252e-03
          -1.377216e-02 -1.249631e-03 -3.331392e-03
          -1.377212e-02 -1.250105e-03 -3.634533e-03
          -1.377329e-02 -1.537166e-03 -1.815622e-03
          -1.377333e-02 -1.537510e-03 -2.118769e-03
          -1.377337e-02 -1.537853e-03 -2.421915e-03
          -1.377334e-02 -1.538292e-03 -2.725058e-03
          -1.377330e-02 -1.538763e-03 -3.028200e-03
          -1.377325e-02 -1.539234e-03 -3.331342e-03
          -1.377442e-02 -1.826767e-03 -1.815554e-03
          -1.377445e-02 -1.827116e-03 -2.118707e-03
          -1.377448e-02 -1.827464e-03 -2.421860e-03
          -1.377445e-02 -1.827902e-03 -2.725005e-03
          -1.377440e-02 -1.828369e-03 -3.028149e-03
          -1.377556e-02 -2.116367e-03 -1.815485e-03
          -1.377557e-02 -2.116721e-03 -2.118645e-03
          -1.377559e-02 -2.117076e-03 -2.421804e-03
          -1.377555e-02 -2.117512e-03 -2.724953e-03
          -1.377669e-02 -2.405967e-03 -1.815417e-03
          -1.377670e-02 -2.406327e-03 -2.118583e-03
          -1.377670e-02 -2.406686e-03 -2.421749e-03
          -1.377757e-02 -2.695941e-03 -1.815330e-03
          -1.377757e-02 -2.696299e-03 -2.118499e-03
          -1.377827e-02 -2.986188e-03 -1.815229e-03
          -1.378364e-02 -5.308473e-03 -2.117622e-03
          -1.378361e-02 -5.308768e-03 -2.420801e-03
          -1.403790e-02 1.001296e-02 -2.424313e-03
          -1.403868e-02 1.001203e-02 -4.848523e-03
          -1.403770e-02 9.724961e-03 -2.208083e-07
          -1.403809e-02 9.724579e-03 -2.121261e-03
          -1.403815e-02 9.724525e-03 -2.424267e-03
          -1.403791e-02 9.436574e-03 -1.548118e-07
          -1.403833e-02 9.436146e-03 -2.121213e-03
          -1.403839e-02 9.436085e-03 -2.424222e-03
          -1.403812e-02 9.148188e-03 -8.881341e-08
          -1.403858e-02 9.147714e-03 -2.121165e-03
          -1.403864e-02 9.147646e-03 -2.424176e-03
          -1.403874e-02 9.147531e-03 -2.727200e-03
          -1.403884e-02 9.147400e-03 -3.030229e-03
          -1.403894e-02 9.147269e-03 -3.333258e-03
          -1.403905e-02 9.147138e-03 -3.636286e-03
          -1.403882e-02 8.859281e-03 -2.121118e-03
          -1.403889e-02 8.859207e-03 -2.424131e-03
          -1.403899e-02 8.859087e-03 -2.727156e-03
          -1.403909e-02 8.858952e-03 -3.030185e-03
          -1.403920e-02 8.858817e-03 -3.333214e-03
          -1.403930e-02 8.858682e-03 -3.636243e-03
          -1.403906e-02 8.570849e-03 -2.121070e-03
          -1.403914e-02 8.570768e-03 -2.424086e-03
          -1.403924e-02 8.570643e-03 -2.727112e-03
          -1.403934e-02 8.570504e-03 -3.030141e-03
          -1.403945e-02 8.570365e-03 -3.333171e-03
          -1.403931e-02 8.282415e-03 -2.121022e-03
          -1.403939e-02 8.282328e-03 -2.424040e-03
          -1.403949e-02 8.282198e-03 -2.727067e-03
          -1.403960e-02 8.282055e-03 -3.030097e-03
          -1.403963e-02 7.993888e-03 -2.423995e-03
          -1.403974e-02 7.993754e-03 -2.727023e-03
          -1.403988e-02 7.705449e-03 -2.423949e-03
          -1.404045e-02 7.417070e-03 -2.120846e-03
          -1.404604e-02 5.109063e-03 -2.423225e-03
          -1.404676e-02 4.820575e-03 -2.120146e-03
          -1.404687e-02 4.820433e-03 -2.423183e-03
          -1.404785e-02 4.818065e-03 -4.847767e-03
          -1.404759e-02 4.531960e-03 -2.120097e-03
          -1.404769e-02 4.531804e-03 -2.423140e-03
          -1.404841e-02 4.529995e-03 -4.241583e-03
          -1.404841e-02 4.243344e-03 -2.120049e-03
          -1.404852e-02 4.243174e-03 -2.423098e-03
          -1.404864e-02 4.242896e-03 -2.726167e-03
          -1.404875e-02 4.242581e-03 -3.029243e-03
          -1.404887e-02 4.242267e-03 -3.332319e-03
          -1.404899e-02 4.241952e-03 -3.635395e-03
          -1.404911e-02 4.241638e-03 -3.938470e-03
          -1.404924e-02 3.954728e-03 -2.120001e-03
          -1.404935e-02 3.954544e-03 -2.423055e-03
          -1.404946e-02 3.954257e-03 -2.726126e-03
          -1.404958e-02 3.953936e-03 -3.029203e-03
          -1.404969e-02 3.953615e-03 -3.332280e-03
          -1.404981e-02 3.953294e-03 -3.635357e-03
          -1.405006e-02 3.666112e-03 -2.119952e-03
          -1.405017e-02 3.665914e-03 -2.423013e-03
          -1.405029e-02 3.665619e-03 -2.726086e-03
          -1.405040e-02 3.665291e-03 -3.029163e-03
          -1.405051e-02 3.664963e-03 -3.332241e-03
          -1.405089e-02 3.377496e-03 -2.119904e-03
          -1.405100e-02 3.377284e-03 -2.422970e-03
          -1.405111e-02 3.376980e-03 -2.726046e-03
          -1.405122e-02 3.376645e-03 -3.029124e-03
          -1.405171e-02 3.088880e-03 -2.119856e-03
          -1.405183e-02 3.088653e-03 -2.422928e-03
          -1.405194e-02 3.088341e-03 -2.726005e-03
          -1.405253e-02 2.800264e-03 -2.119808e-03
          -1.405265e-02 2.800023e-03 -2.422885e-03
          -1.405343e-02 2.511484e-03 -2.119750e-03
          -1.405355e-02 2.511232e-03 -2.422832e-03
          -1.405458e-02 2.222198e-03 -2.119662e-03
          -1.406366e-02 -9.220220e-05 -2.118970e-03
          -1.406375e-02 -9.248208e-05 -2.422074e-03
          -1.406372e-02 -9.578792e-05 -4.847155e-03
          -1.406471e-02 -3.817473e-04 -2.118912e-03
          -1.406479e-02 -3.820335e-04 -2.422022e-03
          -1.406474e-02 -3.849073e-04 -4.543974e-03
          -1.406472e-02 -3.853225e-04 -4.847111e-03
          -1.406576e-02 -6.712923e-04 -2.118853e-03
          -1.406583e-02 -6.715847e-04 -2.421970e-03
          -1.406576e-02 -6.740312e-04 -4.240792e-03
          -1.406681e-02 -9.608369e-04 -2.118794e-03
          -1.406687e-02 -9.611356e-04 -2.421918e-03
          -1.406687e-02 -9.615177e-04 -2.725053e-03
          -1.406685e-02 -9.619282e-04 -3.028191e-03
          -1.406683e-02 -9.623387e-04 -3.331330e-03
          -1.406681e-02 -9.627492e-04 -3.634469e-03
          -1.406679e-02 -9.631597e-04 -3.937607e-03
          -1.406785e-02 -1.250381e-03 -2.118736e-03
          -1.406791e-02 -1.250686e-03 -2.421866e-03
          -1.406790e-02 -1.251068e-03 -2.725003e-03
          -1.406788e-02 -1.251476e-03 -3.028142e-03
          -1.406785e-02 -1.251884e-03 -3.331282e-03
          -1.406783e-02 -1.252293e-03 -3.634421e-03
          -1.406890e-02 -1.539926e-03 -2.118677e-03
          -1.406894e-02 -1.540237e-03 -2.421813e-03
          -1.406893e-02 -1.540619e-03 -2.724953e-03
          -1.406890e-02 -1.541024e-03 -3.028093e-03
          -1.406888e-02 -1.541430e-03 -3.331234e-03
          -1.406995e-02 -1.829470e-03 -2.118619e-03
          -1.406998e-02 -1.829787e-03 -2.421761e-03
          -1.406996e-02 -1.830169e-03 -2.724903e-03
          -1.406993e-02 -1.830572e-03 -3.028044e-03
          -1.407100e-02 -2.119014e-03 -2.118560e-03
          -1.407102e-02 -2.119337e-03 -2.421709e-03
          -1.407099e-02 -2.119719e-03 -2.724853e-03
          -1.407204e-02 -2.408557e-03 -2.118501e-03
          -1.407205e-02 -2.408887e-03 -2.421657e-03
          -1.407286e-02 -2.698469e-03 -2.118420e-03
          -1.407854e-02 -5.310037e-03 -2.117570e-03
          -1.407852e-02 -5.310322e-03 -2.420736e-03
          -1.407774e-02 -5.312281e-03 -4.846241e-03
          -1.407899e-02 -5.600459e-03 -2.420674e-03
          -1.407945e-02 -5.890596e-03 -2.420611e-03
          -1.407991e-02 -6.180733e-03 -2.420549e-03
          -1.407982e-02 -6.180963e-03 -2.723735e-03
          -1.407972e-02 -6.181188e-03 -3.026923e-03
          -1.407962e-02 -6.181414e-03 -3.330112e-03
          -1.407953e-02 -6.181639e-03 -3.633301e-03
          -1.408037e-02 -6.470870e-03 -2.420486e-03
          -1.408009e-02 -6.471530e-03 -3.330051e-03
          -1.408083e-02 -6.761007e-03 -2.420424e-03
          -1.408129e-02 -7.051143e-03 -2.420361e-03
          -1.408175e-02 -7.341280e-03 -2.420298e-03
          -1.408221e-02 -7.631416e-03 -2.420236e-03
          -1.433499e-02 1.001261e-02 -2.399624e-07
          -1.433532e-02 1.001226e-02 -2.424289e-03
          -1.433520e-02 9.724162e-03 -1.720639e-07
          -1.433557e-02 9.723765e-03 -2.424243e-03
          -1.433590e-02 9.723362e-03 -3.636357e-03
          -1.433599e-02 9.723258e-03 -3.939387e-03
          -1.433607e-02 9.723155e-03 -4.242417e-03
          -1.433581e-02 9.435268e-03 -2.424198e-03
          -1.433589e-02 9.435175e-03 -2.727223e-03
          -1.433598e-02 9.435069e-03 -3.030253e-03
          -1.433606e-02 9.434962e-03 -3.333284e-03
          -1.433615e-02 9.434856e-03 -3.636314e-03
          -1.433624e-02 9.434750e-03 -3.939344e-03
          -1.433606e-02 9.146773e-03 -2.424152e-03
          -1.433614e-02 9.146676e-03 -2.727179e-03
          -1.433623e-02 9.146568e-03 -3.030209e-03
          -1.433631e-02 9.146460e-03 -3.333240e-03
          -1.433640e-02 9.146351e-03 -3.636270e-03
          -1.433630e-02 8.858278e-03 -2.424107e-03
          -1.433639e-02 8.858178e-03 -2.727134e-03
          -1.433647e-02 8.858067e-03 -3.030165e-03
          -1.433656e-02 8.857957e-03 -3.333196e-03
          -1.433665e-02 8.857846e-03 -3.636227e-03
          -1.433655e-02 8.569783e-03 -2.424061e-03
          -1.433663e-02 8.569679e-03 -2.727089e-03
          -1.433672e-02 8.569566e-03 -3.030121e-03
          -1.433681e-02 8.569453e-03 -3.333152e-03
          -1.433680e-02 8.281286e-03 -2.424016e-03
          -1.433688e-02 8.281180e-03 -2.727045e-03
          -1.433697e-02 8.281065e-03 -3.030076e-03
          -1.433704e-02 7.992791e-03 -2.423970e-03
          -1.433713e-02 7.992681e-03 -2.727000e-03
          -1.433729e-02 7.704295e-03 -2.423925e-03
          -1.434337e-02 5.107179e-03 -2.423176e-03
          -1.434413e-02 4.818492e-03 -2.423130e-03
          -1.434488e-02 4.816774e-03 -4.544657e-03
          -1.434499e-02 4.816524e-03 -4.847734e-03
          -1.434479e-02 4.529943e-03 -2.120040e-03
          -1.434489e-02 4.529805e-03 -2.423085e-03
          -1.434499e-02 4.529580e-03 -2.726154e-03
          -1.434510e-02 4.529327e-03 -3.029231e-03
          -1.434521e-02 4.529073e-03 -3.332308e-03
          -1.434531e-02 4.528819e-03 -3.635386e-03
          -1.434542e-02 4.528565e-03 -3.938463e-03
          -1.434553e-02 4.528312e-03 -4.241540e-03
          -1.434555e-02 4.241268e-03 -2.119989e-03
          -1.434565e-02 4.241118e-03 -2.423040e-03
          -1.434575e-02 4.240887e-03 -2.726110e-03
          -1.434586e-02 4.240629e-03 -3.029188e-03
          -1.434596e-02 4.240372e-03 -3.332266e-03
          -1.434607e-02 4.240114e-03 -3.635344e-03
          -1.434618e-02 4.239857e-03 -3.938422e-03
          -1.434631e-02 3.952595e-03 -2.119938e-03
          -1.434640e-02 3.952430e-03 -2.422994e-03
          -1.434651e-02 3.952194e-03 -2.726067e-03
          -1.434661e-02 3.951932e-03 -3.029145e-03
          -1.434672e-02 3.951671e-03 -3.332224e-03
          -1.434682e-02 3.951410e-03 -3.635302e-03
          -1.434716e-02 3.663743e-03 -2.422949e-03
          -1.434727e-02 3.663500e-03 -2.726023e-03
          -1.434737e-02 3.663235e-03 -3.029102e-03
          -1.434748e-02 3.662970e-03 -3.332181e-03
          -1.434792e-02 3.375055e-03 -2.422904e-03
          -1.434803e-02 3.374806e-03 -2.725980e-03
          -1.434813e-02 3.374537e-03 -3.029059e-03
          -1.434868e-02 3.086367e-03 -2.422858e-03
          -1.434878e-02 3.086112e-03 -2.725936e-03
          -1.434944e-02 2.797679e-03 -2.422813e-03
          -1.435027e-02 2.508832e-03 -2.422757e-03
          -1.435969e-02 -9.517917e-05 -2.421967e-03
          -1.435974e-02 -9.791492e-05 -4.847040e-03
          -1.436065e-02 -3.846680e-04 -2.421917e-03
          -1.436067e-02 -3.849887e-04 -2.725045e-03
          -1.436067e-02 -3.853329e-04 -3.028180e-03
          -1.436068e-02 -3.856770e-04 -3.331317e-03
          -1.436068e-02 -3.860211e-04 -3.634452e-03
          -1.436068e-02 -3.863652e-04 -3.937588e-03
          -1.436068e-02 -3.867093e-04 -4.240725e-03
          -1.436068e-02 -3.870534e-04 -4.543860e-03
          -1.436162e-02 -6.741567e-04 -2.421867e-03
          -1.436163e-02 -6.744784e-04 -2.724996e-03
          -1.436163e-02 -6.748215e-04 -3.028133e-03
          -1.436163e-02 -6.751646e-04 -3.331270e-03
          -1.436163e-02 -6.755077e-04 -3.634406e-03
          -1.436163e-02 -6.758508e-04 -3.937543e-03
          -1.436163e-02 -6.761938e-04 -4.240679e-03
          -1.436258e-02 -9.636452e-04 -2.421817e-03
          -1.436259e-02 -9.639678e-04 -2.724948e-03
          -1.436259e-02 -9.643099e-04 -3.028085e-03
          -1.436259e-02 -9.646520e-04 -3.331223e-03
          -1.436258e-02 -9.649940e-04 -3.634360e-03
          -1.436258e-02 -9.653361e-04 -3.937497e-03
          -1.436355e-02 -1.253133e-03 -2.421767e-03
          -1.436355e-02 -1.253457e-03 -2.724900e-03
          -1.436355e-02 -1.253798e-03 -3.028038e-03
          -1.436354e-02 -1.254139e-03 -3.331176e-03
          -1.436354e-02 -1.254480e-03 -3.634313e-03
          -1.436451e-02 -1.542622e-03 -2.421717e-03
          -1.436452e-02 -1.542946e-03 -2.724852e-03
          -1.436451e-02 -1.543286e-03 -3.027990e-03
          -1.436450e-02 -1.543626e-03 -3.331129e-03
          -1.436547e-02 -1.832109e-03 -2.421666e-03
          -1.436548e-02 -1.832435e-03 -2.724804e-03
          -1.436547e-02 -1.832774e-03 -3.027943e-03
          -1.436644e-02 -2.121597e-03 -2.421616e-03
          -1.436643e-02 -2.121924e-03 -2.724756e-03
          -1.436740e-02 -2.411085e-03 -2.421566e-03
          -1.437343e-02 -5.311851e-03 -2.420681e-03
          -1.437390e-02 -5.601893e-03 -2.420624e-03
          -1.437438e-02 -5.891936e-03 -2.420566e-03
          -1.437432e-02 -5.892145e-03 -2.723745e-03
          -1.437424e-02 -5.892342e-03 -3.026930e-03
          -1.437416e-02 -5.892539e-03 -3.330115e-03
          -1.437409e-02 -5.892737e-03 -3.633299e-03
          -1.437401e-02 -5.892934e-03 -3.936484e-03
          -1.437486e-02 -6.181978e-03 -2.420508e-03
          -1.437479e-02 -6.182181e-03 -2.723688e-03
          -1.437472e-02 -6.182375e-03 -3.026873e-03
          -1.437464e-02 -6.182569e-03 -3.330058e-03
          -1.437456e-02 -6.182762e-03 -3.633243e-03
          -1.437533e-02 -6.472020e-03 -2.420450e-03
          -1.437527e-02 -6.472218e-03 -2.723632e-03
          -1.437519e-02 -6.472408e-03 -3.026817e-03
          -1.437511e-02 -6.472598e-03 -3.330002e-03
          -1.437504e-02 -6.472789e-03 -3.633187e-03
          -1.437581e-02 -6.762062e-03 -2.420392e-03
          -1.437574e-02 -6.762254e-03 -2.723575e-03
          -1.437567e-02 -6.762441e-03 -3.026760e-03
          -1.437559e-02 -6.762628e-03 -3.329946e-03
          -1.437629e-02 -7.052103e-03 -2.420335e-03
          -1.437622e-02 -7.052289e-03 -2.723519e-03
          -1.437614e-02 -7.052473e-03 -3.026704e-03
          -1.437676e-02 -7.342145e-03 -2.420277e-03
          -1.437669e-02 -7.342325e-03 -2.723462e-03
          -1.437724e-02 -7.632186e-03 -2.420219e-03
          -1.463233e-02 1.001190e-02 -2.109441e-07
          -1.463254e-02 9.723404e-03 -1.415925e-07
          -1.464125e-02 4.816647e-03 -2.423161e-03
          -1.464195e-02 4.527932e-03 -2.423105e-03
          -1.464204e-02 4.527751e-03 -2.726172e-03
          -1.464213e-02 4.527555e-03 -3.029243e-03
          -1.464222e-02 4.527359e-03 -3.332315e-03
          -1.464232e-02 4.527164e-03 -3.635387e-03
          -1.464241e-02 4.526968e-03 -3.938458e-03
          -1.464250e-02 4.526772e-03 -4.241530e-03
          -1.464265e-02 4.239218e-03 -2.423049e-03
          -1.464274e-02 4.239031e-03 -2.726118e-03
          -1.464283e-02 4.238831e-03 -3.029191e-03
          -1.464292e-02 4.238631e-03 -3.332264e-03
          -1.464302e-02 4.238432e-03 -3.635337e-03
          -1.464311e-02 4.238232e-03 -3.938410e-03
          -1.464335e-02 3.950504e-03 -2.422993e-03
          -1.464344e-02 3.950311e-03 -2.726064e-03
          -1.464353e-02 3.950108e-03 -3.029138e-03
          -1.464362e-02 3.949904e-03 -3.332213e-03
          -1.464372e-02 3.949700e-03 -3.635288e-03
          -1.464404e-02 3.661790e-03 -2.422937e-03
          -1.464414e-02 3.661591e-03 -2.726010e-03
          -1.464423e-02 3.661383e-03 -3.029086e-03
          -1.464432e-02 3.661175e-03 -3.332162e-03
          -1.464484e-02 3.372871e-03 -2.725956e-03
          -1.464493e-02 3.372659e-03 -3.029034e-03
          -1.464554e-02 3.084151e-03 -2.725902e-03
          -1.464690e-02 2.506766e-03 -2.422707e-03
          -1.465646e-02 -3.869875e-04 -2.421917e-03
          -1.465650e-02 -3.872548e-04 -2.725038e-03
          -1.465652e-02 -3.875326e-04 -3.028163e-03
          -1.465654e-02 -3.878103e-04 -3.331289e-03
          -1.465657e-02 -3.880881e-04 -3.634415e-03
          -1.465659e-02 -3.883659e-04 -3.937541e-03
          -1.465661e-02 -3.886436e-04 -4.240667e-03
          -1.465664e-02 -3.889214e-04 -4.543792e-03
          -1.465738e-02 -6.764163e-04 -2.421858e-03
          -1.465741e-02 -6.766862e-04 -2.724981e-03
          -1.465743e-02 -6.769656e-04 -3.028109e-03
          -1.465745e-02 -6.772449e-04 -3.331236e-03
          -1.465747e-02 -6.775242e-04 -3.634364e-03
          -1.465749e-02 -6.778034e-04 -3.937491e-03
          -1.465752e-02 -6.780827e-04 -4.240619e-03
          -1.465833e-02 -9.661175e-04 -2.724925e-03
          -1.465834e-02 -9.663984e-04 -3.028054e-03
          -1.465836e-02 -9.666792e-04 -3.331183e-03
          -1.465838e-02 -9.669600e-04 -3.634312e-03
          -1.465840e-02 -9.672408e-04 -3.937441e-03
          -1.465924e-02 -1.255549e-03 -2.724868e-03
          -1.465925e-02 -1.255831e-03 -3.027999e-03
          -1.465927e-02 -1.256113e-03 -3.331130e-03
          -1.465928e-02 -1.256396e-03 -3.634261e-03
          -1.466015e-02 -1.544980e-03 -2.724812e-03
          -1.466017e-02 -1.545264e-03 -3.027944e-03
          -1.466018e-02 -1.545548e-03 -3.331077e-03
          -2.531565e-02 6.231588e-03 -8.498701e-08
        </DataArray>
      </Points>
      <Cells>
        <DataArray type="Int32" Name="connectivity" format="ascii">
          0 1 2 3 4 5 6 7 8 9 10 11 12 13 14 15 16 17 18 19 20 21 22 23 24 25 26 27 28 29 30 31 32 33 34 35 36 37 38 39 40 41 42 43 44 45 46 47 48 49 50 51 52 53 54 55 56 57 58 59 60 61 62 63 64 65 66 67 68 69 70 71 72 73 74 75 76 77 78 79 80 81 82 83 84 85 86 87 88 89 90 91 92 93 94 95 96 97 98 99 100 101 102 103 104 105 106 107 108 109 110 111 112 113 114 115 116 117 118 119 120 121 122 123 124 125 126 127 128 129 130 131 132 133 134 135 136 137 138 139 140 141 142 143 144 145 146 147 148 149 150 151 152 153 154 155 156 157 158 159 160 161 162 163 164 165 166 167 168 169 170 171 172 173 174 175 176 177 178 179 180 181 182 183 184 185 186 187 188 189 190 191 192 193 194 195 196 197 198 199 200 201 202 203 204 205 206 207 208 209 210 211 212 213 214 215 216 217 218 219 220 221 222 223 224 225 226 227 228 229 230 231 232 233 234 235 236 237 238 239 240 241 242 243 244 245 246 247 248 249 250 251 252 253 254 255 256 257 258 259 260 261 262 263 264 265 266 267 268 269 270 271 272 273 274 275 276 277 278 279 280 281 282 283 284 285 286 287 288 289 290 291 292 293 294 295 296 297 298 299 300 301 302 303 304 305 306 307 308 309 310 311 312 313 314 315 316 317 318 319 320 321 322 323 324 325 326 327 328 329 330 331 332 333 334 335 336 337 338 339 340 341 342 343 344 345 346 347 348 349 350 351 352 353 354 355 356 357 358 359 360 361 362 363 364 365 366 367 368 369 370 371 372 373 374 375 376 377 378 379 380 381 382 383 384 385 386 387 388 389 390 391 392 393 394 395 396 397 398 399 400 401 402 403 404 405 406 407 408 409 410 411 412 413 414 415 416 417 418 419 420 421 422 423 424 425 426 427 428 429 430 431 432 433 434 435 436 437 438 439 440 441 442 443 444 445 446 447 448 449 450 451 452 453 454 455 456 457 458 459 460 461 462 463 464 465 466 467 468 469 470 471 472 473 474 475 476 477 478 479 480 481 482 483 484 485 486 487 488 489 490 491 492 493 494 495 496 497 498 499 500 501 502 503 504 505 506 507 508 509 510 511 512 513 514 515 516 517 518 519 520 521 522 523 524 525 526 527 528 529 530 531 532 533 534 535 536 537 538 539 540 541 542 543 544 545 546 547 548 549 550 551 552 553 554 555 556 557 558 559 560 561 562 563 564 565 566 567 568 569 570 571 572 573 574 575 576 577 578 579 580 581 582 583 584 585 586 587 588 589 590 591 592 593 594 595 596 597 598 599 600 601 602 603 604 605 606 607 608 609 610 611 612 613 614 615 616 617 618 619 620 621 622 623 624 625 626 627 628 629 630 631 632 633 634 635 636 637 638 639 640 641 642 643 644 645 646 647 648 649 650 651 652 653 654 655 656 657 658 659 660 661 662 663 664 665 666 667 668 669 670 671 672 673 674 675 676 677 678 679 680 681 682 683 684 685 686 687 688 689 690 691 692 693 694 695 696 697 698 699 700 701 702 703 704 705 706 707 708 709 710 711 712 713 714 715 716 717 718 719 720 721 722 723 724 725 726 727 728 729 730 731 732 733 734 735 736 737 738 739 740 741 742 743 744 745 746 747 748 749 750 751 752 753 754 755 756 757 758 759 760 761 762 763 764 765 766 767 768 769 770 771 772 773 774 775 776 777 778 779 780 781 782 783 784 785 786 787 788 789 790 791 792 793 794 795 796 797 798 799 800 801 802 803 804 805 806 807 808 809 810 811 812 813 814 815 816 817 818 819 820 821 822 823 824 825 826 827 828 829 830 831 832 833 834 835 836 837 838 839 840 841 842 843 844 845 846 847 848 849 850 851 852 853 854 855 856 857 858 859 860 861 862 863 864 865 866 867 868 869 870 871 872 873 874 875 876 877 878 879 880 881 882 883 884 885 886 887 888 889 890 891 892 893 894 895 896 897 898 899 900 901 902 903 904 905 906 907 908 909 910 911 912 913 914 915 916 917 918 919 920 921 922 923 924 925 926 927 928 929 930 931 932 933 934 935 936 937 938 939 940 941 942 943 944 945 946 947 948 949 950 951 952 953 954 955 956 957 958 959 960 961 962 963 964 965 966 967 968 969 970 971 972 973 974 975 976 977 978 979 980 981 982 983 984 985 986 987 988 989 990 991 992 993 994 995 996 997 998 999 1000 1001 1002 1003 1004 1005 1006 1007 1008 1009 1010 1011 1012 1013 1014 1015 1016 1017 1018 1019 1020 1021 1022 1023 1024 1025 1026 1027 1028 1029 1030 1031 1032 1033 1034 1035 1036 1037 1038 1039 1040 1041 1042 1043 1044 1045 1046 1047 1048 1049 1050 1051 1052 1053 1054 1055 1056 1057 1058 1059 1060 1061 1062 1063 1064 1065 1066 1067 1068 1069 1070 1071 1072 1073 1074 1075 1076 1077 1078 1079 1080 1081 1082 1083 1084 1085 1086 1087 1088 1089 1090 1091 1092 1093 1094 1095 1096 1097 1098 1099 1100 1101 1102 1103 1104 1105 1106 1107 1108 1109 1110 1111 1112 1113 1114 1115 1116 1117 1118 1119 1120 1121 1122 1123 1124 1125 1126 1127 1128 1129 1130 1131 1132 1133 1134 1135 1136 1137 1138 1139 1140 1141 1142 1143 1144 1145 1146 1147 1148 1149 1150 1151 1152 1153 1154 1155 1156 1157 1158 1159 1160 1161 1162 1163 1164 1165 1166 1167 1168 1169 1170 1171 1172 1173 1174 1175 1176 1177 1178 1179 1180 1181 1182 1183 1184 1185 1186 1187 1188 1189 1190 1191 1192 1193 1194 1195 1196 1197 1198 1199 1200 1201 1202 1203 1204 1205 1206 1207 1208 1209 1210 1211 1212 1213 1214 1215 1216 1217 1218 1219 1220 1221 1222 1223 1224 1225 1226 1227 1228 1229 1230 1231 1232 1233 1234 1235 1236 1237 1238 1239 1240 1241 1242 1243 1244 1245 1246 1247 1248 1249 1250 1251 1252 1253 1254 1255 1256 1257 1258 1259 1260 1261 1262 1263 1264 1265 1266 1267 1268 1269 1270 1271 1272 1273 1274 1275 1276 1277 1278 1279 1280 1281 1282 1283 1284 1285 1286 1287 1288 1289 1290 1291 1292 1293 1294 1295 1296 1297 1298 1299 1300 1301 1302 1303 1304 1305 1306 1307 1308 1309 1310 1311 1312 1313 1314 1315 1316 1317 1318 1319 1320 1321 1322 1323 1324 1325 1326 1327 1328 1329 1330 1331 1332 1333 1334 1335 1336 1337 1338 1339 1340 1341 1342 1343 1344 1345 1346 1347 1348 1349 1350 1351 1352 1353 1354 1355 1356 1357 1358 1359 1360 1361 1362 1363 1364 1365 1366 1367 1368 1369 1370 1371 1372 1373 1374 1375 1376 1377 1378 1379 1380 1381 1382 1383 1384 1385 1386 1387 1388 1389 1390 1391 1392 1393 1394 1395 1396 1397 1398 1399 1400 1401 1402 1403 1404 1405 1406 1407 1408 1409 1410 1411 1412 1413 1414 1415 1416 1417 1418 1419 1420 1421 1422 1423 1424 1425 1426 1427 1428 1429 1430 1431 1432 1433 1434 1435 1436 1437 1438 1439 1440 1441 1442 1443 1444 1445 1446 1447 1448 1449 1450 1451 1452 1453 1454 1455 1456 1457 1458 1459 1460 1461 1462 1463 1464 1465 1466 1467 1468 1469 1470 1471 1472 1473 1474 1475 1476 1477 1478 1479 1480 1481 1482 1483 1484 1485 1486 1487 1488 1489 1490 1491 1492 1493 1494 1495 1496 1497 1498 1499 1500 1501 1502 1503 1504 1505 1506 1507 1508 1509 1510 1511 1512 1513 1514 1515 1516 1517 1518 1519 1520 1521 1522 1523 1524 1525 1526 1527 1528 1529 1530 1531 1532 1533 1534 1535 1536 1537 1538 1539 1540 1541 1542 1543 1544 1545 1546 1547 1548 1549 1550 1551 1552 1553 1554 1555 1556 1557 1558 1559 1560 1561 1562 1563 1564 1565 1566 1567 1568 1569 1570 1571 1572 1573 1574 1575 1576 1577 1578 1579 1580 1581 1582 1583 1584 1585 1586 1587 1588 1589 1590 1591 1592 1593 1594 1595 1596 1597 1598 1599 1600 1601 1602 1603 1604 1605 1606 1607 1608 1609 1610 1611 1612 1613 1614 1615 1616 1617 1618 1619 1620 1621 1622 1623 1624 1625 1626 1627 1628 1629 1630 1631 1632 1633 1634 1635 1636 1637 1638 1639 1640 1641 1642 1643 1644 1645 1646 1647 1648 1649 1650 1651 1652 1653 1654 1655 1656 1657 1658 1659 1660 1661 1662 1663 1664 1665 1666 1667 1668 1669 1670 1671 1672 1673 1674 1675 1676 1677 1678 1679 1680 1681 1682 1683 1684 1685 1686 1687 1688 1689 1690 1691 1692 1693 1694 1695 1696 1697 1698 1699 1700 1701 1702 1703 1704 1705 1706 1707 1708 1709 1710 1711 1712 1713 1714 1715 1716 1717 1718 1719 1720 1721 1722 1723 1724 1725 1726 1727 1728 1729 1730 1731 1732 1733 1734 1735 1736 1737 1738 1739 1740 1741 1742 1743 1744 1745 1746 1747 1748 1749 1750 1751 1752 1753 1754 1755 1756 1757 1758 1759 1760 1761 1762 1763 1764 1765 1766 1767 1768 1769 1770 1771 1772 1773 1774 1775 1776 1777 1778 1779 1780 1781 1782 1783 1784 1785 1786 1787 1788 1789 1790 1791 1792 1793 1794 1795 1796 1797 1798 1799 1800 1801 1802 1803 1804 1805 1806 1807 1808 1809 1810 1811 1812 1813 1814 1815 1816 1817 1818 1819 1820 1821 1822 1823 1824 1825 1826 1827 1828 1829 1830 1831 1832 1833 1834 1835 1836 1837 1838 1839 1840 1841 1842 1843 1844 1845 1846 1847 1848 1849 1850 1851 1852 1853 1854 1855 1856 1857 1858 1859 1860 1861 1862 1863 1864 1865 1866 1867 1868 1869 1870 1871 1872 1873 1874 1875 1876 1877 1878 1879 1880 1881 1882 1883 1884 1885 1886 1887 1888 1889 1890 1891 1892 1893 1894 1895 1896 1897 1898 1899 1900 1901 1902 1903 1904 1905 1906 1907 1908 1909 1910 1911 1912 1913 1914 1915 1916 1917 1918 1919 1920 1921 1922 1923 1924 1925 1926 1927 1928 1929 1930 1931 1932 1933 1934 1935 1936 1937 1938 1939 1940 1941 1942 1943 1944 1945 1946 1947 1948 1949 1950 1951 1952 1953 1954 1955 1956 1957 1958 1959 1960 1961 1962 1963 1964 1965 1966 1967 1968 1969 1970 1971 1972 1973 1974 1975 1976 1977 1978 1979 1980 1981 1982 1983 1984 1985 1986 1987 1988 1989 1990 1991 1992 1993 1994 1995 1996 1997 1998 1999 2000 2001 2002 2003 2004 2005 2006 2007 2008 2009 2010 2011 2012 2013 2014 2015 2016 2017 2018 2019 2020 2021 2022 2023 2024 2025 2026 2027 2028 2029 2030 2031 2032 2033 2034 2035 2036 2037 2038 2039 2040 2041 2042 2043 2044 2045 2046 2047 2048 2049 2050 2051 2052 2053 2054 2055 2056 2057 2058 2059 2060 2061 2062 2063 2064 2065 2066 2067 2068 2069 2070 2071 2072 2073 2074 2075 2076 2077 2078 2079 2080 2081 2082 2083 2084 2085 2086 2087 2088 2089 2090 2091 2092 2093 2094 2095 2096 2097 2098 2099 2100 2101 2102 2103 2104 2105 2106 2107 2108 2109 2110 2111 2112 2113 2114 2115 2116 2117 2118 2119 2120 2121 2122 2123 2124 2125 2126 2127 2128 2129 2130 2131 2132 2133 2134 2135 2136 2137 2138 2139 2140 2141 2142 2143 2144 2145 2146 2147 2148 2149 2150 2151 2152 2153 2154 2155 2156 2157 2158 2159 2160 2161 2162 2163 2164 2165 2166 2167 2168 2169 2170 2171 2172 2173 2174 2175 2176 2177 2178 2179 2180 2181 2182 2183 2184 2185 2186 2187 2188 2189 2190 2191 2192 2193 2194 2195 2196 2197 2198 2199 2200 2201 2202 2203 2204 2205 2206 2207 2208 2209 2210 2211 2212 2213 2214 2215 2216 2217 2218 2219 2220 2221 2222 2223 2224 2225 2226 2227 2228 2229 2230 2231 2232 2233 2234 2235 2236 2237 2238 2239 2240 2241 2242 2243 2244 2245 2246 2247 2248 2249 2250 2251 2252 2253 2254 2255 2256 2257 2258 2259 2260 2261 2262 2263 2264 2265 2266 2267 2268 2269 2270 2271 2272 2273 2274 2275 2276 2277 2278 2279 2280 2281 2282 2283 2284 2285 2286 2287 2288 2289 2290 2291 2292 2293 2294 2295 2296 2297 2298 2299 2300 2301 2302 2303 2304 2305 2306 2307 2308 2309 2310 2311 2312 2313 2314 2315 2316 2317 2318 2319 2320 2321 2322 2323 2324 2325 2326 2327 2328 2329 2330 2331 2332 2333 2334 2335 2336 2337 2338 2339 2340 2341 2342 2343 2344 2345 2346 2347 2348 2349 2350 2351 2352 2353 2354 2355 2356 2357 2358 2359 2360 2361 2362 2363 2364 2365 2366 2367 2368 2369 2370 2371 2372 2373 2374 2375 2376 2377 2378 2379 2380 2381 2382 2383 2384 2385 2386 2387 2388 2389 2390 2391 2392 2393 2394 2395 2396 2397 2398 2399 2400 2401 2402 2403 2404 2405 2406 2407 2408 2409 2410 2411 2412 2413 2414 2415 2416 2417 2418 2419 2420 2421 2422 2423 2424 2425 2426 2427 2428 2429 2430 2431 2432 2433 2434 2435 2436 2437 2438 2439 2440 2441 2442 2443 2444 2445 2446 2447 2448 2449 2450 2451 2452 2453 2454 2455 2456 2457 2458 2459 2460 2461 2462 2463 2464 2465 2466 2467 2468 2469 2470 2471 2472 2473 2474 2475 2476 2477 2478 2479 2480 2481 2482 2483 2484 2485 2486 2487 2488 2489 2490 2491 2492 2493 2494 2495 2496 2497 2498 2499 2500 2501 2502 2503 2504 2505 2506 2507 2508 2509 2510 2511 2512 2513 2514 2515 2516 2517 2518 2519 2520 2521 2522 2523 2524 2525 2526 2527 2528 2529 2530 2531 2532 2533 2534 2535 2536 2537 2538 2539 2540 2541 2542 2543 2544 2545 2546 2547 2548 2549 2550 2551 2552 2553 2554 2555 2556 2557 2558 2559 2560 2561 2562 2563 2564 2565 2566 2567 2568 2569 2570 2571 2572 2573 2574 2575 2576 2577 2578 2579 2580 2581 2582 2583 2584 2585 2586 2587 2588 2589 2590 2591 2592 2593 2594 2595 2596 2597 2598 2599 2600 2601 2602 2603 2604 2605 2606 2607 2608 2609 2610 2611 2612 2613 2614 2615 2616 2617 2618 2619 2620 2621 2622 2623 2624 2625 2626 2627 2628 2629 2630 2631 2632 2633 2634 2635 2636 2637 2638 2639 2640 2641 2642 2643 2644 2645 2646 2647 2648 2649 2650 2651 2652 2653 2654 2655 2656 2657 2658 2659 2660 2661 2662 2663 2664 2665 2666 2667 2668 2669 2670 2671 2672 2673 2674 2675 2676 2677 2678 2679 2680 2681 2682 2683 2684 2685 2686 2687 2688 2689 2690 2691 2692 2693 2694 2695 2696 2697 2698 2699 2700 2701 2702 2703 2704 2705 2706 2707 2708 2709 2710 2711 2712 2713 2714 2715 2716 2717 2718 2719 2720 2721 2722 2723 2724 2725 2726 2727 2728 2729 2730 2731 2732 2733 2734 2735 2736 2737 2738 2739 2740 2741 2742 2743 2744 2745 2746 2747 2748 2749 2750 2751 2752 2753 2754 2755 2756 2757 2758 2759 2760 2761 2762 2763 2764 2765 2766 2767 2768 2769 2770 2771 2772 2773 2774 2775 2776 2777 2778 2779 2780 2781 2782 2783 2784 2785 2786 2787 2788 2789 2790 2791 2792 2793 2794 2795 2796 2797 2798 2799 2800 2801 2802 2803 2804 2805 2806 2807 2808 2809 2810 2811 2812 2813 2814 2815 2816 2817 2818 2819 2820 2821 2822 2823 2824 2825 2826 2827 2828 2829 2830 2831 2832 2833 2834 2835 2836 2837 2838 2839 2840 2841 2842 2843 2844 2845 2846 2847 2848 2849 2850 2851 2852 2853 2854 2855 2856 2857 2858 2859 2860 2861 2862 2863 2864 2865 2866 2867 2868 2869 2870 2871 2872 2873 2874 2875 2876 2877 2878 2879 2880 2881 2882 2883 2884 2885 2886 2887 2888 2889 2890 2891 2892 2893 2894 2895 2896 2897 2898 2899 2900 2901 2902 2903 2904 2905 2906 2907 2908 2909 2910 2911 2912 2913 2914 2915 2916 2917 2918 2919 2920 2921 2922 2923 2924 2925 2926 2927 2928 2929 2930 2931 2932 2933 2934 2935 2936 2937 2938 2939 2940 2941 2942 2943 2944 2945 2946 2947 2948 2949 2950 2951 2952 2953 2954 2955 2956 2957 2958 2959 2960 2961 2962 2963 2964 2965 2966 2967 2968 2969 2970 2971 2972 2973 2974 2975 2976 2977 2978 2979 2980 2981 2982 2983 2984 2985 2986 2987 2988 2989 2990 2991 2992 2993 2994 2995 2996 2997 2998 2999 3000 3001 3002 3003 3004 3005 3006 3007 3008 3009 3010 3011 3012 3013 3014 3015 3016 3017 3018 3019 3020 3021 3022 3023 3024 3025 3026 3027 3028 3029 3030 3031 3032 3033 3034 3035 3036 3037 3038 3039 3040 3041 3042 3043 3044 3045 3046 3047 3048 3049 3050 3051 3052 3053 3054 3055 3056 3057 3058 3059 3060 3061 3062 3063 3064 3065 3066 3067 3068 3069 3070 3071 3072 3073 3074 3075 3076 3077 3078 3079 3080 3081 3082 3083 3084 3085 3086 3087 3088 3089 3090 3091 3092 3093 3094 3095 3096 3097 3098 3099 3100 3101 3102 3103 3104 3105 3106 3107 3108 3109 3110 3111 3112 3113 3114 3115 3116 3117 3118 3119 3120 3121 3122 3123 3124 3125 3126 3127 3128 3129 3130 3131 3132 3133 3134 3135 3136 3137 3138 3139 3140 3141 3142 3143 3144 3145 3146 3147 3148 3149 3150 3151 3152 3153 3154 3155 3156 3157 3158 3159 3160 3161 3162 3163 3164 3165 3166 3167 3168 3169 3170 3171 3172 3173 3174 3175 3176 3177 3178 3179 3180 3181 3182 3183 3184 3185 3186 3187 3188 3189 3190 3191 3192 3193 3194 3195 3196 3197 3198 3199 3200 3201 3202 3203 3204 3205 3206 3207 3208 3209 3210 3211 3212 3213 3214 3215 3216 3217 3218 3219 3220 3221 3222 3223 3224 3225 3226 3227 3228 3229 3230 3231 3232 3233 3234 3235 3236 3237 3238 3239 3240 3241 3242 3243 3244 3245 3246 3247 3248 3249 3250 3251 3252 3253 3254 3255 3256 3257 3258 3259 3260 3261 3262 3263 3264 3265 3266 3267 3268 3269 3270 3271 3272 3273 3274 3275 3276 3277 3278 3279 3280 3281 3282 3283 3284 3285 3286 3287 3288 3289 3290 3291 3292 3293 3294 3295 3296 3297 3298 3299 3300 3301 3302 3303 3304 3305 3306 3307 3308 3309 3310 3311 3312 3313 3314 3315 3316 3317 3318 3319 3320 3321 3322 3323 3324 3325 3326 3327 3328 3329 3330 3331 3332 3333 3334 3335 3336 3337 3338 3339 3340 3341 3342 3343 3344 3345 3346 3347 3348 3349 3350 3351 3352 3353 3354 3355 3356 3357 3358 3359 3360 3361 3362 3363 3364 3365 3366 3367 3368 3369 3370 3371 3372 3373 3374 3375 3376 3377 3378 3379 3380 3381 3382 3383 3384 3385 3386 3387 3388 3389 3390 3391 3392 3393 3394 3395 3396 3397 3398 3399 3400 3401 3402 3403 3404 3405 3406 3407 3408 3409 3410 3411 3412 3413 3414 3415 3416 3417 3418 3419 3420 3421 3422 3423 3424 3425 3426 3427 3428 3429 3430 3431 3432 3433 3434 3435 3436 3437 3438 3439 3440 3441 3442 3443 3444 3445 3446 3447 3448 3449 3450 3451 3452 3453 3454 3455 3456 3457 3458 3459 3460 3461 3462 3463 3464 3465 3466 3467 3468 3469 3470 3471 3472 3473 3474 3475 3476 3477 3478 3479 3480 3481 3482 3483 3484 3485 3486 3487 3488 3489 3490 3491 3492 3493 3494 3495 3496 3497 3498 3499 3500 3501 3502 3503 3504 3505 3506 3507 3508 3509 3510 3511 3512 3513 3514 3515 3516 3517 3518 3519 3520 3521 3522 3523 3524 3525 3526 3527 3528 3529 3530 3531 3532 3533 3534 3535 3536 3537 3538 3539 3540 3541 3542 3543 3544 3545 3546 3547 3548 3549 3550 3551 3552 3553 3554 3555 3556 3557 3558 3559 3560 3561 3562 3563 3564 3565 3566 3567 3568 3569 3570 3571 3572 3573 3574 3575 3576 3577 3578 3579 3580 3581 3582 3583 3584 3585 3586 3587 3588 3589 3590 3591 3592 3593 3594 3595 3596 3597 3598 3599 3600 3601 3602 3603 3604 3605 3606 3607 3608 3609 3610 3611 3612 3613 3614 3615 3616 3617 3618 3619 3620 3621 3622 3623 3624 3625 3626 3627 3628 3629 3630 3631 3632 3633 3634 3635 3636 3637 3638 3639 3640 3641 3642 3643 3644 3645 3646 3647 3648 3649 3650 3651 3652 3653 3654 3655 3656 3657 3658 3659 3660 3661 3662 3663 3664 3665 3666 3667 3668 3669 3670 3671 3672 3673 3674 3675 3676 3677 3678 3679 3680 3681 3682 3683 3684 3685 3686 3687 3688 3689 3690 3691 3692 3693 3694 3695 3696 3697 3698 3699 3700 3701 3702 3703 3704 3705 3706 3707 3708 3709 3710 3711 3712 3713 3714 3715 3716 3717 3718 3719 3720 3721 3722 3723 3724 3725 3726 3727 3728 3729 3730 3731 3732 3733 3734 3735 3736 3737 3738 3739 3740 3741 3742 3743 3744 3745 3746 3747 3748 3749 3750 3751 3752 3753 3754 3755 3756 3757 3758 3759 3760 3761 3762 3763 3764 3765 3766 3767 3768 3769 3770 3771 3772 3773 3774 3775 3776 3777 3778 3779 3780 3781 3782 3783 3784 3785 3786 3787 3788 3789 3790 3791 3792 3793 3794 3795 3796 3797 3798 3799 3800 3801 3802 3803 3804 3805 3806 3807 3808 3809 3810 3811 3812 3813 3814 3815 3816 3817 3818 3819 3820 3821 3822 3823 3824 3825 3826 3827 3828 3829 3830 3831 3832 3833 3834 3835 3836 3837 3838 3839 3840 3841 3842 3843 3844 3845 3846 3847 3848 3849 3850 3851 3852 3853 3854 3855 3856 3857 3858 3859 3860 3861 3862 3863 3864 3865 3866 3867 3868 3869 3870 3871 3872 3873 3874 3875 3876 3877 3878 3879 3880 3881 3882 3883 3884 3885 3886 3887 3888 3889 3890 3891 3892 3893 3894 3895 3896 3897 3898 3899 3900 3901 3902 3903 3904 3905 3906 3907 3908 3909 3910 3911 3912 3913 3914 3915 3916 3917 3918 3919 3920 3921 3922 3923 3924 3925 3926 3927 3928 3929 3930 3931 3932 3933 3934 3935 3936 3937 3938 3939 3940 3941 3942 3943 3944 3945 3946 3947 3948 3949 3950 3951 3952 3953 3954 3955 3956 3957 3958 3959 3960 3961 3962 3963 3964 3965 3966 3967 3968 3969 3970 3971 3972 3973 3974 3975 3976 3977 3978 3979 3980 3981 3982 3983 3984 3985 3986 3987 3988 3989 3990 3991 3992 3993 3994 3995 3996 3997 3998 3999 4000 4001 4002 4003 4004 4005 4006 4007 4008 4009 4010 4011 4012 4013 4014 4015 4016 4017 4018 4019 4020 4021 4022 4023 4024 4025 4026 4027 4028 4029 4030 4031 4032 4033 4034 4035 4036 4037 4038 4039 4040 4041 4042 4043 4044 4045 4046 4047 4048 4049 4050 4051 4052 4053 4054 4055 4056 4057 4058 4059 4060 4061 4062 4063 4064 4065 4066 4067 4068 4069 4070 4071 4072 4073 4074 4075 4076 4077 4078 4079 4080 4081 4082 4083 4084 4085 4086 4087 4088 4089 4090 4091 4092 4093 4094 4095 4096 4097 4098 4099 4100 4101 4102 4103 4104 4105 4106 4107 4108 4109 4110 4111 4112 4113 4114 4115 4116 4117 4118 4119 4120 4121 4122 4123 4124 4125 4126 4127 4128 4129 4130 4131 4132 4133 4134 4135 4136 4137 4138 4139 4140 4141 4142 4143 4144 4145 4146 4147 4148 4149 4150 4151 4152 4153 4154 4155 4156 4157 4158 4159 4160 4161 4162 4163 4164 4165 4166 4167 4168 4169 4170 4171 4172 4173 4174 4175 4176 4177 4178 4179 4180 4181 4182 4183 4184 4185 4186 4187 4188 4189 4190 4191 4192 4193 4194 4195 4196 4197 4198 4199 4200 4201 4202 4203 4204 4205 4206 4207 4208 4209 4210 4211 4212 4213 4214 4215 4216 4217 4218 4219 4220 4221 4222 4223 4224 4225 4226 4227 4228 4229 4230 4231 4232 4233 4234 4235 4236 4237 4238 4239 4240 4241 4242 4243 4244 4245 4246 4247 4248 4249 4250 4251 4252 4253 4254 4255 4256 4257 4258 4259 4260 4261 4262 4263 4264 4265 4266 4267 4268 4269 4270 4271 4272 4273 4274 4275 4276 4277 4278 4279 4280 4281 4282 4283 4284 4285 4286 4287 4288 4289 4290 4291 4292 4293 4294 4295 4296 4297 4298 4299 4300 4301 4302 4303 4304 4305 4306 4307 4308 4309 4310 4311 4312 4313 4314 4315 4316 4317 4318 4319 4320 4321 4322 4323 4324 4325 4326 4327 4328 4329 4330 4331 4332 4333 4334 4335 4336 4337 4338 4339 4340 4341 4342 4343 4344 4345 4346 4347 4348 4349 4350 4351 4352 4353 4354 4355 4356 4357 4358 4359 4360 4361 4362 4363 4364 4365 4366 4367 4368 4369 4370 4371 4372 4373 4374 4375 4376 4377 4378 4379 4380 4381 4382 4383 4384 4385 4386 4387 4388 4389 4390 4391 4392 4393 4394 4395 4396 4397 4398 4399 4400 4401 4402 4403 4404 4405 4406 4407 4408 4409 4410 4411 4412 4413 4414 4415 4416 4417 4418 4419 4420 4421 4422 4423 4424 4425 4426 4427 4428 4429 4430 4431 4432 4433 4434 4435 4436 4437 4438 4439 4440 4441 4442 4443 4444 4445 4446 4447 4448 4449 4450 4451 4452 4453 4454 4455 4456 4457 4458 4459 4460 4461 4462 4463 4464 4465 4466 4467 4468 4469 4470 4471 4472 4473 4474 4475 4476 4477 4478 4479 4480 4481 4482 4483 4484 4485 4486 4487 4488 4489 4490 4491 4492 4493 4494 4495 4496 4497 4498 4499 4500 4501 4502 4503 4504 4505 4506 4507 4508 4509 4510 4511 4512 4513 4514 4515 4516 4517 4518 4519 4520 4521 4522 4523 4524 4525 4526 4527 4528 4529 4530 4531 4532 4533 4534 4535 4536 4537 4538 4539 4540 4541 4542 4543 4544 4545 4546 4547 4548 4549 4550 4551 4552 4553 4554 4555 4556 4557 4558 4559 4560 4561 4562 4563 4564 4565 4566 4567 4568 4569 4570 4571 4572 4573 4574 4575 4576 4577 4578 4579 4580 4581 4582 4583 4584 4585 4586 4587 4588 4589 4590 4591 4592 4593 4594 4595 4596 4597 4598 4599 4600 4601 4602 4603 4604 4605 4606 4607 4608 4609 4610 4611 4612 4613 4614 4615 4616 4617 4618 4619 4620 4621 4622 4623 4624 4625 4626 4627 4628 4629 4630 4631 4632 4633 4634 4635 4636 4637 4638 4639 4640 4641 4642 4643 4644 4645 4646 4647 4648 4649 4650 4651 4652 4653 4654 4655 4656 4657 4658 4659 4660 4661 4662 4663 4664 4665 4666 4667 4668 4669 4670 4671 4672 4673 4674 4675 4676 4677 4678 4679 4680 4681 4682 4683 4684 4685 4686 4687 4688 4689 4690 4691 4692 4693 4694 4695 4696 4697 4698 4699 4700 4701 4702 4703 4704 4705 4706 4707 4708 4709 4710 4711 4712 4713 4714 4715 4716 4717 4718 4719 4720 4721 4722 4723 4724 4725 4726 4727 4728 4729 4730 4731 4732 4733 4734 4735 4736 4737 4738 4739 4740 4741 4742 4743 4744 4745 4746 4747 4748 4749 4750 4751 4752 4753 4754 4755 4756 4757 4758 4759 4760 4761 4762 4763 4764 4765 4766 4767 4768 4769 4770 4771 4772 4773 4774 4775 4776 4777 4778 4779 4780 4781 4782 4783 4784 4785 4786 4787 4788 4789 4790 4791 4792 4793 4794 4795 4796 4797 4798 4799 4800 4801 4802 4803 4804 4805 4806 4807 4808 4809 4810 4811 4812 4813 4814 4815 4816 4817 4818 4819 4820 4821 4822 4823 4824 4825 4826 4827 4828 4829 4830 4831 4832 4833 4834 4835 4836 4837 4838 4839 4840 4841 4842 4843 4844 4845 4846 4847 4848 4849 4850 4851 4852 4853 4854 4855 4856 4857 4858 4859 4860 4861 4862 4863 4864 4865 4866 4867 4868 4869 4870 4871 4872 4873 4874 4875 4876 4877 4878 4879 4880 4881 4882 4883 4884 4885 4886 4887 4888 4889 4890 4891 4892 4893 4894 4895 4896 4897 4898 4899 4900 4901 4902 4903 4904 4905 4906 4907 4908 4909 4910 4911 4912 4913 4914 4915 4916 4917 4918 4919 4920 4921 4922 4923 4924 4925 4926 4927 4928 4929 4930 4931 4932 4933 4934 4935 4936 4937 4938 4939 4940 4941 4942 4943 4944 4945 4946 4947 4948 4949 4950 4951 4952 4953 4954 4955 4956 4957 4958 4959 4960 4961 4962 4963 4964 4965 4966 4967 4968 4969 4970 4971 4972 4973 4974 4975 4976 4977 4978 4979 4980 4981 4982 4983 4984 4985 4986 4987 4988 4989 4990 4991 4992 4993 4994 4995 4996 4997 4998 4999 5000 5001 5002 5003 5004 5005 5006 5007 5008 5009 5010 5011 5012 5013 5014 5015 5016 5017 5018 5019 5020 5021 5022 5023 5024 5025 5026 5027 5028 5029 5030 5031 5032 5033 5034 5035 5036 5037 5038 5039 5040 5041 5042 5043 5044 5045 5046 5047 5048 5049 5050 5051 5052 5053 5054 5055 5056 5057 5058 5059 5060 5061 5062 5063 5064 5065 5066 5067 5068 5069 5070 5071 5072 5073 5074 5075 5076 5077 5078 5079 5080 5081 5082 5083 5084 5085 5086 5087 5088 5089 5090 5091 5092 5093 5094 5095 5096 5097 5098 5099 5100 5101 5102 5103 5104 5105 5106 5107 5108 5109 5110 5111 5112 5113 5114 5115 5116 5117 5118 5119 5120 5121 5122 5123 5124 5125 5126 5127 5128 5129 5130 5131 5132 5133 5134 5135 5136 5137 5138 5139 5140 5141 5142 5143 5144 5145 5146 5147 5148 5149 5150 5151 5152 5153 5154 5155 5156 5157 5158 5159 5160 5161 5162 5163 5164 5165 5166 5167 5168 5169 5170 5171 5172 5173 5174 5175 5176 5177 5178 5179 5180 5181 5182 5183 5184 5185 5186 5187 5188 5189 5190 5191 5192 5193 5194 5195 5196 5197 5198 5199 5200 5201 5202 5203 5204 5205 5206 5207 5208 5209 5210 5211 5212 5213 5214 5215 5216 5217 5218 5219 5220 5221 5222 5223 5224 5225 5226 5227 5228 5229 5230 5231 5232 5233 5234 5235 5236 5237 5238 5239 5240 5241 5242 5243 5244 5245 5246 5247 5248 5249 5250 5251 5252 5253 5254 5255 5256 5257 5258 5259 5260 5261 5262 5263 5264 5265 5266 5267 5268 5269 5270 5271 5272 5273 5274 5275 5276 5277 5278 5279 5280 5281 5282 5283 5284 5285 5286 5287 5288 5289 5290 5291 5292 5293 5294 5295 5296 5297 5298 5299 5300 5301 5302 5303 5304 5305 5306 5307 5308 5309 5310 5311 5312 5313 5314 5315 5316 5317 5318 5319 5320 5321 5322 5323 5324 5325 5326 5327 5328 5329 5330 5331 5332 5333 5334 5335 5336 5337 5338 5339 5340 5341 5342 5343 5344 5345 5346 5347 5348 5349 5350 5351 5352 5353 5354 5355 5356 5357 5358 5359 5360 5361 5362 5363 5364 5365 5366 5367 5368 5369 5370 5371 5372 5373 5374 5375 5376 5377 5378 5379 5380 5381 5382 5383 5384 5385 5386 5387 5388 5389 5390 5391 5392 5393 5394 5395 5396 5397 5398 5399 5400 5401 5402 5403 5404 5405 5406 5407 5408 5409 5410 5411 5412 5413 5414 5415 5416 5417 5418 5419 5420 5421 5422 5423 5424 5425 5426 5427 5428 5429 5430 5431 5432 5433 5434 5435 5436 5437 5438 5439 5440 5441 5442 5443 5444 5445 5446 5447 5448 5449 5450 5451 5452 5453 5454 5455 5456 5457 5458 5459 5460 5461 5462 5463 5464 5465 5466 5467 5468 5469 5470 5471 5472 5473 5474 5475 5476 5477 5478 5479 5480 5481 5482 5483 5484 5485 5486 5487 5488 5489 5490 5491 5492 5493 5494 5495 5496 5497 5498 5499 5500 5501 5502 5503 5504 5505 5506 5507 5508 5509 5510 5511 5512 5513 5514 5515 5516 5517 5518 5519 5520 5521 5522 5523 5524 5525 5526 5527 5528 5529 5530 5531 5532 5533 5534 5535 5536 5537 5538 5539 5540 5541 5542 5543 5544 5545 5546 5547 5548 5549 5550 5551 5552 5553 5554 5555 5556 5557 5558 5559 5560 5561 5562 5563 5564 5565 5566 5567 5568 5569 5570 5571 5572 5573 5574 5575 5576 5577 5578 5579 5580 5581 5582 5583 5584 5585 5586 5587 5588 5589 5590 5591 5592 5593 5594 5595 5596 5597 5598 5599 5600 5601 5602 5603 5604 5605 5606 5607 5608 5609 5610 5611 5612 5613 5614 5615 5616 5617 5618 5619 5620 5621 5622 5623 5624 5625 5626 5627 5628 5629 5630 5631 5632 5633 5634 5635 5636 5637 5638 5639 5640 5641 5642 5643 5644 5645 5646 5647 5648 5649 5650 5651 5652 5653 5654 5655 5656 5657 5658 5659 5660 5661 5662 5663 5664 5665 5666 5667 5668 5669 5670 5671 5672 5673 5674 5675 5676 5677 5678 5679 5680 5681 5682 5683 5684 5685 5686 5687 5688 5689 5690 5691 5692 5693 5694 5695 5696 5697 5698 5699 5700 5701 5702 5703 5704 5705 5706 5707 5708 5709 5710 5711 5712 5713 5714 5715 5716 5717 5718 5719 5720 5721 5722 5723 5724 5725 5726 5727 5728 5729 5730 5731 5732 5733 5734 5735 5736 5737 5738 5739 5740 5741 5742 5743 5744 5745 5746 5747 5748 5749 5750 5751 5752 5753 5754 5755 5756 5757 5758 5759 5760 5761 5762 5763 5764 5765 5766 5767 5768 5769 5770 5771 5772 5773 5774 5775 5776 5777 5778 5779 5780 5781 5782 5783 5784 5785 5786 5787 5788 5789 5790 5791 5792 5793 5794 5795 5796 5797 5798 5799 5800 5801 5802 5803 5804 5805 5806 5807 5808 5809 5810 5811 5812 5813 5814 5815 5816 5817 5818 5819 5820 5821 5822 5823 5824 5825 5826 5827 5828 5829 5830 5831 5832 5833 5834 5835 5836 5837 5838 5839 5840 5841 5842 5843 5844 5845 5846 5847 5848 5849 5850 5851 5852 5853 5854 5855 5856 5857 5858 5859 5860 5861 5862 5863 5864 5865 5866 5867 5868 5869 5870 5871 5872 5873 5874 5875 5876 5877 5878 5879 5880 5881 5882 5883 5884 5885 5886 5887 5888 5889 5890 5891 5892 5893 5894 5895 5896 5897 5898 5899 5900 5901 5902 5903 5904 5905 5906 5907 5908 5909 5910 5911 5912 5913 5914 5915 5916 5917 5918 5919 5920 5921 5922 5923 5924 5925 5926 5927 5928 5929 5930 5931 5932 5933 5934 5935 5936 5937 5938 5939 5940 5941 5942 5943 5944 5945 5946 5947 5948 5949 5950 5951 5952 5953 5954 5955 5956 5957 5958 5959 5960 5961 5962 5963 5964 5965 5966 5967 5968 5969 5970 5971 5972 5973 5974 5975 5976 5977 5978 5979 5980 5981 5982 5983 5984 5985 5986 5987 5988 5989 5990 5991 5992 5993 5994 5995 5996 5997 5998 5999 6000 6001 6002 6003 6004 6005 6006 6007 6008 6009 6010 6011 6012 6013 6014 6015 6016 6017 6018 6019 6020 6021 6022 6023 6024 6025 6026 6027 6028 6029 6030 6031 6032 6033 6034 6035 6036 6037 6038 6039 6040 6041 6042 6043 6044 6045 6046 6047 6048 6049 6050 6051 6052 6053 6054 6055 6056 6057 6058 6059 6060 6061 6062 6063 6064 6065 6066 6067 6068 6069 6070 6071 6072 6073 6074 6075 6076 6077 6078 6079 6080 6081 6082 6083 6084 6085 6086 6087 6088 6089 6090 6091 6092 6093 6094 6095 6096 6097 6098 6099 6100 6101 6102 6103 6104 6105 6106 6107 6108 6109 6110 6111 6112 6113 6114 6115 6116 6117 6118 6119 6120 6121 6122 6123 6124 6125 6126 6127 6128 6129 6130 6131 6132 6133 6134 6135 6136 6137 6138 6139 6140 6141 6142 6143 6144 6145 6146 6147 6148 6149 6150 6151 6152 6153 6154 6155 6156 6157 6158 6159 6160 6161 6162 6163 6164 6165 6166 6167 6168 6169 6170 6171 6172 6173 6174 6175 6176 6177 6178 6179 6180 6181 6182 6183 6184 6185 6186 6187 6188 6189 6190 6191 6192 6193 6194 6195 6196 6197 6198 6199 6200 6201 6202 6203 6204 6205 6206 6207 6208 6209 6210 6211 6212 6213 6214 6215 6216 6217 6218 6219 6220 6221 6222 6223 6224 6225 6226 6227 6228 6229 6230 6231 6232 6233 6234 6235 6236 6237 6238 6239 6240 6241 6242 6243 6244 6245 6246 6247 6248 6249 6250 6251 6252 6253 6254 6255 6256 6257 6258 6259 6260 6261 6262 6263 6264 6265 6266 6267 6268 6269 6270 6271 6272 6273 6274 6275 6276 6277 6278 6279 6280 6281 6282 6283 6284 6285 6286 6287 6288 6289 6290 6291 6292 6293 6294 6295 6296 6297 6298 6299 6300 6301 6302 6303 6304 6305 6306 6307 6308 6309 6310 6311 6312 6313 6314 6315 6316 6317 6318 6319 6320 6321 6322 6323 6324 6325 6326 6327 6328 6329 6330 6331 6332 6333 6334 6335 6336 6337 6338 6339 6340 6341 6342 6343 6344 6345 6346 6347 6348 6349 6350 6351 6352 6353 6354 6355 6356 6357 6358 6359 6360 6361 6362 6363 6364 6365 6366 6367 6368 6369 6370 6371 6372 6373 6374 6375 6376 6377 6378 6379 6380 6381 6382 6383 6384 6385 6386 6387 6388 6389 6390 6391 6392 6393 6394 6395 6396 6397 6398 6399 6400 6401 6402 6403 6404 6405 6406 6407 6408 6409 6410 6411 6412 6413 6414 6415 6416 6417 6418 6419 6420 6421 6422 6423 6424 6425 6426 6427 6428 6429 6430 6431 6432 6433 6434 6435 6436 6437 6438 6439 6440 6441 6442 6443 6444 6445 6446 6447 6448 6449 6450 6451 6452 6453 6454 6455 6456 6457 6458 6459 6460 6461 6462 6463 6464 6465 6466 6467 6468 6469 6470 6471 6472 6473 6474 6475 6476 6477 6478 6479 6480 6481 6482 6483 6484 6485 6486 6487 6488 6489 6490 6491 6492 6493 6494 6495 6496 6497 6498 6499 6500 6501 6502 6503 6504 6505 6506 6507 6508 6509 6510 6511 6512 6513 6514 6515 6516 6517 6518 6519 6520 6521 6522 6523 6524 6525 6526 6527 6528 6529 6530 6531 6532 6533 6534 6535 6536 6537 6538 6539 6540 6541 6542 6543 6544 6545 6546 6547 6548 6549 6550 6551 6552 6553 6554 6555 6556 6557 6558 6559 6560 6561 6562 6563 6564 6565 6566 6567 6568 6569 6570 6571 6572 6573 6574 6575 6576 6577 6578 6579 6580 6581 6582 6583 6584 6585 6586 6587 6588 6589 6590 6591 6592 6593 6594 6595 6596 6597 6598 6599 6600 6601 6602 6603 6604 6605 6606 6607 6608 6609 6610 6611 6612 6613 6614 6615 6616 6617 6618 6619 6620 6621 6622 6623 6624 6625 6626 6627 6628 6629 6630 6631 6632 6633 6634 6635 6636 6637 6638 6639 6640 6641 6642 6643 6644 6645 6646 6647 6648 6649 6650 6651 6652 6653 6654 6655 6656 6657 6658 6659 6660 6661 6662 6663 6664 6665 6666 6667 6668 6669 6670 6671 6672 6673 6674 6675 6676 6677 6678 6679 6680 6681 6682 6683 6684 6685 6686 6687 6688 6689 6690 6691 6692 6693 6694 6695 6696 6697 6698 6699 6700 6701 6702 6703 6704 6705 6706 6707 6708 6709 6710 6711 6712 6713 6714 6715 6716 6717 6718 6719 6720 6721 6722 6723 6724 6725 6726 6727 6728 6729 6730 6731 6732 6733 6734 6735 6736 6737 6738 6739 6740 6741 6742 6743 6744 6745 6746 6747 6748 6749 6750 6751 6752 6753 6754 6755 6756 6757 6758 6759 6760 6761 6762 6763 6764 6765 6766 6767 6768 6769 6770 6771 6772 6773 6774 6775 6776 6777 6778 6779 6780 6781 6782 6783 6784 6785 6786 6787 6788 6789 6790 6791 6792 6793 6794 6795 6796 6797 6798 6799 6800 6801 6802 6803 6804 6805 6806 6807 6808 6809 6810 6811 6812 6813 6814 6815 6816 6817 6818 6819 6820 6821 6822 6823 6824 6825 6826 6827 6828 6829 6830 6831 6832 6833 6834 6835 6836 6837 6838 6839 6840 6841 6842 6843 6844 6845 6846 6847 6848 6849 6850 6851 6852 6853 6854 6855 6856 6857 6858 6859 6860 6861 6862 6863 6864 6865 6866 6867 6868 6869 6870 6871 6872 6873 6874 6875 6876 6877 6878 6879 6880 6881 6882 6883 6884 6885 6886 6887 6888 6889 6890 6891 6892 6893 6894 6895 6896 6897 6898 6899 6900 6901 6902 6903 6904 6905 6906 6907 6908 6909 6910 6911 6912 6913 6914 6915 6916 6917 6918 6919 6920 6921 6922 6923 6924 6925 6926 6927 6928 6929 6930 6931 6932 6933 6934 6935 6936 6937 6938 6939 6940 6941 6942 6943 6944 6945 6946 6947 6948 6949 6950 6951 6952 6953 6954 6955 6956 6957 6958 6959 6960 6961 6962 6963 6964 6965 6966 6967 6968 6969 6970 6971 6972 6973 6974 6975 6976 6977 6978 6979 6980 6981 6982 6983 6984 6985 6986 6987 6988 6989 6990 6991 6992 6993 6994 6995 6996 6997 6998 6999 7000 7001 7002 7003 7004 7005 7006 7007 7008 7009 7010 7011 7012 7013 7014 7015 7016 7017 7018 7019 7020 7021 7022 7023 7024 7025 7026 7027 7028 7029 7030 7031 7032 7033 7034 7035 7036 7037 7038 7039 7040 7041 7042 7043 7044 7045 7046 7047 7048 7049 7050 7051 7052 7053 7054 7055 7056 7057 7058 7059 7060 7061 7062 7063 7064 7065 7066 7067 7068 7069 7070 7071 7072 7073 7074 7075 7076 7077 7078 7079 7080 7081 7082 7083 7084 7085 7086 7087 7088 7089 7090 7091 7092 7093 7094 7095 7096 7097 7098 7099 7100 7101 7102 7103 7104 7105 7106 7107 7108 7109 7110 7111 7112 7113 7114 7115 7116 7117 7118 7119 7120 7121 7122 7123 7124 7125 7126 7127 7128 7129 7130 7131 7132 7133 7134 7135 7136 7137 7138 7139 7140 7141 7142 7143 7144 7145 7146 7147 7148 7149 7150 7151 7152 7153 7154 7155 7156 7157 7158 7159 7160 7161 7162 7163 7164 7165 7166 7167 7168 7169 7170 7171 7172 7173 7174 7175 7176 7177 7178 7179 7180 7181 7182 7183 7184 7185 7186 7187 7188 7189 7190 7191 7192 7193 7194 7195 7196 7197 7198 7199 7200 7201 7202 7203 7204 7205 7206 7207 7208 7209 7210 7211 7212 7213 7214 7215 7216 7217 7218 7219 7220 7221 7222 7223 7224 7225 7226 7227 7228 7229 7230 7231 7232 7233 7234 7235 7236 7237 7238 7239 7240 7241 7242 7243 7244 7245 7246 7247 7248 7249 7250 7251 7252 7253 7254 7255 7256 7257 7258 7259 7260 7261 7262 7263 7264 7265 7266 7267 7268 7269 7270 7271 7272 7273 7274 7275 7276 7277 7278 7279 7280 7281 7282 7283 7284 7285 7286 7287 7288 7289 7290 7291 7292 7293 7294 7295 7296 7297 7298 7299 7300 7301 7302 7303 7304 7305 7306 7307 7308 7309 7310 7311 7312 7313 7314 7315 7316 7317 7318 7319 7320 7321 7322 7323 7324 7325 7326 7327 7328 7329 7330 7331 7332 7333 7334 7335 7336 7337 7338 7339 7340 7341 7342 7343 7344 7345 7346 7347 7348 7349 7350 7351 7352 7353 7354 7355 7356 7357 7358 7359 7360 7361 7362 7363 7364 7365 7366 7367 7368 7369 7370 7371 7372 7373 7374 7375 7376 7377 7378 7379 7380 7381 7382 7383 7384 7385 7386 7387 7388 7389 7390 7391 7392 7393 7394 7395 7396 7397 7398 7399 7400 7401 7402 7403 7404 7405 7406 7407 7408 7409 7410 7411 7412 7413 7414 7415 7416 7417 7418 7419 7420 7421 7422 7423 7424 7425 7426 7427 7428 7429 7430 7431 7432 7433 7434 7435 7436 7437 7438 7439 7440 7441 7442 7443 7444 7445 7446 7447 7448 7449 7450 7451 7452 7453 7454 7455 7456 7457 7458 7459 7460 7461 7462 7463 7464 7465 7466 7467 7468 7469 7470 7471 7472 7473 7474 7475 7476 7477 7478 7479 7480 7481 7482 7483 7484 7485 7486 7487 7488 7489 7490 7491 7492 7493 7494 7495 7496 7497 7498 7499 7500 7501 7502 7503 7504 7505 7506 7507 7508 7509 7510 7511 7512 7513 7514 7515 7516 7517 7518 7519 7520 7521 7522 7523 7524 7525 7526 7527 7528 7529 7530 7531 7532 7533 7534 7535 7536 7537 7538 7539 7540 7541 7542 7543 7544 7545 7546 7547 7548 7549 7550 7551 7552 7553 7554 7555 7556 7557 7558 7559 7560 7561 7562 7563 7564 7565 7566 7567 7568 7569 7570 7571 7572 7573 7574 7575 7576 7577 7578 7579 7580 7581 7582 7583 7584 7585 7586 7587 7588 7589 7590 7591 7592 7593 7594 7595 7596 7597 7598 7599 7600 7601 7602 7603 7604 7605 7606 7607 7608 7609 7610 7611 7612 7613 7614 7615 7616 7617 7618 7619 7620 7621 7622 7623 7624 7625 7626 7627 7628 7629 7630 7631 7632 7633 7634 7635 7636 7637 7638 7639 7640 7641 7642 7643 7644 7645 7646 7647 7648 7649 7650 7651 7652 7653 7654 7655 7656 7657 7658 7659 7660 7661 7662 7663 7664 7665 7666 7667 7668 7669 7670 7671 7672 7673 7674 7675 7676 7677 7678 7679 7680 7681 7682 7683 7684 7685 7686 7687 7688 7689 7690 7691 7692 7693 7694 7695 7696 7697 7698 7699 7700 7701 7702 7703 7704 7705 7706 7707 7708 7709 7710 7711 7712 7713 7714 7715 7716 7717 7718 7719 7720 7721 7722 7723 7724 7725 7726 7727 7728 7729 7730 7731 7732 7733 7734 7735 7736 7737 7738 7739 7740 7741 7742 7743 7744 7745 7746 7747 7748 7749 7750 7751 7752 7753 7754 7755 7756 7757 7758 7759 7760 7761 7762 7763 7764 7765 7766 7767 7768 7769 7770 7771 7772 7773 7774 7775 7776 7777 7778 7779 7780 7781 7782 7783 7784 7785 7786 7787 7788 7789 7790 7791 7792 7793 7794 7795 7796 7797 7798 7799 7800 7801 7802 7803 7804 7805 7806 7807 7808 7809 7810 7811 7812 7813 7814 7815 7816 7817 7818 7819 7820 7821 7822 7823 7824 7825 7826 7827 7828 7829 7830 7831 7832 7833 7834 7835 7836 7837 7838 7839 7840 7841 7842 7843 7844 7845 7846 7847 7848 7849 7850 7851 7852 7853 7854 7855 7856 7857 7858 7859 7860 7861 7862 7863 7864 7865 7866 7867 7868 7869 7870 7871 7872 7873 7874 7875 7876 7877 7878 7879 7880 7881 7882 7883 7884 7885 7886 7887 7888 7889 7890 7891 7892 7893 7894 7895 7896 7897 7898 7899 7900 7901 7902 7903 7904 7905 7906 7907 7908 7909 7910 7911 7912 7913 7914 7915 7916 7917 7918 7919 7920 7921 7922 7923 7924 7925 7926 7927 7928 7929 7930 7931 7932 7933 7934 7935 7936 7937 7938 7939 7940 7941 7942 7943 7944 7945 7946 7947 7948 7949 7950 7951 7952 7953 7954 7955 7956 7957 7958 7959 7960 7961 7962 7963 7964 7965 7966 7967 7968 7969 7970 7971 7972 7973 7974 7975 7976 7977 7978 7979 7980 7981 7982 7983 7984 7985 7986 7987 7988 7989 7990 7991 7992 7993 7994 7995 7996 7997 7998 7999 8000 8001 8002 8003 8004 8005 8006 8007 8008 8009 8010 8011 8012 8013 8014 8015 8016 8017 8018 8019 8020 8021 8022 8023 8024 8025 8026 8027 8028 8029 8030 8031 8032 8033 8034 8035 8036 8037 8038 8039 8040 8041 8042 8043 8044 8045 8046 8047 8048 8049 8050 8051 8052 8053 8054 8055 8056 8057 8058 8059 8060 8061 8062 8063 8064 8065 8066 8067 8068 8069 8070 8071 8072 8073 8074 8075 8076 8077 8078 8079 8080 8081 8082 8083 8084 8085 8086 8087 8088 8089 8090 8091 8092 8093 8094 8095 8096 8097 8098 8099 8100 8101 8102 8103 8104 8105 8106 8107 8108 8109 8110 8111 8112 8113 8114 8115 8116 8117 8118 8119 8120 8121 8122 8123 8124 8125 8126 8127 8128 8129 8130 8131 8132 8133 8134 8135 8136 8137 8138 8139 8140 8141 8142 8143 8144 8145 8146 8147 8148 8149 8150 8151 8152 8153 8154 8155 8156 8157 8158 8159 8160 8161 8162 8163 8164 8165 8166 8167 8168 8169 8170 8171 8172 8173 8174 8175 8176 8177 8178 8179 8180 8181 8182 8183 8184 8185 8186 8187 8188 8189 8190 8191 8192 8193 8194 8195 8196 8197 8198 8199 8200 8201 8202 8203 8204 8205 8206 8207 8208 8209 8210 8211 8212 8213 8214 8215 8216 8217 8218 8219 8220 8221 8222 8223 8224 8225 8226 8227 8228 8229 8230 8231 8232 8233 8234 8235 8236 8237 8238 8239 8240 8241 8242 8243 8244 8245 8246 8247 8248 8249 8250 8251 8252 8253 8254 8255 8256 8257 8258 8259 8260 8261 8262 8263 8264 8265 8266 8267 8268 8269 8270 8271 8272 8273 8274 8275 8276 8277 8278 8279 8280 8281 8282 8283 8284 8285 8286 8287 8288 8289 8290 8291 8292 8293 8294 8295 8296 8297 8298 8299 8300 8301 8302 8303 8304 8305 8306 8307 8308 8309 8310 8311 8312 8313 8314 8315 8316 8317 8318 8319 8320 8321 8322 8323 8324 8325 8326 8327 8328 8329 8330 8331 8332 8333 8334 8335 8336 8337 8338 8339 8340 8341 8342 8343 8344 8345 8346 8347 8348 8349 8350 8351 8352 8353 8354 8355 8356 8357 8358 8359 8360 8361 8362 8363 8364 8365 8366 8367 8368 8369 8370 8371 8372 8373 8374 8375 8376 8377 8378 8379 8380 8381 8382 8383 8384 8385 8386 8387 8388 8389 8390 8391 8392 8393 8394 8395 8396 8397 8398 8399 8400 8401 8402 8403 8404 8405 8406 8407 8408 8409 8410 8411 8412 8413 8414 8415 8416 8417 8418 8419 8420 8421 8422 8423 8424 8425 8426 8427 8428 8429 8430 8431 8432 8433 8434 8435 8436 8437 8438 8439 8440 8441 8442 8443 8444 8445 8446 8447 8448 8449 8450 8451 8452 8453 8454 8455 8456 8457 8458 8459 8460 8461 8462 8463 8464 8465 8466 8467 8468 8469 8470 8471 8472 8473 8474 8475 8476 8477 8478 8479 8480 8481 8482 8483 8484 8485 8486 8487 8488 8489 8490 8491 8492 8493 8494 8495 8496 8497 8498 8499 8500 8501 8502 8503 8504 8505 8506 8507 8508 8509 8510 8511 8512 8513 8514 8515 8516 8517 8518 8519 8520 8521 8522 8523 8524 8525 8526 8527 8528 8529 8530 8531 8532 8533 8534 8535 8536 8537 8538 8539 8540 8541 8542 8543 8544 8545 8546 8547 8548 8549 8550 8551 8552 8553 8554 8555 8556 8557 8558 8559 8560 8561 8562 8563 8564 8565 8566 8567 8568 8569 8570 8571 8572 8573 8574 8575 8576 8577 8578 8579 8580 8581 8582 8583 8584 8585 8586 8587 8588 8589 8590 8591 8592 8593 8594 8595 8596 8597 8598 8599 8600 8601 8602 8603 8604 8605 8606 8607 8608 8609 8610 8611 8612 8613 8614 8615 8616 8617 8618 8619 8620 8621 8622 8623 8624 8625 8626 8627 8628 8629 8630 8631 8632 8633 8634 8635 8636 8637 8638 8639 8640 8641 8642 8643 8644 8645 8646 8647 8648 8649 8650 8651 8652 8653 8654 8655 8656 8657 8658 8659 8660 8661 8662 8663 8664 8665 8666 8667 8668 8669 8670 8671 8672 8673 8674 8675 8676 8677 8678 8679 8680 8681 8682 8683 8684 8685 8686 8687 8688 8689 8690 8691 8692 8693 8694 8695 8696 8697 8698 8699 8700 8701 8702 8703 8704 8705 8706 8707 8708 8709 8710 8711 8712 8713 8714 8715 8716 8717 8718 8719 8720 8721 8722 8723 8724 8725 8726 8727 8728 8729 8730 8731 8732 8733 8734 8735 8736 8737 8738 8739 8740 8741 8742 8743 8744 8745 8746 8747 8748 8749 8750 8751 8752 8753 8754 8755 8756 8757 8758 8759 8760 8761 8762 8763 8764 8765 8766 8767 8768 8769 8770 8771 8772 8773 8774 8775 8776 8777 8778 8779 8780 8781 8782 8783 8784 8785 8786 8787 8788 8789 8790 8791 8792 8793 8794 8795 8796 8797 8798 8799 8800 8801 8802 8803 8804 8805 8806 8807 8808 8809 8810 8811 8812 8813 8814 8815 8816 8817 8818 8819 8820 8821 8822 8823 8824 8825 8826 8827 8828 8829 8830 8831 8832 8833 8834 8835 8836 8837 8838 8839 8840 8841 8842 8843 8844 8845 8846 8847 8848 8849 8850 8851 8852 8853 8854 8855 8856 8857 8858 8859 8860 8861 8862 8863 8864 8865 8866 8867 8868 8869 8870 8871 8872 8873 8874 8875 8876 8877 8878 8879 8880 8881 8882 8883 8884 8885 8886 8887 8888 8889 8890 8891 8892 8893 8894 8895 8896 8897 8898 8899 8900 8901 8902 8903 8904 8905 8906 8907 8908 8909 8910 8911 8912 8913 8914 8915 8916 8917 8918 8919 8920 8921 8922 8923 8924 8925 8926 8927 8928 8929 8930 8931 8932 8933 8934 8935 8936 8937 8938 8939 8940 8941 8942 8943 8944 8945 8946 8947 8948 8949 8950 8951 8952 8953 8954 8955 8956 8957 8958 8959 8960 8961 8962 8963 8964 8965 8966 8967 8968 8969 8970 8971 8972 8973 8974 8975 8976 8977 8978 8979 8980 8981 8982 8983 8984 8985 8986 8987 8988 8989 8990 8991 8992 8993 8994 8995 8996 8997 8998 8999 9000 9001 9002 9003 9004 9005 9006 9007 9008 9009 9010 9011 9012 9013 9014 9015 9016 9017 9018 9019 9020 9021 9022 9023 9024 9025 9026 9027 9028 9029 9030 9031 9032 9033 9034 9035 9036 9037 9038 9039 9040 9041 9042 9043 9044 9045 9046 9047 9048 9049 9050 9051 9052 9053 9054 9055 9056 9057 9058 9059 9060 9061 9062 9063 9064 9065 9066 9067 9068 9069 9070 9071 9072 9073 9074 9075 9076 9077 9078 9079 9080 9081 9082 9083 9084 9085 9086 9087 9088 9089 9090 9091 9092 9093 9094 9095 9096 9097 9098 9099 9100 9101 9102 9103 9104 9105 9106 9107 9108 9109 9110 9111 9112 9113 9114 9115 9116 9117 9118 9119 9120 9121 9122 9123 9124 9125 9126 9127 9128 9129 9130 9131 9132 9133 9134 9135 9136 9137 9138 9139 9140 9141 9142 9143 9144 9145 9146 9147 9148 9149 9150 9151 9152 9153 9154 9155 9156 9157 9158 9159 9160 9161 9162 9163 9164 9165 9166 9167 9168 9169 9170 9171 9172 9173 9174 9175 9176 9177 9178 9179 9180 9181 9182 9183 9184 9185 9186 9187 9188 9189 9190 9191 9192 9193 9194 9195 9196 9197 9198 9199 9200 9201 9202 9203 9204 9205 9206 9207 9208 9209 9210 9211 9212 9213 9214 9215 9216 9217 9218 9219 9220 9221 9222 9223 9224 9225 9226 9227 9228 9229 9230 9231 9232 9233 9234 9235 9236 9237 9238 9239 9240 9241 9242 9243 9244 9245 9246 9247 9248 9249 9250 9251 9252 9253 9254 9255 9256 9257 9258 9259 9260 9261 9262 9263 9264 9265 9266 9267 9268 9269 9270 9271 9272 9273 9274 9275 9276 9277 9278 9279 9280 9281 9282 9283 9284 9285 9286 9287 9288 9289 9290 9291 9292 9293 9294 9295 9296 9297 9298 9299 9300 9301 9302 9303 9304 9305 9306 9307 9308 9309 9310 9311 9312 9313 9314 9315 9316 9317 9318 9319
        </DataArray>
        <DataArray type="Int32" Name="offsets" format="ascii">
          1 2 3 4 5 6 7 8 9 10 11 12 13 14 15 16 17 18 19 20 21 22 23 24 25 26 27 28 29 30 31 32 33 34 35 36 37 38 39 40 41 42 43 44 45 46 47 48 49 50 51 52 53 54 55 56 57 58 59 60 61 62 63 64 65 66 67 68 69 70 71 72 73 74 75 76 77 78 79 80 81 82 83 84 85 86 87 88 89 90 91 92 93 94 95 96 97 98 99 100 101 102 103 104 105 106 107 108 109 110 111 112 113 114 115 116 117 118 119 120 121 122 123 124 125 126 127 128 129 130 131 132 133 134 135 136 137 138 139 140 141 142 143 144 145 146 147 148 149 150 151 152 153 154 155 156 157 158 159 160 161 162 163 164 165 166 167 168 169 170 171 172 173 174 175 176 177 178 179 180 181 182 183 184 185 186 187 188 189 190 191 192 193 194 195 196 197 198 199 200 201 202 203 204 205 206 207 208 209 210 211 212 213 214 215 216 217 218 219 220 221 222 223 224 225 226 227 228 229 230 231 232 233 234 235 236 237 238 239 240 241 242 243 244 245 246 247 248 249 250 251 252 253 254 255 256 257 258 259 260 261 262 263 264 265 266 267 268 269 270 271 272 273 274 275 276 277 278 279 280 281 282 283 284 285 286 287 288 289 290 291 292 293 294 295 296 297 298 299 300 301 302 303 304 305 306 307 308 309 310 311 312 313 314 315 316 317 318 319 320 321 322 323 324 325 326 327 328 329 330 331 332 333 334 335 336 337 338 339 340 341 342 343 344 345 346 347 348 349 350 351 352 353 354 355 356 357 358 359 360 361 362 363 364 365 366 367 368 369 370 371 372 373 374 375 376 377 378 379 380 381 382 383 384 385 386 387 388 389 390 391 392 393 394 395 396 397 398 399 400 401 402 403 404 405 406 407 408 409 410 411 412 413 414 415 416 417 418 419 420 421 422 423 424 425 426 427 428 429 430 431 432 433 434 435 436 437 438 439 440 441 442 443 444 445 446 447 448 449 450 451 452 453 454 455 456 457 458 459 460 461 462 463 464 465 466 467 468 469 470 471 472 473 474 475 476 477 478 479 480 481 482 483 484 485 486 487 488 489 490 491 492 493 494 495 496 497 498 499 500 501 502 503 504 505 506 507 508 509 510 511 512 513 514 515 516 517 518 519 520 521 522 523 524 525 526 527 528 529 530 531 532 533 534 535 536 537 538 539 540 541 542 543 544 545 546 547 548 549 550 551 552 553 554 555 556 557 558 559 560 561 562 563 564 565 566 567 568 569 570 571 572 573 574 575 576 577 578 579 580 581 582 583 584 585 586 587 588 589 590 591 592 593 594 595 596 597 598 599 600 601 602 603 604 605 606 607 608 609 610 611 612 613 614 615 616 617 618 619 620 621 622 623 624 625 626 627 628 629 630 631 632 633 634 635 636 637 638 639 640 641 642 643 644 645 646 647 648 649 650 651 652 653 654 655 656 657 658 659 660 661 662 663 664 665 666 667 668 669 670 671 672 673 674 675 676 677 678 679 680 681 682 683 684 685 686 687 688 689 690 691 692 693 694 695 696 697 698 699 700 701 702 703 704 705 706 707 708 709 710 711 712 713 714 715 716 717 718 719 720 721 722 723 724 725 726 727 728 729 730 731 732 733 734 735 736 737 738 739 740 741 742 743 744 745 746 747 748 749 750 751 752 753 754 755 756 757 758 759 760 761 762 763 764 765 766 767 768 769 770 771 772 773 774 775 776 777 778 779 780 781 782 783 784 785 786 787 788 789 790 791 792 793 794 795 796 797 798 799 800 801 802 803 804 805 806 807 808 809 810 811 812 813 814 815 816 817 818 819 820 821 822 823 824 825 826 827 828 829 830 831 832 833 834 835 836 837 838 839 840 841 842 843 844 845 846 847 848 849 850 851 852 853 854 855 856 857 858 859 860 861 862 863 864 865 866 867 868 869 870 871 872 873 874 875 876 877 878 879 880 881 882 883 884 885 886 887 888 889 890 891 892 893 894 895 896 897 898 899 900 901 902 903 904 905 906 907 908 909 910 911 912 913 914 915 916 917 918 919 920 921 922 923 924 925 926 927 928 929 930 931 932 933 934 935 936 937 938 939 940 941 942 943 944 945 946 947 948 949 950 951 952 953 954 955 956 957 958 959 960 961 962 963 964 965 966 967 968 969 970 971 972 973 974 975 976 977 978 979 980 981 982 983 984 985 986 987 988 989 990 991 992 993 994 995 996 997 998 999 1000 1001 1002 1003 1004 1005 1006 1007 1008 1009 1010 1011 1012 1013 1014 1015 1016 1017 1018 1019 1020 1021 1022 1023 1024 1025 1026 1027 1028 1029 1030 1031 1032 1033 1034 1035 1036 1037 1038 1039 1040 1041 1042 1043 1044 1045 1046 1047 1048 1049 1050 1051 1052 1053 1054 1055 1056 1057 1058 1059 1060 1061 1062 1063 1064 1065 1066 1067 1068 1069 1070 1071 1072 1073 1074 1075 1076 1077 1078 1079 1080 1081 1082 1083 1084 1085 1086 1087 1088 1089 1090 1091 1092 1093 1094 1095 1096 1097 1098 1099 1100 1101 1102 1103 1104 1105 1106 1107 1108 1109 1110 1111 1112 1113 1114 1115 1116 1117 1118 1119 1120 1121 1122 1123 1124 1125 1126 1127 1128 1129 1130 1131 1132 1133 1134 1135 1136 1137 1138 1139 1140 1141 1142 1143 1144 1145 1146 1147 1148 1149 1150 1151 1152 1153 1154 1155 1156 1157 1158 1159 1160 1161 1162 1163 1164 1165 1166 1167 1168 1169 1170 1171 1172 1173 1174 1175 1176 1177 1178 1179 1180 1181 1182 1183 1184 1185 1186 1187 1188 1189 1190 1191 1192 1193 1194 1195 1196 1197 1198 1199 1200 1201 1202 1203 1204 1205 1206 1207 1208 1209 1210 1211 1212 1213 1214 1215 1216 1217 1218 1219 1220 1221 1222 1223 1224 1225 1226 1227 1228 1229 1230 1231 1232 1233 1234 1235 1236 1237 1238 1239 1240 1241 1242 1243 1244 1245 1246 1247 1248 1249 1250 1251 1252 1253 1254 1255 1256 1257 1258 1259 1260 1261 1262 1263 1264 1265 1266 1267 1268 1269 1270 1271 1272 1273 1274 1275 1276 1277 1278 1279 1280 1281 1282 1283 1284 1285 1286 1287 1288 1289 1290 1291 1292 1293 1294 1295 1296 1297 1298 1299 1300 1301 1302 1303 1304 1305 1306 1307 1308 1309 1310 1311 1312 1313 1314 1315 1316 1317 1318 1319 1320 1321 1322 1323 1324 1325 1326 1327 1328 1329 1330 1331 1332 1333 1334 1335 1336 1337 1338 1339 1340 1341 1342 1343 1344 1345 1346 1347 1348 1349 1350 1351 1352 1353 1354 1355 1356 1357 1358 1359 1360 1361 1362 1363 1364 1365 1366 1367 1368 1369 1370 1371 1372 1373 1374 1375 1376 1377 1378 1379 1380 1381 1382 1383 1384 1385 1386 1387 1388 1389 1390 1391 1392 1393 1394 1395 1396 1397 1398 1399 1400 1401 1402 1403 1404 1405 1406 1407 1408 1409 1410 1411 1412 1413 1414 1415 1416 1417 1418 1419 1420 1421 1422 1423 1424 1425 1426 1427 1428 1429 1430 1431 1432 1433 1434 1435 1436 1437 1438 1439 1440 1441 1442 1443 1444 1445 1446 1447 1448 1449 1450 1451 1452 1453 1454 1455 1456 1457 1458 1459 1460 1461 1462 1463 1464 1465 1466 1467 1468 1469 1470 1471 1472 1473 1474 1475 1476 1477 1478 1479 1480 1481 1482 1483 1484 1485 1486 1487 1488 1489 1490 1491 1492 1493 1494 1495 1496 1497 1498 1499 1500 1501 1502 1503 1504 1505 1506 1507 1508 1509 1510 1511 1512 1513 1514 1515 1516 1517 1518 1519 1520 1521 1522 1523 1524 1525 1526 1527 1528 1529 1530 1531 1532 1533 1534 1535 1536 1537 1538 1539 1540 1541 1542 1543 1544 1545 1546 1547 1548 1549 1550 1551 1552 1553 1554 1555 1556 1557 1558 1559 1560 1561 1562 1563 1564 1565 1566 1567 1568 1569 1570 1571 1572 1573 1574 1575 1576 1577 1578 1579 1580 1581 1582 1583 1584 1585 1586 1587 1588 1589 1590 1591 1592 1593 1594 1595 1596 1597 1598 1599 1600 1601 1602 1603 1604 1605 1606 1607 1608 1609 1610 1611 1612 1613 1614 1615 1616 1617 1618 1619 1620 1621 1622 1623 1624 1625 1626 1627 1628 1629 1630 1631 1632 1633 1634 1635 1636 1637 1638 1639 1640 1641 1642 1643 1644 1645 1646 1647 1648 1649 1650 1651 1652 1653 1654 1655 1656 1657 1658 1659 1660 1661 1662 1663 1664 1665 1666 1667 1668 1669 1670 1671 1672 1673 1674 1675 1676 1677 1678 1679 1680 1681 1682 1683 1684 1685 1686 1687 1688 1689 1690 1691 1692 1693 1694 1695 1696 1697 1698 1699 1700 1701 1702 1703 1704 1705 1706 1707 1708 1709 1710 1711 1712 1713 1714 1715 1716 1717 1718 1719 1720 1721 1722 1723 1724 1725 1726 1727 1728 1729 1730 1731 1732 1733 1734 1735 1736 1737 1738 1739 1740 1741 1742 1743 1744 1745 1746 1747 1748 1749 1750 1751 1752 1753 1754 1755 1756 1757 1758 1759 1760 1761 1762 1763 1764 1765 1766 1767 1768 1769 1770 1771 1772 1773 1774 1775 1776 1777 1778 1779 1780 1781 1782 1783 1784 1785 1786 1787 1788 1789 1790 1791 1792 1793 1794 1795 1796 1797 1798 1799 1800 1801 1802 1803 1804 1805 1806 1807 1808 1809 1810 1811 1812 1813 1814 1815 1816 1817 1818 1819 1820 1821 1822 1823 1824 1825 1826 1827 1828 1829 1830 1831 1832 1833 1834 1835 1836 1837 1838 1839 1840 1841 1842 1843 1844 1845 1846 1847 1848 1849 1850 1851 1852 1853 1854 1855 1856 1857 1858 1859 1860 1861 1862 1863 1864 1865 1866 1867 1868 1869 1870 1871 1872 1873 1874 1875 1876 1877 1878 1879 1880 1881 1882 1883 1884 1885 1886 1887 1888 1889 1890 1891 1892 1893 1894 1895 1896 1897 1898 1899 1900 1901 1902 1903 1904 1905 1906 1907 1908 1909 1910 1911 1912 1913 1914 1915 1916 1917 1918 1919 1920 1921 1922 1923 1924 1925 1926 1927 1928 1929 1930 1931 1932 1933 1934 1935 1936 1937 1938 1939 1940 1941 1942 1943 1944 1945 1946 1947 1948 1949 1950 1951 1952 1953 1954 1955 1956 1957 1958 1959 1960 1961 1962 1963 1964 1965 1966 1967 1968 1969 1970 1971 1972 1973 1974 1975 1976 1977 1978 1979 1980 1981 1982 1983 1984 1985 1986 1987 1988 1989 1990 1991 1992 1993 1994 1995 1996 1997 1998 1999 2000 2001 2002 2003 2004 2005 2006 2007 2008 2009 2010 2011 2012 2013 2014 2015 2016 2017 2018 2019 2020 2021 2022 2023 2024 2025 2026 2027 2028 2029 2030 2031 2032 2033 2034 2035 2036 2037 2038 2039 2040 2041 2042 2043 2044 2045 2046 2047 2048 2049 2050 2051 2052 2053 2054 2055 2056 2057 2058 2059 2060 2061 2062 2063 2064 2065 2066 2067 2068 2069 2070 2071 2072 2073 2074 2075 2076 2077 2078 2079 2080 2081 2082 2083 2084 2085 2086 2087 2088 2089 2090 2091 2092 2093 2094 2095 2096 2097 2098 2099 2100 2101 2102 2103 2104 2105 2106 2107 2108 2109 2110 2111 2112 2113 2114 2115 2116 2117 2118 2119 2120 2121 2122 2123 2124 2125 2126 2127 2128 2129 2130 2131 2132 2133 2134 2135 2136 2137 2138 2139 2140 2141 2142 2143 2144 2145 2146 2147 2148 2149 2150 2151 2152 2153 2154 2155 2156 2157 2158 2159 2160 2161 2162 2163 2164 2165 2166 2167 2168 2169 2170 2171 2172 2173 2174 2175 2176 2177 2178 2179 2180 2181 2182 2183 2184 2185 2186 2187 2188 2189 2190 2191 2192 2193 2194 2195 2196 2197 2198 2199 2200 2201 2202 2203 2204 2205 2206 2207 2208 2209 2210 2211 2212 2213 2214 2215 2216 2217 2218 2219 2220 2221 2222 2223 2224 2225 2226 2227 2228 2229 2230 2231 2232 2233 2234 2235 2236 2237 2238 2239 2240 2241 2242 2243 2244 2245 2246 2247 2248 2249 2250 2251 2252 2253 2254 2255 2256 2257 2258 2259 2260 2261 2262 2263 2264 2265 2266 2267 2268 2269 2270 2271 2272 2273 2274 2275 2276 2277 2278 2279 2280 2281 2282 2283 2284 2285 2286 2287 2288 2289 2290 2291 2292 2293 2294 2295 2296 2297 2298 2299 2300 2301 2302 2303 2304 2305 2306 2307 2308 2309 2310 2311 2312 2313 2314 2315 2316 2317 2318 2319 2320 2321 2322 2323 2324 2325 2326 2327 2328 2329 2330 2331 2332 2333 2334 2335 2336 2337 2338 2339 2340 2341 2342 2343 2344 2345 2346 2347 2348 2349 2350 2351 2352 2353 2354 2355 2356 2357 2358 2359 2360 2361 2362 2363 2364 2365 2366 2367 2368 2369 2370 2371 2372 2373 2374 2375 2376 2377 2378 2379 2380 2381 2382 2383 2384 2385 2386 2387 2388 2389 2390 2391 2392 2393 2394 2395 2396 2397 2398 2399 2400 2401 2402 2403 2404 2405 2406 2407 2408 2409 2410 2411 2412 2413 2414 2415 2416 2417 2418 2419 2420 2421 2422 2423 2424 2425 2426 2427 2428 2429 2430 2431 2432 2433 2434 2435 2436 2437 2438 2439 2440 2441 2442 2443 2444 2445 2446 2447 2448 2449 2450 2451 2452 2453 2454 2455 2456 2457 2458 2459 2460 2461 2462 2463 2464 2465 2466 2467 2468 2469 2470 2471 2472 2473 2474 2475 2476 2477 2478 2479 2480 2481 2482 2483 2484 2485 2486 2487 2488 2489 2490 2491 2492 2493 2494 2495 2496 2497 2498 2499 2500 2501 2502 2503 2504 2505 2506 2507 2508 2509 2510 2511 2512 2513 2514 2515 2516 2517 2518 2519 2520 2521 2522 2523 2524 2525 2526 2527 2528 2529 2530 2531 2532 2533 2534 2535 2536 2537 2538 2539 2540 2541 2542 2543 2544 2545 2546 2547 2548 2549 2550 2551 2552 2553 2554 2555 2556 2557 2558 2559 2560 2561 2562 2563 2564 2565 2566 2567 2568 2569 2570 2571 2572 2573 2574 2575 2576 2577 2578 2579 2580 2581 2582 2583 2584 2585 2586 2587 2588 2589 2590 2591 2592 2593 2594 2595 2596 2597 2598 2599 2600 2601 2602 2603 2604 2605 2606 2607 2608 2609 2610 2611 2612 2613 2614 2615 2616 2617 2618 2619 2620 2621 2622 2623 2624 2625 2626 2627 2628 2629 2630 2631 2632 2633 2634 2635 2636 2637 2638 2639 2640 2641 2642 2643 2644 2645 2646 2647 2648 2649 2650 2651 2652 2653 2654 2655 2656 2657 2658 2659 2660 2661 2662 2663 2664 2665 2666 2667 2668 2669 2670 2671 2672 2673 2674 2675 2676 2677 2678 2679 2680 2681 2682 2683 2684 2685 2686 2687 2688 2689 2690 2691 2692 2693 2694 2695 2696 2697 2698 2699 2700 2701 2702 2703 2704 2705 2706 2707 2708 2709 2710 2711 2712 2713 2714 2715 2716 2717 2718 2719 2720 2721 2722 2723 2724 2725 2726 2727 2728 2729 2730 2731 2732 2733 2734 2735 2736 2737 2738 2739 2740 2741 2742 2743 2744 2745 2746 2747 2748 2749 2750 2751 2752 2753 2754 2755 2756 2757 2758 2759 2760 2761 2762 2763 2764 2765 2766 2767 2768 2769 2770 2771 2772 2773 2774 2775 2776 2777 2778 2779 2780 2781 2782 2783 2784 2785 2786 2787 2788 2789 2790 2791 2792 2793 2794 2795 2796 2797 2798 2799 2800 2801 2802 2803 2804 2805 2806 2807 2808 2809 2810 2811 2812 2813 2814 2815 2816 2817 2818 2819 2820 2821 2822 2823 2824 2825 2826 2827 2828 2829 2830 2831 2832 2833 2834 2835 2836 2837 2838 2839 2840 2841 2842 2843 2844 2845 2846 2847 2848 2849 2850 2851 2852 2853 2854 2855 2856 2857 2858 2859 2860 2861 2862 2863 2864 2865 2866 2867 2868 2869 2870 2871 2872 2873 2874 2875 2876 2877 2878 2879 2880 2881 2882 2883 2884 2885 2886 2887 2888 2889 2890 2891 2892 2893 2894 2895 2896 2897 2898 2899 2900 2901 2902 2903 2904 2905 2906 2907 2908 2909 2910 2911 2912 2913 2914 2915 2916 2917 2918 2919 2920 2921 2922 2923 2924 2925 2926 2927 2928 2929 2930 2931 2932 2933 2934 2935 2936 2937 2938 2939 2940 2941 2942 2943 2944 2945 2946 2947 2948 2949 2950 2951 2952 2953 2954 2955 2956 2957 2958 2959 2960 2961 2962 2963 2964 2965 2966 2967 2968 2969 2970 2971 2972 2973 2974 2975 2976 2977 2978 2979 2980 2981 2982 2983 2984 2985 2986 2987 2988 2989 2990 2991 2992 2993 2994 2995 2996 2997 2998 2999 3000 3001 3002 3003 3004 3005 3006 3007 3008 3009 3010 3011 3012 3013 3014 3015 3016 3017 3018 3019 3020 3021 3022 3023 3024 3025 3026 3027 3028 3029 3030 3031 3032 3033 3034 3035 3036 3037 3038 3039 3040 3041 3042 3043 3044 3045 3046 3047 3048 3049 3050 3051 3052 3053 3054 3055 3056 3057 3058 3059 3060 3061 3062 3063 3064 3065 3066 3067 3068 3069 3070 3071 3072 3073 3074 3075 3076 3077 3078 3079 3080 3081 3082 3083 3084 3085 3086 3087 3088 3089 3090 3091 3092 3093 3094 3095 3096 3097 3098 3099 3100 3101 3102 3103 3104 3105 3106 3107 3108 3109 3110 3111 3112 3113 3114 3115 3116 3117 3118 3119 3120 3121 3122 3123 3124 3125 3126 3127 3128 3129 3130 3131 3132 3133 3134 3135 3136 3137 3138 3139 3140 3141 3142 3143 3144 3145 3146 3147 3148 3149 3150 3151 3152 3153 3154 3155 3156 3157 3158 3159 3160 3161 3162 3163 3164 3165 3166 3167 3168 3169 3170 3171 3172 3173 3174 3175 3176 3177 3178 3179 3180 3181 3182 3183 3184 3185 3186 3187 3188 3189 3190 3191 3192 3193 3194 3195 3196 3197 3198 3199 3200 3201 3202 3203 3204 3205 3206 3207 3208 3209 3210 3211 3212 3213 3214 3215 3216 3217 3218 3219 3220 3221 3222 3223 3224 3225 3226 3227 3228 3229 3230 3231 3232 3233 3234 3235 3236 3237 3238 3239 3240 3241 3242 3243 3244 3245 3246 3247 3248 3249 3250 3251 3252 3253 3254 3255 3256 3257 3258 3259 3260 3261 3262 3263 3264 3265 3266 3267 3268 3269 3270 3271 3272 3273 3274 3275 3276 3277 3278 3279 3280 3281 3282 3283 3284 3285 3286 3287 3288 3289 3290 3291 3292 3293 3294 3295 3296 3297 3298 3299 3300 3301 3302 3303 3304 3305 3306 3307 3308 3309 3310 3311 3312 3313 3314 3315 3316 3317 3318 3319 3320 3321 3322 3323 3324 3325 3326 3327 3328 3329 3330 3331 3332 3333 3334 3335 3336 3337 3338 3339 3340 3341 3342 3343 3344 3345 3346 3347 3348 3349 3350 3351 3352 3353 3354 3355 3356 3357 3358 3359 3360 3361 3362 3363 3364 3365 3366 3367 3368 3369 3370 3371 3372 3373 3374 3375 3376 3377 3378 3379 3380 3381 3382 3383 3384 3385 3386 3387 3388 3389 3390 3391 3392 3393 3394 3395 3396 3397 3398 3399 3400 3401 3402 3403 3404 3405 3406 3407 3408 3409 3410 3411 3412 3413 3414 3415 3416 3417 3418 3419 3420 3421 3422 3423 3424 3425 3426 3427 3428 3429 3430 3431 3432 3433 3434 3435 3436 3437 3438 3439 3440 3441 3442 3443 3444 3445 3446 3447 3448 3449 3450 3451 3452 3453 3454 3455 3456 3457 3458 3459 3460 3461 3462 3463 3464 3465 3466 3467 3468 3469 3470 3471 3472 3473 3474 3475 3476 3477 3478 3479 3480 3481 3482 3483 3484 3485 3486 3487 3488 3489 3490 3491 3492 3493 3494 3495 3496 3497 3498 3499 3500 3501 3502 3503 3504 3505 3506 3507 3508 3509 3510 3511 3512 3513 3514 3515 3516 3517 3518 3519 3520 3521 3522 3523 3524 3525 3526 3527 3528 3529 3530 3531 3532 3533 3534 3535 3536 3537 3538 3539 3540 3541 3542 3543 3544 3545 3546 3547 3548 3549 3550 3551 3552 3553 3554 3555 3556 3557 3558 3559 3560 3561 3562 3563 3564 3565 3566 3567 3568 3569 3570 3571 3572 3573 3574 3575 3576 3577 3578 3579 3580 3581 3582 3583 3584 3585 3586 3587 3588 3589 3590 3591 3592 3593 3594 3595 3596 3597 3598 3599 3600 3601 3602 3603 3604 3605 3606 3607 3608 3609 3610 3611 3612 3613 3614 3615 3616 3617 3618 3619 3620 3621 3622 3623 3624 3625 3626 3627 3628 3629 3630 3631 3632 3633 3634 3635 3636 3637 3638 3639 3640 3641 3642 3643 3644 3645 3646 3647 3648 3649 3650 3651 3652 3653 3654 3655 3656 3657 3658 3659 3660 3661 3662 3663 3664 3665 3666 3667 3668 3669 3670 3671 3672 3673 3674 3675 3676 3677 3678 3679 3680 3681 3682 3683 3684 3685 3686 3687 3688 3689 3690 3691 3692 3693 3694 3695 3696 3697 3698 3699 3700 3701 3702 3703 3704 3705 3706 3707 3708 3709 3710 3711 3712 3713 3714 3715 3716 3717 3718 3719 3720 3721 3722 3723 3724 3725 3726 3727 3728 3729 3730 3731 3732 3733 3734 3735 3736 3737 3738 3739 3740 3741 3742 3743 3744 3745 3746 3747 3748 3749 3750 3751 3752 3753 3754 3755 3756 3757 3758 3759 3760 3761 3762 3763 3764 3765 3766 3767 3768 3769 3770 3771 3772 3773 3774 3775 3776 3777 3778 3779 3780 3781 3782 3783 3784 3785 3786 3787 3788 3789 3790 3791 3792 3793 3794 3795 3796 3797 3798 3799 3800 3801 3802 3803 3804 3805 3806 3807 3808 3809 3810 3811 3812 3813 3814 3815 3816 3817 3818 3819 3820 3821 3822 3823 3824 3825 3826 3827 3828 3829 3830 3831 3832 3833 3834 3835 3836 3837 3838 3839 3840 3841 3842 3843 3844 3845 3846 3847 3848 3849 3850 3851 3852 3853 3854 3855 3856 3857 3858 3859 3860 3861 3862 3863 3864 3865 3866 3867 3868 3869 3870 3871 3872 3873 3874 3875 3876 3877 3878 3879 3880 3881 3882 3883 3884 3885 3886 3887 3888 3889 3890 3891 3892 3893 3894 3895 3896 3897 3898 3899 3900 3901 3902 3903 3904 3905 3906 3907 3908 3909 3910 3911 3912 3913 3914 3915 3916 3917 3918 3919 3920 3921 3922 3923 3924 3925 3926 3927 3928 3929 3930 3931 3932 3933 3934 3935 3936 3937 3938 3939 3940 3941 3942 3943 3944 3945 3946 3947 3948 3949 3950 3951 3952 3953 3954 3955 3956 3957 3958 3959 3960 3961 3962 3963 3964 3965 3966 3967 3968 3969 3970 3971 3972 3973 3974 3975 3976 3977 3978 3979 3980 3981 3982 3983 3984 3985 3986 3987 3988 3989 3990 3991 3992 3993 3994 3995 3996 3997 3998 3999 4000 4001 4002 4003 4004 4005 4006 4007 4008 4009 4010 4011 4012 4013 4014 4015 4016 4017 4018 4019 4020 4021 4022 4023 4024 4025 4026 4027 4028 4029 4030 4031 4032 4033 4034 4035 4036 4037 4038 4039 4040 4041 4042 4043 4044 4045 4046 4047 4048 4049 4050 4051 4052 4053 4054 4055 4056 4057 4058 4059 4060 4061 4062 4063 4064 4065 4066 4067 4068 4069 4070 4071 4072 4073 4074 4075 4076 4077 4078 4079 4080 4081 4082 4083 4084 4085 4086 4087 4088 4089 4090 4091 4092 4093 4094 4095 4096 4097 4098 4099 4100 4101 4102 4103 4104 4105 4106 4107 4108 4109 4110 4111 4112 4113 4114 4115 4116 4117 4118 4119 4120 4121 4122 4123 4124 4125 4126 4127 4128 4129 4130 4131 4132 4133 4134 4135 4136 4137 4138 4139 4140 4141 4142 4143 4144 4145 4146 4147 4148 4149 4150 4151 4152 4153 4154 4155 4156 4157 4158 4159 4160 4161 4162 4163 4164 4165 4166 4167 4168 4169 4170 4171 4172 4173 4174 4175 4176 4177 4178 4179 4180 4181 4182 4183 4184 4185 4186 4187 4188 4189 4190 4191 4192 4193 4194 4195 4196 4197 4198 4199 4200 4201 4202 4203 4204 4205 4206 4207 4208 4209 4210 4211 4212 4213 4214 4215 4216 4217 4218 4219 4220 4221 4222 4223 4224 4225 4226 4227 4228 4229 4230 4231 4232 4233 4234 4235 4236 4237 4238 4239 4240 4241 4242 4243 4244 4245 4246 4247 4248 4249 4250 4251 4252 4253 4254 4255 4256 4257 4258 4259 4260 4261 4262 4263 4264 4265 4266 4267 4268 4269 4270 4271 4272 4273 4274 4275 4276 4277 4278 4279 4280 4281 4282 4283 4284 4285 4286 4287 4288 4289 4290 4291 4292 4293 4294 4295 4296 4297 4298 4299 4300 4301 4302 4303 4304 4305 4306 4307 4308 4309 4310 4311 4312 4313 4314 4315 4316 4317 4318 4319 4320 4321 4322 4323 4324 4325 4326 4327 4328 4329 4330 4331 4332 4333 4334 4335 4336 4337 4338 4339 4340 4341 4342 4343 4344 4345 4346 4347 4348 4349 4350 4351 4352 4353 4354 4355 4356 4357 4358 4359 4360 4361 4362 4363 4364 4365 4366 4367 4368 4369 4370 4371 4372 4373 4374 4375 4376 4377 4378 4379 4380 4381 4382 4383 4384 4385 4386 4387 4388 4389 4390 4391 4392 4393 4394 4395 4396 4397 4398 4399 4400 4401 4402 4403 4404 4405 4406 4407 4408 4409 4410 4411 4412 4413 4414 4415 4416 4417 4418 4419 4420 4421 4422 4423 4424 4425 4426 4427 4428 4429 4430 4431 4432 4433 4434 4435 4436 4437 4438 4439 4440 4441 4442 4443 4444 4445 4446 4447 4448 4449 4450 4451 4452 4453 4454 4455 4456 4457 4458 4459 4460 4461 4462 4463 4464 4465 4466 4467 4468 4469 4470 4471 4472 4473 4474 4475 4476 4477 4478 4479 4480 4481 4482 4483 4484 4485 4486 4487 4488 4489 4490 4491 4492 4493 4494 4495 4496 4497 4498 4499 4500 4501 4502 4503 4504 4505 4506 4507 4508 4509 4510 4511 4512 4513 4514 4515 4516 4517 4518 4519 4520 4521 4522 4523 4524 4525 4526 4527 4528 4529 4530 4531 4532 4533 4534 4535 4536 4537 4538 4539 4540 4541 4542 4543 4544 4545 4546 4547 4548 4549 4550 4551 4552 4553 4554 4555 4556 4557 4558 4559 4560 4561 4562 4563 4564 4565 4566 4567 4568 4569 4570 4571 4572 4573 4574 4575 4576 4577 4578 4579 4580 4581 4582 4583 4584 4585 4586 4587 4588 4589 4590 4591 4592 4593 4594 4595 4596 4597 4598 4599 4600 4601 4602 4603 4604 4605 4606 4607 4608 4609 4610 4611 4612 4613 4614 4615 4616 4617 4618 4619 4620 4621 4622 4623 4624 4625 4626 4627 4628 4629 4630 4631 4632 4633 4634 4635 4636 4637 4638 4639 4640 4641 4642 4643 4644 4645 4646 4647 4648 4649 4650 4651 4652 4653 4654 4655 4656 4657 4658 4659 4660 4661 4662 4663 4664 4665 4666 4667 4668 4669 4670 4671 4672 4673 4674 4675 4676 4677 4678 4679 4680 4681 4682 4683 4684 4685 4686 4687 4688 4689 4690 4691 4692 4693 4694 4695 4696 4697 4698 4699 4700 4701 4702 4703 4704 4705 4706 4707 4708 4709 4710 4711 4712 4713 4714 4715 4716 4717 4718 4719 4720 4721 4722 4723 4724 4725 4726 4727 4728 4729 4730 4731 4732 4733 4734 4735 4736 4737 4738 4739 4740 4741 4742 4743 4744 4745 4746 4747 4748 4749 4750 4751 4752 4753 4754 4755 4756 4757 4758 4759 4760 4761 4762 4763 4764 4765 4766 4767 4768 4769 4770 4771 4772 4773 4774 4775 4776 4777 4778 4779 4780 4781 4782 4783 4784 4785 4786 4787 4788 4789 4790 4791 4792 4793 4794 4795 4796 4797 4798 4799 4800 4801 4802 4803 4804 4805 4806 4807 4808 4809 4810 4811 4812 4813 4814 4815 4816 4817 4818 4819 4820 4821 4822 4823 4824 4825 4826 4827 4828 4829 4830 4831 4832 4833 4834 4835 4836 4837 4838 4839 4840 4841 4842 4843 4844 4845 4846 4847 4848 4849 4850 4851 4852 4853 4854 4855 4856 4857 4858 4859 4860 4861 4862 4863 4864 4865 4866 4867 4868 4869 4870 4871 4872 4873 4874 4875 4876 4877 4878 4879 4880 4881 4882 4883 4884 4885 4886 4887 4888 4889 4890 4891 4892 4893 4894 4895 4896 4897 4898 4899 4900 4901 4902 4903 4904 4905 4906 4907 4908 4909 4910 4911 4912 4913 4914 4915 4916 4917 4918 4919 4920 4921 4922 4923 4924 4925 4926 4927 4928 4929 4930 4931 4932 4933 4934 4935 4936 4937 4938 4939 4940 4941 4942 4943 4944 4945 4946 4947 4948 4949 4950 4951 4952 4953 4954 4955 4956 4957 4958 4959 4960 4961 4962 4963 4964 4965 4966 4967 4968 4969 4970 4971 4972 4973 4974 4975 4976 4977 4978 4979 4980 4981 4982 4983 4984 4985 4986 4987 4988 4989 4990 4991 4992 4993 4994 4995 4996 4997 4998 4999 5000 5001 5002 5003 5004 5005 5006 5007 5008 5009 5010 5011 5012 5013 5014 5015 5016 5017 5018 5019 5020 5021 5022 5023 5024 5025 5026 5027 5028 5029 5030 5031 5032 5033 5034 5035 5036 5037 5038 5039 5040 5041 5042 5043 5044 5045 5046 5047 5048 5049 5050 5051 5052 5053 5054 5055 5056 5057 5058 5059 5060 5061 5062 5063 5064 5065 5066 5067 5068 5069 5070 5071 5072 5073 5074 5075 5076 5077 5078 5079 5080 5081 5082 5083 5084 5085 5086 5087 5088 5089 5090 5091 5092 5093 5094 5095 5096 5097 5098 5099 5100 5101 5102 5103 5104 5105 5106 5107 5108 5109 5110 5111 5112 5113 5114 5115 5116 5117 5118 5119 5120 5121 5122 5123 5124 5125 5126 5127 5128 5129 5130 5131 5132 5133 5134 5135 5136 5137 5138 5139 5140 5141 5142 5143 5144 5145 5146 5147 5148 5149 5150 5151 5152 5153 5154 5155 5156 5157 5158 5159 5160 5161 5162 5163 5164 5165 5166 5167 5168 5169 5170 5171 5172 5173 5174 5175 5176 5177 5178 5179 5180 5181 5182 5183 5184 5185 5186 5187 5188 5189 5190 5191 5192 5193 5194 5195 5196 5197 5198 5199 5200 5201 5202 5203 5204 5205 5206 5207 5208 5209 5210 5211 5212 5213 5214 5215 5216 5217 5218 5219 5220 5221 5222 5223 5224 5225 5226 5227 5228 5229 5230 5231 5232 5233 5234 5235 5236 5237 5238 5239 5240 5241 5242 5243 5244 5245 5246 5247 5248 5249 5250 5251 5252 5253 5254 5255 5256 5257 5258 5259 5260 5261 5262 5263 5264 5265 5266 5267 5268 5269 5270 5271 5272 5273 5274 5275 5276 5277 5278 5279 5280 5281 5282 5283 5284 5285 5286 5287 5288 5289 5290 5291 5292 5293 5294 5295 5296 5297 5298 5299 5300 5301 5302 5303 5304 5305 5306 5307 5308 5309 5310 5311 5312 5313 5314 5315 5316 5317 5318 5319 5320 5321 5322 5323 5324 5325 5326 5327 5328 5329 5330 5331 5332 5333 5334 5335 5336 5337 5338 5339 5340 5341 5342 5343 5344 5345 5346 5347 5348 5349 5350 5351 5352 5353 5354 5355 5356 5357 5358 5359 5360 5361 5362 5363 5364 5365 5366 5367 5368 5369 5370 5371 5372 5373 5374 5375 5376 5377 5378 5379 5380 5381 5382 5383 5384 5385 5386 5387 5388 5389 5390 5391 5392 5393 5394 5395 5396 5397 5398 5399 5400 5401 5402 5403 5404 5405 5406 5407 5408 5409 5410 5411 5412 5413 5414 5415 5416 5417 5418 5419 5420 5421 5422 5423 5424 5425 5426 5427 5428 5429 5430 5431 5432 5433 5434 5435 5436 5437 5438 5439 5440 5441 5442 5443 5444 5445 5446 5447 5448 5449 5450 5451 5452 5453 5454 5455 5456 5457 5458 5459 5460 5461 5462 5463 5464 5465 5466 5467 5468 5469 5470 5471 5472 5473 5474 5475 5476 5477 5478 5479 5480 5481 5482 5483 5484 5485 5486 5487 5488 5489 5490 5491 5492 5493 5494 5495 5496 5497 5498 5499 5500 5501 5502 5503 5504 5505 5506 5507 5508 5509 5510 5511 5512 5513 5514 5515 5516 5517 5518 5519 5520 5521 5522 5523 5524 5525 5526 5527 5528 5529 5530 5531 5532 5533 5534 5535 5536 5537 5538 5539 5540 5541 5542 5543 5544 5545 5546 5547 5548 5549 5550 5551 5552 5553 5554 5555 5556 5557 5558 5559 5560 5561 5562 5563 5564 5565 5566 5567 5568 5569 5570 5571 5572 5573 5574 5575 5576 5577 5578 5579 5580 5581 5582 5583 5584 5585 5586 5587 5588 5589 5590 5591 5592 5593 5594 5595 5596 5597 5598 5599 5600 5601 5602 5603 5604 5605 5606 5607 5608 5609 5610 5611 5612 5613 5614 5615 5616 5617 5618 5619 5620 5621 5622 5623 5624 5625 5626 5627 5628 5629 5630 5631 5632 5633 5634 5635 5636 5637 5638 5639 5640 5641 5642 5643 5644 5645 5646 5647 5648 5649 5650 5651 5652 5653 5654 5655 5656 5657 5658 5659 5660 5661 5662 5663 5664 5665 5666 5667 5668 5669 5670 5671 5672 5673 5674 5675 5676 5677 5678 5679 5680 5681 5682 5683 5684 5685 5686 5687 5688 5689 5690 5691 5692 5693 5694 5695 5696 5697 5698 5699 5700 5701 5702 5703 5704 5705 5706 5707 5708 5709 5710 5711 5712 5713 5714 5715 5716 5717 5718 5719 5720 5721 5722 5723 5724 5725 5726 5727 5728 5729 5730 5731 5732 5733 5734 5735 5736 5737 5738 5739 5740 5741 5742 5743 5744 5745 5746 5747 5748 5749 5750 5751 5752 5753 5754 5755 5756 5757 5758 5759 5760 5761 5762 5763 5764 5765 5766 5767 5768 5769 5770 5771 5772 5773 5774 5775 5776 5777 5778 5779 5780 5781 5782 5783 5784 5785 5786 5787 5788 5789 5790 5791 5792 5793 5794 5795 5796 5797 5798 5799 5800 5801 5802 5803 5804 5805 5806 5807 5808 5809 5810 5811 5812 5813 5814 5815 5816 5817 5818 5819 5820 5821 5822 5823 5824 5825 5826 5827 5828 5829 5830 5831 5832 5833 5834 5835 5836 5837 5838 5839 5840 5841 5842 5843 5844 5845 5846 5847 5848 5849 5850 5851 5852 5853 5854 5855 5856 5857 5858 5859 5860 5861 5862 5863 5864 5865 5866 5867 5868 5869 5870 5871 5872 5873 5874 5875 5876 5877 5878 5879 5880 5881 5882 5883 5884 5885 5886 5887 5888 5889 5890 5891 5892 5893 5894 5895 5896 5897 5898 5899 5900 5901 5902 5903 5904 5905 5906 5907 5908 5909 5910 5911 5912 5913 5914 5915 5916 5917 5918 5919 5920 5921 5922 5923 5924 5925 5926 5927 5928 5929 5930 5931 5932 5933 5934 5935 5936 5937 5938 5939 5940 5941 5942 5943 5944 5945 5946 5947 5948 5949 5950 5951 5952 5953 5954 5955 5956 5957 5958 5959 5960 5961 5962 5963 5964 5965 5966 5967 5968 5969 5970 5971 5972 5973 5974 5975 5976 5977 5978 5979 5980 5981 5982 5983 5984 5985 5986 5987 5988 5989 5990 5991 5992 5993 5994 5995 5996 5997 5998 5999 6000 6001 6002 6003 6004 6005 6006 6007 6008 6009 6010 6011 6012 6013 6014 6015 6016 6017 6018 6019 6020 6021 6022 6023 6024 6025 6026 6027 6028 6029 6030 6031 6032 6033 6034 6035 6036 6037 6038 6039 6040 6041 6042 6043 6044 6045 6046 6047 6048 6049 6050 6051 6052 6053 6054 6055 6056 6057 6058 6059 6060 6061 6062 6063 6064 6065 6066 6067 6068 6069 6070 6071 6072 6073 6074 6075 6076 6077 6078 6079 6080 6081 6082 6083 6084 6085 6086 6087 6088 6089 6090 6091 6092 6093 6094 6095 6096 6097 6098 6099 6100 6101 6102 6103 6104 6105 6106 6107 6108 6109 6110 6111 6112 6113 6114 6115 6116 6117 6118 6119 6120 6121 6122 6123 6124 6125 6126 6127 6128 6129 6130 6131 6132 6133 6134 6135 6136 6137 6138 6139 6140 6141 6142 6143 6144 6145 6146 6147 6148 6149 6150 6151 6152 6153 6154 6155 6156 6157 6158 6159 6160 6161 6162 6163 6164 6165 6166 6167 6168 6169 6170 6171 6172 6173 6174 6175 6176 6177 6178 6179 6180 6181 6182 6183 6184 6185 6186 6187 6188 6189 6190 6191 6192 6193 6194 6195 6196 6197 6198 6199 6200 6201 6202 6203 6204 6205 6206 6207 6208 6209 6210 6211 6212 6213 6214 6215 6216 6217 6218 6219 6220 6221 6222 6223 6224 6225 6226 6227 6228 6229 6230 6231 6232 6233 6234 6235 6236 6237 6238 6239 6240 6241 6242 6243 6244 6245 6246 6247 6248 6249 6250 6251 6252 6253 6254 6255 6256 6257 6258 6259 6260 6261 6262 6263 6264 6265 6266 6267 6268 6269 6270 6271 6272 6273 6274 6275 6276 6277 6278 6279 6280 6281 6282 6283 6284 6285 6286 6287 6288 6289 6290 6291 6292 6293 6294 6295 6296 6297 6298 6299 6300 6301 6302 6303 6304 6305 6306 6307 6308 6309 6310 6311 6312 6313 6314 6315 6316 6317 6318 6319 6320 6321 6322 6323 6324 6325 6326 6327 6328 6329 6330 6331 6332 6333 6334 6335 6336 6337 6338 6339 6340 6341 6342 6343 6344 6345 6346 6347 6348 6349 6350 6351 6352 6353 6354 6355 6356 6357 6358 6359 6360 6361 6362 6363 6364 6365 6366 6367 6368 6369 6370 6371 6372 6373 6374 6375 6376 6377 6378 6379 6380 6381 6382 6383 6384 6385 6386 6387 6388 6389 6390 6391 6392 6393 6394 6395 6396 6397 6398 6399 6400 6401 6402 6403 6404 6405 6406 6407 6408 6409 6410 6411 6412 6413 6414 6415 6416 6417 6418 6419 6420 6421 6422 6423 6424 6425 6426 6427 6428 6429 6430 6431 6432 6433 6434 6435 6436 6437 6438 6439 6440 6441 6442 6443 6444 6445 6446 6447 6448 6449 6450 6451 6452 6453 6454 6455 6456 6457 6458 6459 6460 6461 6462 6463 6464 6465 6466 6467 6468 6469 6470 6471 6472 6473 6474 6475 6476 6477 6478 6479 6480 6481 6482 6483 6484 6485 6486 6487 6488 6489 6490 6491 6492 6493 6494 6495 6496 6497 6498 6499 6500 6501 6502 6503 6504 6505 6506 6507 6508 6509 6510 6511 6512 6513 6514 6515 6516 6517 6518 6519 6520 6521 6522 6523 6524 6525 6526 6527 6528 6529 6530 6531 6532 6533 6534 6535 6536 6537 6538 6539 6540 6541 6542 6543 6544 6545 6546 6547 6548 6549 6550 6551 6552 6553 6554 6555 6556 6557 6558 6559 6560 6561 6562 6563 6564 6565 6566 6567 6568 6569 6570 6571 6572 6573 6574 6575 6576 6577 6578 6579 6580 6581 6582 6583 6584 6585 6586 6587 6588 6589 6590 6591 6592 6593 6594 6595 6596 6597 6598 6599 6600 6601 6602 6603 6604 6605 6606 6607 6608 6609 6610 6611 6612 6613 6614 6615 6616 6617 6618 6619 6620 6621 6622 6623 6624 6625 6626 6627 6628 6629 6630 6631 6632 6633 6634 6635 6636 6637 6638 6639 6640 6641 6642 6643 6644 6645 6646 6647 6648 6649 6650 6651 6652 6653 6654 6655 6656 6657 6658 6659 6660 6661 6662 6663 6664 6665 6666 6667 6668 6669 6670 6671 6672 6673 6674 6675 6676 6677 6678 6679 6680 6681 6682 6683 6684 6685 6686 6687 6688 6689 6690 6691 6692 6693 6694 6695 6696 6697 6698 6699 6700 6701 6702 6703 6704 6705 6706 6707 6708 6709 6710 6711 6712 6713 6714 6715 6716 6717 6718 6719 6720 6721 6722 6723 6724 6725 6726 6727 6728 6729 6730 6731 6732 6733 6734 6735 6736 6737 6738 6739 6740 6741 6742 6743 6744 6745 6746 6747 6748 6749 6750 6751 6752 6753 6754 6755 6756 6757 6758 6759 6760 6761 6762 6763 6764 6765 6766 6767 6768 6769 6770 6771 6772 6773 6774 6775 6776 6777 6778 6779 6780 6781 6782 6783 6784 6785 6786 6787 6788 6789 6790 6791 6792 6793 6794 6795 6796 6797 6798 6799 6800 6801 6802 6803 6804 6805 6806 6807 6808 6809 6810 6811 6812 6813 6814 6815 6816 6817 6818 6819 6820 6821 6822 6823 6824 6825 6826 6827 6828 6829 6830 6831 6832 6833 6834 6835 6836 6837 6838 6839 6840 6841 6842 6843 6844 6845 6846 6847 6848 6849 6850 6851 6852 6853 6854 6855 6856 6857 6858 6859 6860 6861 6862 6863 6864 6865 6866 6867 6868 6869 6870 6871 6872 6873 6874 6875 6876 6877 6878 6879 6880 6881 6882 6883 6884 6885 6886 6887 6888 6889 6890 6891 6892 6893 6894 6895 6896 6897 6898 6899 6900 6901 6902 6903 6904 6905 6906 6907 6908 6909 6910 6911 6912 6913 6914 6915 6916 6917 6918 6919 6920 6921 6922 6923 6924 6925 6926 6927 6928 6929 6930 6931 6932 6933 6934 6935 6936 6937 6938 6939 6940 6941 6942 6943 6944 6945 6946 6947 6948 6949 6950 6951 6952 6953 6954 6955 6956 6957 6958 6959 6960 6961 6962 6963 6964 6965 6966 6967 6968 6969 6970 6971 6972 6973 6974 6975 6976 6977 6978 6979 6980 6981 6982 6983 6984 6985 6986 6987 6988 6989 6990 6991 6992 6993 6994 6995 6996 6997 6998 6999 7000 7001 7002 7003 7004 7005 7006 7007 7008 7009 7010 7011 7012 7013 7014 7015 7016 7017 7018 7019 7020 7021 7022 7023 7024 7025 7026 7027 7028 7029 7030 7031 7032 7033 7034 7035 7036 7037 7038 7039 7040 7041 7042 7043 7044 7045 7046 7047 7048 7049 7050 7051 7052 7053 7054 7055 7056 7057 7058 7059 7060 7061 7062 7063 7064 7065 7066 7067 7068 7069 7070 7071 7072 7073 7074 7075 7076 7077 7078 7079 7080 7081 7082 7083 7084 7085 7086 7087 7088 7089 7090 7091 7092 7093 7094 7095 7096 7097 7098 7099 7100 7101 7102 7103 7104 7105 7106 7107 7108 7109 7110 7111 7112 7113 7114 7115 7116 7117 7118 7119 7120 7121 7122 7123 7124 7125 7126 7127 7128 7129 7130 7131 7132 7133 7134 7135 7136 7137 7138 7139 7140 7141 7142 7143 7144 7145 7146 7147 7148 7149 7150 7151 7152 7153 7154 7155 7156 7157 7158 7159 7160 7161 7162 7163 7164 7165 7166 7167 7168 7169 7170 7171 7172 7173 7174 7175 7176 7177 7178 7179 7180 7181 7182 7183 7184 7185 7186 7187 7188 7189 7190 7191 7192 7193 7194 7195 7196 7197 7198 7199 7200 7201 7202 7203 7204 7205 7206 7207 7208 7209 7210 7211 7212 7213 7214 7215 7216 7217 7218 7219 7220 7221 7222 7223 7224 7225 7226 7227 7228 7229 7230 7231 7232 7233 7234 7235 7236 7237 7238 7239 7240 7241 7242 7243 7244 7245 7246 7247 7248 7249 7250 7251 7252 7253 7254 7255 7256 7257 7258 7259 7260 7261 7262 7263 7264 7265 7266 7267 7268 7269 7270 7271 7272 7273 7274 7275 7276 7277 7278 7279 7280 7281 7282 7283 7284 7285 7286 7287 7288 7289 7290 7291 7292 7293 7294 7295 7296 7297 7298 7299 7300 7301 7302 7303 7304 7305 7306 7307 7308 7309 7310 7311 7312 7313 7314 7315 7316 7317 7318 7319 7320 7321 7322 7323 7324 7325 7326 7327 7328 7329 7330 7331 7332 7333 7334 7335 7336 7337 7338 7339 7340 7341 7342 7343 7344 7345 7346 7347 7348 7349 7350 7351 7352 7353 7354 7355 7356 7357 7358 7359 7360 7361 7362 7363 7364 7365 7366 7367 7368 7369 7370 7371 7372 7373 7374 7375 7376 7377 7378 7379 7380 7381 7382 7383 7384 7385 7386 7387 7388 7389 7390 7391 7392 7393 7394 7395 7396 7397 7398 7399 7400 7401 7402 7403 7404 7405 7406 7407 7408 7409 7410 7411 7412 7413 7414 7415 7416 7417 7418 7419 7420 7421 7422 7423 7424 7425 7426 7427 7428 7429 7430 7431 7432 7433 7434 7435 7436 7437 7438 7439 7440 7441 7442 7443 7444 7445 7446 7447 7448 7449 7450 7451 7452 7453 7454 7455 7456 7457 7458 7459 7460 7461 7462 7463 7464 7465 7466 7467 7468 7469 7470 7471 7472 7473 7474 7475 7476 7477 7478 7479 7480 7481 7482 7483 7484 7485 7486 7487 7488 7489 7490 7491 7492 7493 7494 7495 7496 7497 7498 7499 7500 7501 7502 7503 7504 7505 7506 7507 7508 7509 7510 7511 7512 7513 7514 7515 7516 7517 7518 7519 7520 7521 7522 7523 7524 7525 7526 7527 7528 7529 7530 7531 7532 7533 7534 7535 7536 7537 7538 7539 7540 7541 7542 7543 7544 7545 7546 7547 7548 7549 7550 7551 7552 7553 7554 7555 7556 7557 7558 7559 7560 7561 7562 7563 7564 7565 7566 7567 7568 7569 7570 7571 7572 7573 7574 7575 7576 7577 7578 7579 7580 7581 7582 7583 7584 7585 7586 7587 7588 7589 7590 7591 7592 7593 7594 7595 7596 7597 7598 7599 7600 7601 7602 7603 7604 7605 7606 7607 7608 7609 7610 7611 7612 7613 7614 7615 7616 7617 7618 7619 7620 7621 7622 7623 7624 7625 7626 7627 7628 7629 7630 7631 7632 7633 7634 7635 7636 7637 7638 7639 7640 7641 7642 7643 7644 7645 7646 7647 7648 7649 7650 7651 7652 7653 7654 7655 7656 7657 7658 7659 7660 7661 7662 7663 7664 7665 7666 7667 7668 7669 7670 7671 7672 7673 7674 7675 7676 7677 7678 7679 7680 7681 7682 7683 7684 7685 7686 7687 7688 7689 7690 7691 7692 7693 7694 7695 7696 7697 7698 7699 7700 7701 7702 7703 7704 7705 7706 7707 7708 7709 7710 7711 7712 7713 7714 7715 7716 7717 7718 7719 7720 7721 7722 7723 7724 7725 7726 7727 7728 7729 7730 7731 7732 7733 7734 7735 7736 7737 7738 7739 7740 7741 7742 7743 7744 7745 7746 7747 7748 7749 7750 7751 7752 7753 7754 7755 7756 7757 7758 7759 7760 7761 7762 7763 7764 7765 7766 7767 7768 7769 7770 7771 7772 7773 7774 7775 7776 7777 7778 7779 7780 7781 7782 7783 7784 7785 7786 7787 7788 7789 7790 7791 7792 7793 7794 7795 7796 7797 7798 7799 7800 7801 7802 7803 7804 7805 7806 7807 7808 7809 7810 7811 7812 7813 7814 7815 7816 7817 7818 7819 7820 7821 7822 7823 7824 7825 7826 7827 7828 7829 7830 7831 7832 7833 7834 7835 7836 7837 7838 7839 7840 7841 7842 7843 7844 7845 7846 7847 7848 7849 7850 7851 7852 7853 7854 7855 7856 7857 7858 7859 7860 7861 7862 7863 7864 7865 7866 7867 7868 7869 7870 7871 7872 7873 7874 7875 7876 7877 7878 7879 7880 7881 7882 7883 7884 7885 7886 7887 7888 7889 7890 7891 7892 7893 7894 7895 7896 7897 7898 7899 7900 7901 7902 7903 7904 7905 7906 7907 7908 7909 7910 7911 7912 7913 7914 7915 7916 7917 7918 7919 7920 7921 7922 7923 7924 7925 7926 7927 7928 7929 7930 7931 7932 7933 7934 7935 7936 7937 7938 7939 7940 7941 7942 7943 7944 7945 7946 7947 7948 7949 7950 7951 7952 7953 7954 7955 7956 7957 7958 7959 7960 7961 7962 7963 7964 7965 7966 7967 7968 7969 7970 7971 7972 7973 7974 7975 7976 7977 7978 7979 7980 7981 7982 7983 7984 7985 7986 7987 7988 7989 7990 7991 7992 7993 7994 7995 7996 7997 7998 7999 8000 8001 8002 8003 8004 8005 8006 8007 8008 8009 8010 8011 8012 8013 8014 8015 8016 8017 8018 8019 8020 8021 8022 8023 8024 8025 8026 8027 8028 8029 8030 8031 8032 8033 8034 8035 8036 8037 8038 8039 8040 8041 8042 8043 8044 8045 8046 8047 8048 8049 8050 8051 8052 8053 8054 8055 8056 8057 8058 8059 8060 8061 8062 8063 8064 8065 8066 8067 8068 8069 8070 8071 8072 8073 8074 8075 8076 8077 8078 8079 8080 8081 8082 8083 8084 8085 8086 8087 8088 8089 8090 8091 8092 8093 8094 8095 8096 8097 8098 8099 8100 8101 8102 8103 8104 8105 8106 8107 8108 8109 8110 8111 8112 8113 8114 8115 8116 8117 8118 8119 8120 8121 8122 8123 8124 8125 8126 8127 8128 8129 8130 8131 8132 8133 8134 8135 8136 8137 8138 8139 8140 8141 8142 8143 8144 8145 8146 8147 8148 8149 8150 8151 8152 8153 8154 8155 8156 8157 8158 8159 8160 8161 8162 8163 8164 8165 8166 8167 8168 8169 8170 8171 8172 8173 8174 8175 8176 8177 8178 8179 8180 8181 8182 8183 8184 8185 8186 8187 8188 8189 8190 8191 8192 8193 8194 8195 8196 8197 8198 8199 8200 8201 8202 8203 8204 8205 8206 8207 8208 8209 8210 8211 8212 8213 8214 8215 8216 8217 8218 8219 8220 8221 8222 8223 8224 8225 8226 8227 8228 8229 8230 8231 8232 8233 8234 8235 8236 8237 8238 8239 8240 8241 8242 8243 8244 8245 8246 8247 8248 8249 8250 8251 8252 8253 8254 8255 8256 8257 8258 8259 8260 8261 8262 8263 8264 8265 8266 8267 8268 8269 8270 8271 8272 8273 8274 8275 8276 8277 8278 8279 8280 8281 8282 8283 8284 8285 8286 8287 8288 8289 8290 8291 8292 8293 8294 8295 8296 8297 8298 8299 8300 8301 8302 8303 8304 8305 8306 8307 8308 8309 8310 8311 8312 8313 8314 8315 8316 8317 8318 8319 8320 8321 8322 8323 8324 8325 8326 8327 8328 8329 8330 8331 8332 8333 8334 8335 8336 8337 8338 8339 8340 8341 8342 8343 8344 8345 8346 8347 8348 8349 8350 8351 8352 8353 8354 8355 8356 8357 8358 8359 8360 8361 8362 8363 8364 8365 8366 8367 8368 8369 8370 8371 8372 8373 8374 8375 8376 8377 8378 8379 8380 8381 8382 8383 8384 8385 8386 8387 8388 8389 8390 8391 8392 8393 8394 8395 8396 8397 8398 8399 8400 8401 8402 8403 8404 8405 8406 8407 8408 8409 8410 8411 8412 8413 8414 8415 8416 8417 8418 8419 8420 8421 8422 8423 8424 8425 8426 8427 8428 8429 8430 8431 8432 8433 8434 8435 8436 8437 8438 8439 8440 8441 8442 8443 8444 8445 8446 8447 8448 8449 8450 8451 8452 8453 8454 8455 8456 8457 8458 8459 8460 8461 8462 8463 8464 8465 8466 8467 8468 8469 8470 8471 8472 8473 8474 8475 8476 8477 8478 8479 8480 8481 8482 8483 8484 8485 8486 8487 8488 8489 8490 8491 8492 8493 8494 8495 8496 8497 8498 8499 8500 8501 8502 8503 8504 8505 8506 8507 8508 8509 8510 8511 8512 8513 8514 8515 8516 8517 8518 8519 8520 8521 8522 8523 8524 8525 8526 8527 8528 8529 8530 8531 8532 8533 8534 8535 8536 8537 8538 8539 8540 8541 8542 8543 8544 8545 8546 8547 8548 8549 8550 8551 8552 8553 8554 8555 8556 8557 8558 8559 8560 8561 8562 8563 8564 8565 8566 8567 8568 8569 8570 8571 8572 8573 8574 8575 8576 8577 8578 8579 8580 8581 8582 8583 8584 8585 8586 8587 8588 8589 8590 8591 8592 8593 8594 8595 8596 8597 8598 8599 8600 8601 8602 8603 8604 8605 8606 8607 8608 8609 8610 8611 8612 8613 8614 8615 8616 8617 8618 8619 8620 8621 8622 8623 8624 8625 8626 8627 8628 8629 8630 8631 8632 8633 8634 8635 8636 8637 8638 8639 8640 8641 8642 8643 8644 8645 8646 8647 8648 8649 8650 8651 8652 8653 8654 8655 8656 8657 8658 8659 8660 8661 8662 8663 8664 8665 8666 8667 8668 8669 8670 8671 8672 8673 8674 8675 8676 8677 8678 8679 8680 8681 8682 8683 8684 8685 8686 8687 8688 8689 8690 8691 8692 8693 8694 8695 8696 8697 8698 8699 8700 8701 8702 8703 8704 8705 8706 8707 8708 8709 8710 8711 8712 8713 8714 8715 8716 8717 8718 8719 8720 8721 8722 8723 8724 8725 8726 8727 8728 8729 8730 8731 8732 8733 8734 8735 8736 8737 8738 8739 8740 8741 8742 8743 8744 8745 8746 8747 8748 8749 8750 8751 8752 8753 8754 8755 8756 8757 8758 8759 8760 8761 8762 8763 8764 8765 8766 8767 8768 8769 8770 8771 8772 8773 8774 8775 8776 8777 8778 8779 8780 8781 8782 8783 8784 8785 8786 8787 8788 8789 8790 8791 8792 8793 8794 8795 8796 8797 8798 8799 8800 8801 8802 8803 8804 8805 8806 8807 8808 8809 8810 8811 8812 8813 8814 8815 8816 8817 8818 8819 8820 8821 8822 8823 8824 8825 8826 8827 8828 8829 8830 8831 8832 8833 8834 8835 8836 8837 8838 8839 8840 8841 8842 8843 8844 8845 8846 8847 8848 8849 8850 8851 8852 8853 8854 8855 8856 8857 8858 8859 8860 8861 8862 8863 8864 8865 8866 8867 8868 8869 8870 8871 8872 8873 8874 8875 8876 8877 8878 8879 8880 8881 8882 8883 8884 8885 8886 8887 8888 8889 8890 8891 8892 8893 8894 8895 8896 8897 8898 8899 8900 8901 8902 8903 8904 8905 8906 8907 8908 8909 8910 8911 8912 8913 8914 8915 8916 8917 8918 8919 8920 8921 8922 8923 8924 8925 8926 8927 8928 8929 8930 8931 8932 8933 8934 8935 8936 8937 8938 8939 8940 8941 8942 8943 8944 8945 8946 8947 8948 8949 8950 8951 8952 8953 8954 8955 8956 8957 8958 8959 8960 8961 8962 8963 8964 8965 8966 8967 8968 8969 8970 8971 8972 8973 8974 8975 8976 8977 8978 8979 8980 8981 8982 8983 8984 8985 8986 8987 8988 8989 8990 8991 8992 8993 8994 8995 8996 8997 8998 8999 9000 9001 9002 9003 9004 9005 9006 9007 9008 9009 9010 9011 9012 9013 9014 9015 9016 9017 9018 9019 9020 9021 9022 9023 9024 9025 9026 9027 9028 9029 9030 9031 9032 9033 9034 9035 9036 9037 9038 9039 9040 9041 9042 9043 9044 9045 9046 9047 9048 9049 9050 9051 9052 9053 9054 9055 9056 9057 9058 9059 9060 9061 9062 9063 9064 9065 9066 9067 9068 9069 9070 9071 9072 9073 9074 9075 9076 9077 9078 9079 9080 9081 9082 9083 9084 9085 9086 9087 9088 9089 9090 9091 9092 9093 9094 9095 9096 9097 9098 9099 9100 9101 9102 9103 9104 9105 9106 9107 9108 9109 9110 9111 9112 9113 9114 9115 9116 9117 9118 9119 9120 9121 9122 9123 9124 9125 9126 9127 9128 9129 9130 9131 9132 9133 9134 9135 9136 9137 9138 9139 9140 9141 9142 9143 9144 9145 9146 9147 9148 9149 9150 9151 9152 9153 9154 9155 9156 9157 9158 9159 9160 9161 9162 9163 9164 9165 9166 9167 9168 9169 9170 9171 9172 9173 9174 9175 9176 9177 9178 9179 9180 9181 9182 9183 9184 9185 9186 9187 9188 9189 9190 9191 9192 9193 9194 9195 9196 9197 9198 9199 9200 9201 9202 9203 9204 9205 9206 9207 9208 9209 9210 9211 9212 9213 9214 9215 9216 9217 9218 9219 9220 9221 9222 9223 9224 9225 9226 9227 9228 9229 9230 9231 9232 9233 9234 9235 9236 9237 9238 9239 9240 9241 9242 9243 9244 9245 9246 9247 9248 9249 9250 9251 9252 9253 9254 9255 9256 9257 9258 9259 9260 9261 9262 9263 9264 9265 9266 9267 9268 9269 9270 9271 9272 9273 9274 9275 9276 9277 9278 9279 9280 9281 9282 9283 9284 9285 9286 9287 9288 9289 9290 9291 9292 9293 9294 9295 9296 9297 9298 9299 9300 9301 9302 9303 9304 9305 9306 9307 9308 9309 9310 9311 9312 9313 9314 9315 9316 9317 9318 9319 9320
        </DataArray>
        <DataArray type="UInt8" Name="types" format="ascii">
          1 1 1 1 1 1 1 1 1 1 1 1 1 1 1 1 1 1 1 1 1 1 1 1 1 1 1 1 1 1 1 1 1 1 1 1 1 1 1 1 1 1 1 1 1 1 1 1 1 1 1 1 1 1 1 1 1 1 1 1 1 1 1 1 1 1 1 1 1 1 1 1 1 1 1 1 1 1 1 1 1 1 1 1 1 1 1 1 1 1 1 1 1 1 1 1 1 1 1 1 1 1 1 1 1 1 1 1 1 1 1 1 1 1 1 1 1 1 1 1 1 1 1 1 1 1 1 1 1 1 1 1 1 1 1 1 1 1 1 1 1 1 1 1 1 1 1 1 1 1 1 1 1 1 1 1 1 1 1 1 1 1 1 1 1 1 1 1 1 1 1 1 1 1 1 1 1 1 1 1 1 1 1 1 1 1 1 1 1 1 1 1 1 1 1 1 1 1 1 1 1 1 1 1 1 1 1 1 1 1 1 1 1 1 1 1 1 1 1 1 1 1 1 1 1 1 1 1 1 1 1 1 1 1 1 1 1 1 1 1 1 1 1 1 1 1 1 1 1 1 1 1 1 1 1 1 1 1 1 1 1 1 1 1 1 1 1 1 1 1 1 1 1 1 1 1 1 1 1 1 1 1 1 1 1 1 1 1 1 1 1 1 1 1 1 1 1 1 1 1 1 1 1 1 1 1 1 1 1 1 1 1 1 1 1 1 1 1 1 1 1 1 1 1 1 1 1 1 1 1 1 1 1 1 1 1 1 1 1 1 1 1 1 1 1 1 1 1 1 1 1 1 1 1 1 1 1 1 1 1 1 1 1 1 1 1 1 1 1 1 1 1 1 1 1 1 1 1 1 1 1 1 1 1 1 1 1 1 1 1 1 1 1 1 1 1 1 1 1 1 1 1 1 1 1 1 1 1 1 1 1 1 1 1 1 1 1 1 1 1 1 1 1 1 1 1 1 1 1 1 1 1 1 1 1 1 1 1 1 1 1 1 1 1 1 1 1 1 1 1 1 1 1 1 1 1 1 1 1 1 1 1 1 1 1 1 1 1 1 1 1 1 1 1 1 1 1 1 1 1 1 1 1 1 1 1 1 1 1 1 1 1 1 1 1 1 1 1 1 1 1 1 1 1 1 1 1 1 1 1 1 1 1 1 1 1 1 1 1 1 1 1 1 1 1 1 1 1 1 1 1 1 1 1 1 1 1 1 1 1 1 1 1 1 1 1 1 1 1 1 1 1 1 1 1 1 1 1 1 1 1 1 1 1 1 1 1 1 1 1 1 1 1 1 1 1 1 1 1 1 1 1 1 1 1 1 1 1 1 1 1 1 1 1 1 1 1 1 1 1 1 1 1 1 1 1 1 1 1 1 1 1 1 1 1 1 1 1 1 1 1 1 1 1 1 1 1 1 1 1 1 1 1 1 1 1 1 1 1 1 1 1 1 1 1 1 1 1 1 1 1 1 1 1 1 1 1 1 1 1 1 1 1 1 1 1 1 1 1 1 1 1 1 1 1 1 1 1 1 1 1 1 1 1 1 1 1 1 1 1 1 1 1 1 1 1 1 1 1 1 1 1 1 1 1 1 1 1 1 1 1 1 1 1 1 1 1 1 1 1 1 1 1 1 1 1 1 1 1 1 1 1 1 1 1 1 1 1 1 1 1 1 1 1 1 1 1 1 1 1 1 1 1 1 1 1 1 1 1 1 1 1 1 1 1 1 1 1 1 1 1 1 1 1 1 1 1 1 1 1 1 1 1 1 1 1 1 1 1 1 1 1 1 1 1 1 1 1 1 1 1 1 1 1 1 1 1 1 1 1 1 1 1 1 1 1 1 1 1 1 1 1 1 1 1 1 1 1 1 1 1 1 1 1 1 1 1 1 1 1 1 1 1 1 1 1 1 1 1 1 1 1 1 1 1 1 1 1 1 1 1 1 1 1 1 1 1 1 1 1 1 1 1 1 1 1 1 1 1 1 1 1 1 1 1 1 1 1 1 1 1 1 1 1 1 1 1 1 1 1 1 1 1 1 1 1 1 1 1 1 1 1 1 1 1 1 1 1 1 1 1 1 1 1 1 1 1 1 1 1 1 1 1 1 1 1 1 1 1 1 1 1 1 1 1 1 1 1 1 1 1 1 1 1 1 1 1 1 1 1 1 1 1 1 1 1 1 1 1 1 1 1 1 1 1 1 1 1 1 1 1 1 1 1 1 1 1 1 1 1 1 1 1 1 1 1 1 1 1 1 1 1 1 1 1 1 1 1 1 1 1 1 1 1 1 1 1 1 1 1 1 1 1 1 1 1 1 1 1 1 1 1 1 1 1 1 1 1 1 1 1 1 1 1 1 1 1 1 1 1 1 1 1 1 1 1 1 1 1 1 1 1 1 1 1 1 1 1 1 1 1 1 1 1 1 1 1 1 1 1 1 1 1 1 1 1 1 1 1 1 1 1 1 1 1 1 1 1 1 1 1 1 1 1 1 1 1 1 1 1 1 1 1 1 1 1 1 1 1 1 1 1 1 1 1 1 1 1 1 1 1 1 1 1 1 1 1 1 1 1 1 1 1 1 1 1 1 1 1 1 1 1 1 1 1 1 1 1 1 1 1 1 1 1 1 1 1 1 1 1 1 1 1 1 1 1 1 1 1 1 1 1 1 1 1 1 1 1 1 1 1 1 1 1 1 1 1 1 1 1 1 1 1 1 1 1 1 1 1 1 1 1 1 1 1 1 1 1 1 1 1 1 1 1 1 1 1 1 1 1 1 1 1 1 1 1 1 1 1 1 1 1 1 1 1 1 1 1 1 1 1 1 1 1 1 1 1 1 1 1 1 1 1 1 1 1 1 1 1 1 1 1 1 1 1 1 1 1 1 1 1 1 1 1 1 1 1 1 1 1 1 1 1 1 1 1 1 1 1 1 1 1 1 1 1 1 1 1 1 1 1 1 1 1 1 1 1 1 1 1 1 1 1 1 1 1 1 1 1 1 1 1 1 1 1 1 1 1 1 1 1 1 1 1 1 1 1 1 1 1 1 1 1 1 1 1 1 1 1 1 1 1 1 1 1 1 1 1 1 1 1 1 1 1 1 1 1 1 1 1 1 1 1 1 1 1 1 1 1 1 1 1 1 1 1 1 1 1 1 1 1 1 1 1 1 1 1 1 1 1 1 1 1 1 1 1 1 1 1 1 1 1 1 1 1 1 1 1 1 1 1 1 1 1 1 1 1 1 1 1 1 1 1 1 1 1 1 1 1 1 1 1 1 1 1 1 1 1 1 1 1 1 1 1 1 1 1 1 1 1 1 1 1 1 1 1 1 1 1 1 1 1 1 1 1 1 1 1 1 1 1 1 1 1 1 1 1 1 1 1 1 1 1 1 1 1 1 1 1 1 1 1 1 1 1 1 1 1 1 1 1 1 1 1 1 1 1 1 1 1 1 1 1 1 1 1 1 1 1 1 1 1 1 1 1 1 1 1 1 1 1 1 1 1 1 1 1 1 1 1 1 1 1 1 1 1 1 1 1 1 1 1 1 1 1 1 1 1 1 1 1 1 1 1 1 1 1 1 1 1 1 1 1 1 1 1 1 1 1 1 1 1 1 1 1 1 1 1 1 1 1 1 1 1 1 1 1 1 1 1 1 1 1 1 1 1 1 1 1 1 1 1 1 1 1 1 1 1 1 1 1 1 1 1 1 1 1 1 1 1 1 1 1 1 1 1 1 1 1 1 1 1 1 1 1 1 1 1 1 1 1 1 1 1 1 1 1 1 1 1 1 1 1 1 1 1 1 1 1 1 1 1 1 1 1 1 1 1 1 1 1 1 1 1 1 1 1 1 1 1 1 1 1 1 1 1 1 1 1 1 1 1 1 1 1 1 1 1 1 1 1 1 1 1 1 1 1 1 1 1 1 1 1 1 1 1 1 1 1 1 1 1 1 1 1 1 1 1 1 1 1 1 1 1 1 1 1 1 1 1 1 1 1 1 1 1 1 1 1 1 1 1 1 1 1 1 1 1 1 1 1 1 1 1 1 1 1 1 1 1 1 1 1 1 1 1 1 1 1 1 1 1 1 1 1 1 1 1 1 1 1 1 1 1 1 1 1 1 1 1 1 1 1 1 1 1 1 1 1 1 1 1 1 1 1 1 1 1 1 1 1 1 1 1 1 1 1 1 1 1 1 1 1 1 1 1 1 1 1 1 1 1 1 1 1 1 1 1 1 1 1 1 1 1 1 1 1 1 1 1 1 1 1 1 1 1 1 1 1 1 1 1 1 1 1 1 1 1 1 1 1 1 1 1 1 1 1 1 1 1 1 1 1 1 1 1 1 1 1 1 1 1 1 1 1 1 1 1 1 1 1 1 1 1 1 1 1 1 1 1 1 1 1 1 1 1 1 1 1 1 1 1 1 1 1 1 1 1 1 1 1 1 1 1 1 1 1 1 1 1 1 1 1 1 1 1 1 1 1 1 1 1 1 1 1 1 1 1 1 1 1 1 1 1 1 1 1 1 1 1 1 1 1 1 1 1 1 1 1 1 1 1 1 1 1 1 1 1 1 1 1 1 1 1 1 1 1 1 1 1 1 1 1 1 1 1 1 1 1 1 1 1 1 1 1 1 1 1 1 1 1 1 1 1 1 1 1 1 1 1 1 1 1 1 1 1 1 1 1 1 1 1 1 1 1 1 1 1 1 1 1 1 1 1 1 1 1 1 1 1 1 1 1 1 1 1 1 1 1 1 1 1 1 1 1 1 1 1 1 1 1 1 1 1 1 1 1 1 1 1 1 1 1 1 1 1 1 1 1 1 1 1 1 1 1 1 1 1 1 1 1 1 1 1 1 1 1 1 1 1 1 1 1 1 1 1 1 1 1 1 1 1 1 1 1 1 1 1 1 1 1 1 1 1 1 1 1 1 1 1 1 1 1 1 1 1 1 1 1 1 1 1 1 1 1 1 1 1 1 1 1 1 1 1 1 1 1 1 1 1 1 1 1 1 1 1 1 1 1 1 1 1 1 1 1 1 1 1 1 1 1 1 1 1 1 1 1 1 1 1 1 1 1 1 1 1 1 1 1 1 1 1 1 1 1 1 1 1 1 1 1 1 1 1 1 1 1 1 1 1 1 1 1 1 1 1 1 1 1 1 1 1 1 1 1 1 1 1 1 1 1 1 1 1 1 1 1 1 1 1 1 1 1 1 1 1 1 1 1 1 1 1 1 1 1 1 1 1 1 1 1 1 1 1 1 1 1 1 1 1 1 1 1 1 1 1 1 1 1 1 1 1 1 1 1 1 1 1 1 1 1 1 1 1 1 1 1 1 1 1 1 1 1 1 1 1 1 1 1 1 1 1 1 1 1 1 1 1 1 1 1 1 1 1 1 1 1 1 1 1 1 1 1 1 1 1 1 1 1 1 1 1 1 1 1 1 1 1 1 1 1 1 1 1 1 1 1 1 1 1 1 1 1 1 1 1 1 1 1 1 1 1 1 1 1 1 1 1 1 1 1 1 1 1 1 1 1 1 1 1 1 1 1 1 1 1 1 1 1 1 1 1 1 1 1 1 1 1 1 1 1 1 1 1 1 1 1 1 1 1 1 1 1 1 1 1 1 1 1 1 1 1 1 1 1 1 1 1 1 1 1 1 1 1 1 1 1 1 1 1 1 1 1 1 1 1 1 1 1 1 1 1 1 1 1 1 1 1 1 1 1 1 1 1 1 1 1 1 1 1 1 1 1 1 1 1 1 1 1 1 1 1 1 1 1 1 1 1 1 1 1 1 1 1 1 1 1 1 1 1 1 1 1 1 1 1 1 1 1 1 1 1 1 1 1 1 1 1 1 1 1 1 1 1 1 1 1 1 1 1 1 1 1 1 1 1 1 1 1 1 1 1 1 1 1 1 1 1 1 1 1 1 1 1 1 1 1 1 1 1 1 1 1 1 1 1 1 1 1 1 1 1 1 1 1 1 1 1 1 1 1 1 1 1 1 1 1 1 1 1 1 1 1 1 1 1 1 1 1 1 1 1 1 1 1 1 1 1 1 1 1 1 1 1 1 1 1 1 1 1 1 1 1 1 1 1 1 1 1 1 1 1 1 1 1 1 1 1 1 1 1 1 1 1 1 1 1 1 1 1 1 1 1 1 1 1 1 1 1 1 1 1 1 1 1 1 1 1 1 1 1 1 1 1 1 1 1 1 1 1 1 1 1 1 1 1 1 1 1 1 1 1 1 1 1 1 1 1 1 1 1 1 1 1 1 1 1 1 1 1 1 1 1 1 1 1 1 1 1 1 1 1 1 1 1 1 1 1 1 1 1 1 1 1 1 1 1 1 1 1 1 1 1 1 1 1 1 1 1 1 1 1 1 1 1 1 1 1 1 1 1 1 1 1 1 1 1 1 1 1 1 1 1 1 1 1 1 1 1 1 1 1 1 1 1 1 1 1 1 1 1 1 1 1 1 1 1 1 1 1 1 1 1 1 1 1 1 1 1 1 1 1 1 1 1 1 1 1 1 1 1 1 1 1 1 1 1 1 1 1 1 1 1 1 1 1 1 1 1 1 1 1 1 1 1 1 1 1 1 1 1 1 1 1 1 1 1 1 1 1 1 1 1 1 1 1 1 1 1 1 1 1 1 1 1 1 1 1 1 1 1 1 1 1 1 1 1 1 1 1 1 1 1 1 1 1 1 1 1 1 1 1 1 1 1 1 1 1 1 1 1 1 1 1 1 1 1 1 1 1 1 1 1 1 1 1 1 1 1 1 1 1 1 1 1 1 1 1 1 1 1 1 1 1 1 1 1 1 1 1 1 1 1 1 1 1 1 1 1 1 1 1 1 1 1 1 1 1 1 1 1 1 1 1 1 1 1 1 1 1 1 1 1 1 1 1 1 1 1 1 1 1 1 1 1 1 1 1 1 1 1 1 1 1 1 1 1 1 1 1 1 1 1 1 1 1 1 1 1 1 1 1 1 1 1 1 1 1 1 1 1 1 1 1 1 1 1 1 1 1 1 1 1 1 1 1 1 1 1 1 1 1 1 1 1 1 1 1 1 1 1 1 1 1 1 1 1 1 1 1 1 1 1 1 1 1 1 1 1 1 1 1 1 1 1 1 1 1 1 1 1 1 1 1 1 1 1 1 1 1 1 1 1 1 1 1 1 1 1 1 1 1 1 1 1 1 1 1 1 1 1 1 1 1 1 1 1 1 1 1 1 1 1 1 1 1 1 1 1 1 1 1 1 1 1 1 1 1 1 1 1 1 1 1 1 1 1 1 1 1 1 1 1 1 1 1 1 1 1 1 1 1 1 1 1 1 1 1 1 1 1 1 1 1 1 1 1 1 1 1 1 1 1 1 1 1 1 1 1 1 1 1 1 1 1 1 1 1 1 1 1 1 1 1 1 1 1 1 1 1 1 1 1 1 1 1 1 1 1 1 1 1 1 1 1 1 1 1 1 1 1 1 1 1 1 1 1 1 1 1 1 1 1 1 1 1 1 1 1 1 1 1 1 1 1 1 1 1 1 1 1 1 1 1 1 1 1 1 1 1 1 1 1 1 1 1 1 1 1 1 1 1 1 1 1 1 1 1 1 1 1 1 1 1 1 1 1 1 1 1 1 1 1 1 1 1 1 1 1 1 1 1 1 1 1 1 1 1 1 1 1 1 1 1 1 1 1 1 1 1 1 1 1 1 1 1 1 1 1 1 1 1 1 1 1 1 1 1 1 1 1 1 1 1 1 1 1 1 1 1 1 1 1 1 1 1 1 1 1 1 1 1 1 1 1 1 1 1 1 1 1 1 1 1 1 1 1 1 1 1 1 1 1 1 1 1 1 1 1 1 1 1 1 1 1 1 1 1 1 1 1 1 1 1 1 1 1 1 1 1 1 1 1 1 1 1 1 1 1 1 1 1 1 1 1 1 1 1 1 1 1 1 1 1 1 1 1 1 1 1 1 1 1 1 1 1 1 1 1 1 1 1 1 1 1 1 1 1 1 1 1 1 1 1 1 1 1 1 1 1 1 1 1 1 1 1 1 1 1 1 1 1 1 1 1 1 1 1 1 1 1 1 1 1 1 1 1 1 1 1 1 1 1 1 1 1 1 1 1 1 1 1 1 1 1 1 1 1 1 1 1 1 1 1 1 1 1 1 1 1 1 1 1 1 1 1 1 1 1 1 1 1 1 1 1 1 1 1 1 1 1 1 1 1 1 1 1 1 1 1 1 1 1 1 1 1 1 1 1 1 1 1 1 1 1 1 1 1 1 1 1 1 1 1 1 1 1 1 1 1 1 1 1 1 1 1 1 1 1 1 1 1 1 1 1 1 1 1 1 1 1 1 1 1 1 1 1 1 1 1 1 1 1 1 1 1 1 1 1 1 1 1 1 1 1 1 1 1 1 1 1 1 1 1 1 1 1 1 1 1 1 1 1 1 1 1 1 1 1 1 1 1 1 1 1 1 1 1 1 1 1 1 1 1 1 1 1 1 1 1 1 1 1 1 1 1 1 1 1 1 1 1 1 1 1 1 1 1 1 1 1 1 1 1 1 1 1 1 1 1 1 1 1 1 1 1 1 1 1 1 1 1 1 1 1 1 1 1 1 1 1 1 1 1 1 1 1 1 1 1 1 1 1 1 1 1 1 1 1 1 1 1 1 1 1 1 1 1 1 1 1 1 1 1 1 1 1 1 1 1 1 1 1 1 1 1 1 1 1 1 1 1 1 1 1 1 1 1 1 1 1 1 1 1 1 1 1 1 1 1 1 1 1 1 1 1 1 1 1 1 1 1 1 1 1 1 1 1 1 1 1 1 1 1 1 1 1 1 1 1 1 1 1 1 1 1 1 1 1 1 1 1 1 1 1 1 1 1 1 1 1 1 1 1 1 1 1 1 1 1 1 1 1 1 1 1 1 1 1 1 1 1 1 1 1 1 1 1 1 1 1 1 1 1 1 1 1 1 1 1 1 1 1 1 1 1 1 1 1 1 1 1 1 1 1 1 1 1 1 1 1 1 1 1 1 1 1 1 1 1 1 1 1 1 1 1 1 1 1 1 1 1 1 1 1 1 1 1 1 1 1 1 1 1 1 1 1 1 1 1 1 1 1 1 1 1 1 1 1 1 1 1 1 1 1 1 1 1 1 1 1 1 1 1 1 1 1 1 1 1 1 1 1 1 1 1 1 1 1 1 1 1 1 1 1 1 1 1 1 1 1 1 1 1 1 1 1 1 1 1 1 1 1 1 1 1 1 1 1 1 1 1 1 1 1 1 1 1 1 1 1 1 1 1 1 1 1 1 1 1 1 1 1 1 1 1 1 1 1 1 1 1 1 1 1 1 1 1 1 1 1 1 1 1 1 1 1 1 1 1 1 1 1 1 1 1 1 1 1 1 1 1 1 1 1 1 1 1 1 1 1 1 1 1 1 1 1 1 1 1 1 1 1 1 1 1 1 1 1 1 1 1 1 1 1 1 1 1 1 1 1 1 1 1 1 1 1 1 1 1 1 1 1 1 1 1 1 1 1 1 1 1 1 1 1 1 1 1 1 1 1 1 1 1 1 1 1 1 1 1 1 1 1 1 1 1 1 1 1 1 1 1 1 1 1 1 1 1 1 1 1 1 1 1 1 1 1 1 1 1 1 1 1 1 1 1 1 1 1 1 1 1 1 1 1 1 1 1 1 1 1 1 1 1 1 1 1 1 1 1 1 1 1 1 1 1 1 1 1 1 1 1 1 1 1 1 1 1 1 1 1 1 1 1 1 1 1 1 1 1 1 1 1 1 1 1 1 1 1 1 1 1 1 1 1 1 1 1 1 1 1 1 1 1 1 1 1 1 1 1 1 1 1 1 1 1 1 1 1 1 1 1 1 1 1 1 1 1 1 1 1 1 1 1 1 1 1 1 1 1 1 1 1 1 1 1 1 1 1 1 1 1 1 1 1 1 1 1 1 1 1 1 1 1 1 1 1 1 1 1 1 1 1 1 1 1 1 1 1 1 1 1 1 1 1 1 1 1 1 1 1 1 1 1 1 1 1 1 1 1 1 1 1 1 1 1 1 1 1 1 1 1 1 1 1 1 1 1 1 1 1 1 1 1 1 1 1 1 1 1 1 1 1 1 1 1 1 1 1 1 1 1 1 1 1 1 1 1 1 1 1 1 1 1 1 1 1 1 1 1 1 1 1 1 1 1 1 1 1 1 1 1 1 1 1 1 1 1 1 1 1 1 1 1 1 1 1 1 1 1 1 1 1 1 1 1 1 1 1 1 1 1 1 1 1 1 1 1 1 1 1 1 1 1 1 1 1 1 1 1 1 1 1 1 1 1 1 1 1 1 1 1 1 1 1 1 1 1 1 1 1 1 1 1 1 1 1 1 1 1 1 1 1 1 1 1 1 1 1 1 1 1 1 1 1 1 1 1 1 1 1 1 1 1 1 1 1 1 1 1 1 1 1 1 1 1 1 1 1 1 1 1 1 1 1 1 1 1 1 1 1 1 1 1 1 1 1 1 1 1 1 1 1 1 1 1 1 1 1 1 1 1 1 1 1 1 1 1 1 1 1 1 1 1 1 1 1 1 1 1 1 1 1 1 1 1 1 1 1 1 1 1 1 1 1 1 1 1 1 1 1 1 1 1 1 1 1 1 1 1 1 1 1 1 1 1 1 1 1 1 1 1 1 1 1 1 1 1 1 1 1 1 1 1 1 1 1 1 1 1 1 1 1 1 1 1 1 1 1 1 1 1 1 1 1 1 1 1 1 1 1 1 1 1 1 1 1 1 1 1 1 1 1 1 1 1 1 1 1 1 1 1 1 1 1 1 1 1 1 1 1 1 1 1 1 1 1 1 1 1 1 1 1 1 1 1 1 1 1 1 1 1 1 1 1 1 1 1 1 1 1 1 1 1 1 1 1 1 1 1 1 1 1 1 1 1 1 1 1 1 1 1 1 1 1 1 1 1 1 1 1 1 1 1 1 1 1 1 1 1 1 1 1 1 1 1 1 1 1 1 1 1 1 1 1 1 1 1 1 1 1 1 1 1 1 1 1 1 1 1 1 1 1 1 1 1 1 1 1 1 1 1 1 1 1 1 1 1 1 1 1 1 1 1 1 1 1 1 1 1 1 1 1 1 1 1 1 1 1 1 1 1 1 1 1 1 1 1 1 1 1 1 1 1 1 1 1 1 1 1 1 1 1 1 1 1 1 1 1 1 1 1 1 1 1 1 1 1 1 1 1 1 1 1 1 1 1 1 1 1 1 1 1 1 1 1 1 1 1 1 1 1 1 1 1 1 1 1 1 1 1 1 1 1 1 1 1 1 1 1 1 1 1 1 1 1 1 1 1 1 1 1 1 1 1 1 1 1 1 1 1 1 1 1 1 1 1 1 1 1 1 1 1 1 1 1 1 1 1 1 1 1 1 1 1 1 1 1 1 1 1 1 1 1 1 1 1 1 1 1 1 1 1 1 1 1 1 1 1 1 1 1 1 1 1 1 1 1 1 1 1 1 1 1 1 1 1 1 1 1 1 1 1 1 1 1 1 1 1 1 1 1 1 1 1 1 1 1 1 1 1 1 1 1 1 1 1 1 1 1 1 1 1 1 1 1 1 1 1 1 1 1 1 1 1 1 1 1 1 1 1 1 1 1 1 1 1 1 1 1 1 1 1 1 1 1 1 1 1 1 1 1 1 1 1 1 1 1 1 1 1 1 1 1 1 1 1 1 1 1 1 1 1 1 1 1 1 1 1 1 1 1 1 1 1 1 1 1 1 1 1 1 1 1 1 1 1 1 1 1 1 1 1 1 1 1 1 1 1 1 1 1 1 1 1 1 1 1 1 1 1 1 1 1 1 1 1 1 1 1 1 1 1 1 1 1 1 1 1 1 1 1 1 1 1 1 1 1 1 1 1 1 1 1 1 1 1 1 1 1 1 1 1 1 1 1 1 1 1 1 1 1 1 1 1 1 1 1 1 1 1 1 1 1 1 1 1 1 1 1 1 1 1 1 1 1 1 1 1 1 1 1 1 1 1 1 1 1 1 1 1 1 1 1 1 1 1 1 1 1 1 1 1 1 1 1 1 1 1 1 1 1 1 1 1 1 1 1 1 1 1 1 1 1 1 1 1 1 1 1 1 1 1 1 1 1 1 1 1 1 1 1 1 1 1 1 1 1 1 1 1 1 1 1 1 1 1 1 1 1 1 1 1 1 1 1 1 1 1 1 1 1 1 1 1 1 1 1 1 1 1 1 1 1 1 1 1 1 1 1 1 1 1 1 1 1 1 1 1 1 1 1 1 1 1 1 1 1 1 1 1 1 1 1 1 1 1 1 1 1 1 1 1 1 1 1 1 1 1 1 1 1 1 1 1 1 1 1 1 1 1 1 1 1 1 1 1 1 1 1 1 1 1 1 1 1 1 1 1 1 1 1 1 1 1 1 1 1 1 1 1 1 1 1 1 1 1 1 1 1 1 1 1 1 1 1 1 1 1 1 1 1 1 1 1 1 1 1 1 1 1 1 1 1 1 1 1 1 1 1 1 1 1 1 1 1 1 1 1 1 1 1 1 1 1 1 1 1 1 1 1 1 1 1 1 1 1 1 1 1 1 1 1 1 1 1 1 1 1 1 1 1 1 1 1 1 1 1 1 1 1 1 1 1 1 1 1 1 1 1 1 1 1 1 1 1 1 1 1 1 1 1 1 1 1 1 1 1 1 1 1 1 1 1 1 1 1 1 1 1 1 1 1 1 1 1 1 1 1 1 1 1 1 1 1 1 1 1 1 1 1 1 1 1 1 1 1 1 1 1 1 1 1 1 1 1 1 1 1 1 1 1 1 1 1 1 1 1 1 1 1 1 1 1 1 1 1 1 1 1 1 1 1 1 1 1 1 1 1 1 1 1 1 1 1 1 1 1 1 1 1 1 1 1 1 1 1 1 1 1 1 1 1 1 1 1 1 1 1 1 1 1 1 1 1 1 1 1 1 1 1 1 1 1 1 1 1 1 1 1 1 1 1 1 1 1 1 1 1 1 1 1 1 1 1 1 1 1 1 1 1 1 1 1 1 1 1 1 1 1 1 1 1 1 1 1 1 1 1 1 1 1 1 1 1 1 1 1 1 1 1 1 1 1 1 1 1 1 1 1 1 1 1 1 1 1 1 1 1 1 1 1 1 1 1 1 1 1 1 1 1 1 1 1 1 1 1 1 1 1 1 1 1 1 1 1 1 1 1 1 1 1 1 1 1 1 1 1 1 1 1 1 1 1 1 1 1 1 1 1 1 1 1 1 1 1 1 1 1 1 1 1 1 1 1 1 1 1 1 1 1 1 1 1 1 1 1 1 1 1 1 1 1 1 1 1 1 1 1 1 1 1 1 1 1 1 1 1 1 1 1 1 1 1 1 1 1 1 1 1 1 1 1 1 1 1 1 1 1 1 1 1 1 1 1 1 1 1 1 1 1 1 1 1 1 1 1 1 1 1 1 1 1 1 1 1 1 1 1 1 1 1 1 1 1 1 1 1 1 1 1 1 1 1 1 1 1 1 1 1 1 1 1 1 1 1 1 1 1 1 1 1 1 1 1 1 1 1 1 1 1 1 1 1 1 1 1 1 1 1 1 1 1 1 1 1 1 1 1 1 1 1 1 1 1 1 1 1 1 1 1 1 1 1 1 1 1 1 1 1 1 1 1 1 1 1 1 1 1 1 1 1 1 1 1 1 1 1 1 1 1 1 1 1 1 1 1 1 1 1 1 1 1 1 1 1 1 1 1 1 1 1 1 1 1 1 1 1 1 1 1 1 1 1 1 1 1 1 1 1 1 1 1 1 1 1 1 1 1 1 1 1 1 1 1 1 1 1 1 1 1 1 1 1 1 1 1 1 1 1 1 1 1 1 1 1 1 1 1 1 1 1 1 1 1 1 1 1 1 1 1 1 1 1 1 1 1 1 1 1 1 1 1 1 1 1 1 1 1 1 1 1 1 1 1 1 1 1 1 1 1 1 1 1 1 1 1 1 1 1 1 1 1 1 1 1 1 1 1 1 1 1 1 1 1 1 1 1 1 1 1 1 1 1 1 1 1 1 1 1 1 1 1 1 1 1 1 1 1 1 1 1 1 1 1 1 1 1 1 1 1 1 1 1 1 1 1 1 1 1 1 1 1 1 1 1 1 1 1 1 1 1 1 1 1 1 1 1 1 1 1 1 1 1 1 1 1 1 1 1 1 1 1 1 1 1 1 1 1 1 1 1 1 1 1 1 1 1 1 1 1 1 1 1 1 1 1 1 1 1 1 1 1 1 1 1 1 1 1 1 1 1 1 1 1 1 1 1 1 1 1 1 1 1 1 1 1 1 1 1 1 1 1 1 1 1 1 1 1 1 1 1 1 1 1 1 1 1 1 1 1 1 1 1 1 1 1 1 1 1 1 1 1 1 1 1 1 1 1 1 1 1 1 1 1 1 1 1 1 1 1 1 1 1 1 1 1 1 1 1 1 1 1 1 1 1 1 1 1 1 1 1 1 1 1 1 1 1 1 1 1 1 1 1 1 1 1 1 1 1 1 1 1 1 1 1 1 1 1 1 1 1 1 1 1 1 1 1 1 1 1 1 1 1 1 1 1 1 1 1 1 1 1 1 1 1 1 1 1 1 1 1 1 1 1 1 1 1 1 1 1 1 1 1 1 1 1 1 1 1 1 1 1 1 1 1 1 1 1 1 1 1 1 1 1 1 1 1 1 1 1 1 1 1 1 1 1 1 1 1 1 1 1 1 1 1 1 1 1 1 1 1 1 1 1 1 1 1 1 1 1 1 1 1 1 1 1 1 1 1 1 1 1 1 1 1 1 1 1 1 1 1 1 1 1 1 1 1 1 1 1 1 1 1 1 1 1 1 1 1 1 1 1 1 1 1 1 1 1 1 1 1 1 1 1 1 1 1 1 1 1 1 1 1 1 1 1 1 1 1 1 1 1 1 1 1 1 1 1 1 1 1 1 1 1 1 1 1 1 1 1 1 1 1 1 1 1 1 1 1 1 1 1 1 1 1 1 1 1 1 1 1 1 1 1 1 1 1 1 1 1 1 1 1 1 1 1 1 1 1 1 1 1 1 1 1 1 1 1 1 1 1 1 1 1 1 1 1 1 1 1 1 1 1 1 1 1 1 1 1 1 1 1 1 1 1 1 1 1 1 1 1 1 1 1 1 1 1 1 1 1 1 1 1 1 1 1 1 1 1 1 1 1 1 1 1 1 1 1 1 1 1 1 1 1 1 1 1 1 1 1 1 1 1 1 1 1 1 1 1 1 1 1 1 1 1 1 1 1 1 1 1 1 1 1 1 1 1 1 1 1 1 1 1 1 1 1 1 1 1 1 1 1 1 1 1 1 1 1 1 1 1 1 1 1 1 1 1 1 1 1 1 1 1 1 1 1 1 1 1 1 1 1 1 1 1 1 1 1 1 1 1 1 1 1 1 1 1 1 1 1 1 1 1 1 1 1 1 1 1 1 1 1 1 1 1 1 1 1 1 1 1 1 1 1 1 1 1 1 1 1 1 1 1 1 1 1 1 1 1 1 1 1 1 1 1 1 1 1 1 1 1 1 1 1 1 1 1 1 1 1 1 1 1 1 1 1 1 1 1 1 1 1 1 1 1 1 1 1 1 1 1 1 1 1 1 1 1 1 1 1 1 1 1 1 1 1 1 1 1 1 1 1 1 1 1 1 1 1 1 1 1 1 1 1 1 1 1 1 1 1 1 1 1 1 1 1 1 1 1 1 1 1 1 1 1 1 1 1 1 1 1 1 1 1 1 1 1 1 1 1 1 1 1 1 1 1 1 1 1 1 1 1 1 1 1 1 1 1 1 1 1 1 1 1 1 1 1 1 1 1 1 1 1 1 1 1 1 1 1 1 1 1 1 1 1 1 1 1 1 1 1 1 1 1 1 1 1 1 1 1 1 1 1 1 1 1 1 1 1 1 1 1 1 1 1 1 1 1 1 1 1 1 1 1 1 1 1 1 1 1 1 1 1 1 1 1 1 1 1 1 1 1 1 1 1 1 1 1 1 1 1 1 1 1 1 1 1 1 1 1 1 1 1 1 1 1 1 1 1 1 1 1 1 1 1 1 1 1 1 1 1 1 1 1 1 1 1 1 1 1 1 1 1 1 1 1 1 1 1 1 1 1 1 1 1 1 1 1 1 1 1 1 1 1 1 1 1 1 1 1 1 1 1 1 1 1 1 1 1 1 1 1 1 1 1 1 1 1 1 1 1 1 1 1 1 1 1 1 1 1 1 1 1 1 1 1 1 1 1 1 1 1 1 1 1 1 1 1 1 1 1 1 1 1 1 1 1 1 1 1 1 1 1 1 1 1 1 1 1 1 1 1 1 1 1 1 1 1 1 1 1 1 1 1 1 1 1 1 1 1 1 1 1 1 1 1 1 1 1 1 1 1 1 1 1 1 1 1 1 1 1 1 1 1 1 1 1 1 1 1 1 1 1 1 1 1 1 1 1 1 1 1 1 1 1 1 1 1 1 1 1 1 1 1 1 1 1 1 1 1 1 1 1 1 1 1 1 1 1 1 1 1 1 1 1 1 1 1 1 1 1 1 1 1 1 1 1 1 1 1 1 1 1 1 1 1 1 1 1 1 1 1 1 1 1 1 1 1 1 1 1 1 1 1 1 1 1 1 1 1 1 1 1 1 1 1 1 1 1 1 1 1 1 1 1 1 1 1 1 1 1 1 1 1 1 1 1 1 1 1 1 1 1 1 1 1 1 1 1 1 1 1 1 1 1 1 1 1 1 1 1 1 1 1 1 1 1 1 1 1 1 1 1 1 1 1 1 1 1 1 1 1 1 1 1 1 1 1 1 1 1 1 1 1 1 1 1 1 1 1 1 1 1 1 1 1 1 1 1 1 1 1 1 1 1 1 1 1 1 1 1 1 1 1 1 1 1 1 1 1 1 1 1 1 1 1 1 1 1 1 1 1 1 1 1 1 1 1 1 1 1 1 1 1 1 1 1 1 1 1 1 1 1 1 1 1 1 1 1 1 1 1 1 1 1 1 1 1 1 1 1 1 1 1 1 1 1 1 1 1 1 1 1 1 1 1 1 1 1 1 1 1 1 1 1 1 1 1 1 1 1 1 1 1 1 1 1 1 1 1 1 1 1 1 1 1 1 1 1 1 1 1 1 1 1 1 1 1 1 1 1 1 1 1 1 1 1 1 1 1 1 1 1 1 1 1 1 1 1 1 1 1 1 1 1 1 1 1 1 1 1 1 1 1 1 1 1 1 1 1 1 1 1 1 1 1 1 1 1 1 1 1 1 1 1 1 1 1 1 1 1 1 1 1 1 1 1 1 1 1 1 1 1 1 1 1 1 1 1 1 1 1 1 1 1 1 1 1 1 1 1 1 1 1 1 1 1 1 1 1 1 1 1 1 1 1 1 1 1 1 1 1 1 1 1 1 1 1 1 1 1 1 1 1 1 1 1 1 1 1 1 1 1 1 1 1 1 1 1 1 1 1 1 1 1 1 1 1 1 1 1 1 1 1 1 1 1 1 1 1 1 1 1 1 1 1 1 1 1 1 1 1 1 1 1 1 1 1 1 1 1 1 1 1 1 1 1 1 1 1 1 1 1 1 1 1 1 1 1 1 1 1 1 1 1 1 1 1 1 1 1 1 1 1 1 1 1 1 1 1 1 1 1 1 1 1 1 1 1 1 1 1 1 1 1 1 1 1 1 1 1 1 1 1 1 1 1 1 1 1 1 1 1 1 1 1 1 1 1 1 1 1 1 1 1 1 1 1 1 1 1 1 1 1 1 1 1 1 1 1 1 1 1 1 1 1 1 1 1 1 1 1 1 1 1 1 1 1 1 1 1 1 1 1 1 1 1 1 1 1 1 1 1 1 1 1 1 1 1 1 1 1 1 1 1 1 1 1 1 1 1 1 1 1 1 1 1 1 1 1 1 1 1 1 1 1 1 1 1 1 1 1 1 1 1 1 1 1 1 1 1 1 1 1 1 1 1 1 1 1 1 1 1 1 1 1 1 1 1 1 1 1 1 1 1 1 1 1 1 1 1 1 1 1 1 1 1 1 1 1 1 1 1 1 1 1 1 1 1 1 1 1 1 1 1 1 1 1 1 1 1 1 1 1 1 1 1 1 1 1 1 1 1 1 1 1 1 1 1 1 1 1 1 1 1 1 1 1 1 1 1 1 1 1 1 1 1 1 1 1 1 1 1 1 1 1 1 1 1 1 1 1 1 1 1 1 1 1 1 1 1 1 1 1 1 1 1 1 1 1 1 1 1 1 1 1 1 1 1 1 1 1 1 1 1 1 1 1 1 1 1 1 1 1 1 1 1 1 1 1 1 1 1 1 1 1 1 1 1 1 1 1 1 1 1 1 1 1 1 1 1 1 1 1 1 1 1 1 1 1 1 1 1 1 1 1 1 1 1 1 1 1 1 1 1 1 1 1 1 1 1 1 1 1 1 1 1 1 1 1 1 1 1 1 1 1 1 1 1 1 1 1 1 1 1 1 1 1 1 1 1 1 1 1 1 1 1 1 1 1 1 1 1 1 1 1 1 1 1 1 1 1 1 1 1 1 1 1 1 1 1 1 1 1 1 1 1 1 1 1 1 1 1 1 1 1 1 1 1 1 1 1 1 1 1 1 1 1 1 1 1 1 1 1 1 1 1 1 1 1 1 1 1 1 1 1 1 1 1 1 1 1 1 1 1 1 1 1 1 1 1 1 1 1 1 1 1 1 1 1 1 1 1 1 1 1 1 1 1 1 1 1 1 1 1 1 1 1 1 1 1 1 1 1 1 1 1 1 1 1 1 1 1 1 1 1 1 1 1 1 1 1 1 1 1 1 1 1 1 1 1 1 1 1 1 1 1 1 1 1 1 1 1 1 1 1 1 1 1 1 1 1 1 1 1 1 1 1 1 1 1 1 1 1 1 1 1 1 1 1 1 1 1 1 1 1 1 1 1 1 1 1 1 1 1 1 1 1 1 1 1 1 1 1 1 1 1 1 1 1 1 1 1 1 1 1 1 1 1 1 1 1 1 1 1 1 1 1 1 1 1 1 1 1 1 1 1 1 1 1 1 1 1 1 1 1 1 1 1 1 1 1 1 1 1 1 1 1 1 1 1 1 1 1 1 1 1 1 1 1 1 1 1 1 1 1 1 1 1 1 1 1 1 1 1 1 1 1 1 1 1 1 1 1 1 1 1 1 1 1 1 1 1 1 1 1 1 1 1 1 1 1 1 1 1 1 1 1 1 1 1 1 1 1 1 1 1 1 1 1 1 1 1 1 1 1 1 1 1 1 1 1 1 1 1 1 1 1 1 1 1 1 1 1 1 1 1 1 1 1 1 1 1 1 1 1 1 1 1 1 1 1 1 1 1 1 1 1 1 1 1 1 1 1 1 1 1 1 1 1 1 1 1 1 1 1 1 1 1 1 1 1 1 1 1 1 1 1 1 1 1 1 1 1 1 1 1 1 1 1 1 1 1 1 1 1 1 1 1 1 1 1 1 1 1 1 1 1 1 1 1 1 1 1 1 1 1 1 1 1 1 1 1 1 1 1 1 1 1 1 1 1 1 1 1 1 1 1 1 1 1 1 1 1 1 1 1 1 1 1 1 1 1 1 1 1 1 1 1 1 1 1 1 1 1 1 1 1 1 1 1 1 1 1 1 1 1 1 1 1 1 1 1 1 1 1 1 1 1 1 1 1 1 1 1 1 1 1 1 1 1 1 1 1 1 1 1 1 1 1 1 1 1 1 1 1 1 1 1 1 1 1 1 1 1 1 1 1 1 1 1 1 1 1 1 1 1 1 1 1 1 1 1 1 1 1 1 1 1 1 1 1 1 1 1 1 1 1 1 1 1 1 1 1 1 1 1 1 1 1 1 1 1 1 1 1 1 1 1 1 1 1 1 1 1 1 1 1 1 1 1 1 1 1 1 1 1 1 1 1 1 1 1 1 1 1 1 1 1 1 1 1 1 1 1 1 1 1 1 1 1 1 1 1 1 1 1 1 1 1 1 1 1 1 1 1 1 1 1 1 1 1 1 1 1 1 1 1 1 1 1 1 1 1 1 1 1 1 1 1 1 1 1 1 1 1 1 1 1 1 1 1 1 1 1 1 1 1 1 1 1 1 1 1 1 1 1 1 1 1 1 1 1 1 1 1 1 1 1 1 1 1 1 1 1 1 1 1 1 1 1 1 1 1 1 1 1 1 1 1 1 1 1 1 1 1 1 1 1 1 1 1 1 1 1 1 1 1 1 1 1 1 1 1 1 1 1 1 1 1 1 1 1 1 1 1 1 1 1 1 1 1 1 1 1 1 1 1 1 1 1 1 1 1 1 1 1 1 1 1 1 1 1 1 1 1 1 1 1 1 1 1 1 1 1 1 1 1 1 1 1 1 1 1 1 1 1 1 1 1 1 1 1 1 1 1 1 1 1 1 1 1 1 1 1 1 1 1 1 1 1 1 1 1 1 1 1 1 1 1 1 1 1 1 1 1 1 1 1 1 1 1 1 1 1 1 1 1 1 1 1 1 1 1 1 1 1 1 1 1 1 1 1 1 1 1 1 1 1 1 1 1 1 1 1 1 1 1 1 1 1 1 1 1 1 1 1 1 1 1 1 1 1 1 1 1 1 1 1 1 1 1 1 1 1 1 1 1 1 1 1 1 1 1 1 1 1 1 1 1 1 1 1 1 1 1 1 1 1 1 1 1 1 1 1 1 1 1 1 1 1 1 1 1 1 1 1 1 1 1 1 1 1 1 1 1 1 1 1 1 1 1 1 1 1 1 1 1 1 1 1 1 1 1 1 1 1 1 1 1 1 1 1 1 1 1 1 1 1 1 1 1 1 1 1 1 1 1 1 1 1 1 1 1 1 1 1 1 1
        </DataArray>
      </Cells>
      <PointData>
        <DataArray type="Int32" Name="ParticleID" format="ascii">
          1534 1608 1632 1636 1637 1638 1669 1670 1674 1675 1676 1677 1678 1703 1704 1708 1710 1711 1712 1746 1780 1814 1917 1918 1951 1952 1953 1984 2018 2042 2053 2054 2087 2121 2142 2143 2144 2145 2146 2149 2155 2176 2177 2178 2179 2180 2183 2187 2189 2190 2219 2220 2221 2223 2224 2225 2253 2254 2255 2257 2258 2259 2260 2285 2287 2288 2289 2290 2319 2321 2322 2323 2324 2352 2357 2358 2359 2360 2386 2391 2392 2393 2394 2421 2427 2428 2453 2455 2461 2462 2489 2491 2495 2496 2497 2525 2529 2530 2531 2532 2557 2563 2564 2565 2566 2591 2593 2594 2596 2600 2625 2626 2627 2629 2630 2631 2632 2658 2665 2666 2693 2698 2699 2700 2726 2727 2733 2734 2761 2766 2767 2768 2793 2799 2801 2802 2831 2832 2833 2835 2836 2837 2863 2865 2866 2867 2869 2870 2871 2896 2897 2899 2900 2901 2902 2929 2931 2935 2936 2937 2938 2969 2970 2971 2972 2998 3003 3004 3005 3006 3033 3039 3040 3073 3107 3141 3142 3171 3172 3205 3208 3243 3277 3377 3410 3443 3444 3472 3480 3548 3582 3616 3679 3680 3712 3713 3714 3748 3776 3777 3809 3810 3843 3887 3888 3889 3890 3891 3892 7110 7114 7115 7116 7117 7118 7152 7186 7220 7357 7391 7424 7457 7482 7616 7627 7660 7661 7663 7664 7693 7694 7695 7697 7698 7727 7728 7729 7730 7761 7762 7763 7764 7765 7766 7767 7792 7797 7798 7799 7800 7826 7832 7867 7901 7929 7935 7936 7965 7969 7970 7971 8003 8036 8068 8069 8098 8103 8139 8166 8238 8239 8269 8271 8272 8273 8275 8276 8305 8306 8307 8309 8339 8340 8341 8342 8376 8378 8404 8410 8438 8444 8445 8479 8581 8607 8609 8610 8642 8643 8709 8851 8885 9086 9119 9120 9152 9153 9154 9215 9216 9217 9249 9250 9283 9298 9330 9331 9332 12547 12548 12549 12550 12551 12552 12553 12555 12556 12557 12558 12592 12797 12818 12831 12852 12853 12854 12855 12856 12857 12858 12859 12860 12861 12862 12863 12864 12867 12868 12887 12888 12889 12890 12891 12892 12895 12896 12897 12898 12922 12925 12930 12931 12932 12959 12966 13056 13095 13096 13097 13137 13167 13168 13169 13170 13174 13201 13202 13203 13204 13227 13228 13231 13232 13235 13236 13237 13238 13261 13262 13265 13266 13270 13271 13272 13305 13306 13307 13339 13341 13365 13372 13373 13374 13375 13397 13398 13401 13402 13405 13409 13431 13435 13436 13443 13446 13469 13473 13474 13475 13476 13479 13502 13507 13508 13509 13510 13533 13534 13537 13538 13542 13543 13544 13567 13568 13571 13572 13576 13577 13578 13602 13610 13611 13612 13636 13638 13644 13645 13670 13674 13676 13677 13678 13705 13708 13709 13737 13738 13741 13742 13775 13779 13780 13781 13782 13814 13815 13816 13844 13849 13850 13878 13883 13884 13885 13916 13917 13918 13919 13950 13953 13985 13987 14016 14021 14043 14044 14045 14046 14047 14048 14049 14050 14051 14081 14082 14083 14115 14116 14149 14228 14248 14261 14262 14294 14493 14526 14559 14560 14592 14593 14594 14622 14623 14624 14625 14626 14627 14628 14655 14656 14657 14658 14659 14660 14661 14662 14689 14690 14691 14692 14693 14694 14695 14696 14723 14724 14725 14726 14727 14728 14729 14730 14731 14757 14758 14759 14760 14761 14762 14763 14764 17986 17987 17988 17989 17990 17991 17992 17993 17994 17995 17996 17997 17998 18020 18021 18022 18023 18024 18025 18026 18027 18030 18031 18032 18058 18066 18237 18258 18266 18271 18292 18293 18294 18295 18296 18300 18301 18302 18303 18304 18307 18308 18326 18327 18328 18329 18330 18331 18332 18334 18335 18336 18337 18338 18341 18360 18361 18362 18363 18364 18365 18368 18369 18370 18371 18372 18394 18395 18396 18397 18398 18399 18404 18405 18406 18439 18440 18441 18473 18475 18496 18532 18536 18577 18604 18607 18608 18609 18610 18641 18642 18643 18644 18667 18668 18670 18671 18672 18675 18676 18677 18678 18701 18702 18706 18709 18710 18711 18712 18740 18743 18744 18745 18746 18747 18777 18778 18779 18780 18781 18804 18815 18837 18838 18840 18841 18842 18845 18849 18852 18871 18872 18879 18883 18885 18886 18905 18909 18913 18914 18915 18916 18918 18919 18947 18948 18949 18950 18952 18973 18974 18977 18978 18981 18982 18983 18984 18986 19007 19008 19011 19012 19015 19016 19017 19018 19042 19049 19050 19051 19052 19053 19076 19083 19084 19085 19087 19110 19112 19114 19116 19143 19144 19145 19146 19148 19151 19177 19178 19182 19211 19215 19219 19220 19221 19222 19253 19254 19255 19256 19287 19288 19289 19290 19321 19322 19323 19324 19325 19354 19355 19356 19357 19359 19387 19388 19389 19390 19393 19418 19421 19422 19424 19427 19449 19451 19452 19453 19455 19456 19461 19464 19483 19484 19485 19486 19487 19488 19489 19490 19491 19492 19493 19494 19498 19519 19520 19521 19522 19523 19527 19528 19555 19556 19561 19562 19589 19595 19596 19621 19622 19623 19629 19630 19653 19654 19655 19656 19662 19663 19668 19687 19688 19690 19701 19702 19734 19735 19899 19933 19966 19998 19999 20000 20028 20029 20030 20031 20032 20033 20034 20061 20062 20063 20064 20065 20066 20067 20068 20069 20095 20096 20097 20098 20099 20100 20101 20102 20103 20129 20130 20131 20132 20133 20134 20135 20136 20137 20164 20165 20166 20167 20168 20169 20170 20197 20198 20199 20200 20201 20202 20203 20204 20205 23426 23427 23428 23429 23430 23431 23432 23433 23434 23435 23436 23437 23438 23460 23461 23462 23463 23464 23468 23469 23470 23471 23472 23494 23495 23496 23497 23498 23504 23505 23506 23531 23532 23539 23540 23634 23638 23668 23669 23672 23673 23674 23675 23680 23698 23702 23706 23707 23708 23711 23732 23733 23734 23735 23736 23740 23741 23742 23743 23744 23747 23748 23766 23767 23768 23769 23770 23774 23775 23776 23777 23778 23780 23781 23800 23801 23802 23803 23804 23808 23809 23810 23811 23812 23813 23814 23815 23834 23835 23836 23837 23838 23842 23843 23844 23845 23846 23847 23848 23877 23878 23879 23880 23881 23882 23883 23915 23916 23972 24040 24047 24048 24049 24050 24051 24052 24081 24082 24083 24084 24085 24086 24108 24110 24111 24112 24115 24116 24117 24118 24119 24142 24146 24149 24150 24151 24152 24153 24183 24184 24185 24186 24221 24253 24255 24258 24278 24285 24286 24287 24288 24289 24290 24292 24312 24319 24320 24321 24322 24323 24324 24326 24353 24354 24355 24356 24357 24358 24359 24360 24387 24388 24389 24390 24391 24392 24393 24394 24414 24418 24421 24422 24423 24424 24425 24426 24427 24448 24452 24455 24456 24457 24458 24459 24460 24461 24489 24490 24491 24492 24493 24494 24495 24524 24525 24560 24594 24628 24659 24660 24661 24662 24663 24664 24665 24693 24694 24695 24696 24697 24698 24727 24728 24729 24730 24731 24761 24762 24763 24764 24794 24795 24796 24797 24828 24831 24858 24862 24865 24870 24892 24896 24898 24899 24904 24923 24924 24925 24926 24931 24932 24933 24934 24935 24936 24937 24938 24957 24958 24959 24960 24964 24965 24966 24967 24968 24970 24971 24991 24992 24993 24994 24998 24999 25000 25001 25002 25004 25025 25026 25027 25028 25032 25033 25034 25035 25036 25059 25060 25061 25062 25066 25067 25068 25069 25070 25093 25094 25095 25096 25100 25102 25103 25108 25127 25128 25129 25130 25141 25142 25174 25195 25196 25197 25305 25306 25339 25340 25372 25373 25374 25403 25404 25405 25406 25433 25434 25435 25436 25437 25438 25439 25440 25442 25467 25468 25469 25470 25471 25472 25473 25475 25476 25501 25502 25503 25504 25509 25510 25511 25535 25536 25537 25543 25544 25571 25572 25573 25574 25604 25605 25606 25607 25608 25609 25610 25637 25638 25639 25640 25641 25642 25643 25644 25645 25646 28867 28868 28869 28870 28874 28876 28877 28878 28903 28904 28936 28937 28938 29074 29081 29108 29138 29151 29152 29172 29173 29174 29175 29176 29180 29181 29182 29183 29184 29188 29206 29207 29208 29209 29210 29214 29215 29216 29217 29218 29222 29241 29242 29243 29244 29248 29249 29250 29251 29252 29255 29275 29276 29277 29278 29283 29284 29285 29286 29289 29318 29319 29320 29487 29488 29489 29490 29521 29522 29523 29524 29548 29555 29556 29557 29558 29560 29589 29590 29591 29592 29626 29661 29687 29689 29691 29692 29693 29694 29695 29725 29726 29727 29728 29729 29730 29755 29756 29757 29760 29761 29763 29764 29765 29793 29794 29795 29796 29798 29799 29800 29827 29828 29829 29830 29832 29833 29834 29861 29862 29863 29864 29866 29867 29868 29895 29896 29897 29898 29900 29901 29929 29930 29931 29932 30099 30100 30101 30102 30133 30134 30135 30136 30167 30168 30169 30170 30202 30203 30204 30264 30298 30305 30332 30338 30339 30340 30365 30366 30372 30373 30374 30397 30398 30399 30400 30406 30407 30408 30431 30432 30433 30434 30440 30441 30442 30465 30466 30467 30468 30473 30474 30475 30476 30534 30535 30548 30581 30582 30614 30675 30676 30708 30709 30710 30741 30742 30743 30744 30745 30746 30747 30775 30776 30777 30778 30779 30780 30781 30807 30808 30809 30810 30811 30812 30813 30814 30815 30839 30840 30841 30842 30843 30844 30845 30847 30848 30849 30873 30874 30875 30876 30877 30878 30881 30882 30883 30907 30908 30909 30910 30911 30915 30916 30917 30918 30941 30942 30943 30944 30949 30950 30951 31011 31012 31013 31014 31015 31016 31046 31047 31048 34310 34544 34549 34578 34591 34592 34616 34620 34624 34646 34649 34650 34654 34657 34658 34662 34682 34683 34684 34691 34692 34753 34787 34821 34822 34823 34824 34855 34856 34857 34889 34890 34891 34892 34897 34898 34928 34929 35059 35061 35062 35067 35093 35094 35095 35096 35097 35098 35099 35101 35127 35128 35129 35130 35131 35132 35135 35136 35161 35162 35163 35164 35165 35169 35170 35171 35195 35196 35197 35198 35203 35204 35205 35206 35234 35235 35236 35240 35268 35269 35270 35273 35274 35303 35304 35365 35366 35367 35368 35371 35399 35400 35401 35402 35407 35433 35434 35435 35441 35467 35468 35469 35470 35475 35476 35541 35574 35671 35672 35673 35675 35676 35679 35705 35706 35709 35710 35739 35773 35777 35988 36021 36022 36054 36055 36056 36109 36110 36111 36112 36113 36114 36115 36116 36143 36144 36145 36146 36147 36148 36149 36150 36177 36178 36179 36180 36181 36182 36183 36184 36185 36186 36187 36188 36211 36212 36213 36214 36215 36216 36217 36218 36219 36220 36221 36222 36245 36246 36247 36248 36249 36250 36251 36252 36253 36254 36255 36256 36279 36280 36281 36282 36283 36284 36285 36287 36288 36289 36290 36291 36313 36314 36315 36316 36317 36318 36321 36322 36323 36324 36325 36347 36348 36349 36350 36351 36355 36356 36357 36358 36418 36419 36420 36421 36422 40018 40023 40024 40025 40026 40027 40028 40031 40056 40060 40064 40093 40094 40098 40167 40226 40227 40228 40261 40262 40263 40264 40269 40295 40296 40297 40298 40303 40304 40329 40330 40331 40332 40337 40338 40339 40340 40362 40366 40395 40396 40399 40400 40429 40430 40464 40471 40499 40500 40501 40502 40507 40533 40534 40535 40536 40538 40539 40541 40567 40568 40569 40570 40571 40572 40575 40576 40597 40601 40602 40603 40604 40605 40609 40610 40611 40635 40636 40637 40638 40639 40640 40641 40642 40643 40644 40645 40646 40667 40668 40671 40672 40673 40675 40676 40680 40705 40706 40707 40710 40745 40767 40768 40769 40770 40771 40772 40773 40777 40779 40803 40804 40805 40806 40807 40808 40811 40813 40838 40839 40840 40841 40842 40845 40847 40873 40874 40875 40876 40881 40907 40908 40909 40910 40915 40916 40973 40974 40976 40977 40978 40981 41077 41078 41079 41083 41084 41085 41111 41112 41145 41146 41179 41213 41428 41461 41462 41482 41483 41484 41495 41496 41515 41516 41517 41518 41519 41520 41521 41522 41529 41530 41549 41550 41551 41552 41553 41554 41555 41556 41564 41583 41584 41585 41586 41587 41588 41589 41590 41598 41617 41618 41619 41620 41621 41622 41623 41624 41626 41651 41652 41653 41654 41655 41656 41657 41658 41659 41660 41661 41662 41685 41686 41687 41688 41689 41690 41691 41692 41693 41694 41695 41696 41697 41719 41720 41721 41722 41723 41724 41725 41727 41728 41729 41730 41731 41732 41733 41734 41753 41754 41755 41756 41757 41758 41761 41762 41763 41764 41765 41766 41768 41787 41788 41789 41790 41791 41826 41827 41828 41836 41870 41904 41937 41938 41971 41972 45190 45496 45500 45504 45666 45699 45700 45732 45733 45734 45740 45765 45766 45767 45768 45769 45770 45771 45773 45774 45777 45802 45804 45805 45806 45835 45836 45870 45904 45938 45971 45972 46005 46006 46037 46038 46039 46040 46041 46042 46071 46072 46073 46074 46075 46076 46077 46078 46079 46080 46081 46083 46084 46108 46112 46116 46120 46244 46252 46277 46278 46310 46311 46312 46344 46345 46346 46352 46353 46380 46388 46414 46416 46417 46418 46448 46482 46516 46550 46583 46584 46616 46649 46650 46690 46694 46868 46889 46890 46902 46921 46922 46923 46924 46925 46926 46927 46928 46936 46955 46956 46957 46958 46959 46960 46961 46962 46970 46989 46990 46991 46992 46993 46994 46995 46996 47004 47023 47024 47025 47026 47027 47028 47029 47030 47038 47057 47058 47059 47060 47061 47062 47063 47064 47072 47091 47092 47093 47094 47095 47096 47097 47098 47099 47106 47125 47126 47127 47128 47129 47130 47131 47132 47133 47134 47135 47136 47137 47140 47159 47160 47161 47162 47163 47164 47165 47167 47168 47169 47170 47171 47172 47173 47174 47193 47194 47195 47196 47197 47198 47208 47227 47228 47229 47230 47231 47242 47261 47262 47263 47264 47276 47295 47296 47297 47310 47329 47330 47344 47363 47378 47412 50630 50762 50796 50833 50834 50866 50867 51106 51139 51140 51147 51172 51173 51174 51205 51206 51207 51208 51242 51246 51276 51286 51310 51344 51378 51412 51445 51446 51478 51479 51480 51511 51512 51513 51514 51515 51516 51517 51518 51519 51520 51521 51523 51625 51684 51692 51717 51718 51751 51752 51759 51784 51785 51786 51792 51793 51817 51818 51819 51820 51854 51888 51922 51956 51990 52023 52024 52056 52057 52058 52089 52090 52091 52092 52296 52327 52328 52329 52330 52331 52332 52333 52334 52361 52362 52363 52364 52365 52366 52367 52368 52395 52396 52397 52398 52399 52400 52401 52402 52429 52430 52431 52432 52433 52434 52435 52436 52463 52464 52465 52466 52467 52468 52469 52470 52497 52498 52499 52500 52501 52502 52503 52504 52531 52532 52533 52534 52535 52536 52537 52538 52539 52565 52566 52567 52568 52569 52570 52571 52572 52599 52600 52601 52602 52603 52604 52605 52633 52634 52635 52636 52637 52638 56168 56202 56240 56273 56274 56307 56308 56310 56311 56312 56313 56314 56343 56344 56345 56346 56347 56348 56349 56350 56351 56352 56377 56381 56409 56410 56411 56412 56413 56419 56420 56442 56443 56444 56445 56446 56447 56448 56449 56450 56452 56453 56454 56475 56476 56477 56478 56479 56480 56481 56482 56483 56484 56485 56486 56487 56488 56489 56818 56823 56824 56825 56826 56827 56828 56829 56852 56856 56857 56858 56859 56860 56861 56862 56863 56885 56886 56889 56890 56891 56892 56893 56894 56895 56896 56897 56918 56919 56920 56922 56923 56924 56925 56926 56927 56928 56929 56930 56931 56932 56952 56953 56954 56955 56956 56957 56958 56959 56960 56961 56962 56963 56964 56965 56966 56988 56989 56990 56991 56992 56993 56994 56995 56996 56997 56998 56999 57021 57022 57023 57024 57025 57026 57027 57028 57029 57030 57031 57032 57033 57034 57054 57055 57056 57057 57058 57059 57060 57061 57062 57063 57064 57065 57066 57067 57068 57087 57088 57089 57090 57091 57092 57093 57094 57095 57096 57097 57098 57099 57100 57101 57102 57401 57434 57435 57436 57437 57438 57439 57440 57441 57467 57468 57469 57470 57471 57472 57473 57474 57500 57501 57502 57503 57504 57505 57506 57507 57508 57533 57534 57535 57536 57537 57538 57539 57540 57541 57567 57568 57569 57571 57572 57573 57600 57601 57602 57603 57604 57605 57606 57607 57609 57633 57634 57635 57636 57637 57638 57639 57640 57641 57643 57644 57666 57667 57668 57669 57670 57671 57672 57673 57674 57675 57676 57677 57699 57700 57701 57702 57703 57704 57705 57706 57707 57708 57709 57710 57711 57712 57740 57773 57774 61370 61378 61404 61438 61472 61506 61515 61540 61541 61549 61574 61608 61651 61652 61653 61654 61679 61680 61681 61682 61683 61684 61685 61686 61687 61688 61689 61713 61714 61715 61716 61717 61718 61719 61720 61721 61722 61723 61724 61747 61748 61749 61750 61751 61752 61753 61754 61755 61756 61757 61758 61759 61760 61783 61784 61785 61786 61787 61788 61789 61790 61791 61792 61793 61794 61816 61817 61818 61819 61820 61821 61822 61823 61824 61825 61826 61827 61828 61849 61850 61851 61852 61853 61854 61855 61856 61857 61858 61859 61860 61861 61862 61882 61883 61884 61885 61886 61887 61888 61889 61890 61891 61892 61893 61894 61895 61896 61915 61916 61917 61918 61919 61920 61921 61922 61923 61924 61925 61926 61927 61928 61929 61930 61949 61957 61983 61990 61991 61998 62017 62023 62024 62025 62051 62056 62057 62058 62059 62085 62093 62119 62127 62128 62153 62161 62162 62187 62221 62229 62230 62231 62232 62233 62234 62255 62256 62257 62258 62259 62260 62261 62263 62264 62265 62266 62267 62268 62269 62270 62289 62291 62292 62293 62294 62295 62296 62297 62298 62299 62300 62301 62302 62303 62304 62323 62325 62326 62327 62328 62329 62330 62331 62332 62333 62334 62335 62336 62337 62338 62359 62360 62361 62362 62363 62364 62365 62366 62367 62368 62369 62370 62371 62372 62395 62396 62397 62398 62399 62400 62401 62402 62403 62404 62405 62406 62425 62428 62429 62430 62431 62432 62433 62434 62435 62436 62437 62438 62439 62440 62459 62461 62462 62463 62464 62465 62466 62467 62468 62469 62470 62471 62472 62473 62474 62493 62494 62495 62496 62497 62498 62499 62500 62501 62502 62503 62504 62505 62506 62507 62508 62527 62528 62529 62530 62531 62532 62533 62534 62535 62536 62537 62538 62539 62540 62541 62542 62561 62568 62569 62595 62602 62603 62610 62629 62635 62636 62637 62663 62671 62697 62705 62731 62739 62765 62773 62799 62833 62841 62842 62843 62844 62845 62846 62847 62848 62867 62868 62869 62870 62871 62872 62873 62874 62875 62876 62877 62878 62879 62880 62881 62882 62901 62903 62904 62907 62908 62909 62910 62911 62912 62913 62914 62915 62916 62935 62940 62941 62942 62943 62944 62945 62946 62947 62948 62949 62950 62973 62974 62975 62976 62977 62978 62979 62980 62981 62982 62983 62984 63007 63008 63009 63010 63011 63012 63013 63014 63015 63016 63017 63018 63040 63041 63042 63043 63044 63045 63046 63047 63048 63049 63050 63051 63052 63073 63074 63075 63076 63077 63078 63079 63080 63081 63082 63083 63084 63085 63086 63106 63107 63108 63109 63110 63111 63112 63113 63114 63115 63116 63117 63118 63119 63120 63139 63140 63141 63142 63143 63144 63145 63146 63147 63148 63149 63150 63151 63152 63153 63154 63173 63180 63181 63215 63249 63283 63317 63351 63453 63454 63455 63487 66818 66912 66913 66921 66946 66947 66955 66980 66981 67014 67117 67119 67120 67121 67122 67123 67125 67151 67154 67155 67156 67157 67158 67159 67160 67161 67185 67188 67189 67190 67191 67192 67193 67194 67195 67196 67219 67222 67223 67224 67225 67226 67227 67228 67229 67230 67231 67232 67253 67256 67257 67258 67259 67260 67261 67262 67263 67264 67265 67266 67267 67268 67287 67289 67290 67291 67292 67293 67294 67295 67296 67297 67298 67299 67300 67301 67302 67321 67322 67323 67324 67325 67326 67327 67328 67329 67330 67331 67332 67333 67334 67335 67336 67355 67356 67357 67358 67359 67360 67361 67362 67363 67364 67365 67366 67367 67368 67369 67370 67389 67397 67423 67430 67431 67432 67438 67457 67463 67464 67465 67466 67471 67472 67491 67496 67497 67498 67499 67500 67525 67526 67531 67532 67533 67534 67559 67560 67567 67568 67593 67594 67627 67636 67637 67661 67669 67670 67671 67672 67673 67674 67675 67676 67695 67697 67698 67699 67700 67701 67703 67704 67705 67706 67707 67708 67709 67710 67729 67731 67732 67733 67734 67735 67736 67737 67738 67739 67740 67741 67742 67743 67744 67763 67766 67767 67768 67769 67770 67771 67772 67773 67774 67775 67776 67777 67778 67797 67800 67801 67802 67803 67804 67805 67806 67807 67808 67809 67810 67811 67812 67831 67834 67835 67836 67837 67838 67839 67840 67841 67842 67843 67844 67845 67846 67865 67868 67869 67870 67871 67872 67873 67874 67875 67876 67877 67878 67879 67880 67899 67901 67902 67903 67904 67905 67906 67907 67908 67909 67910 67911 67912 67913 67914 67933 67934 67935 67936 67937 67938 67939 67940 67941 67942 67943 67944 67945 67946 67947 67948 67967 67968 67969 67970 67971 67972 67973 67974 67975 67976 67977 67978 67979 67980 67981 67982 68001 68002 68008 68009 68010 68035 68036 68042 68043 68044 68050 68069 68070 68075 68076 68077 68078 68103 68104 68111 68112 68137 68138 68145 68146 68171 68172 68179 68205 68239 68248 68249 68250 68251 68252 68253 68254 68273 68281 68282 68283 68284 68285 68286 68287 68288 68307 68310 68311 68312 68313 68314 68315 68316 68317 68318 68319 68320 68321 68322 68341 68344 68345 68346 68347 68348 68349 68350 68351 68352 68353 68354 68355 68356 68375 68380 68381 68382 68383 68384 68385 68386 68387 68388 68389 68409 68413 68414 68415 68416 68417 68418 68419 68420 68421 68422 68423 68443 68447 68448 68449 68450 68451 68452 68453 68454 68455 68456 68457 68477 68480 68481 68482 68483 68484 68485 68486 68487 68488 68489 68490 68491 68511 68513 68514 68515 68516 68517 68518 68519 68520 68521 68522 68523 68524 68525 68526 68545 68546 68547 68548 68549 68550 68551 68552 68553 68554 68555 68556 68557 68558 68559 68560 68579 68580 68581 68582 68583 68584 68585 68586 68587 68588 68589 68590 68591 68592 68593 68594 68613 68621 68647 68655 68681 68689 68715 68723 68749 68757 68783 72258 72266 72291 72292 72386 72420 72560 72561 72562 72563 72594 72595 72596 72629 72659 72660 72663 72664 72665 72667 72668 72693 72694 72696 72697 72701 72702 72703 72704 72727 72728 72735 72736 72737 72738 72739 72740 72761 72764 72765 72769 72770 72771 72772 72773 72774 72775 72776 72795 72796 72797 72798 72799 72800 72801 72803 72804 72805 72806 72807 72808 72809 72810 72829 72830 72837 72838 72863 72864 72870 72871 72872 72878 72897 72898 72903 72904 72905 72906 72911 72912 72931 72932 72936 72937 72938 72939 72940 72946 72965 72966 72969 72970 72971 72972 72973 72974 72999 73000 73003 73004 73005 73006 73033 73034 73037 73038 73039 73040 73067 73068 73071 73072 73073 73074 73076 73077 73078 73101 73102 73105 73106 73107 73108 73110 73111 73112 73113 73135 73136 73138 73139 73140 73141 73143 73144 73145 73146 73147 73148 73169 73170 73172 73173 73174 73175 73176 73177 73178 73179 73180 73181 73182 73203 73204 73206 73207 73208 73209 73210 73211 73212 73213 73214 73215 73216 73237 73238 73240 73241 73242 73243 73244 73245 73246 73247 73248 73249 73250 73271 73272 73275 73276 73277 73278 73279 73280 73281 73282 73283 73284 73285 73305 73306 73308 73309 73310 73311 73312 73313 73314 73315 73316 73317 73318 73319 73320 73339 73340 73341 73342 73343 73344 73345 73346 73347 73348 73349 73350 73351 73352 73353 73354 73373 73374 73375 73376 73377 73378 73379 73380 73381 73382 73383 73384 73385 73386 73387 73388 73407 73408 73409 73410 73411 73412 73413 73414 73415 73416 73417 73418 73419 73420 73421 73422 73441 73442 73448 73449 73450 73475 73476 73482 73483 73484 73490 73509 73510 73515 73516 73517 73518 73524 73543 73544 73548 73549 73550 73551 73552 73577 73578 73583 73584 73585 73586 73611 73612 73615 73616 73617 73618 73645 73646 73649 73650 73651 73652 73655 73656 73657 73679 73680 73683 73684 73685 73686 73688 73689 73690 73691 73692 73713 73714 73717 73718 73719 73720 73721 73722 73723 73724 73725 73726 73747 73748 73751 73752 73753 73754 73755 73756 73757 73758 73759 73781 73782 73785 73786 73787 73788 73789 73790 73791 73792 73815 73816 73819 73820 73821 73822 73823 73824 73825 73826 73849 73850 73853 73854 73855 73856 73857 73858 73859 73883 73884 73887 73888 73889 73890 73891 73892 73893 73917 73918 73920 73921 73922 73923 73924 73925 73926 73927 73951 73952 73953 73954 73955 73956 73957 73958 73959 73960 73961 73985 73986 73987 73988 73989 73990 73991 73992 73993 73994 73995 73996 73997 74019 74020 74021 74022 74023 74024 74025 74026 74027 74028 74029 74030 74031 74032 74033 74053 74054 74061 74062 74087 74088 74095 74121 74122 74129 74155 74156 77698 77706 77731 77732 77764 77765 77766 77792 77798 77799 77800 77826 77832 77833 77834 77860 77867 77868 78001 78002 78003 78035 78036 78069 78167 78168 78175 78176 78201 78209 78210 78211 78212 78213 78243 78244 78245 78246 78247 78248 78249 78303 78310 78318 78337 78338 78339 78343 78344 78345 78351 78352 78371 78372 78373 78376 78377 78378 78379 78384 78385 78386 78409 78410 78411 78412 78443 78444 78445 78446 78477 78478 78479 78480 78481 78482 78511 78512 78513 78514 78515 78546 78547 78548 78579 78580 78581 78582 78583 78584 78613 78614 78615 78617 78618 78643 78647 78648 78651 78652 78677 78678 78681 78682 78685 78686 78711 78712 78713 78715 78716 78717 78719 78720 78721 78745 78746 78747 78748 78749 78750 78751 78752 78753 78754 78755 78756 78779 78780 78781 78782 78783 78784 78785 78786 78787 78788 78789 78790 78791 78813 78814 78815 78816 78817 78818 78819 78820 78821 78822 78823 78824 78825 78826 78827 78847 78848 78849 78850 78851 78852 78853 78854 78855 78856 78857 78858 78859 78860 78861 78862 78881 78882 78883 78886 78887 78888 78889 78890 78891 78915 78916 78917 78920 78921 78922 78923 78924 78925 78930 78949 78950 78951 78954 78955 78956 78957 78958 78959 78963 78964 78983 78984 78985 78988 78989 78990 79017 79018 79019 79022 79023 79024 79051 79056 79057 79058 79059 79060 79061 79090 79091 79092 79093 79094 79124 79125 79126 79127 79128 79158 79159 79160 79161 79162 79192 79193 79195 79226 79361 79362 79363 83138 83146 83171 83172 83179 83180 83198 83204 83205 83206 83232 83238 83239 83240 83266 83273 83274 83275 83276 83277 83307 83308 83309 83310 83311 83341 83342 83375 83376 83442 83443 83476 83683 83684 83685 83749 83750 83758 83783 83784 83791 83792 83816 83817 83818 83850 83851 83852 83853 83854 83855 83856 83884 83885 83886 83887 83888 83889 83918 83919 83920 83921 83922 83952 83953 83954 83955 83986 83987 83988 84020 84021 84022 84054 84055 84088 84227 84253 84261 84262 84295 84296 84297 84298 84299 84327 84328 84335 84336 84361 84362 84369 84370 84395 84396 84404 84428 84429 84430 84462 84463 84464 84465 84466 84467 84468 84496 84497 84498 84499 84500 84501 84530 84531 84532 84533 84534 84564 84565 84566 84567 84598 84599 84600 84632 84633 84666 84939 84940 88578 88586 88604 88611 88612 88638 88645 88646 88672 88679 88680 88681 88682 88683 88684 88713 88714 88715 88716 88717 88718 88747 88748 88749 88750 88751 88781 88782 88783 88784 88816 88817 88850 88883 89156 89189 89190 89198 89223 89224 89230 89257 89258 89259 89260 89261 89262 89263 89291 89292 89293 89294 89295 89296 89325 89326 89327 89328 89329 89359 89360 89361 89362 89393 89394 89395 89427 89428 89461 89462 89495 89767 89768 89776 89801 89802 89809 89810 89835 89836 89842 89869 89870 89871 89872 89873 89874 89875 89903 89904 89905 89906 89907 89908 89937 89938 89939 89940 89941 89971 89972 89973 89974 90005 90006 90007 90039 90040 90073 90379 90380 90388 90414 90448 90482 90483 90484 90485 90486 90516 90519 90550 90584 90618 90652 94010 94018 94044 94052 94056 94057 94058 94086 94087 94088 94089 94090 94091 94120 94121 94122 94123 94124 94154 94155 94156 94157 94158 94188 94189 94190 94191 94222 94223 94224 94256 94257 94290 94596 94630 94637 94638 94663 94664 94665 94666 94667 94668 94669 94670 94697 94698 94699 94700 94701 94702 94703 94731 94732 94733 94734 94735 94736 94766 94767 94768 94769 94800 94801 94802 94834 94835 94868 94902 95208 95216 95242 95243 95244 95245 95246 95247 95248 95249 95276 95277 95278 95279 95280 95281 95282 95310 95311 95312 95313 95314 95315 95344 95345 95346 95347 95348 95378 95379 95380 95381 95412 95413 95414 95446 95447 95480 95820 95854 95888 95889 95890 95891 95892 95893 95922 95923 95924 95925 95926 95956 95957 95958 95959 95960 95990 95991 95992 95993 96024 96025 96026 96058 96059 96092 99450 99484 100070 100104 100105 100106 100107 100108 100109 100110 100138 100139 100140 100141 100142 100143 100172 100173 100174 100175 100176 100206 100207 100208 100209 100241 100242 100275 100342 100682 100683 100684 100685 100686 100687 100688 100689 100716 100717 100718 100719 100720 100721 100722 100751 100752 100753 100754 100755 100785 100786 100787 100788 100819 100820 100821 295732 1534 1608 1632 1636 1637 1638 1669 1670 1674 1675 1676 1677 1678 1703 1704 1708 1710 1711 1712 1746 1780 1814 1917 1918 1951 1952 1953 1984 2018 2042 2053 2054 2087 2121 2142 2143 2144 2145 2146 2149 2155 2176 2177 2178 2179 2180 2183 2187 2189 2190 2219 2220 2221 2223 2224 2225 2253 2254 2255 2257 2258 2259 2260 2285 2287 2288 2289 2290 2319 2321 2322 2323 2324 2352 2357 2358 2359 2360 2386 2391 2392 2393 2394 2421 2427 2428 2453 2455 2461 2462 2489 2491 2495 2496 2497 2525 2529 2530 2531 2532 2557 2563 2564 2565 2566 2591 2593 2594 2596 2600 2625 2626 2627 2629 2630 2631 2632 2658 2665 2666 2693 2698 2699 2700 2726 2727 2733 2734 2761 2766 2767 2768 2793 2799 2801 2802 2831 2832 2833 2835 2836 2837 2863 2865 2866 2867 2869 2870 2871 2896 2897 2899 2900 2901 2902 2929 2931 2935 2936 2937 2938 2969 2970 2971 2972 2998 3003 3004 3005 3006 3033 3039 3040 3073 3107 3141 3142 3171 3172 3205 3208 3243 3277 3377 3410 3443 3444 3472 3480 3548 3582 3616 3679 3680 3712 3713 3714 3748 3776 3777 3809 3810 3843 3887 3888 3889 3890 3891 3892 7110 7114 7115 7116 7117 7118 7152 7186 7220 7357 7391 7424 7457 7482 7616 7627 7660 7661 7663 7664 7693 7694 7695 7697 7698 7727 7728 7729 7730 7761 7762 7763 7764 7765 7766 7767 7792 7797 7798 7799 7800 7826 7832 7867 7901 7929 7935 7936 7965 7969 7970 7971 8003 8036 8068 8069 8098 8103 8139 8166 8238 8239 8269 8271 8272 8273 8275 8276 8305 8306 8307 8309 8339 8340 8341 8342 8376 8378 8404 8410 8438 8444 8445 8479 8581 8607 8609 8610 8642 8643 8709 8851 8885 9086 9119 9120 9152 9153 9154 9215 9216 9217 9249 9250 9283 9298 9330 9331 9332 12547 12548 12549 12550 12551 12552 12553 12555 12556 12557 12558 12592 12797 12818 12831 12852 12853 12854 12855 12856 12857 12858 12859 12860 12861 12862 12863 12864 12867 12868 12887 12888 12889 12890 12891 12892 12895 12896 12897 12898 12922 12925 12930 12931 12932 12959 12966 13056 13095 13096 13097 13137 13167 13168 13169 13170 13174 13201 13202 13203 13204 13227 13228 13231 13232 13235 13236 13237 13238 13261 13262 13265 13266 13270 13271 13272 13305 13306 13307 13339 13341 13365 13372 13373 13374 13375 13397 13398 13401 13402 13405 13409 13431 13435 13436 13443 13446 13469 13473 13474 13475 13476 13479 13502 13507 13508 13509 13510 13533 13534 13537 13538 13542 13543 13544 13567 13568 13571 13572 13576 13577 13578 13602 13610 13611 13612 13636 13638 13644 13645 13670 13674 13676 13677 13678 13705 13708 13709 13737 13738 13741 13742 13775 13779 13780 13781 13782 13814 13815 13816 13844 13849 13850 13878 13883 13884 13885 13916 13917 13918 13919 13950 13953 13985 13987 14016 14021 14043 14044 14045 14046 14047 14048 14049 14050 14051 14081 14082 14083 14115 14116 14149 14228 14248 14261 14262 14294 14493 14526 14559 14560 14592 14593 14594 14622 14623 14624 14625 14626 14627 14628 14655 14656 14657 14658 14659 14660 14661 14662 14689 14690 14691 14692 14693 14694 14695 14696 14723 14724 14725 14726 14727 14728 14729 14730 14731 14757 14758 14759 14760 14761 14762 14763 14764 17986 17987 17988 17989 17990 17991 17992 17993 17994 17995 17996 17997 17998 18020 18021 18022 18023 18024 18025 18026 18027 18030 18031 18032 18058 18066 18237 18258 18266 18271 18292 18293 18294 18295 18296 18300 18301 18302 18303 18304 18307 18308 18326 18327 18328 18329 18330 18331 18332 18334 18335 18336 18337 18338 18341 18360 18361 18362 18363 18364 18365 18368 18369 18370 18371 18372 18394 18395 18396 18397 18398 18399 18404 18405 18406 18439 18440 18441 18473 18475 18496 18532 18536 18577 18604 18607 18608 18609 18610 18641 18642 18643 18644 18667 18668 18670 18671 18672 18675 18676 18677 18678 18701 18702 18706 18709 18710 18711 18712 18740 18743 18744 18745 18746 18747 18777 18778 18779 18780 18781 18804 18815 18837 18838 18840 18841 18842 18845 18849 18852 18871 18872 18879 18883 18885 18886 18905 18909 18913 18914 18915 18916 18918 18919 18947 18948 18949 18950 18952 18973 18974 18977 18978 18981 18982 18983 18984 18986 19007 19008 19011 19012 19015 19016 19017 19018 19042 19049 19050 19051 19052 19053 19076 19083 19084 19085 19087 19110 19112 19114 19116 19143 19144 19145 19146 19148 19151 19177 19178 19182 19211 19215 19219 19220 19221 19222 19253 19254 19255 19256 19287 19288 19289 19290 19321 19322 19323 19324 19325 19354 19355 19356 19357 19359 19387 19388 19389 19390 19393 19418 19421 19422 19424 19427 19449 19451 19452 19453 19455 19456 19461 19464 19483 19484 19485 19486 19487 19488 19489 19490 19491 19492 19493 19494 19498 19519 19520 19521 19522 19523 19527 19528 19555 19556 19561 19562 19589 19595 19596 19621 19622 19623 19629 19630 19653 19654 19655 19656 19662 19663 19668 19687 19688 19690 19701 19702 19734 19735 19899 19933 19966 19998 19999 20000 20028 20029 20030 20031 20032 20033 20034 20061 20062 20063 20064 20065 20066 20067 20068 20069 20095 20096 20097 20098 20099 20100 20101 20102 20103 20129 20130 20131 20132 20133 20134 20135 20136 20137 20164 20165 20166 20167 20168 20169 20170 20197 20198 20199 20200 20201 20202 20203 20204 20205 23426 23427 23428 23429 23430 23431 23432 23433 23434 23435 23436 23437 23438 23460 23461 23462 23463 23464 23468 23469 23470 23471 23472 23494 23495 23496 23497 23498 23504 23505 23506 23531 23532 23539 23540 23634 23638 23668 23669 23672 23673 23674 23675 23680 23698 23702 23706 23707 23708 23711 23732 23733 23734 23735 23736 23740 23741 23742 23743 23744 23747 23748 23766 23767 23768 23769 23770 23774 23775 23776 23777 23778 23780 23781 23800 23801 23802 23803 23804 23808 23809 23810 23811 23812 23813 23814 23815 23834 23835 23836 23837 23838 23842 23843 23844 23845 23846 23847 23848 23877 23878 23879 23880 23881 23882 23883 23915 23916 23972 24040 24047 24048 24049 24050 24051 24052 24081 24082 24083 24084 24085 24086 24108 24110 24111 24112 24115 24116 24117 24118 24119 24142 24146 24149 24150 24151 24152 24153 24183 24184 24185 24186 24221 24253 24255 24258 24278 24285 24286 24287 24288 24289 24290 24292 24312 24319 24320 24321 24322 24323 24324 24326 24353 24354 24355 24356 24357 24358 24359 24360 24387 24388 24389 24390 24391 24392 24393 24394 24414 24418 24421 24422 24423 24424 24425 24426 24427 24448 24452 24455 24456 24457 24458 24459 24460 24461 24489 24490 24491 24492 24493 24494 24495 24524 24525 24560 24594 24628 24659 24660 24661 24662 24663 24664 24665 24693 24694 24695 24696 24697 24698 24727 24728 24729 24730 24731 24761 24762 24763 24764 24794 24795 24796 24797 24828 24831 24858 24862 24865 24870 24892 24896 24898 24899 24904 24923 24924 24925 24926 24931 24932 24933 24934 24935 24936 24937 24938 24957 24958 24959 24960 24964 24965 24966 24967 24968 24970 24971 24991 24992 24993 24994 24998 24999 25000 25001 25002 25004 25025 25026 25027 25028 25032 25033 25034 25035 25036 25059 25060 25061 25062 25066 25067 25068 25069 25070 25093 25094 25095 25096 25100 25102 25103 25108 25127 25128 25129 25130 25141 25142 25174 25195 25196 25197 25305 25306 25339 25340 25372 25373 25374 25403 25404 25405 25406 25433 25434 25435 25436 25437 25438 25439 25440 25442 25467 25468 25469 25470 25471 25472 25473 25475 25476 25501 25502 25503 25504 25509 25510 25511 25535 25536 25537 25543 25544 25571 25572 25573 25574 25604 25605 25606 25607 25608 25609 25610 25637 25638 25639 25640 25641 25642 25643 25644 25645 25646 28867 28868 28869 28870 28874 28876 28877 28878 28903 28904 28936 28937 28938 29074 29081 29108 29138 29151 29152 29172 29173 29174 29175 29176 29180 29181 29182 29183 29184 29188 29206 29207 29208 29209 29210 29214 29215 29216 29217 29218 29222 29241 29242 29243 29244 29248 29249 29250 29251 29252 29255 29275 29276 29277 29278 29283 29284 29285 29286 29289 29318 29319 29320 29487 29488 29489 29490 29521 29522 29523 29524 29548 29555 29556 29557 29558 29560 29589 29590 29591 29592 29626 29661 29687 29689 29691 29692 29693 29694 29695 29725 29726 29727 29728 29729 29730 29755 29756 29757 29760 29761 29763 29764 29765 29793 29794 29795 29796 29798 29799 29800 29827 29828 29829 29830 29832 29833 29834 29861 29862 29863 29864 29866 29867 29868 29895 29896 29897 29898 29900 29901 29929 29930 29931 29932 30099 30100 30101 30102 30133 30134 30135 30136 30167 30168 30169 30170 30202 30203 30204 30264 30298 30305 30332 30338 30339 30340 30365 30366 30372 30373 30374 30397 30398 30399 30400 30406 30407 30408 30431 30432 30433 30434 30440 30441 30442 30465 30466 30467 30468 30473 30474 30475 30476 30534 30535 30548 30581 30582 30614 30675 30676 30708 30709 30710 30741 30742 30743 30744 30745 30746 30747 30775 30776 30777 30778 30779 30780 30781 30807 30808 30809 30810 30811 30812 30813 30814 30815 30839 30840 30841 30842 30843 30844 30845 30847 30848 30849 30873 30874 30875 30876 30877 30878 30881 30882 30883 30907 30908 30909 30910 30911 30915 30916 30917 30918 30941 30942 30943 30944 30949 30950 30951 31011 31012 31013 31014 31015 31016 31046 31047 31048 34310 34544 34549 34578 34591 34592 34616 34620 34624 34646 34649 34650 34654 34657 34658 34662 34682 34683 34684 34691 34692 34753 34787 34821 34822 34823 34824 34855 34856 34857 34889 34890 34891 34892 34897 34898 34928 34929 35059 35061 35062 35067 35093 35094 35095 35096 35097 35098 35099 35101 35127 35128 35129 35130 35131 35132 35135 35136 35161 35162 35163 35164 35165 35169 35170 35171 35195 35196 35197 35198 35203 35204 35205 35206 35234 35235 35236 35240 35268 35269 35270 35273 35274 35303 35304 35365 35366 35367 35368 35371 35399 35400 35401 35402 35407 35433 35434 35435 35441 35467 35468 35469 35470 35475 35476 35541 35574 35671 35672 35673 35675 35676 35679 35705 35706 35709 35710 35739 35773 35777 35988 36021 36022 36054 36055 36056 36109 36110 36111 36112 36113 36114 36115 36116 36143 36144 36145 36146 36147 36148 36149 36150 36177 36178 36179 36180 36181 36182 36183 36184 36185 36186 36187 36188 36211 36212 36213 36214 36215 36216 36217 36218 36219 36220 36221 36222 36245 36246 36247 36248 36249 36250 36251 36252 36253 36254 36255 36256 36279 36280 36281 36282 36283 36284 36285 36287 36288 36289 36290 36291 36313 36314 36315 36316 36317 36318 36321 36322 36323 36324 36325 36347 36348 36349 36350 36351 36355 36356 36357 36358 36418 36419 36420 36421 36422 40018 40023 40024 40025 40026 40027 40028 40031 40056 40060 40064 40093 40094 40098 40167 40226 40227 40228 40261 40262 40263 40264 40269 40295 40296 40297 40298 40303 40304 40329 40330 40331 40332 40337 40338 40339 40340 40362 40366 40395 40396 40399 40400 40429 40430 40464 40471 40499 40500 40501 40502 40507 40533 40534 40535 40536 40538 40539 40541 40567 40568 40569 40570 40571 40572 40575 40576 40597 40601 40602 40603 40604 40605 40609 40610 40611 40635 40636 40637 40638 40639 40640 40641 40642 40643 40644 40645 40646 40667 40668 40671 40672 40673 40675 40676 40680 40705 40706 40707 40710 40745 40767 40768 40769 40770 40771 40772 40773 40777 40779 40803 40804 40805 40806 40807 40808 40811 40813 40838 40839 40840 40841 40842 40845 40847 40873 40874 40875 40876 40881 40907 40908 40909 40910 40915 40916 40973 40974 40976 40977 40978 40981 41077 41078 41079 41083 41084 41085 41111 41112 41145 41146 41179 41213 41428 41461 41462 41482 41483 41484 41495 41496 41515 41516 41517 41518 41519 41520 41521 41522 41529 41530 41549 41550 41551 41552 41553 41554 41555 41556 41564 41583 41584 41585 41586 41587 41588 41589 41590 41598 41617 41618 41619 41620 41621 41622 41623 41624 41626 41651 41652 41653 41654 41655 41656 41657 41658 41659 41660 41661 41662 41685 41686 41687 41688 41689 41690 41691 41692 41693 41694 41695 41696 41697 41719 41720 41721 41722 41723 41724 41725 41727 41728 41729 41730 41731 41732 41733 41734 41753 41754 41755 41756 41757 41758 41761 41762 41763 41764 41765 41766 41768 41787 41788 41789 41790 41791 41826 41827 41828 41836 41870 41904 41937 41938 41971 41972 45190 45496 45500 45504 45666 45699 45700 45732 45733 45734 45740 45765 45766 45767 45768 45769 45770 45771 45773 45774 45777 45802 45804 45805 45806 45835 45836 45870 45904 45938 45971 45972 46005 46006 46037 46038 46039 46040 46041 46042 46071 46072 46073 46074 46075 46076 46077 46078 46079 46080 46081 46083 46084 46108 46112 46116 46120 46244 46252 46277 46278 46310 46311 46312 46344 46345 46346 46352 46353 46380 46388 46414 46416 46417 46418 46448 46482 46516 46550 46583 46584 46616 46649 46650 46690 46694 46868 46889 46890 46902 46921 46922 46923 46924 46925 46926 46927 46928 46936 46955 46956 46957 46958 46959 46960 46961 46962 46970 46989 46990 46991 46992 46993 46994 46995 46996 47004 47023 47024 47025 47026 47027 47028 47029 47030 47038 47057 47058 47059 47060 47061 47062 47063 47064 47072 47091 47092 47093 47094 47095 47096 47097 47098 47099 47106 47125 47126 47127 47128 47129 47130 47131 47132 47133 47134 47135 47136 47137 47140 47159 47160 47161 47162 47163 47164 47165 47167 47168 47169 47170 47171 47172 47173 47174 47193 47194 47195 47196 47197 47198 47208 47227 47228 47229 47230 47231 47242 47261 47262 47263 47264 47276 47295 47296 47297 47310 47329 47330 47344 47363 47378 47412 50630 50762 50796 50833 50834 50866 50867 51106 51139 51140 51147 51172 51173 51174 51205 51206 51207 51208 51242 51246 51276 51286 51310 51344 51378 51412 51445 51446 51478 51479 51480 51511 51512 51513 51514 51515 51516 51517 51518 51519 51520 51521 51523 51625 51684 51692 51717 51718 51751 51752 51759 51784 51785 51786 51792 51793 51817 51818 51819 51820 51854 51888 51922 51956 51990 52023 52024 52056 52057 52058 52089 52090 52091 52092 52296 52327 52328 52329 52330 52331 52332 52333 52334 52361 52362 52363 52364 52365 52366 52367 52368 52395 52396 52397 52398 52399 52400 52401 52402 52429 52430 52431 52432 52433 52434 52435 52436 52463 52464 52465 52466 52467 52468 52469 52470 52497 52498 52499 52500 52501 52502 52503 52504 52531 52532 52533 52534 52535 52536 52537 52538 52539 52565 52566 52567 52568 52569 52570 52571 52572 52599 52600 52601 52602 52603 52604 52605 52633 52634 52635 52636 52637 52638 56168 56202 56240 56273 56274 56307 56308 56310 56311 56312 56313 56314 56343 56344 56345 56346 56347 56348 56349 56350 56351 56352 56377 56381 56409 56410 56411 56412 56413 56419 56420 56442 56443 56444 56445 56446 56447 56448 56449 56450 56452 56453 56454 56475 56476 56477 56478 56479 56480 56481 56482 56483 56484 56485 56486 56487 56488 56489 56818 56823 56824 56825 56826 56827 56828 56829 56852 56856 56857 56858 56859 56860 56861 56862 56863 56885 56886 56889 56890 56891 56892 56893 56894 56895 56896 56897 56918 56919 56920 56922 56923 56924 56925 56926 56927 56928 56929 56930 56931 56932 56952 56953 56954 56955 56956 56957 56958 56959 56960 56961 56962 56963 56964 56965 56966 56988 56989 56990 56991 56992 56993 56994 56995 56996 56997 56998 56999 57021 57022 57023 57024 57025 57026 57027 57028 57029 57030 57031 57032 57033 57034 57054 57055 57056 57057 57058 57059 57060 57061 57062 57063 57064 57065 57066 57067 57068 57087 57088 57089 57090 57091 57092 57093 57094 57095 57096 57097 57098 57099 57100 57101 57102 57401 57434 57435 57436 57437 57438 57439 57440 57441 57467 57468 57469 57470 57471 57472 57473 57474 57500 57501 57502 57503 57504 57505 57506 57507 57508 57533 57534 57535 57536 57537 57538 57539 57540 57541 57567 57568 57569 57571 57572 57573 57600 57601 57602 57603 57604 57605 57606 57607 57609 57633 57634 57635 57636 57637 57638 57639 57640 57641 57643 57644 57666 57667 57668 57669 57670 57671 57672 57673 57674 57675 57676 57677 57699 57700 57701 57702 57703 57704 57705 57706 57707 57708 57709 57710 57711 57712 57740 57773 57774 61370 61378 61404 61438 61472 61506 61515 61540 61541 61549 61574 61608 61651 61652 61653 61654 61679 61680 61681 61682 61683 61684 61685 61686 61687 61688 61689 61713 61714 61715 61716 61717 61718 61719 61720 61721 61722 61723 61724 61747 61748 61749 61750 61751 61752 61753 61754 61755 61756 61757 61758 61759 61760 61783 61784 61785 61786 61787 61788 61789 61790 61791 61792 61793 61794 61816 61817 61818 61819 61820 61821 61822 61823 61824 61825 61826 61827 61828 61849 61850 61851 61852 61853 61854 61855 61856 61857 61858 61859 61860 61861 61862 61882 61883 61884 61885 61886 61887 61888 61889 61890 61891 61892 61893 61894 61895 61896 61915 61916 61917 61918 61919 61920 61921 61922 61923 61924 61925 61926 61927 61928 61929 61930 61949 61957 61983 61990 61991 61998 62017 62023 62024 62025 62051 62056 62057 62058 62059 62085 62093 62119 62127 62128 62153 62161 62162 62187 62221 62229 62230 62231 62232 62233 62234 62255 62256 62257 62258 62259 62260 62261 62263 62264 62265 62266 62267 62268 62269 62270 62289 62291 62292 62293 62294 62295 62296 62297 62298 62299 62300 62301 62302 62303 62304 62323 62325 62326 62327 62328 62329 62330 62331 62332 62333 62334 62335 62336 62337 62338 62359 62360 62361 62362 62363 62364 62365 62366 62367 62368 62369 62370 62371 62372 62395 62396 62397 62398 62399 62400 62401 62402 62403 62404 62405 62406 62425 62428 62429 62430 62431 62432 62433 62434 62435 62436 62437 62438 62439 62440 62459 62461 62462 62463 62464 62465 62466 62467 62468 62469 62470 62471 62472 62473 62474 62493 62494 62495 62496 62497 62498 62499 62500 62501 62502 62503 62504 62505 62506 62507 62508 62527 62528 62529 62530 62531 62532 62533 62534 62535 62536 62537 62538 62539 62540 62541 62542 62561 62568 62569 62595 62602 62603 62610 62629 62635 62636 62637 62663 62671 62697 62705 62731 62739 62765 62773 62799 62833 62841 62842 62843 62844 62845 62846 62847 62848 62867 62868 62869 62870 62871 62872 62873 62874 62875 62876 62877 62878 62879 62880 62881 62882 62901 62903 62904 62907 62908 62909 62910 62911 62912 62913 62914 62915 62916 62935 62940 62941 62942 62943 62944 62945 62946 62947 62948 62949 62950 62973 62974 62975 62976 62977 62978 62979 62980 62981 62982 62983 62984 63007 63008 63009 63010 63011 63012 63013 63014 63015 63016 63017 63018 63040 63041 63042 63043 63044 63045 63046 63047 63048 63049 63050 63051 63052 63073 63074 63075 63076 63077 63078 63079 63080 63081 63082 63083 63084 63085 63086 63106 63107 63108 63109 63110 63111 63112 63113 63114 63115 63116 63117 63118 63119 63120 63139 63140 63141 63142 63143 63144 63145 63146 63147 63148 63149 63150 63151 63152 63153 63154 63173 63180 63181 63215 63249 63283 63317 63351 63453 63454 63455 63487 66818 66912 66913 66921 66946 66947 66955 66980 66981 67014 67117 67119 67120 67121 67122 67123 67125 67151 67154 67155 67156 67157 67158 67159 67160 67161 67185 67188 67189 67190 67191 67192 67193 67194 67195 67196 67219 67222 67223 67224 67225 67226 67227 67228 67229 67230 67231 67232 67253 67256 67257 67258 67259 67260 67261 67262 67263 67264 67265 67266 67267 67268 67287 67289 67290 67291 67292 67293 67294 67295 67296 67297 67298 67299 67300 67301 67302 67321 67322 67323 67324 67325 67326 67327 67328 67329 67330 67331 67332 67333 67334 67335 67336 67355 67356 67357 67358 67359 67360 67361 67362 67363 67364 67365 67366 67367 67368 67369 67370 67389 67397 67423 67430 67431 67432 67438 67457 67463 67464 67465 67466 67471 67472 67491 67496 67497 67498 67499 67500 67525 67526 67531 67532 67533 67534 67559 67560 67567 67568 67593 67594 67627 67636 67637 67661 67669 67670 67671 67672 67673 67674 67675 67676 67695 67697 67698 67699 67700 67701 67703 67704 67705 67706 67707 67708 67709 67710 67729 67731 67732 67733 67734 67735 67736 67737 67738 67739 67740 67741 67742 67743 67744 67763 67766 67767 67768 67769 67770 67771 67772 67773 67774 67775 67776 67777 67778 67797 67800 67801 67802 67803 67804 67805 67806 67807 67808 67809 67810 67811 67812 67831 67834 67835 67836 67837 67838 67839 67840 67841 67842 67843 67844 67845 67846 67865 67868 67869 67870 67871 67872 67873 67874 67875 67876 67877 67878 67879 67880 67899 67901 67902 67903 67904 67905 67906 67907 67908 67909 67910 67911 67912 67913 67914 67933 67934 67935 67936 67937 67938 67939 67940 67941 67942 67943 67944 67945 67946 67947 67948 67967 67968 67969 67970 67971 67972 67973 67974 67975 67976 67977 67978 67979 67980 67981 67982 68001 68002 68008 68009 68010 68035 68036 68042 68043 68044 68050 68069 68070 68075 68076 68077 68078 68103 68104 68111 68112 68137 68138 68145 68146 68171 68172 68179 68205 68239 68248 68249 68250 68251 68252 68253 68254 68273 68281 68282 68283 68284 68285 68286 68287 68288 68307 68310 68311 68312 68313 68314 68315 68316 68317 68318 68319 68320 68321 68322 68341 68344 68345 68346 68347 68348 68349 68350 68351 68352 68353 68354 68355 68356 68375 68380 68381 68382 68383 68384 68385 68386 68387 68388 68389 68409 68413 68414 68415 68416 68417 68418 68419 68420 68421 68422 68423 68443 68447 68448 68449 68450 68451 68452 68453 68454 68455 68456 68457 68477 68480 68481 68482 68483 68484 68485 68486 68487 68488 68489 68490 68491 68511 68513 68514 68515 68516 68517 68518 68519 68520 68521 68522 68523 68524 68525 68526 68545 68546 68547 68548 68549 68550 68551 68552 68553 68554 68555 68556 68557 68558 68559 68560 68579 68580 68581 68582 68583 68584 68585 68586 68587 68588 68589 68590 68591 68592 68593 68594 68613 68621 68647 68655 68681 68689 68715 68723 68749 68757 68783 72258 72266 72291 72292 72386 72420 72560 72561 72562 72563 72594 72595 72596 72629 72659 72660 72663 72664 72665 72667 72668 72693 72694 72696 72697 72701 72702 72703 72704 72727 72728 72735 72736 72737 72738 72739 72740 72761 72764 72765 72769 72770 72771 72772 72773 72774 72775 72776 72795 72796 72797 72798 72799 72800 72801 72803 72804 72805 72806 72807 72808 72809 72810 72829 72830 72837 72838 72863 72864 72870 72871 72872 72878 72897 72898 72903 72904 72905 72906 72911 72912 72931 72932 72936 72937 72938 72939 72940 72946 72965 72966 72969 72970 72971 72972 72973 72974 72999 73000 73003 73004 73005 73006 73033 73034 73037 73038 73039 73040 73067 73068 73071 73072 73073 73074 73076 73077 73078 73101 73102 73105 73106 73107 73108 73110 73111 73112 73113 73135 73136 73138 73139 73140 73141 73143 73144 73145 73146 73147 73148 73169 73170 73172 73173 73174 73175 73176 73177 73178 73179 73180 73181 73182 73203 73204 73206 73207 73208 73209 73210 73211 73212 73213 73214 73215 73216 73237 73238 73240 73241 73242 73243 73244 73245 73246 73247 73248 73249 73250 73271 73272 73275 73276 73277 73278 73279 73280 73281 73282 73283 73284 73285 73305 73306 73308 73309 73310 73311 73312 73313 73314 73315 73316 73317 73318 73319 73320 73339 73340 73341 73342 73343 73344 73345 73346 73347 73348 73349 73350 73351 73352 73353 73354 73373 73374 73375 73376 73377 73378 73379 73380 73381 73382 73383 73384 73385 73386 73387 73388 73407 73408 73409 73410 73411 73412 73413 73414 73415 73416 73417 73418 73419 73420 73421 73422 73441 73442 73448 73449 73450 73475 73476 73482 73483 73484 73490 73509 73510 73515 73516 73517 73518 73524 73543 73544 73548 73549 73550 73551 73552 73577 73578 73583 73584 73585 73586 73611 73612 73615 73616 73617 73618 73645 73646 73649 73650 73651 73652 73655 73656 73657 73679 73680 73683 73684 73685 73686 73688 73689 73690 73691 73692 73713 73714 73717 73718 73719 73720 73721 73722 73723 73724 73725 73726 73747 73748 73751 73752 73753 73754 73755 73756 73757 73758 73759 73781 73782 73785 73786 73787 73788 73789 73790 73791 73792 73815 73816 73819 73820 73821 73822 73823 73824 73825 73826 73849 73850 73853 73854 73855 73856 73857 73858 73859 73883 73884 73887 73888 73889 73890 73891 73892 73893 73917 73918 73920 73921 73922 73923 73924 73925 73926 73927 73951 73952 73953 73954 73955 73956 73957 73958 73959 73960 73961 73985 73986 73987 73988 73989 73990 73991 73992 73993 73994 73995 73996 73997 74019 74020 74021 74022 74023 74024 74025 74026 74027 74028 74029 74030 74031 74032 74033 74053 74054 74061 74062 74087 74088 74095 74121 74122 74129 74155 74156 77698 77706 77731 77732 77764 77765 77766 77792 77798 77799 77800 77826 77832 77833 77834 77860 77867 77868 78001 78002 78003 78035 78036 78069 78167 78168 78175 78176 78201 78209 78210 78211 78212 78213 78243 78244 78245 78246 78247 78248 78249 78303 78310 78318 78337 78338 78339 78343 78344 78345 78351 78352 78371 78372 78373 78376 78377 78378 78379 78384 78385 78386 78409 78410 78411 78412 78443 78444 78445 78446 78477 78478 78479 78480 78481 78482 78511 78512 78513 78514 78515 78546 78547 78548 78579 78580 78581 78582 78583 78584 78613 78614 78615 78617 78618 78643 78647 78648 78651 78652 78677 78678 78681 78682 78685 78686 78711 78712 78713 78715 78716 78717 78719 78720 78721 78745 78746 78747 78748 78749 78750 78751 78752 78753 78754 78755 78756 78779 78780 78781 78782 78783 78784 78785 78786 78787 78788 78789 78790 78791 78813 78814 78815 78816 78817 78818 78819 78820 78821 78822 78823 78824 78825 78826 78827 78847 78848 78849 78850 78851 78852 78853 78854 78855 78856 78857 78858 78859 78860 78861 78862 78881 78882 78883 78886 78887 78888 78889 78890 78891 78915 78916 78917 78920 78921 78922 78923 78924 78925 78930 78949 78950 78951 78954 78955 78956 78957 78958 78959 78963 78964 78983 78984 78985 78988 78989 78990 79017 79018 79019 79022 79023 79024 79051 79056 79057 79058 79059 79060 79061 79090 79091 79092 79093 79094 79124 79125 79126 79127 79128 79158 79159 79160 79161 79162 79192 79193 79195 79226 79361 79362 79363 83138 83146 83171 83172 83179 83180 83198 83204 83205 83206 83232 83238 83239 83240 83266 83273 83274 83275 83276 83277 83307 83308 83309 83310 83311 83341 83342 83375 83376 83442 83443 83476 83683 83684 83685 83749 83750 83758 83783 83784 83791 83792 83816 83817 83818 83850 83851 83852 83853 83854 83855 83856 83884 83885 83886 83887 83888 83889 83918 83919 83920 83921 83922 83952 83953 83954 83955 83986 83987 83988 84020 84021 84022 84054 84055 84088 84227 84253 84261 84262 84295 84296 84297 84298 84299 84327 84328 84335 84336 84361 84362 84369 84370 84395 84396 84404 84428 84429 84430 84462 84463 84464 84465 84466 84467 84468 84496 84497 84498 84499 84500 84501 84530 84531 84532 84533 84534 84564 84565 84566 84567 84598 84599 84600 84632 84633 84666 84939 84940 88578 88586 88604 88611 88612 88638 88645 88646 88672 88679 88680 88681 88682 88683 88684 88713 88714 88715 88716 88717 88718 88747 88748 88749 88750 88751 88781 88782 88783 88784 88816 88817 88850 88883 89156 89189 89190 89198 89223 89224 89230 89257 89258 89259 89260 89261 89262 89263 89291 89292 89293 89294 89295 89296 89325 89326 89327 89328 89329 89359 89360 89361 89362 89393 89394 89395 89427 89428 89461 89462 89495 89767 89768 89776 89801 89802 89809 89810 89835 89836 89842 89869 89870 89871 89872 89873 89874 89875 89903 89904 89905 89906 89907 89908 89937 89938 89939 89940 89941 89971 89972 89973 89974 90005 90006 90007 90039 90040 90073 90379 90380 90388 90414 90448 90482 90483 90484 90485 90486 90516 90519 90550 90584 90618 90652 94010 94018 94044 94052 94056 94057 94058 94086 94087 94088 94089 94090 94091 94120 94121 94122 94123 94124 94154 94155 94156 94157 94158 94188 94189 94190 94191 94222 94223 94224 94256 94257 94290 94596 94630 94637 94638 94663 94664 94665 94666 94667 94668 94669 94670 94697 94698 94699 94700 94701 94702 94703 94731 94732 94733 94734 94735 94736 94766 94767 94768 94769 94800 94801 94802 94834 94835 94868 94902 95208 95216 95242 95243 95244 95245 95246 95247 95248 95249 95276 95277 95278 95279 95280 95281 95282 95310 95311 95312 95313 95314 95315 95344 95345 95346 95347 95348 95378 95379 95380 95381 95412 95413 95414 95446 95447 95480 95820 95854 95888 95889 95890 95891 95892 95893 95922 95923 95924 95925 95926 95956 95957 95958 95959 95960 95990 95991 95992 95993 96024 96025 96026 96058 96059 96092 99450 99484 100070 100104 100105 100106 100107 100108 100109 100110 100138 100139 100140 100141 100142 100143 100172 100173 100174 100175 100176 100206 100207 100208 100209 100241 100242 100275 100342 100682 100683 100684 100685 100686 100687 100688 100689 100716 100717 100718 100719 100720 100721 100722 100751 100752 100753 100754 100755 100785 100786 100787 100788 100819 100820 100821 295732
        </DataArray>
        <DataArray type="Int32" Name="source" format="ascii">
          0 0 0 0 0 0 0 0 0 0 0 0 0 0 0 0 0 0 0 0 0 0 0 0 0 0 0 0 0 0 0 0 0 0 0 0 0 0 0 0 0 0 0 0 0 0 0 0 0 0 0 0 0 0 0 0 0 0 0 0 0 0 0 0 0 0 0 0 0 0 0 0 0 0 0 0 0 0 0 0 0 0 0 0 0 0 0 0 0 0 0 0 0 0 0 0 0 0 0 0 0 0 0 0 0 0 0 0 0 0 0 0 0 0 0 0 0 0 0 0 0 0 0 0 0 0 0 0 0 0 0 0 0 0 0 0 0 0 0 0 0 0 0 0 0 0 0 0 0 0 0 0 0 0 0 0 0 0 0 0 0 0 0 0 0 0 0 0 0 0 0 0 0 0 0 0 0 0 0 0 0 0 0 0 0 0 0 0 0 0 0 0 0 0 0 0 0 0 0 0 0 0 0 0 0 0 0 0 0 0 0 0 0 0 0 0 0 0 0 0 0 0 0 0 0 0 0 0 0 0 0 0 0 0 0 0 0 0 0 0 0 0 0 0 0 0 0 0 0 0 0 0 0 0 0 0 0 0 0 0 0 0 0 0 0 0 0 0 0 0 0 0 0 0 0 0 0 0 0 0 0 0 0 0 0 0 0 0 0 0 0 0 0 0 0 0 0 0 0 0 0 0 0 0 0 0 0 0 0 0 0 0 0 0 0 0 0 0 0 0 0 0 0 0 0 0 0 0 0 0 0 0 0 0 0 0 0 0 0 0 0 0 0 0 0 0 0 0 0 0 0 0 0 0 0 0 0 0 0 0 0 0 0 0 0 0 0 0 0 0 0 0 0 0 0 0 0 0 0 0 0 0 0 0 0 0 0 0 0 0 0 0 0 0 0 0 0 0 0 0 0 0 0 0 0 0 0 0 0 0 0 0 0 0 0 0 0 0 0 0 0 0 0 0 0 0 0 0 0 0 0 0 0 0 0 0 0 0 0 0 0 0 0 0 0 0 0 0 0 0 0 0 0 0 0 0 0 0 0 0 0 0 0 0 0 0 0 0 0 0 0 0 0 0 0 0 0 0 0 0 0 0 0 0 0 0 0 0 0 0 0 0 0 0 0 0 0 0 0 0 0 0 0 0 0 0 0 0 0 0 0 0 0 0 0 0 0 0 0 0 0 0 0 0 0 0 0 0 0 0 0 0 0 0 0 0 0 0 0 0 0 0 0 0 0 0 0 0 0 0 0 0 0 0 0 0 0 0 0 0 0 0 0 0 0 0 0 0 0 0 0 0 0 0 0 0 0 0 0 0 0 0 0 0 0 0 0 0 0 0 0 0 0 0 0 0 0 0 0 0 0 0 0 0 0 0 0 0 0 0 0 0 0 0 0 0 0 0 0 0 0 0 0 0 0 0 0 0 0 0 0 0 0 0 0 0 0 0 0 0 0 0 0 0 0 0 0 0 0 0 0 0 0 0 0 0 0 0 0 0 0 0 0 0 0 0 0 0 0 0 0 0 0 0 0 0 0 0 0 0 0 0 0 0 0 0 0 0 0 0 0 0 0 0 0 0 0 0 0 0 0 0 0 0 0 0 0 0 0 0 0 0 0 0 0 0 0 0 0 0 0 0 0 0 0 0 0 0 0 0 0 0 0 0 0 0 0 0 0 0 0 0 0 0 0 0 0 0 0 0 0 0 0 0 0 0 0 0 0 0 0 0 0 0 0 0 0 0 0 0 0 0 0 0 0 0 0 0 0 0 0 0 0 0 0 0 0 0 0 0 0 0 0 0 0 0 0 0 0 0 0 0 0 0 0 0 0 0 0 0 0 0 0 0 0 0 0 0 0 0 0 0 0 0 0 0 0 0 0 0 0 0 0 0 0 0 0 0 0 0 0 0 0 0 0 0 0 0 0 0 0 0 0 0 0 0 0 0 0 0 0 0 0 0 0 0 0 0 0 0 0 0 0 0 0 0 0 0 0 0 0 0 0 0 0 0 0 0 0 0 0 0 0 0 0 0 0 0 0 0 0 0 0 0 0 0 0 0 0 0 0 0 0 0 0 0 0 0 0 0 0 0 0 0 0 0 0 0 0 0 0 0 0 0 0 0 0 0 0 0 0 0 0 0 0 0 0 0 0 0 0 0 0 0 0 0 0 0 0 0 0 0 0 0 0 0 0 0 0 0 0 0 0 0 0 0 0 0 0 0 0 0 0 0 0 0 0 0 0 0 0 0 0 0 0 0 0 0 0 0 0 0 0 0 0 0 0 0 0 0 0 0 0 0 0 0 0 0 0 0 0 0 0 0 0 0 0 0 0 0 0 0 0 0 0 0 0 0 0 0 0 0 0 0 0 0 0 0 0 0 0 0 0 0 0 0 0 0 0 0 0 0 0 0 0 0 0 0 0 0 0 0 0 0 0 0 0 0 0 0 0 0 0 0 0 0 0 0 0 0 0 0 0 0 0 0 0 0 0 0 0 0 0 0 0 0 0 0 0 0 0 0 0 0 0 0 0 0 0 0 0 0 0 0 0 0 0 0 0 0 0 0 0 0 0 0 0 0 0 0 0 0 0 0 0 0 0 0 0 0 0 0 0 0 0 0 0 0 0 0 0 0 0 0 0 0 0 0 0 0 0 0 0 0 0 0 0 0 0 0 0 0 0 0 0 0 0 0 0 0 0 0 0 0 0 0 0 0 0 0 0 0 0 0 0 0 0 0 0 0 0 0 0 0 0 0 0 0 0 0 0 0 0 0 0 0 0 0 0 0 0 0 0 0 0 0 0 0 0 0 0 0 0 0 0 0 0 0 0 0 0 0 0 0 0 0 0 0 0 0 0 0 0 0 0 0 0 0 0 0 0 0 0 0 0 0 0 0 0 0 0 0 0 0 0 0 0 0 0 0 0 0 0 0 0 0 0 0 0 0 0 0 0 0 0 0 0 0 0 0 0 0 0 0 0 0 0 0 0 0 0 0 0 0 0 0 0 0 0 0 0 0 0 0 0 0 0 0 0 0 0 0 0 0 0 0 0 0 0 0 0 0 0 0 0 0 0 0 0 0 0 0 0 0 0 0 0 0 0 0 0 0 0 0 0 0 0 0 0 0 0 0 0 0 0 0 0 0 0 0 0 0 0 0 0 0 0 0 0 0 0 0 0 0 0 0 0 0 0 0 0 0 0 0 0 0 0 0 0 0 0 0 0 0 0 0 0 0 0 0 0 0 0 0 0 0 0 0 0 0 0 0 0 0 0 0 0 0 0 0 0 0 0 0 0 0 0 0 0 0 0 0 0 0 0 0 0 0 0 0 0 0 0 0 0 0 0 0 0 0 0 0 0 0 0 0 0 0 0 0 0 0 0 0 0 0 0 0 0 0 0 0 0 0 0 0 0 0 0 0 0 0 0 0 0 0 0 0 0 0 0 0 0 0 0 0 0 0 0 0 0 0 0 0 0 0 0 0 0 0 0 0 0 0 0 0 0 0 0 0 0 0 0 0 0 0 0 0 0 0 0 0 0 0 0 0 0 0 0 0 0 0 0 0 0 0 0 0 0 0 0 0 0 0 0 0 0 0 0 0 0 0 0 0 0 0 0 0 0 0 0 0 0 0 0 0 0 0 0 0 0 0 0 0 0 0 0 0 0 0 0 0 0 0 0 0 0 0 0 0 0 0 0 0 0 0 0 0 0 0 0 0 0 0 0 0 0 0 0 0 0 0 0 0 0 0 0 0 0 0 0 0 0 0 0 0 0 0 0 0 0 0 0 0 0 0 0 0 0 0 0 0 0 0 0 0 0 0 0 0 0 0 0 0 0 0 0 0 0 0 0 0 0 0 0 0 0 0 0 0 0 0 0 0 0 0 0 0 0 0 0 0 0 0 0 0 0 0 0 0 0 0 0 0 0 0 0 0 0 0 0 0 0 0 0 0 0 0 0 0 0 0 0 0 0 0 0 0 0 0 0 0 0 0 0 0 0 0 0 0 0 0 0 0 0 0 0 0 0 0 0 0 0 0 0 0 0 0 0 0 0 0 0 0 0 0 0 0 0 0 0 0 0 0 0 0 0 0 0 0 0 0 0 0 0 0 0 0 0 0 0 0 0 0 0 0 0 0 0 0 0 0 0 0 0 0 0 0 0 0 0 0 0 0 0 0 0 0 0 0 0 0 0 0 0 0 0 0 0 0 0 0 0 0 0 0 0 0 0 0 0 0 0 0 0 0 0 0 0 0 0 0 0 0 0 0 0 0 0 0 0 0 0 0 0 0 0 0 0 0 0 0 0 0 0 0 0 0 0 0 0 0 0 0 0 0 0 0 0 0 0 0 0 0 0 0 0 0 0 0 0 0 0 0 0 0 0 0 0 0 0 0 0 0 0 0 0 0 0 0 0 0 0 0 0 0 0 0 0 0 0 0 0 0 0 0 0 0 0 0 0 0 0 0 0 0 0 0 0 0 0 0 0 0 0 0 0 0 0 0 0 0 0 0 0 0 0 0 0 0 0 0 0 0 0 0 0 0 0 0 0 0 0 0 0 0 0 0 0 0 0 0 0 0 0 0 0 0 0 0 0 0 0 0 0 0 0 0 0 0 0 0 0 0 0 0 0 0 0 0 0 0 0 0 0 0 0 0 0 0 0 0 0 0 0 0 0 0 0 0 0 0 0 0 0 0 0 0 0 0 0 0 0 0 0 0 0 0 0 0 0 0 0 0 0 0 0 0 0 0 0 0 0 0 0 0 0 0 0 0 0 0 0 0 0 0 0 0 0 0 0 0 0 0 0 0 0 0 0 0 0 0 0 0 0 0 0 0 0 0 0 0 0 0 0 0 0 0 0 0 0 0 0 0 0 0 0 0 0 0 0 0 0 0 0 0 0 0 0 0 0 0 0 0 0 0 0 0 0 0 0 0 0 0 0 0 0 0 0 0 0 0 0 0 0 0 0 0 0 0 0 0 0 0 0 0 0 0 0 0 0 0 0 0 0 0 0 0 0 0 0 0 0 0 0 0 0 0 0 0 0 0 0 0 0 0 0 0 0 0 0 0 0 0 0 0 0 0 0 0 0 0 0 0 0 0 0 0 0 0 0 0 0 0 0 0 0 0 0 0 0 0 0 0 0 0 0 0 0 0 0 0 0 0 0 0 0 0 0 0 0 0 0 0 0 0 0 0 0 0 0 0 0 0 0 0 0 0 0 0 0 0 0 0 0 0 0 0 0 0 0 0 0 0 0 0 0 0 0 0 0 0 0 0 0 0 0 0 0 0 0 0 0 0 0 0 0 0 0 0 0 0 0 0 0 0 0 0 0 0 0 0 0 0 0 0 0 0 0 0 0 0 0 0 0 0 0 0 0 0 0 0 0 0 0 0 0 0 0 0 0 0 0 0 0 0 0 0 0 0 0 0 0 0 0 0 0 0 0 0 0 0 0 0 0 0 0 0 0 0 0 0 0 0 0 0 0 0 0 0 0 0 0 0 0 0 0 0 0 0 0 0 0 0 0 0 0 0 0 0 0 0 0 0 0 0 0 0 0 0 0 0 0 0 0 0 0 0 0 0 0 0 0 0 0 0 0 0 0 0 0 0 0 0 0 0 0 0 0 0 0 0 0 0 0 0 0 0 0 0 0 0 0 0 0 0 0 0 0 0 0 0 0 0 0 0 0 0 0 0 0 0 0 0 0 0 0 0 0 0 0 0 0 0 0 0 0 0 0 0 0 0 0 0 0 0 0 0 0 0 0 0 0 0 0 0 0 0 0 0 0 0 0 0 0 0 0 0 0 0 0 0 0 0 0 0 0 0 0 0 0 0 0 0 0 0 0 0 0 0 0 0 0 0 0 0 0 0 0 0 0 0 0 0 0 0 0 0 0 0 0 0 0 0 0 0 0 0 0 0 0 0 0 0 0 0 0 0 0 0 0 0 0 0 0 0 0 0 0 0 0 0 0 0 0 0 0 0 0 0 0 0 0 0 0 0 0 0 0 0 0 0 0 0 0 0 0 0 0 0 0 0 0 0 0 0 0 0 0 0 0 0 0 0 0 0 0 0 0 0 0 0 0 0 0 0 0 0 0 0 0 0 0 0 0 0 0 0 0 0 0 0 0 0 0 0 0 0 0 0 0 0 0 0 0 0 0 0 0 0 0 0 0 0 0 0 0 0 0 0 0 0 0 0 0 0 0 0 0 0 0 0 0 0 0 0 0 0 0 0 0 0 0 0 0 0 0 0 0 0 0 0 0 0 0 0 0 0 0 0 0 0 0 0 0 0 0 0 0 0 0 0 0 0 0 0 0 0 0 0 0 0 0 0 0 0 0 0 0 0 0 0 0 0 0 0 0 0 0 0 0 0 0 0 0 0 0 0 0 0 0 0 0 0 0 0 0 0 0 0 0 0 0 0 0 0 0 0 0 0 0 0 0 0 0 0 0 0 0 0 0 0 0 0 0 0 0 0 0 0 0 0 0 0 0 0 0 0 0 0 0 0 0 0 0 0 0 0 0 0 0 0 0 0 0 0 0 0 0 0 0 0 0 0 0 0 0 0 0 0 0 0 0 0 0 0 0 0 0 0 0 0 0 0 0 0 0 0 0 0 0 0 0 0 0 0 0 0 0 0 0 0 0 0 0 0 0 0 0 0 0 0 0 0 0 0 0 0 0 0 0 0 0 0 0 0 0 0 0 0 0 0 0 0 0 0 0 0 0 0 0 0 0 0 0 0 0 0 0 0 0 0 0 0 0 0 0 0 0 0 0 0 0 0 0 0 0 0 0 0 0 0 0 0 0 0 0 0 0 0 0 0 0 0 0 0 0 0 0 0 0 0 0 0 0 0 0 0 0 0 0 0 0 0 0 0 0 0 0 0 0 0 0 0 0 0 0 0 0 0 0 0 0 0 0 0 0 0 0 0 0 0 0 0 0 0 0 0 0 0 0 0 0 0 0 0 0 0 0 0 0 0 0 0 0 0 0 0 0 0 0 0 0 0 0 0 0 0 0 0 0 0 0 0 0 0 0 0 0 0 0 0 0 0 0 0 0 0 0 0 0 0 0 0 0 0 0 0 0 0 0 0 0 0 0 0 0 0 0 0 0 0 0 0 0 0 0 0 0 0 0 0 0 0 0 0 0 0 0 0 0 0 0 0 0 0 0 0 0 0 0 0 0 0 0 0 0 0 0 0 0 0 0 0 0 0 0 0 0 0 0 0 0 0 0 0 0 0 0 0 0 0 0 0 0 0 0 0 0 0 0 0 0 0 0 0 0 0 0 0 0 0 0 0 0 0 0 0 0 0 0 0 0 0 0 0 0 0 0 0 0 0 0 0 0 0 0 0 0 0 0 0 0 0 0 0 0 0 0 0 0 0 0 0 0 0 0 0 0 0 0 0 0 0 0 0 0 0 0 0 0 0 0 0 0 0 0 0 0 0 0 0 0 0 0 0 0 0 0 0 0 0 0 0 0 0 0 0 0 0 0 0 0 0 0 0 0 0 0 0 0 0 0 0 0 0 0 0 0 0 0 0 0 0 0 0 0 0 0 0 0 0 0 0 0 0 0 0 0 0 0 0 0 0 0 0 0 0 0 0 0 0 0 0 0 0 0 0 0 0 0 0 0 0 0 0 0 0 0 0 0 0 0 0 0 0 0 0 0 0 0 0 0 0 0 0 0 0 0 0 0 0 0 0 0 0 0 0 0 0 0 0 0 0 0 0 0 0 0 0 0 0 0 0 0 0 0 0 0 0 0 0 0 0 0 0 0 0 0 0 0 0 0 0 0 0 0 0 0 0 0 0 0 0 0 0 0 0 0 0 0 0 0 0 0 0 0 0 0 0 0 0 0 0 0 0 0 0 0 0 0 0 0 0 0 0 0 0 0 0 0 0 0 0 0 0 0 0 0 0 0 0 0 0 0 0 0 0 0 0 0 0 0 0 0 0 0 0 0 0 0 0 0 0 0 0 0 0 0 0 0 0 0 0 0 0 0 0 0 0 0 0 0 0 0 0 0 0 0 0 0 0 0 0 0 0 0 0 0 0 0 0 0 0 0 0 0 0 0 0 0 0 0 0 0 0 0 0 0 0 0 0 0 0 0 0 0 0 0 0 0 0 0 0 0 0 0 0 0 0 0 0 0 0 0 0 0 0 0 0 0 0 0 0 0 0 0 0 0 0 0 0 0 0 0 0 0 0 0 0 0 0 0 0 0 0 0 0 0 0 0 0 0 0 0 0 0 0 0 0 0 0 0 0 0 0 0 0 0 0 0 0 0 0 0 0 0 0 0 0 0 0 0 0 0 0 0 0 0 0 0 0 0 0 0 0 0 0 0 0 0 0 0 0 0 0 0 0 0 0 0 0 0 0 0 0 0 0 0 0 0 0 0 0 0 0 0 0 0 0 0 0 0 0 0 0 0 0 0 0 0 0 0 0 0 0 0 0 0 0 0 0 0 0 0 0 0 0 0 0 0 0 0 0 0 0 0 0 0 0 0 0 0 0 0 0 0 0 0 0 0 0 0 0 0 0 0 0 0 0 0 0 0 0 0 0 0 0 0 0 0 0 0 0 0 0 0 0 0 0 0 0 0 0 0 0 0 0 0 0 0 0 0 0 0 0 0 0 0 0 0 0 0 0 0 0 0 0 0 0 0 0 0 0 0 0 0 0 0 0 0 0 0 0 0 0 0 0 0 0 0 0 0 0 0 0 0 0 0 0 0 0 0 0 0 0 0 0 0 0 0 0 0 0 0 0 0 0 0 0 0 0 0 0 0 0 0 0 0 0 0 0 0 0 0 0 0 0 0 0 0 0 0 0 0 0 0 0 0 0 0 0 0 0 0 0 0 0 0 0 0 0 0 0 0 0 0 0 0 0 0 0 0 0 0 0 0 0 0 0 0 0 0 0 0 0 0 0 0 0 0 0 0 0 0 0 0 0 0 0 0 0 0 0 0 0 0 0 0 0 0 0 0 0 0 0 0 0 0 0 0 0 0 0 0 0 0 0 0 0 0 0 0 0 0 0 0 0 0 0 0 0 0 0 0 0 0 0 0 0 0 0 0 0 0 0 0 0 0 0 0 0 0 0 0 0 0 0 0 0 0 0 0 0 0 0 0 0 0 0 0 0 0 0 0 0 0 0 0 0 0 0 0 0 0 0 0 0 0 0 0 0 0 0 0 0 0 0 0 0 0 0 0 0 0 0 0 0 0 0 0 0 0 0 0 0 0 0 0 0 0 0 0 0 0 0 0 0 0 0 0 0 0 0 0 0 0 0 0 0 0 0 0 0 0 0 0 0 0 0 0 0 0 0 0 0 0 0 0 0 0 0 0 0 0 0 0 0 0 0 0 0 0 0 0 0 0 0 0 0 0 0 0 0 0 0 0 0 0 0 0 0 0 0 0 0 0 0 0 0 0 0 0 0 0 0 0 0 0 0 0 0 0 0 0 0 0 0 0 0 0 0 0 0 0 0 0 0 0 0 0 0 0 0 0 0 0 0 0 0 0 0 0 0 0 0 0 0 0 0 0 0 0 0 0 0 0 0 0 0 0 0 0 0 0 0 0 0 0 0 0 0 0 0 0 0 0 0 0 0 0 0 0 0 0 0 0 0 0 0 0 0 0 0 0 0 0 0 0 0 0 0 0 0 0 0 0 0 0 0 0 0 0 0 0 0 0 0 0 0 0 0 0 0 0 0 0 0 0 0 0 0 0 0 0 0 0 0 0 0 0 0 0 0 0 0 0 0 0 0 0 0 0 0 0 0 0 0 0 0 0 0 0 0 0 0 0 0 0 0 0 0 0 0 0 0 0 0 0 0 0 0 0 0 0 0 0 0 0 0 0 0 0 0 0 0 0 0 0 0 0 0 0 0 0 0 0 0 0 0 0 0 0 0 0 0 0 0 0 0 0 0 0 0 0 0 0 0 0 0 0 0 0 0 0 0 0 0 0 0 0 0 0 0 0 0 0 0 0 0 0 0 0 0 0 0 0 0 0 0 0 0 0 0 0 0 0 0 0 0 0 0 0 0 0 0 0 0 0 0 0 0 0 0 0 0 0 0 0 0 0 0 0 0 0 0 0 0 0 0 0 0 0 0 0 0 0 0 0 0 0 0 0 0 0 0 0 0 0 0 0 0 0 0 0 0 0 0 0 0 0 0 0 0 0 0 0 0 0 0 0 0 0 0 0 0 0 0 0 0 0 0 0 0 0 0 0 0 0 0 0 0 0 0 0 0 0 0 0 0 0 0 0 0 0 0 0 0 0 0 0 0 0 0 0 0 0 0 0 0 0 0 0 0 0 0 0 0 0 0 0 0 0 0 0 0 0 0 0 0 0 0 0 0 0 0 0 0 0 0 0 0 0 0 0 0 0 0 0 0 0 0 0 0 0 0 0 0 0 0 0 0 0 0 0 0 0 0 0 0 0 0 0 0 0 0 0 0 0 0 0 0 0 0 0 0 0 0 0 0 0 0 0 0 0 0 0 0 0 0 1 1 1 1 1 1 1 1 1 1 1 1 1 1 1 1 1 1 1 1 1 1 1 1 1 1 1 1 1 1 1 1 1 1 1 1 1 1 1 1 1 1 1 1 1 1 1 1 1 1 1 1 1 1 1 1 1 1 1 1 1 1 1 1 1 1 1 1 1 1 1 1 1 1 1 1 1 1 1 1 1 1 1 1 1 1 1 1 1 1 1 1 1 1 1 1 1 1 1 1 1 1 1 1 1 1 1 1 1 1 1 1 1 1 1 1 1 1 1 1 1 1 1 1 1 1 1 1 1 1 1 1 1 1 1 1 1 1 1 1 1 1 1 1 1 1 1 1 1 1 1 1 1 1 1 1 1 1 1 1 1 1 1 1 1 1 1 1 1 1 1 1 1 1 1 1 1 1 1 1 1 1 1 1 1 1 1 1 1 1 1 1 1 1 1 1 1 1 1 1 1 1 1 1 1 1 1 1 1 1 1 1 1 1 1 1 1 1 1 1 1 1 1 1 1 1 1 1 1 1 1 1 1 1 1 1 1 1 1 1 1 1 1 1 1 1 1 1 1 1 1 1 1 1 1 1 1 1 1 1 1 1 1 1 1 1 1 1 1 1 1 1 1 1 1 1 1 1 1 1 1 1 1 1 1 1 1 1 1 1 1 1 1 1 1 1 1 1 1 1 1 1 1 1 1 1 1 1 1 1 1 1 1 1 1 1 1 1 1 1 1 1 1 1 1 1 1 1 1 1 1 1 1 1 1 1 1 1 1 1 1 1 1 1 1 1 1 1 1 1 1 1 1 1 1 1 1 1 1 1 1 1 1 1 1 1 1 1 1 1 1 1 1 1 1 1 1 1 1 1 1 1 1 1 1 1 1 1 1 1 1 1 1 1 1 1 1 1 1 1 1 1 1 1 1 1 1 1 1 1 1 1 1 1 1 1 1 1 1 1 1 1 1 1 1 1 1 1 1 1 1 1 1 1 1 1 1 1 1 1 1 1 1 1 1 1 1 1 1 1 1 1 1 1 1 1 1 1 1 1 1 1 1 1 1 1 1 1 1 1 1 1 1 1 1 1 1 1 1 1 1 1 1 1 1 1 1 1 1 1 1 1 1 1 1 1 1 1 1 1 1 1 1 1 1 1 1 1 1 1 1 1 1 1 1 1 1 1 1 1 1 1 1 1 1 1 1 1 1 1 1 1 1 1 1 1 1 1 1 1 1 1 1 1 1 1 1 1 1 1 1 1 1 1 1 1 1 1 1 1 1 1 1 1 1 1 1 1 1 1 1 1 1 1 1 1 1 1 1 1 1 1 1 1 1 1 1 1 1 1 1 1 1 1 1 1 1 1 1 1 1 1 1 1 1 1 1 1 1 1 1 1 1 1 1 1 1 1 1 1 1 1 1 1 1 1 1 1 1 1 1 1 1 1 1 1 1 1 1 1 1 1 1 1 1 1 1 1 1 1 1 1 1 1 1 1 1 1 1 1 1 1 1 1 1 1 1 1 1 1 1 1 1 1 1 1 1 1 1 1 1 1 1 1 1 1 1 1 1 1 1 1 1 1 1 1 1 1 1 1 1 1 1 1 1 1 1 1 1 1 1 1 1 1 1 1 1 1 1 1 1 1 1 1 1 1 1 1 1 1 1 1 1 1 1 1 1 1 1 1 1 1 1 1 1 1 1 1 1 1 1 1 1 1 1 1 1 1 1 1 1 1 1 1 1 1 1 1 1 1 1 1 1 1 1 1 1 1 1 1 1 1 1 1 1 1 1 1 1 1 1 1 1 1 1 1 1 1 1 1 1 1 1 1 1 1 1 1 1 1 1 1 1 1 1 1 1 1 1 1 1 1 1 1 1 1 1 1 1 1 1 1 1 1 1 1 1 1 1 1 1 1 1 1 1 1 1 1 1 1 1 1 1 1 1 1 1 1 1 1 1 1 1 1 1 1 1 1 1 1 1 1 1 1 1 1 1 1 1 1 1 1 1 1 1 1 1 1 1 1 1 1 1 1 1 1 1 1 1 1 1 1 1 1 1 1 1 1 1 1 1 1 1 1 1 1 1 1 1 1 1 1 1 1 1 1 1 1 1 1 1 1 1 1 1 1 1 1 1 1 1 1 1 1 1 1 1 1 1 1 1 1 1 1 1 1 1 1 1 1 1 1 1 1 1 1 1 1 1 1 1 1 1 1 1 1 1 1 1 1 1 1 1 1 1 1 1 1 1 1 1 1 1 1 1 1 1 1 1 1 1 1 1 1 1 1 1 1 1 1 1 1 1 1 1 1 1 1 1 1 1 1 1 1 1 1 1 1 1 1 1 1 1 1 1 1 1 1 1 1 1 1 1 1 1 1 1 1 1 1 1 1 1 1 1 1 1 1 1 1 1 1 1 1 1 1 1 1 1 1 1 1 1 1 1 1 1 1 1 1 1 1 1 1 1 1 1 1 1 1 1 1 1 1 1 1 1 1 1 1 1 1 1 1 1 1 1 1 1 1 1 1 1 1 1 1 1 1 1 1 1 1 1 1 1 1 1 1 1 1 1 1 1 1 1 1 1 1 1 1 1 1 1 1 1 1 1 1 1 1 1 1 1 1 1 1 1 1 1 1 1 1 1 1 1 1 1 1 1 1 1 1 1 1 1 1 1 1 1 1 1 1 1 1 1 1 1 1 1 1 1 1 1 1 1 1 1 1 1 1 1 1 1 1 1 1 1 1 1 1 1 1 1 1 1 1 1 1 1 1 1 1 1 1 1 1 1 1 1 1 1 1 1 1 1 1 1 1 1 1 1 1 1 1 1 1 1 1 1 1 1 1 1 1 1 1 1 1 1 1 1 1 1 1 1 1 1 1 1 1 1 1 1 1 1 1 1 1 1 1 1 1 1 1 1 1 1 1 1 1 1 1 1 1 1 1 1 1 1 1 1 1 1 1 1 1 1 1 1 1 1 1 1 1 1 1 1 1 1 1 1 1 1 1 1 1 1 1 1 1 1 1 1 1 1 1 1 1 1 1 1 1 1 1 1 1 1 1 1 1 1 1 1 1 1 1 1 1 1 1 1 1 1 1 1 1 1 1 1 1 1 1 1 1 1 1 1 1 1 1 1 1 1 1 1 1 1 1 1 1 1 1 1 1 1 1 1 1 1 1 1 1 1 1 1 1 1 1 1 1 1 1 1 1 1 1 1 1 1 1 1 1 1 1 1 1 1 1 1 1 1 1 1 1 1 1 1 1 1 1 1 1 1 1 1 1 1 1 1 1 1 1 1 1 1 1 1 1 1 1 1 1 1 1 1 1 1 1 1 1 1 1 1 1 1 1 1 1 1 1 1 1 1 1 1 1 1 1 1 1 1 1 1 1 1 1 1 1 1 1 1 1 1 1 1 1 1 1 1 1 1 1 1 1 1 1 1 1 1 1 1 1 1 1 1 1 1 1 1 1 1 1 1 1 1 1 1 1 1 1 1 1 1 1 1 1 1 1 1 1 1 1 1 1 1 1 1 1 1 1 1 1 1 1 1 1 1 1 1 1 1 1 1 1 1 1 1 1 1 1 1 1 1 1 1 1 1 1 1 1 1 1 1 1 1 1 1 1 1 1 1 1 1 1 1 1 1 1 1 1 1 1 1 1 1 1 1 1 1 1 1 1 1 1 1 1 1 1 1 1 1 1 1 1 1 1 1 1 1 1 1 1 1 1 1 1 1 1 1 1 1 1 1 1 1 1 1 1 1 1 1 1 1 1 1 1 1 1 1 1 1 1 1 1 1 1 1 1 1 1 1 1 1 1 1 1 1 1 1 1 1 1 1 1 1 1 1 1 1 1 1 1 1 1 1 1 1 1 1 1 1 1 1 1 1 1 1 1 1 1 1 1 1 1 1 1 1 1 1 1 1 1 1 1 1 1 1 1 1 1 1 1 1 1 1 1 1 1 1 1 1 1 1 1 1 1 1 1 1 1 1 1 1 1 1 1 1 1 1 1 1 1 1 1 1 1 1 1 1 1 1 1 1 1 1 1 1 1 1 1 1 1 1 1 1 1 1 1 1 1 1 1 1 1 1 1 1 1 1 1 1 1 1 1 1 1 1 1 1 1 1 1 1 1 1 1 1 1 1 1 1 1 1 1 1 1 1 1 1 1 1 1 1 1 1 1 1 1 1 1 1 1 1 1 1 1 1 1 1 1 1 1 1 1 1 1 1 1 1 1 1 1 1 1 1 1 1 1 1 1 1 1 1 1 1 1 1 1 1 1 1 1 1 1 1 1 1 1 1 1 1 1 1 1 1 1 1 1 1 1 1 1 1 1 1 1 1 1 1 1 1 1 1 1 1 1 1 1 1 1 1 1 1 1 1 1 1 1 1 1 1 1 1 1 1 1 1 1 1 1 1 1 1 1 1 1 1 1 1 1 1 1 1 1 1 1 1 1 1 1 1 1 1 1 1 1 1 1 1 1 1 1 1 1 1 1 1 1 1 1 1 1 1 1 1 1 1 1 1 1 1 1 1 1 1 1 1 1 1 1 1 1 1 1 1 1 1 1 1 1 1 1 1 1 1 1 1 1 1 1 1 1 1 1 1 1 1 1 1 1 1 1 1 1 1 1 1 1 1 1 1 1 1 1 1 1 1 1 1 1 1 1 1 1 1 1 1 1 1 1 1 1 1 1 1 1 1 1 1 1 1 1 1 1 1 1 1 1 1 1 1 1 1 1 1 1 1 1 1 1 1 1 1 1 1 1 1 1 1 1 1 1 1 1 1 1 1 1 1 1 1 1 1 1 1 1 1 1 1 1 1 1 1 1 1 1 1 1 1 1 1 1 1 1 1 1 1 1 1 1 1 1 1 1 1 1 1 1 1 1 1 1 1 1 1 1 1 1 1 1 1 1 1 1 1 1 1 1 1 1 1 1 1 1 1 1 1 1 1 1 1 1 1 1 1 1 1 1 1 1 1 1 1 1 1 1 1 1 1 1 1 1 1 1 1 1 1 1 1 1 1 1 1 1 1 1 1 1 1 1 1 1 1 1 1 1 1 1 1 1 1 1 1 1 1 1 1 1 1 1 1 1 1 1 1 1 1 1 1 1 1 1 1 1 1 1 1 1 1 1 1 1 1 1 1 1 1 1 1 1 1 1 1 1 1 1 1 1 1 1 1 1 1 1 1 1 1 1 1 1 1 1 1 1 1 1 1 1 1 1 1 1 1 1 1 1 1 1 1 1 1 1 1 1 1 1 1 1 1 1 1 1 1 1 1 1 1 1 1 1 1 1 1 1 1 1 1 1 1 1 1 1 1 1 1 1 1 1 1 1 1 1 1 1 1 1 1 1 1 1 1 1 1 1 1 1 1 1 1 1 1 1 1 1 1 1 1 1 1 1 1 1 1 1 1 1 1 1 1 1 1 1 1 1 1 1 1 1 1 1 1 1 1 1 1 1 1 1 1 1 1 1 1 1 1 1 1 1 1 1 1 1 1 1 1 1 1 1 1 1 1 1 1 1 1 1 1 1 1 1 1 1 1 1 1 1 1 1 1 1 1 1 1 1 1 1 1 1 1 1 1 1 1 1 1 1 1 1 1 1 1 1 1 1 1 1 1 1 1 1 1 1 1 1 1 1 1 1 1 1 1 1 1 1 1 1 1 1 1 1 1 1 1 1 1 1 1 1 1 1 1 1 1 1 1 1 1 1 1 1 1 1 1 1 1 1 1 1 1 1 1 1 1 1 1 1 1 1 1 1 1 1 1 1 1 1 1 1 1 1 1 1 1 1 1 1 1 1 1 1 1 1 1 1 1 1 1 1 1 1 1 1 1 1 1 1 1 1 1 1 1 1 1 1 1 1 1 1 1 1 1 1 1 1 1 1 1 1 1 1 1 1 1 1 1 1 1 1 1 1 1 1 1 1 1 1 1 1 1 1 1 1 1 1 1 1 1 1 1 1 1 1 1 1 1 1 1 1 1 1 1 1 1 1 1 1 1 1 1 1 1 1 1 1 1 1 1 1 1 1 1 1 1 1 1 1 1 1 1 1 1 1 1 1 1 1 1 1 1 1 1 1 1 1 1 1 1 1 1 1 1 1 1 1 1 1 1 1 1 1 1 1 1 1 1 1 1 1 1 1 1 1 1 1 1 1 1 1 1 1 1 1 1 1 1 1 1 1 1 1 1 1 1 1 1 1 1 1 1 1 1 1 1 1 1 1 1 1 1 1 1 1 1 1 1 1 1 1 1 1 1 1 1 1 1 1 1 1 1 1 1 1 1 1 1 1 1 1 1 1 1 1 1 1 1 1 1 1 1 1 1 1 1 1 1 1 1 1 1 1 1 1 1 1 1 1 1 1 1 1 1 1 1 1 1 1 1 1 1 1 1 1 1 1 1 1 1 1 1 1 1 1 1 1 1 1 1 1 1 1 1 1 1 1 1 1 1 1 1 1 1 1 1 1 1 1 1 1 1 1 1 1 1 1 1 1 1 1 1 1 1 1 1 1 1 1 1 1 1 1 1 1 1 1 1 1 1 1 1 1 1 1 1 1 1 1 1 1 1 1 1 1 1 1 1 1 1 1 1 1 1 1 1 1 1 1 1 1 1 1 1 1 1 1 1 1 1 1 1 1 1 1 1 1 1 1 1 1 1 1 1 1 1 1 1 1 1 1 1 1 1 1 1 1 1 1 1 1 1 1 1 1 1 1 1 1 1 1 1 1 1 1 1 1 1 1 1 1 1 1 1 1 1 1 1 1 1 1 1 1 1 1 1 1 1 1 1 1 1 1 1 1 1 1 1 1 1 1 1 1 1 1 1 1 1 1 1 1 1 1 1 1 1 1 1 1 1 1 1 1 1 1 1 1 1 1 1 1 1 1 1 1 1 1 1 1 1 1 1 1 1 1 1 1 1 1 1 1 1 1 1 1 1 1 1 1 1 1 1 1 1 1 1 1 1 1 1 1 1 1 1 1 1 1 1 1 1 1 1 1 1 1 1 1 1 1 1 1 1 1 1 1 1 1 1 1 1 1 1 1 1 1 1 1 1 1 1 1 1 1 1 1 1 1 1 1 1 1 1 1 1 1 1 1 1 1 1 1 1 1 1 1 1 1 1 1 1 1 1 1 1 1 1 1 1 1 1 1 1 1 1 1 1 1 1 1 1 1 1 1 1 1 1 1 1 1 1 1 1 1 1 1 1 1 1 1 1 1 1 1 1 1 1 1 1 1 1 1 1 1 1 1 1 1 1 1 1 1 1 1 1 1 1 1 1 1 1 1 1 1 1 1 1 1 1 1 1 1 1 1 1 1 1 1 1 1 1 1 1 1 1 1 1 1 1 1 1 1 1 1 1 1 1 1 1 1 1 1 1 1 1 1 1 1 1 1 1 1 1 1 1 1 1 1 1 1 1 1 1 1 1 1 1 1 1 1 1 1 1 1 1 1 1 1 1 1 1 1 1 1 1 1 1 1 1 1 1 1 1 1 1 1 1 1 1 1 1 1 1 1 1 1 1 1 1 1 1 1 1 1 1 1 1 1 1 1 1 1 1 1 1 1 1 1 1 1 1 1 1 1 1 1 1 1 1 1 1 1 1 1 1 1 1 1 1 1 1 1 1 1 1 1 1 1 1 1 1 1 1 1 1 1 1 1 1 1 1 1 1 1 1 1 1 1 1 1 1 1 1 1 1 1 1 1 1 1 1 1 1 1 1 1 1 1 1 1 1 1 1 1 1 1 1 1 1 1 1 1 1 1 1 1 1 1 1 1 1 1 1 1 1 1 1 1 1 1 1 1 1 1 1 1 1 1 1 1 1 1 1 1 1 1 1 1 1 1 1 1 1 1 1 1 1 1 1 1 1 1 1 1 1 1 1 1 1 1 1 1 1 1 1 1 1 1 1 1 1 1 1 1 1 1 1 1 1 1 1 1 1 1 1 1 1 1 1 1 1 1 1 1 1 1 1 1 1 1 1 1 1 1 1 1 1 1 1 1 1 1 1 1 1 1 1 1 1 1 1 1 1 1 1 1 1 1 1 1 1 1 1 1 1 1 1 1 1 1 1 1 1 1 1 1 1 1 1 1 1 1 1 1 1 1 1 1 1 1 1 1 1 1 1 1 1 1 1 1 1 1 1 1 1 1 1 1 1 1 1 1 1 1 1 1 1 1 1 1 1 1 1 1 1 1 1 1 1 1 1 1 1 1 1 1 1 1 1 1 1 1 1 1 1 1 1 1 1 1 1 1 1 1 1 1 1 1 1 1 1 1 1 1 1 1 1 1 1 1 1 1 1 1 1 1 1 1 1 1 1 1 1 1 1 1 1 1 1 1 1 1 1 1 1 1 1 1 1 1 1 1 1 1 1 1 1 1 1 1 1 1 1 1 1 1 1 1 1 1 1 1 1 1 1 1 1 1 1 1 1 1 1 1 1 1 1 1 1 1 1 1 1 1 1 1 1 1 1 1 1 1 1 1 1 1 1 1 1 1 1 1 1 1 1 1 1 1 1 1 1 1 1 1 1 1 1 1 1 1 1 1 1 1 1 1 1 1 1 1 1 1 1 1 1 1 1 1 1 1 1 1 1 1 1 1 1 1 1 1 1 1 1 1 1 1 1 1 1 1 1 1 1 1 1 1 1 1 1 1 1 1 1 1 1 1 1 1 1 1 1 1 1 1 1 1 1 1 1 1 1 1 1 1 1 1 1 1 1 1 1 1 1 1 1 1 1 1 1 1 1 1 1 1 1 1 1 1 1 1 1 1 1 1 1 1 1 1 1 1 1 1 1 1 1 1 1 1 1 1 1 1 1 1 1 1 1 1 1 1 1 1 1 1 1 1 1 1 1 1 1 1 1 1 1 1 1 1 1 1 1 1 1 1 1 1 1 1 1 1 1 1 1 1 1 1 1 1 1 1 1 1 1 1 1 1 1 1 1 1 1 1 1 1 1 1 1 1 1 1 1 1 1 1 1 1 1 1 1 1 1 1 1 1 1 1 1 1 1 1 1 1 1 1 1 1 1 1 1 1 1 1 1 1 1 1 1 1 1 1 1 1 1 1 1 1 1 1 1 1 1 1 1 1 1 1 1 1 1 1 1 1 1 1 1 1 1 1 1 1 1 1 1 1 1 1 1 1 1 1 1 1 1 1 1 1 1 1 1 1 1 1 1 1 1 1 1 1 1 1 1 1 1 1 1 1 1 1 1 1 1 1 1 1 1 1 1 1 1 1 1 1 1 1 1 1 1 1 1 1 1 1 1 1 1 1 1 1 1 1 1 1 1 1 1 1 1 1 1 1 1 1 1 1 1 1 1 1 1 1 1 1 1 1 1 1 1 1 1 1 1 1 1 1 1 1 1 1 1 1 1 1 1 1 1 1 1 1 1 1 1 1 1 1 1 1 1 1 1 1 1 1 1 1 1 1 1 1 1 1 1 1 1 1 1 1 1 1 1 1 1 1 1 1 1 1 1 1 1 1 1 1 1 1 1 1 1 1 1 1 1 1 1 1 1 1 1 1 1 1 1 1 1 1 1 1 1 1 1 1 1 1 1 1 1 1 1 1 1 1 1 1 1 1 1 1 1 1 1 1 1 1 1 1 1 1 1 1 1 1 1 1 1 1 1 1 1 1 1 1 1 1 1 1 1 1 1 1 1 1 1 1 1 1 1 1 1 1 1 1 1 1 1 1 1 1 1 1 1 1 1 1 1 1 1 1 1 1 1 1 1 1 1 1 1 1 1 1 1 1 1 1 1 1 1 1 1 1 1 1 1 1 1 1 1 1 1 1 1 1 1 1 1 1 1 1 1 1 1 1 1 1 1 1 1 1 1 1 1 1 1 1 1 1 1 1 1 1 1 1 1 1 1 1 1 1 1 1 1 1 1 1 1 1 1 1 1 1 1 1 1 1 1 1 1 1 1 1 1 1 1 1 1 1 1 1 1 1 1 1 1 1 1 1 1 1 1 1 1 1 1 1 1 1 1 1 1 1 1 1 1 1 1 1 1 1 1 1 1 1 1 1 1 1 1 1 1 1 1 1 1 1 1 1 1 1 1 1 1 1 1 1 1 1 1 1 1 1 1 1 1 1 1 1 1 1 1 1 1 1 1 1 1 1 1 1 1 1 1 1 1 1 1 1 1 1 1 1 1 1 1 1 1 1 1 1 1 1 1 1 1 1 1 1 1 1 1 1 1 1 1 1 1 1 1 1 1 1 1 1 1 1 1 1 1 1 1 1 1 1 1 1 1 1 1 1 1 1 1 1 1 1 1 1 1 1 1 1 1 1 1 1 1 1 1 1 1 1 1 1 1 1 1 1 1 1 1 1 1 1 1 1 1 1 1 1 1 1 1 1 1 1 1 1 1 1 1 1 1 1 1 1 1 1 1 1 1 1 1 1 1 1 1 1 1 1 1 1 1 1 1 1 1 1 1 1 1 1 1 1 1 1 1 1 1 1 1 1 1 1 1 1 1 1 1 1 1 1 1 1 1 1 1 1
        </DataArray>
        <DataArray type="Float32" Name="error_magnitude" format="ascii">
          1.008122e-05 1.1158679e-05 1.0813215e-05 1.0369214e-05 1.1003168e-05 1.0465653e-05 1.1618538e-05 1.8039547e-05 1.5421094e-05 1.6488806e-05 1.7308577e-05 1.8132643e-05 1.8960405e-05 1.0960254e-05 1.0647531e-05 1.14524855e-05 1.085882e-05 1.1747233e-05 1.3680848e-05 1.4635275e-05 1.4216465e-05 1.2908827e-05 1.1782518e-05 1.0385577e-05 1.3856504e-05 1.244529e-05 1.1081896e-05 1.6082728e-05 1.1584512e-05 1.0436276e-05 1.279333e-05 1.095296e-05 1.5104703e-05 1.0834453e-05 1.0665863e-05 1.080505e-05 1.0764194e-05 1.0905086e-05 1.0010474e-05 1.0210504e-05 1.20054665e-05 1.3307258e-05 1.3879794e-05 1.3418658e-05 1.3701877e-05 1.25748775e-05 1.1797257e-05 1.8873348e-05 1.36675e-05 1.1306477e-05 1.2358195e-05 2.7879934e-05 1.4685e-05 1.567159e-05 1.3275856e-05 1.0976649e-05 2.302319e-05 2.6031552e-05 1.277545e-05 1.7902534e-05 1.5485302e-05 1.3205661e-05 1.1148612e-05 1.0485226e-05 2.7081223e-05 2.999094e-05 3.2981236e-05 2.3954592e-05 1.23269965e-05 1.4410499e-05 1.7157769e-05 1.7558814e-05 2.7287018e-05 1.6680102e-05 1.7456317e-05 3.384892e-05 1.773948e-05 1.3704455e-05 1.8026722e-05 1.649084e-05 3.405979e-05 1.7931245e-05 1.09005105e-05 1.2406666e-05 1.4898601e-05 1.1703178e-05 1.214506e-05 1.2693893e-05 1.5635049e-05 1.2358721e-05 1.4847675e-05 1.0397933e-05 1.6950868e-05 1.3715329e-05 1.0612798e-05 1.35462415e-05 1.8722762e-05 1.5589236e-05 1.2687894e-05 1.0219321e-05 1.1006745e-05 2.0833306e-05 1.7816194e-05 1.5102292e-05 1.28856445e-05 1.3179169e-05 1.6788676e-05 1.239416e-05 3.1585e-05 1.1042635e-05 1.5215669e-05 1.0963744e-05 1.203559e-05 1.6054082e-05 1.014039e-05 1.4260971e-05 1.0929678e-05 1.1111822e-05 1.9117042e-05 1.27611975e-05 1.4063785e-05 1.0957886e-05 1.7271315e-05 1.2593556e-05 1.3712016e-05 1.415846e-05 1.6019116e-05 1.2535782e-05 1.40853e-05 1.0112799e-05 1.5712292e-05 1.2291999e-05 1.1912045e-05 2.1559214e-05 1.6027472e-05 1.2793813e-05 1.2327272e-05 3.3079898e-05 1.9250423e-05 1.6928261e-05 1.3959073e-05 1.1363982e-05 1.1939098e-05 2.7205559e-05 3.144322e-05 1.7642025e-05 1.70251e-05 1.39823915e-05 1.1303819e-05 1.0044477e-05 1.2171331e-05 1.6477878e-05 1.8719607e-05 2.1579712e-05 1.9706295e-05 1.08721315e-05 1.20897475e-05 1.0465932e-05 2.6825115e-05 1.1276489e-05 1.3873657e-05 1.3339066e-05 3.180797e-05 1.7150674e-05 1.1909333e-05 1.2926755e-05 1.343377e-05 3.2135173e-05 1.4032375e-05 1.1055165e-05 1.0676328e-05 1.3120993e-05 1.0283701e-05 1.2297277e-05 1.21506255e-05 1.2703576e-05 1.088277e-05 1.4262673e-05 1.1189113e-05 1.1980229e-05 1.0302658e-05 1.0126025e-05 1.1204726e-05 1.187296e-05 1.4039231e-05 1.2156659e-05 1.510128e-05 1.0309842e-05 1.0622934e-05 1.0021148e-05 1.0328376e-05 1.1010664e-05 1.1603008e-05 1.2061274e-05 1.1590592e-05 1.1907437e-05 1.2439707e-05 1.0296427e-05 1.0359961e-05 1.0783974e-05 1.1954038e-05 1.2316722e-05 1.3971845e-05 1.0021042e-05 1.0264006e-05 1.0511057e-05 1.07747155e-05 1.1068276e-05 1.1387484e-05 1.5618743e-05 1.1320334e-05 1.3679305e-05 1.4415145e-05 1.5156035e-05 1.5901232e-05 1.3009991e-05 1.2294175e-05 1.0841903e-05 1.02724825e-05 1.1106443e-05 1.3216146e-05 1.0177971e-05 1.22676665e-05 1.2743091e-05 1.9144089e-05 1.545731e-05 1.7846429e-05 1.043452e-05 1.0547952e-05 1.191965e-05 1.5285268e-05 1.781311e-05 1.3717735e-05 1.0674367e-05 2.1273932e-05 2.3649523e-05 2.6119898e-05 2.280801e-05 1.0060253e-05 1.1793335e-05 1.3949216e-05 2.7642787e-05 1.1261157e-05 1.2535505e-05 1.4495985e-05 1.2701922e-05 1.0900261e-05 2.668552e-05 1.0198211e-05 1.264449e-05 1.50737405e-05 2.4986855e-05 1.1812371e-05 1.2625025e-05 1.0392371e-05 1.40118e-05 1.0261328e-05 1.0294616e-05 1.5820937e-05 1.235069e-05 1.020057e-05 1.4255869e-05 2.4418112e-05 1.0209203e-05 1.2464285e-05 1.1296286e-05 1.047679e-05 1.097634e-05 1.164956e-05 1.0002436e-05 2.2032546e-05 1.2135951e-05 1.1247581e-05 1.8548517e-05 2.2247163e-05 1.1098687e-05 1.0447605e-05 1.6396314e-05 1.9920135e-05 2.350065e-05 1.08286e-05 1.2163417e-05 1.3186635e-05 1.50289125e-05 1.8474142e-05 2.1945538e-05 1.0229088e-05 1.0072771e-05 2.1812799e-05 1.3003834e-05 2.2055194e-05 1.1227594e-05 1.0341015e-05 1.044067e-05 1.1568475e-05 1.204808e-05 1.001175e-05 1.0100394e-05 1.0213229e-05 1.0280632e-05 1.0599512e-05 1.1031113e-05 1.2574475e-05 1.2654432e-05 1.3093596e-05 1.1263942e-05 1.0914861e-05 1.1393675e-05 1.0692016e-05 1.1083316e-05 1.1482829e-05 1.273054e-05 1.3078607e-05 1.4769451e-05 1.0177102e-05 1.0232885e-05 1.0573087e-05 1.0930852e-05 1.0033984e-05 1.0339232e-05 1.0649403e-05 1.3214295e-05 1.0319059e-05 1.0669188e-05 1.1024982e-05 1.0949948e-05 1.1611321e-05 1.2280608e-05 1.29566115e-05 1.0586607e-05 1.0535463e-05 1.2238332e-05 1.1535392e-05 1.2598952e-05 1.2896615e-05 1.3286428e-05 1.329902e-05 1.3632884e-05 1.1215344e-05 1.0719029e-05 1.1020029e-05 1.0308085e-05 1.2620843e-05 1.3755469e-05 1.49459465e-05 1.6374393e-05 1.0597293e-05 1.0513569e-05 1.1164874e-05 1.0321219e-05 1.0408022e-05 1.08265795e-05 1.2281439e-05 1.2513249e-05 1.10183455e-05 1.2331749e-05 1.3696924e-05 1.4746919e-05 1.1886502e-05 1.3806468e-05 1.0066578e-05 1.1618802e-05 1.2853143e-05 1.4177103e-05 1.1123719e-05 1.0114151e-05 1.0118677e-05 1.0856301e-05 1.0572997e-05 1.1801135e-05 1.5345811e-05 1.7104197e-05 1.901914e-05 2.1047892e-05 1.0630827e-05 1.26057685e-05 1.4649496e-05 1.6835602e-05 1.9115107e-05 1.1303239e-05 1.1613195e-05 1.1651861e-05 1.4857241e-05 1.0008825e-05 1.2371065e-05 1.4836491e-05 1.7361393e-05 1.1082132e-05 1.1087013e-05 1.0209353e-05 1.4246023e-05 1.038394e-05 1.3105764e-05 1.584556e-05 1.1912279e-05 1.4790115e-05 1.2420988e-05 1.2075131e-05 1.3107537e-05 1.0116009e-05 1.049109e-05 1.33866315e-05 1.0430279e-05 1.4288721e-05 1.0549806e-05 1.1039652e-05 1.1984063e-05 1.4252226e-05 1.1020119e-05 1.5853522e-05 1.1199704e-05 1.0273136e-05 1.2824517e-05 1.4809361e-05 1.0176041e-05 1.00483e-05 1.4139898e-05 1.5979187e-05 1.8219484e-05 2.0731073e-05 1.2767897e-05 1.0411625e-05 1.1632678e-05 1.3908136e-05 1.6519496e-05 1.9331072e-05 1.1395655e-05 1.1920971e-05 1.2179875e-05 1.4779545e-05 1.2196762e-05 1.5159897e-05 1.8231867e-05 1.0993259e-05 1.0809733e-05 1.09333405e-05 1.3745342e-05 1.1011916e-05 1.4237262e-05 1.748928e-05 1.1683615e-05 1.0887542e-05 1.4183695e-05 1.327422e-05 1.0515164e-05 1.0136296e-05 1.2226209e-05 1.4319566e-05 1.0226883e-05 1.2579529e-05 1.0637224e-05 1.0528159e-05 1.31033985e-05 1.03991415e-05 1.26715695e-05 1.0473785e-05 1.05044355e-05 1.00066645e-05 1.0080018e-05 1.2949378e-05 1.0147874e-05 1.1103764e-05 1.1998231e-05 1.3562066e-05 1.5595178e-05 1.0344121e-05 1.24290245e-05 1.4837025e-05 1.0116884e-05 1.1851921e-05 1.4531448e-05 1.0504332e-05 1.1910742e-05 1.4705961e-05 1.2092944e-05 1.0265942e-05 1.2999021e-05 1.0724596e-05 1.1286238e-05 1.2322962e-05 1.057079e-05 1.0345637e-05 1.0439448e-05 1.0029981e-05 1.0912844e-05 1.12289945e-05 1.0626373e-05 1.0519026e-05 1.0189299e-05 1.6296966e-05 1.6397855e-05 1.5493035e-05 1.3731147e-05 1.0098728e-05 1.44786745e-05 1.5041377e-05 1.3871331e-05 1.347004e-05 1.3658114e-05 1.3902555e-05 1.2783139e-05 1.02712165e-05 1.17337495e-05 1.0973626e-05 1.0523329e-05 1.1593787e-05 1.4901106e-05 1.4013769e-05 1.3690068e-05 1.32036e-05 1.2910504e-05 1.2628516e-05 1.0355294e-05 1.0730703e-05 1.111228e-05 1.25032775e-05 1.2243065e-05 1.1994099e-05 1.1757093e-05 1.1957033e-05 1.2298477e-05 1.2644403e-05 1.1955579e-05 1.1728721e-05 1.1513991e-05 1.1311266e-05 1.1121198e-05 1.3932297e-05 1.4244097e-05 1.1602578e-05 1.140858e-05 1.1228349e-05 1.1060368e-05 1.0904852e-05 1.0762342e-05 1.4148996e-05 1.1435187e-05 1.1258213e-05 1.1092161e-05 1.09380935e-05 1.0795622e-05 1.0665082e-05 1.0546917e-05 1.0561358e-05 1.14623335e-05 1.15582225e-05 1.1333649e-05 1.11166155e-05 1.0908543e-05 1.0708944e-05 1.0518118e-05 1.0336552e-05 1.2489416e-05 1.28131605e-05 1.31396955e-05 1.3468814e-05 1.3800333e-05 1.2938709e-05 1.3262743e-05 1.3589434e-05 1.1622436e-05 1.1342799e-05 1.1980505e-05 1.2623236e-05 1.3270277e-05 1.047026e-05 1.0835906e-05 1.1204519e-05 1.15758085e-05 1.1949508e-05 1.0758055e-05 1.1121627e-05 1.0555989e-05 1.03269995e-05 1.1048067e-05 1.1772571e-05 1.0156474e-05 1.0331075e-05 1.0952458e-05 1.51434915e-05 1.0592386e-05 1.23931195e-05 1.8231052e-05 1.8548704e-05 1.8871267e-05 1.9198491e-05 1.9530124e-05 1.4831682e-05 1.5833006e-05 1.6936756e-05 1.8062801e-05 1.920721e-05 1.3425832e-05 1.4012053e-05 1.5557596e-05 1.5932694e-05 1.6313079e-05 1.6698365e-05 1.7088172e-05 1.0605036e-05 1.0728501e-05 1.25087845e-05 1.3655296e-05 1.4910872e-05 1.618424e-05 1.7471304e-05 1.2774215e-05 1.2987631e-05 1.3427124e-05 1.3871689e-05 1.4320775e-05 1.477404e-05 1.0258152e-05 1.0293029e-05 1.1591053e-05 1.2999679e-05 1.4418283e-05 1.5844267e-05 1.0596218e-05 1.1106508e-05 1.1620461e-05 1.2137624e-05 1.2657624e-05 1.1298066e-05 1.126128e-05 1.2811587e-05 1.4362938e-05 1.1454086e-05 1.3099671e-05 1.0069191e-05 1.0904e-05 1.2441283e-05 1.04410365e-05 1.1091452e-05 1.1048691e-05 1.1514665e-05 1.0325417e-05 1.8448975e-05 2.0227519e-05 2.2072894e-05 2.3969622e-05 1.6215306e-05 1.8214047e-05 2.0263555e-05 2.234966e-05 1.1749654e-05 1.4041943e-05 1.1582388e-05 1.3327783e-05 1.3429934e-05 1.4167004e-05 1.63813e-05 1.8624187e-05 2.088659e-05 1.1179716e-05 1.1702129e-05 1.1717484e-05 1.2395264e-05 1.4795704e-05 1.7203156e-05 1.9615107e-05 1.1153765e-05 1.11831305e-05 1.3692014e-05 1.6204149e-05 1.8718221e-05 1.3271241e-05 1.1362086e-05 1.380256e-05 1.6288728e-05 1.0584116e-05 1.3830367e-05 1.0471495e-05 1.4823978e-05 1.1376194e-05 1.3307181e-05 1.1930914e-05 1.146549e-05 1.4692756e-05 1.4680232e-05 1.6171676e-05 1.3053825e-05 1.1105206e-05 1.1766828e-05 1.222974e-05 1.7792707e-05 1.1012803e-05 1.6402058e-05 1.0971976e-05 1.1678131e-05 1.7496706e-05 1.958598e-05 2.1844098e-05 2.4223766e-05 1.1676548e-05 1.6244603e-05 1.569905e-05 1.8069342e-05 2.0560063e-05 2.313225e-05 1.174664e-05 1.2123463e-05 1.3636118e-05 1.2749154e-05 1.334342e-05 1.4230798e-05 1.685444e-05 1.9543144e-05 2.2273443e-05 1.0565018e-05 1.1772407e-05 1.2475024e-05 1.0705796e-05 1.3001405e-05 1.3200961e-05 1.6009108e-05 1.8836019e-05 2.1674454e-05 1.12254265e-05 1.3061853e-05 1.5929854e-05 1.880056e-05 1.7464416e-05 1.31302195e-05 1.0924984e-05 1.2924202e-05 1.5679343e-05 1.7989223e-05 1.0544879e-05 1.1730244e-05 1.2745857e-05 1.1585921e-05 1.0256415e-05 1.0839153e-05 1.15078765e-05 1.0752842e-05 1.0120745e-05 1.1486353e-05 1.0602059e-05 1.0881982e-05 1.1530532e-05 1.0598247e-05 1.0648401e-05 1.0733764e-05 1.3507616e-05 1.5060751e-05 1.6908652e-05 1.8965284e-05 1.2207245e-05 1.4130532e-05 1.6253118e-05 1.850657e-05 1.1449061e-05 1.3669123e-05 1.598849e-05 1.8369605e-05 1.13411315e-05 1.372308e-05 1.6133368e-05 1.856104e-05 1.2642686e-05 1.0254161e-05 1.232038e-05 1.4694488e-05 1.707368e-05 1.1907906e-05 1.0064224e-05 1.21980775e-05 1.06222715e-05 1.2845337e-05 1.12097105e-05 1.1115886e-05 1.1739924e-05 1.38224705e-05 1.064482e-05 1.1002907e-05 1.2289386e-05 1.1914505e-05 1.2833583e-05 1.1484516e-05 1.3525462e-05 1.557537e-05 1.1314111e-05 1.2090468e-05 1.0658584e-05 1.07422575e-05 1.0765477e-05 1.08578515e-05 1.1159132e-05 1.2151697e-05 1.2478478e-05 1.0955363e-05 1.0662355e-05 1.08690365e-05 1.1432662e-05 1.2304231e-05 1.1300435e-05 1.00412935e-05 1.0225591e-05 1.0290394e-05 1.0697654e-05 1.106392e-05 1.0558295e-05 1.17191385e-05 1.0376523e-05 1.0828913e-05 1.0178297e-05 1.1560993e-05 1.0746424e-05 1.0347027e-05 1.1846672e-05 1.0361726e-05 1.0940789e-05 1.2716068e-05 1.1039057e-05 1.25456845e-05 1.1281968e-05 1.1829686e-05 1.2389049e-05 1.0144592e-05 1.1022621e-05 1.2463256e-05 1.3178352e-05 1.1103866e-05 1.1625906e-05 1.0014396e-05 1.19838005e-05 1.1435717e-05 1.0600729e-05 1.0148655e-05 1.2986297e-05 1.7669427e-05 1.363643e-05 1.0141981e-05 1.2897864e-05 1.2610166e-05 1.0263851e-05 1.0637481e-05 1.101542e-05 1.1398371e-05 1.22596e-05 1.2002818e-05 1.1757883e-05 1.1705644e-05 1.2052004e-05 1.2400373e-05 1.2752216e-05 1.1753097e-05 1.1529741e-05 1.1318385e-05 1.1119715e-05 1.0683084e-05 1.3544249e-05 1.3865937e-05 1.4188869e-05 1.1412083e-05 1.1224057e-05 1.104798e-05 1.08844315e-05 1.0733983e-05 1.2326033e-05 1.3515526e-05 1.38146015e-05 1.1275403e-05 1.1096369e-05 1.0928142e-05 1.0771225e-05 1.06261205e-05 1.0493316e-05 1.23858945e-05 1.1487173e-05 1.1595432e-05 1.1370452e-05 1.1152954e-05 1.0943385e-05 1.07422065e-05 1.05499e-05 1.2269191e-05 1.249775e-05 1.2681029e-05 1.2439719e-05 1.2203401e-05 1.197237e-05 1.1746936e-05 1.152743e-05 1.0778767e-05 1.4329614e-05 1.4641307e-05 1.4954524e-05 1.5269165e-05 1.5585134e-05 1.4132885e-05 1.4441095e-05 1.4750971e-05 1.32256655e-05 1.2891745e-05 1.35016435e-05 1.4113723e-05 1.4727699e-05 1.2518454e-05 1.28673655e-05 1.3217712e-05 1.3569371e-05 1.3922217e-05 1.0742853e-05 1.1335633e-05 1.2013604e-05 1.2693033e-05 1.337356e-05 1.0767376e-05 1.1154806e-05 1.1543372e-05 1.193293e-05 1.2323403e-05 1.0589146e-05 1.1334413e-05 1.2080001e-05 1.0389943e-05 1.0817234e-05 1.0063205e-05 1.0868712e-05 1.1873833e-05 1.2099149e-05 1.429496e-05 1.05260915e-05 1.5268417e-05 1.0064046e-05 1.2122866e-05 1.0338836e-05 1.0153722e-05 1.1884833e-05 1.3013652e-05 1.417791e-05 1.0505457e-05 1.0919068e-05 1.0958504e-05 2.1542226e-05 2.1861595e-05 2.2183762e-05 2.2508593e-05 2.2835946e-05 1.7472046e-05 1.8398867e-05 1.9402034e-05 2.041437e-05 2.1434502e-05 1.2465494e-05 1.6163536e-05 1.92808e-05 1.9646292e-05 2.0014491e-05 2.0385223e-05 2.0758287e-05 1.55044e-05 1.6548638e-05 1.7674325e-05 1.8805946e-05 1.9942237e-05 1.0009519e-05 1.41663295e-05 1.7135684e-05 1.754982e-05 1.7966293e-05 1.8384873e-05 1.880544e-05 1.3661928e-05 1.48194395e-05 1.6061624e-05 1.730593e-05 1.8551917e-05 1.0176685e-05 1.146039e-05 1.0003742e-05 1.5156083e-05 1.5619855e-05 1.6085227e-05 1.6552052e-05 1.7020202e-05 1.2002162e-05 1.3258504e-05 1.46018165e-05 1.594501e-05 1.7288037e-05 1.008773e-05 1.1028619e-05 1.1954681e-05 1.3367925e-05 1.4784241e-05 1.6202734e-05 1.2568918e-05 1.36293165e-05 1.1623778e-05 1.0887454e-05 1.1663735e-05 1.0346559e-05 1.0431609e-05 2.2006043e-05 2.3653485e-05 2.532933e-05 2.7028125e-05 1.0686357e-05 1.2074468e-05 2.0199073e-05 2.2006256e-05 2.3832366e-05 2.567306e-05 1.1520795e-05 1.2944285e-05 1.2793215e-05 1.0301884e-05 1.0880462e-05 1.1004048e-05 1.8561614e-05 2.051586e-05 2.2479055e-05 2.444899e-05 1.2792407e-05 1.0785375e-05 1.0414871e-05 1.7141729e-05 1.9218282e-05 2.1296644e-05 2.3376217e-05 1.2336588e-05 1.5543672e-05 1.7698992e-05 1.9856483e-05 2.2015342e-05 1.0411628e-05 1.2243007e-05 1.1567599e-05 1.3483456e-05 1.2274061e-05 1.5872836e-05 2.0538628e-05 1.6291671e-05 1.1964997e-05 1.3081662e-05 1.1471748e-05 1.6741638e-05 1.0969731e-05 1.7985712e-05 1.969932e-05 1.5469144e-05 1.1123862e-05 1.484406e-05 1.336684e-05 1.6517997e-05 2.1671933e-05 2.3673916e-05 2.5748008e-05 2.7877859e-05 1.2548966e-05 1.4632657e-05 1.770209e-05 1.1463261e-05 2.0374631e-05 2.2545491e-05 2.4764204e-05 2.701872e-05 1.2941949e-05 1.49245825e-05 1.3502972e-05 1.009706e-05 1.2147215e-05 1.0269776e-05 1.9333775e-05 2.164522e-05 2.3981776e-05 2.6336615e-05 1.37705e-05 1.5642943e-05 1.2480228e-05 1.10959e-05 1.0824802e-05 1.859171e-05 2.100185e-05 2.3420518e-05 2.5845184e-05 1.3036061e-05 1.4967788e-05 1.17093e-05 1.6573991e-05 1.9020597e-05 2.146954e-05 2.0665546e-05 1.4380164e-05 1.565216e-05 1.0767124e-05 1.09927605e-05 1.3008142e-05 1.0336295e-05 1.0205733e-05 1.28836855e-05 1.7201253e-05 1.8867335e-05 2.0660176e-05 2.2549373e-05 1.2088134e-05 1.40343445e-05 1.0684145e-05 1.6507605e-05 1.8355136e-05 2.0284284e-05 2.2273693e-05 1.1826738e-05 1.3562096e-05 1.618821e-05 1.8162544e-05 2.0179843e-05 2.222824e-05 1.1880205e-05 1.6264428e-05 1.829911e-05 2.0350568e-05 2.2414062e-05 1.5473848e-05 1.3001848e-05 1.501907e-05 1.704311e-05 1.7505661e-05 1.4872505e-05 1.8181328e-05 1.9694602e-05 1.1887648e-05 1.2408367e-05 1.882671e-05 2.050293e-05 1.5575737e-05 1.2677319e-05 1.32476835e-05 1.1843201e-05 1.2985228e-05 1.3704784e-05 1.4012852e-05 1.2392137e-05 1.3050745e-05 1.3894958e-05 1.4893118e-05 1.0157482e-05 1.1744001e-05 1.2123625e-05 1.2800276e-05 1.2824651e-05 1.3099814e-05 1.3408897e-05 1.3749593e-05 1.0844844e-05 1.1520518e-05 1.2420593e-05 1.3458251e-05 1.4604143e-05 1.1062231e-05 1.1310788e-05 1.26109e-05 1.29915015e-05 1.3397372e-05 1.3826258e-05 1.0192405e-05 1.1106676e-05 1.2198881e-05 1.3376636e-05 1.4619181e-05 1.0067415e-05 1.3046289e-05 1.3495742e-05 1.3962185e-05 1.4443943e-05 1.0124437e-05 1.1201163e-05 1.2407343e-05 1.3656283e-05 1.4937118e-05 1.4070134e-05 1.4548453e-05 1.5038034e-05 1.5537787e-05 1.0651702e-05 1.1791462e-05 1.3025053e-05 1.4275694e-05 1.5539157e-05 1.32805235e-05 1.3735238e-05 1.4200799e-05 1.2158715e-05 1.0081031e-05 1.0744788e-05 1.1953353e-05 1.2803494e-05 1.0975319e-05 1.1360847e-05 1.0497946e-05 1.0082468e-05 1.151238e-05 1.117344e-05 1.0093356e-05 1.0675557e-05 1.0889022e-05 1.02726935e-05 1.1233714e-05 1.0992074e-05 1.4331032e-05 1.5155884e-05 1.0111411e-05 1.591232e-05 1.5620011e-05 1.0246042e-05 1.0639911e-05 1.1038973e-05 1.14732575e-05 1.0257402e-05 1.0618239e-05 1.0983361e-05 1.1350958e-05 1.1722447e-05 1.2098557e-05 1.0804446e-05 1.0544821e-05 1.0072993e-05 1.1871792e-05 1.2215931e-05 1.2563062e-05 1.2911586e-05 1.3263108e-05 1.0259629e-05 1.003319e-05 1.0863018e-05 1.1460753e-05 1.3538833e-05 1.3863621e-05 1.41905375e-05 1.4518118e-05 1.2348349e-05 1.2900526e-05 1.0143471e-05 1.298047e-05 1.3285553e-05 1.3592678e-05 1.1877921e-05 1.2373762e-05 1.0404457e-05 1.0547845e-05 1.0310619e-05 1.00810275e-05 1.1639223e-05 1.1895424e-05 1.21082985e-05 1.1859051e-05 1.1614714e-05 1.1375605e-05 1.1142059e-05 1.0641495e-05 1.05253985e-05 1.0769448e-05 1.0977645e-05 1.0751853e-05 1.0531286e-05 1.0316278e-05 1.0107185e-05 1.0352508e-05 1.0320371e-05 1.0890333e-05 1.1184089e-05 1.1479051e-05 1.3819437e-05 1.1179931e-05 1.0213487e-05 1.0786138e-05 1.12312855e-05 1.1929418e-05 1.2246217e-05 1.0032502e-05 1.03827815e-05 1.073415e-05 1.1365857e-05 1.0212601e-05 1.0065797e-05 1.1225184e-05 1.0632127e-05 1.0071238e-05 1.3464624e-05 1.6903963e-05 1.7213799e-05 1.7525974e-05 1.9878218e-05 1.4955582e-05 1.4224298e-05 1.5100564e-05 1.5982008e-05 1.9006226e-05 1.36566105e-05 1.2531736e-05 1.5066347e-05 1.541661e-05 1.7643659e-05 1.7973736e-05 1.3104035e-05 1.26857385e-05 1.3666009e-05 1.6662567e-05 1.7621007e-05 1.0313857e-05 1.3411224e-05 1.5452397e-05 1.582063e-05 1.6190983e-05 1.13693395e-05 1.13327305e-05 1.3282197e-05 1.5279633e-05 1.6336018e-05 1.1640187e-05 1.33459935e-05 1.3753958e-05 1.416353e-05 1.4574533e-05 1.0238901e-05 1.2892149e-05 1.4034467e-05 1.5176659e-05 1.0679342e-05 1.1092758e-05 1.2297501e-05 1.3504541e-05 1.6942615e-05 1.8400398e-05 1.9874626e-05 1.9629742e-05 1.5523618e-05 1.7110357e-05 1.6933916e-05 1.8524734e-05 1.0349626e-05 1.43381e-05 1.4216865e-05 1.5904418e-05 1.759322e-05 1.0733877e-05 1.1269905e-05 1.3017098e-05 1.4768038e-05 1.652137e-05 1.03308e-05 1.01552805e-05 1.1746722e-05 1.0503181e-05 1.3434407e-05 1.1647403e-05 1.6766317e-05 1.2083897e-05 1.118579e-05 1.476714e-05 1.5017109e-05 1.617666e-05 1.1514755e-05 1.2558053e-05 1.1229245e-05 1.0096021e-05 1.124352e-05 1.0164792e-05 1.1545406e-05 1.2742754e-05 1.417264e-05 1.2984136e-05 1.185016e-05 1.7249002e-05 1.9050492e-05 2.089346e-05 2.3813684e-05 1.0682177e-05 1.2352248e-05 1.3045373e-05 1.6375048e-05 1.8302191e-05 2.1117721e-05 2.298806e-05 1.14336e-05 1.5678736e-05 1.2029995e-05 1.5803667e-05 1.8425164e-05 2.0371888e-05 2.233553e-05 1.3348166e-05 1.49036305e-05 1.1172035e-05 1.3609224e-05 1.5632515e-05 1.7662729e-05 1.9697578e-05 1.1100183e-05 1.2700877e-05 1.207789e-05 1.4126021e-05 1.6176877e-05 1.5639142e-05 1.3965485e-05 1.5568658e-05 1.7243712e-05 1.680868e-05 1.3759098e-05 1.5477068e-05 1.4983982e-05 1.672225e-05 1.3938549e-05 1.3366721e-05 1.5122967e-05 1.6895656e-05 1.1481018e-05 1.3234347e-05 1.4993458e-05 1.2217844e-05 1.4013104e-05 1.2993369e-05 1.5069247e-05 1.2149171e-05 1.36251065e-05 1.0098762e-05 1.1418117e-05 1.2076261e-05 1.0426114e-05 1.1371936e-05 1.2419373e-05 1.0592764e-05 1.096329e-05 1.107429e-05 1.1442676e-05 1.0286367e-05 1.1368915e-05 1.2310947e-05 1.1082786e-05 1.1517736e-05 1.0867247e-05 1.1204626e-05 1.0578813e-05 1.11839145e-05 1.2185049e-05 1.2122732e-05 1.07328e-05 1.1117393e-05 1.1519804e-05 1.0139928e-05 1.0295109e-05 1.1317523e-05 1.2372411e-05 1.0269883e-05 1.0667061e-05 1.2793242e-05 1.1489308e-05 1.1330495e-05 1.0067547e-05 1.024567e-05 1.025314e-05 1.0214638e-05 1.06154075e-05 1.0902004e-05 1.0010843e-05 1.0436644e-05 1.0877948e-05 1.1332948e-05 1.21019475e-05 1.2015171e-05 1.2610988e-05 1.0318753e-05 1.0770892e-05 1.123469e-05 1.1708762e-05 1.299441e-05 1.3445614e-05 1.3159021e-05 1.0165756e-05 1.0408885e-05 1.083766e-05 1.1303179e-05 1.1777579e-05 1.2259826e-05 1.4255922e-05 1.4067759e-05 1.3821444e-05 1.1034966e-05 1.137202e-05 1.1715646e-05 1.2063229e-05 1.2413152e-05 1.2766932e-05 1.3125277e-05 1.0179158e-05 1.0785863e-05 1.13979195e-05 1.2434834e-05 1.2763207e-05 1.3096662e-05 1.3432742e-05 1.3769992e-05 1.4110103e-05 1.140707e-05 1.198499e-05 1.2566854e-05 1.3910597e-05 1.422592e-05 1.4545333e-05 1.4866487e-05 1.51880295e-05 1.2713952e-05 1.3256378e-05 1.3802193e-05 1.0885541e-05 1.3009962e-05 1.3306961e-05 1.3608088e-05 1.3910988e-05 1.1537053e-05 1.2037031e-05 1.2541111e-05 1.10452875e-05 1.1366856e-05 1.1585405e-05 1.1331788e-05 1.1082963e-05 1.0839262e-05 1.00255165e-05 1.0243725e-05 1.0011862e-05 1.076753e-05 1.0176556e-05 1.05048375e-05 1.1903408e-05 1.0976783e-05 1.0458336e-05 1.4335291e-05 1.2634577e-05 1.4469558e-05 1.11220725e-05 1.2184226e-05 1.2455495e-05 1.0852049e-05 1.0168955e-05 1.3080494e-05 1.010095e-05 1.0061571e-05 1.0370306e-05 1.0683142e-05 1.0896088e-05 1.1788464e-05 1.0045053e-05 1.0438508e-05 1.0943429e-05 1.0400104e-05 1.1040475e-05 1.0241296e-05 1.1498443e-05 1.0986716e-05 1.03018e-05 1.309656e-05 1.2563074e-05 1.2354151e-05 1.1500272e-05 1.1710939e-05 1.0709141e-05 1.0330816e-05 1.1644048e-05 1.2288188e-05 1.1309084e-05 1.0221739e-05 1.0843397e-05 1.28656675e-05 1.2366284e-05 1.1855346e-05 1.0769596e-05 1.2061717e-05 1.1898029e-05 1.0342748e-05 1.1233032e-05 1.4381654e-05 1.3329752e-05 1.2802059e-05 1.1739656e-05 1.2912717e-05 1.2719756e-05 1.2004502e-05 1.0706167e-05 1.35659275e-05 1.3259755e-05 1.3288977e-05 1.152919e-05 1.4067094e-05 1.3090015e-05 1.1874282e-05 1.0719984e-05 1.4782092e-05 1.456619e-05 1.3827462e-05 1.2763486e-05 1.4418396e-05 1.3310595e-05 1.2291301e-05 1.0899825e-05 1.1051619e-05 1.2733994e-05 1.6762966e-05 1.3125011e-05 1.1002065e-05 1.4309989e-05 1.581746e-05 1.10289475e-05 1.223528e-05 1.0619931e-05 1.225501e-05 1.37766165e-05 1.1769979e-05 1.2542231e-05 1.1315292e-05 1.03994935e-05 1.3532736e-05 1.2721927e-05 1.2327238e-05 1.116381e-05 1.0168051e-05 1.3963128e-05 1.1103842e-05 1.1765089e-05 1.0067502e-05 1.3582101e-05 1.2798437e-05 1.1934464e-05 1.1404589e-05 1.0388821e-05 1.0381098e-05 1.1400994e-05 1.0477365e-05 1.26816185e-05 1.14784e-05 1.0668166e-05 1.0615778e-05 1.0629007e-05 1.0220963e-05 1.1790922e-05 1.0823719e-05 1.003152e-05 1.0077504e-05 1.1225422e-05 1.1111943e-05 1.0462063e-05 1.315735e-05 1.194019e-05 1.1912846e-05 1.014424e-05 1.0687308e-05 1.0788481e-05 1.1844327e-05 1.1958792e-05 1.20857385e-05 1.222475e-05 1.2429659e-05 1.2739737e-05 1.3063494e-05 1.3400647e-05 1.1604106e-05 1.1757701e-05 1.19213955e-05 1.2095011e-05 1.2411766e-05 1.27600415e-05 1.3119789e-05 1.3490874e-05 1.1578075e-05 1.1761088e-05 1.1952465e-05 1.2151296e-05 1.24991775e-05 1.2877692e-05 1.326574e-05 1.3663353e-05 1.08693785e-05 1.0896509e-05 1.10178635e-05 1.0517804e-05 1.1753805e-05 1.1955817e-05 1.2163698e-05 1.2377057e-05 1.2749619e-05 1.3152689e-05 1.3563517e-05 1.3982311e-05 1.1931895e-05 1.1840818e-05 1.1711462e-05 1.1244858e-05 1.2123703e-05 1.2332685e-05 1.2545967e-05 1.2763273e-05 1.3153751e-05 1.3575448e-05 1.4003416e-05 1.4438027e-05 1.2730764e-05 1.2611563e-05 1.2504744e-05 1.2061193e-05 1.3354929e-05 1.365985e-05 1.3969948e-05 1.4284824e-05 1.4602088e-05 1.4920431e-05 1.5241598e-05 1.227979e-05 1.2820749e-05 1.3366295e-05 1.3915891e-05 1.1000623e-05 1.4636847e-05 1.4934396e-05 1.523609e-05 1.5541624e-05 1.584867e-05 1.6155995e-05 1.3404103e-05 1.3920012e-05 1.4439409e-05 1.4961934e-05 1.197861e-05 1.3316622e-05 1.3594848e-05 1.3877489e-05 1.4164219e-05 1.4452699e-05 1.1504807e-05 1.1992404e-05 1.24835115e-05 1.2977733e-05 1.0409153e-05 1.07180185e-05 1.0945429e-05 1.06926955e-05 1.0444742e-05 1.1369979e-05 1.1478941e-05 1.1034975e-05 1.0595601e-05 1.01613705e-05 1.08583745e-05 1.0276139e-05 1.0456681e-05 1.1759159e-05 1.3411054e-05 1.0724639e-05 1.1242484e-05 1.1763623e-05 1.1274944e-05 1.002334e-05 1.1638008e-05 1.0849999e-05 1.01851865e-05 1.2033461e-05 1.1353983e-05 1.06786e-05 1.0008015e-05 1.0155724e-05 1.3435912e-05 1.2746047e-05 1.2062939e-05 1.1387681e-05 1.1349337e-05 1.0457887e-05 1.4995819e-05 1.42960425e-05 1.3605313e-05 1.2924996e-05 1.2706421e-05 1.182965e-05 1.0973847e-05 1.0144305e-05 1.4731487e-05 1.5535265e-05 1.2715268e-05 1.3044695e-05 1.1939088e-05 1.2641183e-05 1.1112237e-05 1.1506847e-05 1.0184973e-05 1.0787856e-05 1.2912179e-05 1.2005319e-05 1.1099933e-05 1.0196261e-05 1.0445225e-05 1.3313546e-05 1.24046755e-05 1.15008515e-05 1.060328e-05 1.0006527e-05 1.0003686e-05 1.0729584e-05 1.4047318e-05 1.3148647e-05 1.2260268e-05 1.1384407e-05 1.0601324e-05 1.0767962e-05 1.1368834e-05 1.0207217e-05 1.0440311e-05 1.5064542e-05 1.418269e-05 1.3316487e-05 1.2469046e-05 1.1712106e-05 1.2307381e-05 1.1207009e-05 1.0148642e-05 1.6311853e-05 1.5448179e-05 1.4604783e-05 1.3785275e-05 1.546861e-05 1.4237765e-05 1.305115e-05 1.192182e-05 1.3482483e-05 1.2464002e-05 1.1507298e-05 1.0629027e-05 1.0158294e-05 1.2252722e-05 1.1124203e-05 1.4983894e-05 1.0768924e-05 1.09003295e-05 1.4745082e-05 1.2077221e-05 1.03384e-05 1.1125245e-05 1.0490973e-05 1.0767319e-05 1.0532599e-05 1.1104971e-05 1.14749e-05 1.1856872e-05 1.126149e-05 1.2187619e-05 1.1145198e-05 1.0105349e-05 1.093907e-05 1.0350498e-05 1.0400198e-05 1.1480816e-05 1.3961251e-05 1.2932392e-05 1.1908882e-05 1.0892053e-05 1.097346e-05 1.0826582e-05 1.0037412e-05 1.3644221e-05 1.265587e-05 1.1678597e-05 1.0715272e-05 1.1148589e-05 1.0666258e-05 1.3661262e-05 1.2728176e-05 1.1813945e-05 1.0923143e-05 1.0854744e-05 1.4010652e-05 1.3143073e-05 1.2302366e-05 1.1494301e-05 1.1374317e-05 1.0351192e-05 1.1028113e-05 1.0637822e-05 1.0780643e-05 1.1785531e-05 1.1401816e-05 1.1408677e-05 1.2552105e-05 1.1601355e-05 1.0657418e-05 1.1027952e-05 1.0103604e-05 1.0050358e-05 1.1720175e-05 1.0826272e-05 1.0825212e-05 1.0021354e-05 1.0317767e-05 1.02550675e-05 1.3838592e-05 1.2411912e-05 1.2819833e-05 1.0038144e-05 1.0083396e-05 1.0147566e-05 1.1397318e-05 1.1919342e-05 1.3976035e-05 1.4076953e-05 1.41896535e-05 1.4313853e-05 1.4218494e-05 1.4474731e-05 1.4740961e-05 1.5017892e-05 1.0528567e-05 1.1167296e-05 1.4030671e-05 1.4170089e-05 1.4319452e-05 1.4478477e-05 1.4739398e-05 1.5022616e-05 1.5312571e-05 1.561031e-05 1.0602949e-05 1.3916065e-05 1.408498e-05 1.4261901e-05 1.4446956e-05 1.4733776e-05 1.5042012e-05 1.5355818e-05 1.5676398e-05 1.0202405e-05 1.3968188e-05 1.415811e-05 1.43549305e-05 1.4557761e-05 1.4866756e-05 1.5196943e-05 1.5531552e-05 1.5871945e-05 1.0103917e-05 1.4185218e-05 1.4388023e-05 1.4595599e-05 1.4807701e-05 1.5134685e-05 1.5483341e-05 1.5835367e-05 1.6192265e-05 1.12016105e-05 1.0417181e-05 1.034991e-05 1.0301637e-05 1.4560994e-05 1.4767104e-05 1.4976794e-05 1.5189913e-05 1.5530579e-05 1.5894102e-05 1.626008e-05 1.6630147e-05 1.1413563e-05 1.1346919e-05 1.1294527e-05 1.1256581e-05 1.0733871e-05 1.5680216e-05 1.5954765e-05 1.6233382e-05 1.6515862e-05 1.6801934e-05 1.7089307e-05 1.737687e-05 1.4385414e-05 1.4862014e-05 1.5342484e-05 1.5826476e-05 1.6313677e-05 1.3338671e-05 1.030293e-05 1.0598717e-05 1.4009921e-05 1.4262307e-05 1.4519267e-05 1.4780562e-05 1.5045892e-05 1.5312971e-05 1.2088842e-05 1.254748e-05 1.3009657e-05 1.3475012e-05 1.3943229e-05 1.0760677e-05 1.0379864e-05 1.0164319e-05 1.0335767e-05 1.0515768e-05 1.07038895e-05 1.0899647e-05 1.0151735e-05 1.0375117e-05 1.0129125e-05 1.0204167e-05 1.0221428e-05 1.03922275e-05 1.0162168e-05 1.0709231e-05 1.0639745e-05 1.1159998e-05 1.1119756e-05 1.3779374e-05 1.5263142e-05 1.2396743e-05 1.4652117e-05 1.3377836e-05 1.3223981e-05 1.2538644e-05 1.2101209e-05 1.1945228e-05 1.1006747e-05 1.1639973e-05 1.148134e-05 1.1026295e-05 1.086843e-05 1.1521386e-05 1.0990568e-05 1.0473282e-05 1.0122427e-05 1.0140909e-05 1.0429099e-05 1.8288645e-05 1.0274597e-05 1.0944597e-05 1.7106306e-05 1.1142673e-05 1.692648e-05 1.5684753e-05 1.4593904e-05 1.2388486e-05 1.3700289e-05 1.2057172e-05 1.3211252e-05 1.2944196e-05 1.0025376e-05 1.4677088e-05 1.4061954e-05 1.3810423e-05 1.0738288e-05 1.0094883e-05 1.4211073e-05 1.4060066e-05 1.3424487e-05 1.3172024e-05 1.2067558e-05 1.1456438e-05 1.0874491e-05 1.0326626e-05 1.1954454e-05 1.1042058e-05 1.0191116e-05 1.0842048e-05 1.00207935e-05 1.325146e-05 1.5394899e-05 1.404853e-05 1.210584e-05 1.4703344e-05 1.3008245e-05 1.3982362e-05 1.38723435e-05 1.24727185e-05 1.35620585e-05 1.3294061e-05 1.3963973e-05 1.3276072e-05 1.3001792e-05 1.2138164e-05 1.0011632e-05 1.3663682e-05 1.0049603e-05 1.4400079e-05 1.0186184e-05 1.09935745e-05 1.0764116e-05 1.3911286e-05 1.3670286e-05 1.3689733e-05 1.1644682e-05 1.0595989e-05 1.043925e-05 1.037122e-05 1.0436267e-05 1.0458892e-05 1.23569935e-05 1.2356825e-05 1.4700698e-05 1.2662893e-05 1.2729428e-05 1.3874897e-05 1.630913e-05 1.6621301e-05 1.6726119e-05 1.6841059e-05 1.679216e-05 1.699535e-05 1.7206861e-05 1.7425768e-05 1.31563675e-05 1.642195e-05 1.6549213e-05 1.668592e-05 1.6831844e-05 1.7044025e-05 1.727288e-05 1.7507564e-05 1.7747034e-05 1.2565534e-05 1.6277667e-05 1.6435019e-05 1.6600623e-05 1.6774291e-05 1.7006561e-05 1.7253013e-05 1.7503688e-05 1.7757558e-05 1.2119654e-05 1.6246999e-05 1.6427124e-05 1.6613903e-05 1.6807633e-05 1.7058363e-05 1.7322704e-05 1.759061e-05 1.7861035e-05 1.1800428e-05 1.6359212e-05 1.6554803e-05 1.6756358e-05 1.6962955e-05 1.722946e-05 1.750964e-05 1.7792743e-05 1.8077715e-05 1.1606256e-05 1.6611426e-05 1.6815951e-05 1.7024528e-05 1.7236966e-05 1.7516362e-05 1.781013e-05 1.810623e-05 1.8403605e-05 1.08832255e-05 1.1543446e-05 1.699862e-05 1.7204069e-05 1.7412609e-05 1.7624128e-05 1.7913502e-05 1.8218561e-05 1.852542e-05 1.8833032e-05 1.0408691e-05 1.0405518e-05 1.041821e-05 1.0446704e-05 1.0488781e-05 1.1614132e-05 1.5242597e-05 1.5468328e-05 1.5698424e-05 1.5932697e-05 1.6170969e-05 1.641297e-05 1.6656497e-05 1.2659651e-05 1.3076496e-05 1.3497269e-05 1.3921617e-05 1.4349225e-05 1.4749263e-05 1.1542781e-05 1.142379e-05 1.1639342e-05 1.1778903e-05 1.1926079e-05 1.2080593e-05 1.2242166e-05 1.241045e-05 1.10547635e-05 1.0988321e-05 1.1019637e-05 1.1060039e-05 1.1109429e-05 1.1167686e-05 1.1569368e-05 1.07261885e-05 1.0786599e-05 1.085524e-05 1.093196e-05 1.1509431e-05 1.067061e-05 1.075661e-05 1.0849755e-05 1.1577439e-05 1.08248005e-05 1.0931372e-05 1.1771183e-05 1.11801155e-05 1.2084624e-05 1.2508775e-05 1.00221e-05 1.2767003e-05 1.2441513e-05 1.100632e-05 1.0702324e-05 1.0394712e-05 1.0244183e-05 1.3010705e-05 1.2389596e-05 1.1915788e-05 1.038927e-05 1.1679173e-05 1.1495157e-05 1.1001521e-05 1.0666926e-05 1.1009008e-05 1.0823481e-05 1.031578e-05 1.6107226e-05 1.2185096e-05 1.4858148e-05 1.0078949e-05 1.3716558e-05 1.27111925e-05 1.3589525e-05 1.4440388e-05 1.619313e-05 1.5567684e-05 1.556637e-05 1.5382631e-05 1.47232495e-05 1.4521099e-05 1.494604e-05 1.4762094e-05 1.4072705e-05 1.1366737e-05 1.0904768e-05 1.0463118e-05 1.0042599e-05 1.1555064e-05 1.0780278e-05 1.0040423e-05 1.0483638e-05 1.0169374e-05 1.3505697e-05 1.2504715e-05 1.3709457e-05 1.3012665e-05 1.3499801e-05 1.27593885e-05 1.1164572e-05 1.3698815e-05 1.3527212e-05 1.2802881e-05 1.11704585e-05 1.1180932e-05 1.1265054e-05 1.1770446e-05 1.1605207e-05 1.2017033e-05 1.26721725e-05 1.2060319e-05 1.16717165e-05 1.1830804e-05 1.0231481e-05 1.0644507e-05 1.0184587e-05 1.0628145e-05 1.05679765e-05 1.0094333e-05 1.02719705e-05 1.0628971e-05 1.0579753e-05 1.0054688e-05 1.0371052e-05 1.4116135e-05 1.4199176e-05 1.433689e-05 1.4442392e-05 1.45368795e-05 1.4692394e-05 1.5411637e-05 1.5519237e-05 1.3844282e-05 1.3963788e-05 1.4094071e-05 1.4234836e-05 1.44089545e-05 1.480897e-05 1.4943762e-05 1.5086412e-05 1.3680317e-05 1.3835022e-05 1.3999514e-05 1.4173452e-05 1.4307309e-05 1.44648375e-05 1.4630159e-05 1.48014415e-05 1.3705089e-05 1.3890289e-05 1.4083823e-05 1.393304e-05 1.4104955e-05 1.4287077e-05 1.4475641e-05 1.4668669e-05 1.3875488e-05 1.4080644e-05 1.3684314e-05 1.3853781e-05 1.404787e-05 1.42508525e-05 1.4459601e-05 1.4672e-05 1.4208013e-05 1.3551864e-05 1.3735226e-05 1.3924823e-05 1.4137625e-05 1.4358602e-05 1.4584647e-05 1.4813542e-05 1.3553957e-05 1.3745444e-05 1.3942063e-05 1.4143564e-05 1.4371182e-05 1.4607139e-05 1.4847216e-05 1.5089405e-05 1.0303133e-05 1.4263075e-05 1.4467939e-05 1.4676454e-05 1.4888467e-05 1.513337e-05 1.5386724e-05 1.564359e-05 1.5901613e-05 1.0050019e-05 1.0144873e-05 1.0248637e-05 1.0361045e-05 1.04818155e-05 1.0610666e-05 1.0747222e-05 1.0322044e-05 1.0299554e-05 1.0286048e-05 1.0281563e-05 1.028611e-05 1.0299677e-05 1.6507187e-05 1.6166845e-05 1.2376507e-05 1.14123095e-05 1.1301489e-05 1.0125025e-05 1.0010958e-05 1.0515506e-05 1.0280779e-05 1.0046868e-05 1.0204049e-05 1.0348413e-05 1.17541795e-05 1.1511768e-05 1.1270458e-05 1.1030329e-05 1.1724068e-05 1.12822545e-05 1.0842359e-05 1.0403642e-05 1.0493925e-05 1.000498e-05 1.0009608e-05 1.0023506e-05 1.0375253e-05 1.0500718e-05 1.0292132e-05 1.0018085e-05 1.0169075e-05 1.0974856e-05 1.0450026e-05 1.1618123e-05 1.1371838e-05 1.1478816e-05 1.1268283e-05 1.1406714e-05 1.1133582e-05 1.0861655e-05 1.0919892e-05 1.0390601e-05 1.0501089e-05 1.1932218e-05 1.1398036e-05 1.1734808e-05 1.1634365e-05 1.136377e-05 1.1436909e-05 1.12914895e-05 1.1363735e-05 1.1072521e-05 1.078205e-05 1.1944085e-05 1.1393581e-05 1.0845593e-05 1.1511431e-05 1.2952126e-05 1.0885257e-05 1.0328395e-05 1.3143052e-05 1.2909377e-05 1.2113663e-05 1.132014e-05 1.1102141e-05 1.1956554e-05 1.1172801e-05 1.0389496e-05 1.4288563e-05 1.2579039e-05 1.2952124e-05 1.2157638e-05 1.1365874e-05 1.1675461e-05 1.1988644e-05 1.1202211e-05 1.0416597e-05 1.3197366e-05 1.3023736e-05 1.3286208e-05 1.2869788e-05 1.31899205e-05 1.2405257e-05 1.2701278e-05 1.1919601e-05 1.2214285e-05 1.1431883e-05 1.0652465e-05 1.1778039e-05 1.2043921e-05 1.18606e-05 1.416969e-05 1.3757625e-05 1.3350305e-05 1.36123035e-05 1.3887904e-05 1.3119366e-05 1.2355435e-05 1.2622876e-05 1.1850744e-05 1.1083844e-05 1.0322564e-05 1.0712123e-05 1.1026627e-05 1.0831612e-05 1.5210053e-05 1.4801395e-05 1.439816e-05 1.4000828e-05 1.5209562e-05 1.4453244e-05 1.3704767e-05 1.2963439e-05 1.31981e-05 1.2439814e-05 1.1688639e-05 1.0946043e-05 1.3454963e-05 1.3590986e-05 1.3132755e-05 1.2677958e-05 1.23603895e-05 1.3239354e-05 1.2436019e-05 1.1636058e-05 1.1067502e-05 1.2845423e-05 1.2066064e-05 1.1291815e-05 1.4212344e-05 1.4332043e-05 1.4001198e-05 1.3554938e-05 1.3745128e-05 1.3301821e-05 1.3532631e-05 1.2733714e-05 1.1940037e-05 1.20734385e-05 1.3537725e-05 1.277623e-05 1.10664105e-05 1.027741e-05 1.519254e-05 1.4784241e-05 1.4886085e-05 1.4561128e-05 1.4737879e-05 1.4302124e-05 1.3871908e-05 1.4095419e-05 1.3305195e-05 1.252277e-05 1.2756852e-05 1.4284033e-05 1.2430798e-05 1.1654391e-05 1.0884631e-05 1.5443877e-05 1.5317557e-05 1.4870672e-05 1.4957739e-05 1.5253281e-05 1.4782092e-05 1.4314491e-05 1.3850852e-05 1.4810533e-05 1.403095e-05 1.3259788e-05 1.3574855e-05 1.4095396e-05 1.3142865e-05 1.2385906e-05 1.163824e-05 1.0401428e-05 1.1922163e-05 1.2523241e-05 1.17721365e-05 1.1026026e-05 1.016073e-05 1.16171295e-05 1.0886516e-05 1.015997e-05 1.1757999e-05 1.1352252e-05 1.1906787e-05 1.119093e-05 1.149083e-05 1.077981e-05 1.1093005e-05 1.0408827e-05 1.1696828e-05 1.1323836e-05 1.0959941e-05 1.14500135e-05 1.0978936e-05 1.1077242e-05 1.04117025e-05 1.0727207e-05 1.0095937e-05 1.1754299e-05 1.1414529e-05 1.1084301e-05 1.0764501e-05 1.1172371e-05 1.1465266e-05 1.0841628e-05 1.0230621e-05 1.0536119e-05 1.1477345e-05 1.1134352e-05 1.0799483e-05 1.2144871e-05 1.1499058e-05 1.0861996e-05 1.1747257e-05 1.1490884e-05 1.1150358e-05 1.0817289e-05 1.0904135e-05 1.1434219e-05 1.0816764e-05 1.0207826e-05 1.0431932e-05 1.1454573e-05 1.1464752e-05 1.123527e-05 1.0927873e-05 1.1018946e-05 1.0717988e-05 1.1163523e-05 1.0600191e-05 1.004619e-05 1.055259e-05 1.0084034e-05 1.1707856e-05 1.1400108e-05 1.1418084e-05 1.1196969e-05 1.1293826e-05 1.0992892e-05 1.0700349e-05 1.1081621e-05 1.0573839e-05 1.00785055e-05 1.0011441e-05 1.084042e-05 1.220125e-05 1.2234352e-05 1.1913582e-05 1.1927719e-05 1.2094625e-05 1.1769681e-05 1.1450582e-05 1.11378395e-05 1.1193238e-05 1.0741999e-05 1.0305378e-05 1.0371015e-05 1.0639588e-05 1.02119975e-05 1.1307712e-05 1.0300101e-05 1.0214826e-05 1.0037235e-05 1.0365064e-05 1.0589459e-05 1.1238325e-05 1.1968113e-05 1.2764939e-05 1.0250988e-05 1.361703e-05 1.0384997e-05 1.1119126e-05 1.954322e-05 1.8968154e-05 1.1343141e-05 1.0989287e-05 1.063906e-05 1.0290067e-05 1.3224768e-05 1.3326228e-05 1.3429813e-05 1.3535473e-05 1.364316e-05 1.1224453e-05 1.1768754e-05 1.1392956e-05 1.1020606e-05 1.0649247e-05 1.02780505e-05 1.1895711e-05 1.2010555e-05 1.2127822e-05 1.2247442e-05 1.1983122e-05 1.1784825e-05 1.2304393e-05 1.1907871e-05 1.1514699e-05 1.1122396e-05 1.0730114e-05 1.03378525e-05 1.057951e-05 1.0709268e-05 1.0841768e-05 1.2874092e-05 1.2670097e-05 1.2466411e-05 1.2955239e-05 1.2539291e-05 1.2126678e-05 1.171493e-05 1.13032e-05 1.08926615e-05 1.0485839e-05 1.007905e-05 1.3876297e-05 1.366724e-05 1.34586235e-05 1.3250467e-05 1.3704838e-05 1.3270547e-05 1.283965e-05 1.2409712e-05 1.1980799e-05 1.15562525e-05 1.113189e-05 1.0707732e-05 1.4971577e-05 1.4757771e-05 1.45445365e-05 1.43318985e-05 1.4119883e-05 1.4537879e-05 1.4086055e-05 1.3637739e-05 1.3191124e-05 1.2749551e-05 1.2308368e-05 1.186762e-05 1.1427355e-05 1.6144944e-05 1.5926475e-05 1.5708698e-05 1.5491645e-05 1.5275347e-05 1.5059836e-05 1.5440817e-05 1.4972011e-05 1.4507098e-05 1.4048691e-05 1.3590895e-05 1.3133768e-05 1.2677383e-05 1.2221824e-05 1.6047772e-05 1.597919e-05 1.5743542e-05 1.5508407e-05 1.527381e-05 1.5039775e-05 1.4806326e-05 1.6404005e-05 1.5918566e-05 1.5441998e-05 1.4967463e-05 1.4493813e-05 1.4021139e-05 1.3549541e-05 1.30791395e-05 1.5593787e-05 1.5719479e-05 1.5638025e-05 1.5383268e-05 1.5128755e-05 1.4874497e-05 1.4620506e-05 1.4366797e-05 1.7422091e-05 1.6923967e-05 1.6431326e-05 1.5940816e-05 1.545148e-05 1.49634325e-05 1.44768055e-05 1.3991747e-05 1.0358439e-05 1.2437918e-05 1.08072045e-05 1.3085397e-05 1.2811123e-05 1.101041e-05 1.1440685e-05 1.15826515e-05 1.1673043e-05 1.3326998e-05 1.2230939e-05 1.0054885e-05 1.0158458e-05 1.027039e-05 1.3970213e-05 1.314961e-05 1.4723995e-05 1.4171632e-05 1.5572205e-05 1.0114683e-05 1.527617e-05 1.6500198e-05 1.1322803e-05 1.39030535e-05 1.0264173e-05 1.4497232e-05 1.2937241e-05 1.2256968e-05 1.1578901e-05 1.09014445e-05 1.0224724e-05 1.1170229e-05 1.1537474e-05 1.5209785e-05 1.5242086e-05 1.5284832e-05 1.5337931e-05 1.5401281e-05 1.7435126e-05 1.6727834e-05 1.6027458e-05 1.5329038e-05 1.4630881e-05 1.3933024e-05 1.3235509e-05 1.253839e-05 1.0526757e-05 1.3766645e-05 1.3827104e-05 1.3899243e-05 1.3982878e-05 1.4077806e-05 1.6395968e-05 1.7402683e-05 1.669343e-05 1.5991209e-05 1.5291034e-05 1.4591215e-05 1.3891803e-05 1.3192859e-05 1.249496e-05 1.0087962e-05 1.2349662e-05 1.2442212e-05 1.2547764e-05 1.2665991e-05 1.6917698e-05 1.6546683e-05 1.7496859e-05 1.67874e-05 1.608524e-05 1.5385433e-05 1.4686336e-05 1.3988051e-05 1.329146e-05 1.2596509e-05 1.0968762e-05 1.109847e-05 1.12425005e-05 1.7564746e-05 1.7196573e-05 1.6830794e-05 1.7715523e-05 1.7007502e-05 1.6307184e-05 1.5609721e-05 1.4913551e-05 1.4219774e-05 1.3528563e-05 1.283943e-05 1.8329245e-05 1.7963865e-05 1.7601255e-05 1.7241591e-05 1.8054043e-05 1.7348828e-05 1.665182e-05 1.5958312e-05 1.5267835e-05 1.4580885e-05 1.3896735e-05 1.321582e-05 1.0201708e-05 1.9202447e-05 1.883953e-05 1.847972e-05 1.8123203e-05 1.7770173e-05 1.8505734e-05 1.78043e-05 1.7111628e-05 1.6424163e-05 1.574113e-05 1.5061518e-05 1.43858115e-05 1.3714589e-05 1.0707161e-05 2.0092659e-05 1.972751e-05 1.9365614e-05 1.9007159e-05 1.8652345e-05 1.830138e-05 1.9062483e-05 1.8365356e-05 1.7678469e-05 1.6998441e-05 1.6322316e-05 1.5650601e-05 1.4983893e-05 1.4322894e-05 1.1410241e-05 2.0215793e-05 2.0111487e-05 1.971726e-05 1.932555e-05 1.8936511e-05 1.8550316e-05 1.8167144e-05 1.9718549e-05 1.9026602e-05 1.8346744e-05 1.7672763e-05 1.7003542e-05 1.6339667e-05 1.5681822e-05 1.5030801e-05 2.012391e-05 2.0401018e-05 2.0288137e-05 1.9869289e-05 1.945233e-05 1.9037383e-05 1.8624583e-05 1.8214077e-05 2.0468033e-05 1.9782414e-05 1.910751e-05 1.8439176e-05 1.7776378e-05 1.7119763e-05 1.6470078e-05 1.5828176e-05 1.4014078e-05 1.2775217e-05 1.5897669e-05 1.3699288e-05 1.138172e-05 1.5625272e-05 1.0257153e-05 1.3550725e-05 1.0112351e-05 1.0002264e-05 1.5480251e-05 1.3573689e-05 1.5466077e-05 1.3767159e-05 1.5582991e-05 1.4123973e-05 1.5827976e-05 1.3941315e-05 1.3292999e-05 1.2231351e-05 1.0581257e-05 1.6318345e-05 1.5622414e-05 1.4933937e-05 1.4248469e-05 1.356462e-05 1.28826505e-05 1.2202882e-05 1.1525708e-05 1.269119e-05 1.0483543e-05 1.1562962e-05 1.1354376e-05 1.1162475e-05 1.0988133e-05 1.0832194e-05 1.5662206e-05 1.6956372e-05 1.62806e-05 1.5612837e-05 1.4948678e-05 1.4286783e-05 1.3627483e-05 1.2971169e-05 1.2318058e-05 1.1663639e-05 1.0182822e-05 1.0008437e-05 1.5467853e-05 1.50882e-05 1.633388e-05 1.5688245e-05 1.5051257e-05 1.4418606e-05 1.3789059e-05 1.3163061e-05 1.2541093e-05 1.1919135e-05 1.0749832e-05 1.5338037e-05 1.4979365e-05 1.4626204e-05 1.5807425e-05 1.5193939e-05 1.4589867e-05 1.3991038e-05 1.3396352e-05 1.2806385e-05 1.2217687e-05 1.16349665e-05 1.5280917e-05 1.49437e-05 1.4612268e-05 1.4287024e-05 1.5386811e-05 1.4807447e-05 1.4238352e-05 1.3675534e-05 1.3118039e-05 1.2563082e-05 1.2014533e-05 1.1474036e-05 1.4988462e-05 1.4678931e-05 1.4375798e-05 1.4079474e-05 1.508084e-05 1.45373115e-05 1.40049315e-05 1.3479907e-05 1.2958543e-05 1.2443928e-05 1.1937865e-05 1.1441485e-05 1.5119809e-05 1.4832007e-05 1.4550735e-05 1.42763765e-05 1.4009338e-05 1.4896516e-05 1.439003e-05 1.3895497e-05 1.3407014e-05 1.2925503e-05 1.2452833e-05 1.199005e-05 1.1538343e-05 1.5388157e-05 1.5100258e-05 1.48181325e-05 1.4542116e-05 1.4275327e-05 1.4010445e-05 1.4838317e-05 1.4369334e-05 1.3911223e-05 1.346146e-05 1.302062e-05 1.2589638e-05 1.2169561e-05 1.1761559e-05 1.5563062e-05 1.5604308e-05 1.5299864e-05 1.49998805e-05 1.47046285e-05 1.44144e-05 1.4129501e-05 1.4908323e-05 1.44757805e-05 1.4055012e-05 1.3644085e-05 1.3242789e-05 1.2852023e-05 1.247278e-05 1.2106142e-05 1.5460897e-05 1.5917076e-05 1.598014e-05 1.5667774e-05 1.5358903e-05 1.5053741e-05 1.4752519e-05 1.44554815e-05 1.5106458e-05 1.4709835e-05 1.43255875e-05 1.3951543e-05 1.3587498e-05 1.3234277e-05 1.289277e-05 1.25639335e-05 1.0405671e-05 1.0298453e-05 1.1826189e-05 1.1219325e-05 1.0734164e-05 1.0387732e-05 1.0194141e-05 1.0162086e-05 1.0750542e-05 1.04250075e-05 1.0105319e-05 1.00393e-05 1.1016999e-05 1.0573982e-05 1.043906e-05 1.0162062e-05 1.1353193e-05 1.1212294e-05 1.0879747e-05 1.7536033e-05 1.074791e-05 1.7065902e-05 1.0054064e-05 1.0195294e-05 1.4295134e-05 1.44069345e-05 1.45201975e-05 1.4634888e-05 1.02313925e-05 1.0619021e-05 1.31061415e-05 1.32312e-05 1.3357839e-05 1.0363224e-05 1.0179693e-05 1.0728297e-05 1.0366804e-05 1.0008484e-05 1.1309014e-05 1.19401775e-05 1.2079712e-05 1.1203026e-05 1.1015696e-05 1.0828722e-05 1.1344798e-05 1.0965668e-05 1.0589741e-05 1.0217161e-05 1.2102616e-05 1.0804636e-05 1.2152856e-05 1.1962381e-05 1.1772415e-05 1.1582982e-05 1.2062521e-05 1.1667055e-05 1.1274912e-05 1.0886243e-05 1.04995315e-05 1.0117416e-05 1.2980784e-05 1.3192684e-05 1.29993205e-05 1.280661e-05 1.2614583e-05 1.2423269e-05 1.2864488e-05 1.245361e-05 1.2046233e-05 1.1643106e-05 1.1246082e-05 1.08496915e-05 1.0454008e-05 1.0059112e-05 1.3929979e-05 1.2940193e-05 1.2892606e-05 1.2681911e-05 1.247162e-05 1.226175e-05 1.2052325e-05 1.3738068e-05 1.3312365e-05 1.2890548e-05 1.2477669e-05 1.2066698e-05 1.1656721e-05 1.1247846e-05 1.0840198e-05 1.4941905e-05 1.2509319e-05 1.2668462e-05 1.2609937e-05 1.2382454e-05 1.2155093e-05 1.1927861e-05 1.1700765e-05 1.4675023e-05 1.4234833e-05 1.3802628e-05 1.3375797e-05 1.2951198e-05 1.2527967e-05 1.2106245e-05 1.16861975e-05 1.258018e-05 1.2646222e-05 1.2798167e-05 1.2730387e-05 1.24920125e-05 1.225367e-05 1.2015363e-05 1.1777091e-05 1.5665146e-05 1.5213434e-05 1.4767223e-05 1.432652e-05 1.3888376e-05 1.3451964e-05 1.301746e-05 1.2585061e-05 1.4047433e-05 1.363956e-05 1.44504165e-05 1.40774855e-05 1.3963135e-05 1.0083152e-05 1.1603034e-05 1.4978547e-05 1.2684988e-05 1.2804243e-05 1.4404649e-05 1.0586288e-05 1.0141506e-05 1.0438771e-05 1.561954e-05 1.1269613e-05 1.1407398e-05 1.1550619e-05 1.4953871e-05 1.1223909e-05 1.6360049e-05 1.0591581e-05 1.0153566e-05 1.0323636e-05 1.5599348e-05 1.197445e-05 1.7187129e-05 1.1623498e-05 1.6329594e-05 1.2817999e-05 1.5851474e-05 1.0055698e-05 1.4596363e-05 1.0710588e-05 1.0119032e-05 1.4324992e-05 1.1145667e-05 1.4122398e-05 1.3504138e-05 1.2892789e-05 1.2283429e-05 1.1674536e-05 1.1066186e-05 1.0458478e-05 1.4877109e-05 1.1937106e-05 1.6213704e-05 1.6304424e-05 1.6403172e-05 1.6509797e-05 1.5175502e-05 1.4533807e-05 1.3898559e-05 1.32702025e-05 1.264373e-05 1.2017562e-05 1.1391748e-05 1.0766343e-05 1.4897813e-05 1.0561207e-05 1.4994678e-05 1.51144e-05 1.5242638e-05 1.5379177e-05 1.4060362e-05 1.512324e-05 1.4479702e-05 1.3842776e-05 1.3212932e-05 1.2585147e-05 1.1957858e-05 1.1331147e-05 1.0705656e-05 1.5062537e-05 1.3820071e-05 1.3971678e-05 1.4132179e-05 1.4541494e-05 1.4200073e-05 1.5200368e-05 1.4557076e-05 1.3920747e-05 1.3291897e-05 1.2665569e-05 1.2040279e-05 1.1417015e-05 1.079577e-05 1.5366506e-05 1.2702051e-05 1.2888689e-05 1.51478025e-05 1.481135e-05 1.4477568e-05 1.5404828e-05 1.4763747e-05 1.4130144e-05 1.3504593e-05 1.28822785e-05 1.2262829e-05 1.16464935e-05 1.1032817e-05 1.580155e-05 1.1656736e-05 1.586991e-05 1.553845e-05 1.5210085e-05 1.48850195e-05 1.5731544e-05 1.5094292e-05 1.44651485e-05 1.3844748e-05 1.32295245e-05 1.2618508e-05 1.2010989e-05 1.1407528e-05 1.6357159e-05 1.658859e-05 1.6254637e-05 1.5923875e-05 1.5596506e-05 1.5272752e-05 1.6173066e-05 1.5540769e-05 1.491726e-05 1.4304277e-05 1.3698021e-05 1.3095946e-05 1.2498657e-05 1.1906876e-05 1.7025592e-05 1.6709253e-05 1.6635773e-05 1.627252e-05 1.5911535e-05 1.555298e-05 1.5197023e-05 1.672353e-05 1.6096814e-05 1.5480467e-05 1.4876332e-05 1.427841e-05 1.368579e-05 1.309919e-05 1.2519462e-05 1.7797778e-05 1.6641065e-05 1.6968968e-05 1.688938e-05 1.6503107e-05 1.6118376e-05 1.5735304e-05 1.5354013e-05 1.73756e-05 1.6755299e-05 1.6147229e-05 1.5550384e-05 1.4960658e-05 1.4377249e-05 1.380096e-05 1.3232726e-05 1.6785125e-05 1.6919772e-05 1.723368e-05 1.7145081e-05 1.6753464e-05 1.6363498e-05 1.5975304e-05 1.5589014e-05 1.8119224e-05 1.7506229e-05 1.6904221e-05 1.6314063e-05 1.5731803e-05 1.5156728e-05 1.4589693e-05 1.4031675e-05 1.8378001e-05 1.043004e-05 1.3034678e-05 1.7152963e-05 1.2558958e-05 1.8110135e-05 1.01886735e-05 1.1814296e-05 1.69145e-05 1.2353251e-05 1.0468399e-05 1.7953262e-05 1.014273e-05 1.0636896e-05 1.06261605e-05 1.6779997e-05 1.2288028e-05 1.7910192e-05 1.0294642e-05 1.6751866e-05 1.2365392e-05 1.7981632e-05 1.0635758e-05 1.6830549e-05 1.2582594e-05 1.7606168e-05 1.0402372e-05 1.3961316e-05 1.607831e-05 1.4707129e-05 1.380411e-05 1.3165903e-05 1.2534877e-05 1.1906586e-05 1.1279754e-05 1.0654643e-05 1.0152129e-05 1.4528813e-05 1.51360155e-05 1.44992655e-05 1.3869391e-05 1.3247156e-05 1.2628099e-05 1.2010975e-05 1.1396102e-05 1.0783869e-05 1.4185651e-05 1.1251839e-05 1.1148575e-05 1.1062652e-05 1.0994477e-05 1.3410773e-05 1.4761947e-05 1.4143722e-05 1.3532982e-05 1.2930559e-05 1.2332067e-05 1.1736363e-05 1.1143892e-05 1.0554939e-05 1.35819055e-05 1.0127697e-05 1.0065065e-05 1.0021288e-05 1.3232489e-05 1.2878718e-05 1.4172399e-05 1.35830005e-05 1.3001814e-05 1.2429757e-05 1.1862574e-05 1.1299269e-05 1.0740403e-05 1.0182119e-05 1.3103789e-05 1.31251e-05 1.2792125e-05 1.2465199e-05 1.3682085e-05 1.3123826e-05 1.2574667e-05 1.2035616e-05 1.1502605e-05 1.09748125e-05 1.0449e-05 1.2765335e-05 1.3096489e-05 1.27851345e-05 1.2480219e-05 1.2182225e-05 1.3301926e-05 1.2777089e-05 1.2262357e-05 1.1758809e-05 1.1262606e-05 1.0769761e-05 1.0284192e-05 1.2577734e-05 1.2864206e-05 1.2581727e-05 1.2306472e-05 1.2038936e-05 1.3041494e-05 1.2552054e-05 1.2073738e-05 1.1607671e-05 1.1147544e-05 1.0695079e-05 1.0252175e-05 1.2547677e-05 1.3168723e-05 1.28808615e-05 1.2599163e-05 1.232405e-05 1.2055972e-05 1.2907935e-05 1.2455229e-05 1.2014566e-05 1.1585053e-05 1.1164623e-05 1.0753989e-05 1.0354316e-05 1.2677303e-05 1.3512085e-05 1.3548155e-05 1.32408495e-05 1.293805e-05 1.2640079e-05 1.23472855e-05 1.2905615e-05 1.2490138e-05 1.2086562e-05 1.1695604e-05 1.13154065e-05 1.0946006e-05 1.0588534e-05 1.0244237e-05 1.2964324e-05 1.3472433e-05 1.39917365e-05 1.4046225e-05 1.3731802e-05 1.3420841e-05 1.31135885e-05 1.281031e-05 1.303641e-05 1.2657549e-05 1.2291166e-05 1.1938178e-05 1.1596511e-05 1.1266197e-05 1.09482635e-05 1.0643821e-05 1.2793811e-05 1.3035812e-05 1.35183345e-05 1.3568705e-05 1.3273376e-05 1.2981979e-05 1.2694785e-05 1.2412085e-05 1.3297659e-05 1.29539785e-05 1.2622859e-05 1.2305151e-05 1.1998904e-05 1.1704107e-05 1.1421647e-05 1.1152462e-05 1.3814555e-05 1.27294725e-05 1.3152909e-05 1.21980975e-05 1.2596411e-05 1.1766836e-05 1.2159466e-05 1.1446971e-05 1.1855258e-05 1.1247976e-05 1.1010789e-05 1.1767216e-05 1.0160635e-05 1.07468295e-05 1.082545e-05 1.5683929e-05 1.5359852e-05 1.1575725e-05 1.5490723e-05 1.5607135e-05 1.572453e-05 1.0473286e-05 1.444371e-05 1.4572038e-05 1.3426445e-05 1.0340265e-05 1.0164319e-05 1.0450484e-05 1.0279281e-05 1.0108689e-05 1.0439767e-05 1.00865345e-05 1.1190639e-05 1.1014805e-05 1.0113501e-05 1.0077264e-05 1.1220053e-05 1.0853797e-05 1.04888695e-05 1.0128245e-05 1.2115645e-05 1.1940031e-05 1.2075326e-05 1.1696612e-05 1.13197075e-05 1.0951019e-05 1.0587732e-05 1.0226831e-05 1.3100887e-05 1.0125586e-05 1.0072954e-05 1.2991984e-05 1.2601063e-05 1.2215219e-05 1.1834977e-05 1.1460479e-05 1.1088793e-05 1.07192045e-05 1.0351937e-05 1.0469778e-05 1.024872e-05 1.0352071e-05 1.052687e-05 1.0467175e-05 1.0251261e-05 1.0035374e-05 1.3954581e-05 1.3554088e-05 1.3156414e-05 1.2764563e-05 1.2378772e-05 1.1996189e-05 1.1616145e-05 1.1238896e-05 1.1862826e-05 1.1636124e-05 1.1657655e-05 1.1213852e-05 1.2246097e-05 1.2009727e-05 1.5280862e-05 1.1966631e-05 1.15066705e-05 1.2395761e-05 1.2758023e-05 1.2512966e-05 1.4016001e-05 1.4150068e-05 1.2395718e-05 1.1922195e-05 1.1035279e-05 1.1346604e-05 1.3383976e-05 1.3131057e-05 1.2733615e-05 1.288769e-05 1.3045174e-05 1.29329865e-05 1.2448141e-05 1.03216125e-05 1.3995828e-05 1.3734728e-05 1.1488231e-05 1.166455e-05 1.18446405e-05 1.2028334e-05 1.3044852e-05 1.254983e-05 1.2747721e-05 1.2462864e-05 1.1411424e-05 1.1630182e-05 1.1851977e-05 1.2076644e-05 1.1573169e-05 1.1266768e-05 1.157759e-05 1.18358585e-05 1.2096261e-05 1.2358663e-05 1.1309259e-05 1.0989351e-05 1.1420441e-05 1.1710686e-05 1.2002388e-05 1.22954425e-05 1.1551017e-05 1.1015562e-05 1.0487032e-05 1.1876642e-05 1.1548563e-05 1.0662206e-05 1.0978702e-05 1.1296201e-05 1.1614619e-05 1.1976853e-05 1.1421372e-05 1.0872453e-05 1.0330428e-05 1.238132e-05 1.2047405e-05 1.3219186e-05 1.759453e-05 1.772436e-05 1.7859997e-05 1.2916926e-05 1.2345859e-05 1.1776068e-05 1.1212835e-05 1.0656492e-05 1.0101992e-05 1.2382754e-05 1.2054593e-05 1.2097021e-05 1.659699e-05 1.6752767e-05 1.691443e-05 1.1726961e-05 1.2845481e-05 1.2272889e-05 1.1701777e-05 1.11374975e-05 1.05804265e-05 1.0025523e-05 1.2535498e-05 1.2215595e-05 1.1027545e-05 1.5652422e-05 1.5835654e-05 1.2172137e-05 1.1861184e-05 1.2908352e-05 1.2336757e-05 1.1767135e-05 1.1204885e-05 1.0650455e-05 1.0098926e-05 1.2834002e-05 1.2524334e-05 1.0027457e-05 1.4770871e-05 1.2744031e-05 1.2440641e-05 1.2140346e-05 1.3103488e-05 1.2535254e-05 1.1969738e-05 1.141235e-05 1.0863633e-05 1.0319973e-05 1.326842e-05 1.2970253e-05 1.3331488e-05 1.3026649e-05 1.27250005e-05 1.2426774e-05 1.3425106e-05 1.2862136e-05 1.2302795e-05 1.1752469e-05 1.1212949e-05 1.0680074e-05 1.01517335e-05 1.3830125e-05 1.3544054e-05 1.3488242e-05 1.3429552e-05 1.309477e-05 1.27619915e-05 1.2431377e-05 1.3867666e-05 1.3311264e-05 1.2759479e-05 1.2218692e-05 1.16903575e-05 1.1168734e-05 1.0653161e-05 1.0144562e-05 1.4507967e-05 1.4233959e-05 1.3463083e-05 1.3865436e-05 1.3802286e-05 1.3446802e-05 1.3092511e-05 1.2739511e-05 1.4423013e-05 1.3873813e-05 1.33310805e-05 1.2801112e-05 1.2283079e-05 1.1772978e-05 1.1270297e-05 1.0776079e-05 1.528696e-05 1.3444532e-05 1.36476765e-05 1.4037811e-05 1.3967696e-05 1.3608457e-05 1.3250536e-05 1.289404e-05 1.5079115e-05 1.4537769e-05 1.4004863e-05 1.3483859e-05 1.2975626e-05 1.2476355e-05 1.19856395e-05 1.150458e-05 1.39811555e-05 1.3620117e-05 1.3801496e-05 1.41628025e-05 1.40834445e-05 1.3727015e-05 1.3372394e-05 1.30197295e-05 1.582087e-05 1.5287984e-05 1.4762415e-05 1.42493855e-05 1.3749763e-05 1.3259911e-05 1.2779493e-05 1.2309619e-05 1.5561072e-05 1.5194162e-05 1.3782021e-05 1.46365155e-05 1.4026183e-05 1.5349133e-05 1.4988597e-05 1.2745853e-05 1.4449381e-05 1.3848315e-05 1.1046017e-05 1.5252541e-05 1.489923e-05 1.1693509e-05 1.1754437e-05 1.4369485e-05 1.3780485e-05 1.0049908e-05 1.5273372e-05 1.4928035e-05 1.0632449e-05 1.0719102e-05 1.081995e-05 1.4398519e-05 1.3824218e-05 1.4801119e-05 1.4452755e-05 1.0147049e-05 1.0312981e-05 1.0942318e-05 1.0371537e-05 1.34725115e-05 1.3104807e-05 1.0010828e-05 1.0245336e-05 1.0490512e-05 1.0745626e-05 1.2251241e-05 1.18685775e-05 1.073224e-05 1.10434175e-05 1.1361076e-05 1.1684684e-05 1.1627065e-05 1.10510355e-05 1.0482208e-05 1.2048711e-05 1.1670421e-05 1.0589166e-05 1.0939066e-05 1.129357e-05 1.1652259e-05 1.2419545e-05 1.18402195e-05 1.1267614e-05 1.0702354e-05 1.0140002e-05 1.2063021e-05 1.1691793e-05 1.0413294e-05 1.0792306e-05 1.1174467e-05 1.1559466e-05 1.2922445e-05 1.2348224e-05 1.1776119e-05 1.1211221e-05 1.0654232e-05 1.0100723e-05 1.1758854e-05 1.1403025e-05 1.1612538e-05 1.1604048e-05 1.1610795e-05 1.1159978e-05 1.2569915e-05 1.2013622e-05 1.1460116e-05 1.0914597e-05 1.0377866e-05 1.1213155e-05 1.0882484e-05 1.0771705e-05 1.0802728e-05 1.100002e-05 1.0672869e-05 1.2013374e-05 1.1484783e-05 1.0959856e-05 1.0443882e-05 1.0802813e-05 1.0500944e-05 1.0023754e-05 1.0919476e-05 1.06135685e-05 1.0314558e-05 1.1561209e-05 1.1063054e-05 1.0569695e-05 1.0086477e-05 1.0543549e-05 1.0273812e-05 1.09258635e-05 1.06424795e-05 1.0366551e-05 1.0098689e-05 1.1225977e-05 1.0760975e-05 1.0302088e-05 1.0446482e-05 1.0211292e-05 1.1016056e-05 1.0728056e-05 1.0446547e-05 1.0172068e-05 1.1018176e-05 1.0588632e-05 1.0166583e-05 1.0517036e-05 1.031748e-05 1.1550811e-05 1.1593636e-05 1.1283796e-05 1.0978347e-05 1.0677664e-05 1.094532e-05 1.055276e-05 1.0168971e-05 1.0754717e-05 1.0590151e-05 1.1599169e-05 1.2151154e-05 1.2209788e-05 1.1894471e-05 1.1582478e-05 1.1274084e-05 1.101209e-05 1.0656789e-05 1.0311252e-05 1.1150157e-05 1.0751616e-05 1.1060059e-05 1.1581769e-05 1.1638641e-05 1.13407705e-05 1.1046805e-05 1.0757066e-05 1.1217275e-05 1.0898201e-05 1.0589718e-05 1.0295232e-05 1.001567e-05 1.06466805e-05 1.0379514e-05 1.0657879e-05 1.113762e-05 1.1189312e-05 1.0911149e-05 1.0637565e-05 1.0368923e-05 1.1553841e-05 1.1268506e-05 1.0993773e-05 1.0732825e-05 1.0486401e-05 1.0252815e-05 1.0032211e-05 1.174267e-05 1.1465285e-05 1.0797231e-05 1.0411977e-05 1.11635945e-05 1.0907274e-05 1.0349867e-05 1.0697324e-05 1.0463339e-05 1.0009066e-05 1.0359055e-05 1.0148415e-05 1.259819e-05 1.080936e-05 1.1667853e-05 1.1743846e-05 1.0735463e-05 1.0821327e-05 1.0907526e-05 1.4046161e-05 1.0339816e-05 1.0437616e-05 1.0535708e-05 1.3895667e-05 1.01321975e-05 1.0242208e-05 1.0352441e-05 1.3927271e-05 1.00127045e-05 1.013449e-05 1.296051e-05 1.6776501e-05 1.6893218e-05 1.2013096e-05 1.586631e-05 1.1104498e-05 1.0369697e-05 1.0219652e-05 1.0467919e-05 1.0138935e-05 1.1331509e-05 1.136698e-05 1.1028207e-05 1.069432e-05 1.0363548e-05 1.0039053e-05 1.2306761e-05 1.1960605e-05 1.1617142e-05 1.1277099e-05 1.0943664e-05 1.0617061e-05 1.0294598e-05 1.0043133e-05 1.6649841e-05 1.3353006e-05 1.0543094e-05 1.0323225e-05 1.0103868e-05 1.5517035e-05 1.565534e-05 1.0393149e-05 1.2111885e-05 1.2416494e-05 1.1010665e-05 1.0782499e-05 1.0555082e-05 1.4449189e-05 1.46078955e-05 1.47686815e-05 1.0202804e-05 1.0496596e-05 1.08163995e-05 1.1142799e-05 1.1101577e-05 1.4593116e-05 1.4784458e-05 1.4977537e-05 1.119701e-05 1.4849544e-05 1.50714e-05 1.5294609e-05 1.0907254e-05 1.4698343e-05 1.4946268e-05 1.5195256e-05 1.2387992e-05 1.2830857e-05 1.0104341e-05 1.3965554e-05 1.4236184e-05 1.4507688e-05 1.1620894e-05 1.33040885e-05 1.3596711e-05 1.3889987e-05 1.4831197e-05 1.9248944e-05 1.9401554e-05 1.0088133e-05 1.065872e-05 1.0159129e-05 1.3952527e-05 1.8451987e-05 1.8625904e-05 1.0569156e-05 1.0068641e-05 1.0022725e-05 1.3136004e-05 1.770818e-05 1.0622393e-05 1.0124153e-05 1.0330396e-05 1.0057857e-05 1.2393549e-05 1.02741615e-05 1.0816337e-05 1.0323323e-05 1.078591e-05 1.0529414e-05 1.0277922e-05 1.0523857e-05 1.05030185e-05 1.0191983e-05 1.114687e-05 1.0661404e-05 1.0179449e-05 1.1375266e-05 1.11351455e-05 1.0900771e-05 1.0688795e-05 1.1122435e-05 1.1100201e-05 1.0774123e-05 1.0448876e-05 1.1605361e-05 1.1128855e-05 1.0657114e-05 1.0192872e-05 1.2079453e-05 1.1855075e-05 1.044636e-05 1.0731464e-05 1.11549625e-05 1.1127343e-05 1.0798909e-05 1.0471453e-05 1.2177888e-05 1.171074e-05 1.1250403e-05 1.0799532e-05 1.0361877e-05 1.2875952e-05 1.0738118e-05 1.04069695e-05 1.0672171e-05 1.1072293e-05 1.10367255e-05 1.0710186e-05 1.03850625e-05 1.284635e-05 1.2388776e-05 1.1940091e-05 1.1500135e-05 1.1074219e-05 1.0663274e-05 1.0263947e-05 1.1177232e-05 1.0850298e-05 1.0525589e-05 1.0765887e-05 1.1135993e-05 1.1091769e-05 1.0770366e-05 1.045101e-05 1.3596912e-05 1.3149091e-05 1.2708985e-05 1.2278363e-05 1.18623275e-05 1.146176e-05 1.1073466e-05 1.0697524e-05 1.2745511e-05 1.2412959e-05 1.2082297e-05 1.0762782e-05 1.10783985e-05 1.4943991e-05 1.2122066e-05 1.1580463e-05 1.1039742e-05 1.2589571e-05 1.226361e-05 1.1940088e-05 1.1041903e-05 1.1695151e-05 1.4077451e-05 1.1987669e-05 1.1455354e-05 1.0924465e-05 1.1936802e-05 1.25563565e-05 1.2238135e-05 1.1922973e-05 1.0054159e-05 1.3154364e-05 1.3258731e-05 1.1966095e-05 1.14465975e-05 1.0929397e-05 1.0845022e-05 1.1084406e-05 1.2048841e-05 1.1724979e-05 1.1404244e-05 1.2621923e-05 1.27681415e-05 1.2923136e-05 1.0893331e-05 1.0548371e-05 1.0205841e-05 1.3023473e-05 1.3238023e-05 1.3459392e-05 1.0008761e-05 1.3807855e-05 1.4078822e-05 1.4354515e-05 1.0852433e-05 1.1270895e-05 1.16987185e-05 1.3540595e-05 1.3842031e-05 1.4147305e-05 1.10649735e-05 1.1512914e-05 1.3273553e-05 1.3601254e-05 1.3931972e-05 1.0689275e-05 1.026543e-05 1.31136e-05 1.3463868e-05 1.3816407e-05 1.0713943e-05 1.0202295e-05 1.255189e-05 1.2614624e-05 1.0380571e-05 1.1968596e-05 1.0443126e-05 1.048821e-05 1.0174656e-05 1.34950305e-05 1.1528334e-05 1.2654859e-05 1.2725873e-05 1.0634823e-05 1.0787494e-05 1.2593914e-05 1.0401066e-05 1.2352517e-05 1.2434042e-05 1.2678002e-05 1.0181254e-05 1.222864e-05 1.2320881e-05 1.2832283e-05 1.201718e-05 1.2119771e-05 1.0702522e-05 1.0892182e-05 1.1081961e-05 1.1361941e-05 1.1474255e-05 1.0037146e-05 1.0235006e-05 1.0432917e-05 1.0746379e-05 1.08682325e-05 1.0177685e-05 1.0308656e-05 1.4637667e-05 1.8125731e-05 1.3835805e-05 1.0750787e-05 1.0462312e-05 1.01772985e-05 1.0412366e-05 1.8147037e-05 1.4442097e-05 1.7294922e-05 1.7430877e-05 1.26411105e-05 1.2917952e-05 1.4056031e-05 1.7536593e-05 1.7698489e-05 1.4286347e-05 1.7950617e-05 1.8137787e-05 1.1372907e-05 1.1721179e-05 1.2071905e-05 1.2424875e-05 1.404317e-05 1.7791986e-05 1.8001108e-05 1.5153237e-05 1.5522102e-05 1.589231e-05 1.3304358e-05 1.7110728e-05 1.7339786e-05 1.4428997e-05 1.481462e-05 1.2623442e-05 1.6477647e-05 1.6726437e-05 1.3755356e-05 1.20101995e-05 1.5898446e-05 1.616647e-05 1.6556343e-05 2.1092617e-05 1.1451564e-05 1.5885964e-05 2.046952e-05 1.5275047e-05 1.0018898e-05 1.0632481e-05 1.0716922e-05 1.034937e-05 1.1490919e-05 1.1134263e-05 1.0787012e-05 1.0450101e-05 1.01254645e-05 1.3691939e-05 1.6432652e-05 1.0328717e-05 1.0777354e-05 1.375481e-05 1.5707472e-05 1.0556424e-05 1.3076788e-05 1.5407699e-05 1.5546506e-05 1.0049123e-05 1.2531274e-05 1.5921429e-05 1.611031e-05 1.3160303e-05 1.6761067e-05 1.6993985e-05 1.4031209e-05 1.4391453e-05 1.4757984e-05 1.5130343e-05 1.2710755e-05 1.6457936e-05 1.6716125e-05 1.3645188e-05 1.4025261e-05 1.441059e-05 1.2333167e-05 1.615134e-05 1.6432603e-05 1.3232966e-05 1.3630845e-05 1.2049129e-05 1.591709e-05 1.6219572e-05 1.2901275e-05 1.1865264e-05 1.5758344e-05 1.6079768e-05 1.0783748e-05 1.3922258e-05 1.03331595e-05 1.107002e-05 1.046927e-05 1.4445493e-05 1.2305257e-05 1.1374363e-05 1.227439e-05 1.4256961e-05 1.1730584e-05 1.2161531e-05 1.4176171e-05 1.1999374e-05 1.1920998e-05 1.4009822e-05 1.25664565e-05 1.27238345e-05 1.2881294e-05 1.30388335e-05 1.1278955e-05 1.3404554e-05 1.194407e-05 1.2107161e-05 1.2270297e-05 1.1055036e-05 1.066924e-05 1.2829064e-05 1.1352904e-05 1.1521354e-05 1.1689818e-05 1.00977e-05 1.2287528e-05 1.0798076e-05 1.097135e-05 1.1784618e-05 1.0285456e-05 1.1325471e-05 1.6020691e-05 1.0138507e-05 1.00239795e-05 1.9947174e-05 1.471369e-05 1.712688e-05 2.0342206e-05 1.0022486e-05 1.7549546e-05 2.0807074e-05 1.4583517e-05 1.48726485e-05 1.516329e-05 1.5455358e-05 1.5748772e-05 1.7328528e-05 2.069845e-05 1.7799064e-05 1.8101759e-05 1.8405455e-05 1.8710105e-05 1.6666037e-05 2.0080071e-05 1.7129632e-05 1.7444081e-05 1.7759367e-05 1.6042737e-05 1.949605e-05 1.6496027e-05 1.6821741e-05 1.5463318e-05 1.8949528e-05 1.5902484e-05 1.493284e-05 1.8443794e-05 1.89098e-05 1.3087887e-05 1.8413746e-05 1.2934051e-05 1.8167679e-05 1.2821224e-05 1.3679562e-05 1.8122853e-05 1.1951255e-05 1.1898077e-05 1.56416e-05 1.8808636e-05 1.2951381e-05 1.6383654e-05 1.9692648e-05 1.669994e-05 1.7003968e-05 1.7312334e-05 1.7624807e-05 1.7941178e-05 1.5952673e-05 1.9323641e-05 1.622555e-05 1.6543127e-05 1.686457e-05 1.7189659e-05 1.5577936e-05 1.900231e-05 1.5802198e-05 1.6132499e-05 1.6466169e-05 1.5263522e-05 1.8731063e-05 1.5434029e-05 1.577595e-05 1.501316e-05 1.8512052e-05 1.5125015e-05 1.4830033e-05 1.83471e-05 1.2650451e-05 1.0407408e-05 1.1405217e-05 1.04978835e-05 1.1164345e-05 1.121047e-05 1.1196627e-05 1.0065054e-05 1.0186128e-05 1.0313453e-05 1.0446801e-05 1.096613e-05 1.00045145e-05 1.0807435e-05 1.07237e-05 1.0716652e-05 1.0786409e-05 1.0363226e-05 1.3993372e-05 1.3780423e-05 1.3955466e-05 1.0003083e-05 1.0125481e-05 1.0247974e-05 1.3790321e-05 1.3885321e-05 1.4010949e-05 1.4136629e-05 1.426236e-05 1.438814e-05 1.3226076e-05 1.3323295e-05 1.3452306e-05 1.3581351e-05 1.3710428e-05 1.2685853e-05 1.278499e-05 1.2917211e-05 1.3049448e-05 1.2179075e-05 1.21728435e-05 1.2273516e-05 1.2408701e-05 1.2543888e-05 1.169062e-05 1.1792358e-05 1.19301685e-05 1.1243135e-05 1.1345364e-05 1.0834529e-05 1.0329693e-05 1.9747915e-05 1.2442257e-05 1.0401998e-05 1.1259459e-05 2.0263926e-05 1.6594044e-05 1.6823002e-05 1.7052937e-05 1.7283804e-05 1.7515571e-05 1.7748198e-05 1.0875465e-05 2.0126687e-05 1.968271e-05 1.9919784e-05 2.0157568e-05 2.0396037e-05 2.0635165e-05 1.0172351e-05 1.9557352e-05 1.9087574e-05 1.9331887e-05 1.9576832e-05 1.9822384e-05 1.9014933e-05 1.8518052e-05 1.8769406e-05 1.9021307e-05 1.8501763e-05 1.7976545e-05 1.823466e-05 1.8020311e-05 1.7465625e-05 1.7573146e-05 1.5450596e-05 1.7798844e-05 1.4441695e-05 1.8474775e-05 1.0281806e-05 1.0496899e-05 1.0718353e-05 1.094578e-05 1.1178816e-05 1.1417115e-05 1.5701276e-05 1.9247698e-05 1.8645724e-05 1.8887858e-05 1.9132875e-05 1.9380665e-05 1.9631121e-05 1.9884148e-05 1.8858154e-05 1.8197657e-05 1.844881e-05 1.8702644e-05 1.8959046e-05 1.9217918e-05 1.850549e-05 1.7784825e-05 1.8044691e-05 1.830702e-05 1.8571705e-05 1.819181e-05 1.7409695e-05 1.767786e-05 1.7948258e-05 1.7919117e-05 1.7074708e-05 1.7350636e-05 1.768927e-05 1.6782227e-05 1.7503911e-05 1.119716e-05 1.11952695e-05 1.1103376e-05 1.1428697e-05 1.152691e-05 1.1629432e-05 1.17361515e-05 1.1846953e-05 1.0810651e-05 1.1088775e-05 1.1196787e-05 1.1308946e-05 1.1425131e-05 1.057264e-05 1.0798785e-05 1.0916272e-05 1.1037709e-05 1.0347061e-05 1.0393076e-05 1.0562814e-05 1.0689247e-05 1.08194e-05 1.0274996e-05 1.0384517e-05 1.0519147e-05 1.0220501e-05 1.0266871e-05 1.0230569e-05 1.2347482e-05 1.2673553e-05 1.11086265e-05 1.1090896e-05 1.17413565e-05 1.1834706e-05 1.1928299e-05 1.2022128e-05 1.211619e-05 1.22104775e-05 1.0763357e-05 1.1411108e-05 1.150981e-05 1.1608745e-05 1.1707906e-05 1.18072885e-05 1.0447667e-05 1.1091587e-05 1.1195638e-05 1.1299909e-05 1.1404393e-05 1.0144907e-05 1.0783723e-05 1.0893096e-05 1.1002673e-05 1.0488521e-05 1.06031575e-05 1.0207055e-05 1.0681789e-05 1.027442e-05 1.1009125e-05 1.110079e-05 1.1193642e-05 1.1287651e-05 1.138279e-05 1.1479028e-05 1.15763405e-05 1.0023719e-05 1.0746872e-05 1.0845063e-05 1.0944397e-05 1.1044843e-05 1.114637e-05 1.1248948e-05 1.0499418e-05 1.060407e-05 1.0709813e-05 1.0816615e-05 1.0924443e-05 1.0267802e-05 1.037881e-05 1.0490849e-05 1.0603885e-05 1.0053092e-05 1.01703e-05 1.02884715e-05 1.1235601e-05 1.008122e-05 1.1158679e-05 1.0813215e-05 1.0369214e-05 1.1003168e-05 1.0465653e-05 1.1618538e-05 1.8039547e-05 1.5421094e-05 1.6488806e-05 1.7308577e-05 1.8132643e-05 1.8960405e-05 1.0960254e-05 1.0647531e-05 1.14524855e-05 1.085882e-05 1.1747233e-05 1.3680848e-05 1.4635275e-05 1.4216465e-05 1.2908827e-05 1.1782518e-05 1.0385577e-05 1.3856504e-05 1.244529e-05 1.1081896e-05 1.6082728e-05 1.1584512e-05 1.0436276e-05 1.279333e-05 1.095296e-05 1.5104703e-05 1.0834453e-05 1.0665863e-05 1.080505e-05 1.0764194e-05 1.0905086e-05 1.0010474e-05 1.0210504e-05 1.20054665e-05 1.3307258e-05 1.3879794e-05 1.3418658e-05 1.3701877e-05 1.25748775e-05 1.1797257e-05 1.8873348e-05 1.36675e-05 1.1306477e-05 1.2358195e-05 2.7879934e-05 1.4685e-05 1.567159e-05 1.3275856e-05 1.0976649e-05 2.302319e-05 2.6031552e-05 1.277545e-05 1.7902534e-05 1.5485302e-05 1.3205661e-05 1.1148612e-05 1.0485226e-05 2.7081223e-05 2.999094e-05 3.2981236e-05 2.3954592e-05 1.23269965e-05 1.4410499e-05 1.7157769e-05 1.7558814e-05 2.7287018e-05 1.6680102e-05 1.7456317e-05 3.384892e-05 1.773948e-05 1.3704455e-05 1.8026722e-05 1.649084e-05 3.405979e-05 1.7931245e-05 1.09005105e-05 1.2406666e-05 1.4898601e-05 1.1703178e-05 1.214506e-05 1.2693893e-05 1.5635049e-05 1.2358721e-05 1.4847675e-05 1.0397933e-05 1.6950868e-05 1.3715329e-05 1.0612798e-05 1.35462415e-05 1.8722762e-05 1.5589236e-05 1.2687894e-05 1.0219321e-05 1.1006745e-05 2.0833306e-05 1.7816194e-05 1.5102292e-05 1.28856445e-05 1.3179169e-05 1.6788676e-05 1.239416e-05 3.1585e-05 1.1042635e-05 1.5215669e-05 1.0963744e-05 1.203559e-05 1.6054082e-05 1.014039e-05 1.4260971e-05 1.0929678e-05 1.1111822e-05 1.9117042e-05 1.27611975e-05 1.4063785e-05 1.0957886e-05 1.7271315e-05 1.2593556e-05 1.3712016e-05 1.415846e-05 1.6019116e-05 1.2535782e-05 1.40853e-05 1.0112799e-05 1.5712292e-05 1.2291999e-05 1.1912045e-05 2.1559214e-05 1.6027472e-05 1.2793813e-05 1.2327272e-05 3.3079898e-05 1.9250423e-05 1.6928261e-05 1.3959073e-05 1.1363982e-05 1.1939098e-05 2.7205559e-05 3.144322e-05 1.7642025e-05 1.70251e-05 1.39823915e-05 1.1303819e-05 1.0044477e-05 1.2171331e-05 1.6477878e-05 1.8719607e-05 2.1579712e-05 1.9706295e-05 1.08721315e-05 1.20897475e-05 1.0465932e-05 2.6825115e-05 1.1276489e-05 1.3873657e-05 1.3339066e-05 3.180797e-05 1.7150674e-05 1.1909333e-05 1.2926755e-05 1.343377e-05 3.2135173e-05 1.4032375e-05 1.1055165e-05 1.0676328e-05 1.3120993e-05 1.0283701e-05 1.2297277e-05 1.21506255e-05 1.2703576e-05 1.088277e-05 1.4262673e-05 1.1189113e-05 1.1980229e-05 1.0302658e-05 1.0126025e-05 1.1204726e-05 1.187296e-05 1.4039231e-05 1.2156659e-05 1.510128e-05 1.0309842e-05 1.0622934e-05 1.0021148e-05 1.0328376e-05 1.1010664e-05 1.1603008e-05 1.2061274e-05 1.1590592e-05 1.1907437e-05 1.2439707e-05 1.0296427e-05 1.0359961e-05 1.0783974e-05 1.1954038e-05 1.2316722e-05 1.3971845e-05 1.0021042e-05 1.0264006e-05 1.0511057e-05 1.07747155e-05 1.1068276e-05 1.1387484e-05 1.5618743e-05 1.1320334e-05 1.3679305e-05 1.4415145e-05 1.5156035e-05 1.5901232e-05 1.3009991e-05 1.2294175e-05 1.0841903e-05 1.02724825e-05 1.1106443e-05 1.3216146e-05 1.0177971e-05 1.22676665e-05 1.2743091e-05 1.9144089e-05 1.545731e-05 1.7846429e-05 1.043452e-05 1.0547952e-05 1.191965e-05 1.5285268e-05 1.781311e-05 1.3717735e-05 1.0674367e-05 2.1273932e-05 2.3649523e-05 2.6119898e-05 2.280801e-05 1.0060253e-05 1.1793335e-05 1.3949216e-05 2.7642787e-05 1.1261157e-05 1.2535505e-05 1.4495985e-05 1.2701922e-05 1.0900261e-05 2.668552e-05 1.0198211e-05 1.264449e-05 1.50737405e-05 2.4986855e-05 1.1812371e-05 1.2625025e-05 1.0392371e-05 1.40118e-05 1.0261328e-05 1.0294616e-05 1.5820937e-05 1.235069e-05 1.020057e-05 1.4255869e-05 2.4418112e-05 1.0209203e-05 1.2464285e-05 1.1296286e-05 1.047679e-05 1.097634e-05 1.164956e-05 1.0002436e-05 2.2032546e-05 1.2135951e-05 1.1247581e-05 1.8548517e-05 2.2247163e-05 1.1098687e-05 1.0447605e-05 1.6396314e-05 1.9920135e-05 2.350065e-05 1.08286e-05 1.2163417e-05 1.3186635e-05 1.50289125e-05 1.8474142e-05 2.1945538e-05 1.0229088e-05 1.0072771e-05 2.1812799e-05 1.3003834e-05 2.2055194e-05 1.1227594e-05 1.0341015e-05 1.044067e-05 1.1568475e-05 1.204808e-05 1.001175e-05 1.0100394e-05 1.0213229e-05 1.0280632e-05 1.0599512e-05 1.1031113e-05 1.2574475e-05 1.2654432e-05 1.3093596e-05 1.1263942e-05 1.0914861e-05 1.1393675e-05 1.0692016e-05 1.1083316e-05 1.1482829e-05 1.273054e-05 1.3078607e-05 1.4769451e-05 1.0177102e-05 1.0232885e-05 1.0573087e-05 1.0930852e-05 1.0033984e-05 1.0339232e-05 1.0649403e-05 1.3214295e-05 1.0319059e-05 1.0669188e-05 1.1024982e-05 1.0949948e-05 1.1611321e-05 1.2280608e-05 1.29566115e-05 1.0586607e-05 1.0535463e-05 1.2238332e-05 1.1535392e-05 1.2598952e-05 1.2896615e-05 1.3286428e-05 1.329902e-05 1.3632884e-05 1.1215344e-05 1.0719029e-05 1.1020029e-05 1.0308085e-05 1.2620843e-05 1.3755469e-05 1.49459465e-05 1.6374393e-05 1.0597293e-05 1.0513569e-05 1.1164874e-05 1.0321219e-05 1.0408022e-05 1.08265795e-05 1.2281439e-05 1.2513249e-05 1.10183455e-05 1.2331749e-05 1.3696924e-05 1.4746919e-05 1.1886502e-05 1.3806468e-05 1.0066578e-05 1.1618802e-05 1.2853143e-05 1.4177103e-05 1.1123719e-05 1.0114151e-05 1.0118677e-05 1.0856301e-05 1.0572997e-05 1.1801135e-05 1.5345811e-05 1.7104197e-05 1.901914e-05 2.1047892e-05 1.0630827e-05 1.26057685e-05 1.4649496e-05 1.6835602e-05 1.9115107e-05 1.1303239e-05 1.1613195e-05 1.1651861e-05 1.4857241e-05 1.0008825e-05 1.2371065e-05 1.4836491e-05 1.7361393e-05 1.1082132e-05 1.1087013e-05 1.0209353e-05 1.4246023e-05 1.038394e-05 1.3105764e-05 1.584556e-05 1.1912279e-05 1.4790115e-05 1.2420988e-05 1.2075131e-05 1.3107537e-05 1.0116009e-05 1.049109e-05 1.33866315e-05 1.0430279e-05 1.4288721e-05 1.0549806e-05 1.1039652e-05 1.1984063e-05 1.4252226e-05 1.1020119e-05 1.5853522e-05 1.1199704e-05 1.0273136e-05 1.2824517e-05 1.4809361e-05 1.0176041e-05 1.00483e-05 1.4139898e-05 1.5979187e-05 1.8219484e-05 2.0731073e-05 1.2767897e-05 1.0411625e-05 1.1632678e-05 1.3908136e-05 1.6519496e-05 1.9331072e-05 1.1395655e-05 1.1920971e-05 1.2179875e-05 1.4779545e-05 1.2196762e-05 1.5159897e-05 1.8231867e-05 1.0993259e-05 1.0809733e-05 1.09333405e-05 1.3745342e-05 1.1011916e-05 1.4237262e-05 1.748928e-05 1.1683615e-05 1.0887542e-05 1.4183695e-05 1.327422e-05 1.0515164e-05 1.0136296e-05 1.2226209e-05 1.4319566e-05 1.0226883e-05 1.2579529e-05 1.0637224e-05 1.0528159e-05 1.31033985e-05 1.03991415e-05 1.26715695e-05 1.0473785e-05 1.05044355e-05 1.00066645e-05 1.0080018e-05 1.2949378e-05 1.0147874e-05 1.1103764e-05 1.1998231e-05 1.3562066e-05 1.5595178e-05 1.0344121e-05 1.24290245e-05 1.4837025e-05 1.0116884e-05 1.1851921e-05 1.4531448e-05 1.0504332e-05 1.1910742e-05 1.4705961e-05 1.2092944e-05 1.0265942e-05 1.2999021e-05 1.0724596e-05 1.1286238e-05 1.2322962e-05 1.057079e-05 1.0345637e-05 1.0439448e-05 1.0029981e-05 1.0912844e-05 1.12289945e-05 1.0626373e-05 1.0519026e-05 1.0189299e-05 1.6296966e-05 1.6397855e-05 1.5493035e-05 1.3731147e-05 1.0098728e-05 1.44786745e-05 1.5041377e-05 1.3871331e-05 1.347004e-05 1.3658114e-05 1.3902555e-05 1.2783139e-05 1.02712165e-05 1.17337495e-05 1.0973626e-05 1.0523329e-05 1.1593787e-05 1.4901106e-05 1.4013769e-05 1.3690068e-05 1.32036e-05 1.2910504e-05 1.2628516e-05 1.0355294e-05 1.0730703e-05 1.111228e-05 1.25032775e-05 1.2243065e-05 1.1994099e-05 1.1757093e-05 1.1957033e-05 1.2298477e-05 1.2644403e-05 1.1955579e-05 1.1728721e-05 1.1513991e-05 1.1311266e-05 1.1121198e-05 1.3932297e-05 1.4244097e-05 1.1602578e-05 1.140858e-05 1.1228349e-05 1.1060368e-05 1.0904852e-05 1.0762342e-05 1.4148996e-05 1.1435187e-05 1.1258213e-05 1.1092161e-05 1.09380935e-05 1.0795622e-05 1.0665082e-05 1.0546917e-05 1.0561358e-05 1.14623335e-05 1.15582225e-05 1.1333649e-05 1.11166155e-05 1.0908543e-05 1.0708944e-05 1.0518118e-05 1.0336552e-05 1.2489416e-05 1.28131605e-05 1.31396955e-05 1.3468814e-05 1.3800333e-05 1.2938709e-05 1.3262743e-05 1.3589434e-05 1.1622436e-05 1.1342799e-05 1.1980505e-05 1.2623236e-05 1.3270277e-05 1.047026e-05 1.0835906e-05 1.1204519e-05 1.15758085e-05 1.1949508e-05 1.0758055e-05 1.1121627e-05 1.0555989e-05 1.03269995e-05 1.1048067e-05 1.1772571e-05 1.0156474e-05 1.0331075e-05 1.0952458e-05 1.51434915e-05 1.0592386e-05 1.23931195e-05 1.8231052e-05 1.8548704e-05 1.8871267e-05 1.9198491e-05 1.9530124e-05 1.4831682e-05 1.5833006e-05 1.6936756e-05 1.8062801e-05 1.920721e-05 1.3425832e-05 1.4012053e-05 1.5557596e-05 1.5932694e-05 1.6313079e-05 1.6698365e-05 1.7088172e-05 1.0605036e-05 1.0728501e-05 1.25087845e-05 1.3655296e-05 1.4910872e-05 1.618424e-05 1.7471304e-05 1.2774215e-05 1.2987631e-05 1.3427124e-05 1.3871689e-05 1.4320775e-05 1.477404e-05 1.0258152e-05 1.0293029e-05 1.1591053e-05 1.2999679e-05 1.4418283e-05 1.5844267e-05 1.0596218e-05 1.1106508e-05 1.1620461e-05 1.2137624e-05 1.2657624e-05 1.1298066e-05 1.126128e-05 1.2811587e-05 1.4362938e-05 1.1454086e-05 1.3099671e-05 1.0069191e-05 1.0904e-05 1.2441283e-05 1.04410365e-05 1.1091452e-05 1.1048691e-05 1.1514665e-05 1.0325417e-05 1.8448975e-05 2.0227519e-05 2.2072894e-05 2.3969622e-05 1.6215306e-05 1.8214047e-05 2.0263555e-05 2.234966e-05 1.1749654e-05 1.4041943e-05 1.1582388e-05 1.3327783e-05 1.3429934e-05 1.4167004e-05 1.63813e-05 1.8624187e-05 2.088659e-05 1.1179716e-05 1.1702129e-05 1.1717484e-05 1.2395264e-05 1.4795704e-05 1.7203156e-05 1.9615107e-05 1.1153765e-05 1.11831305e-05 1.3692014e-05 1.6204149e-05 1.8718221e-05 1.3271241e-05 1.1362086e-05 1.380256e-05 1.6288728e-05 1.0584116e-05 1.3830367e-05 1.0471495e-05 1.4823978e-05 1.1376194e-05 1.3307181e-05 1.1930914e-05 1.146549e-05 1.4692756e-05 1.4680232e-05 1.6171676e-05 1.3053825e-05 1.1105206e-05 1.1766828e-05 1.222974e-05 1.7792707e-05 1.1012803e-05 1.6402058e-05 1.0971976e-05 1.1678131e-05 1.7496706e-05 1.958598e-05 2.1844098e-05 2.4223766e-05 1.1676548e-05 1.6244603e-05 1.569905e-05 1.8069342e-05 2.0560063e-05 2.313225e-05 1.174664e-05 1.2123463e-05 1.3636118e-05 1.2749154e-05 1.334342e-05 1.4230798e-05 1.685444e-05 1.9543144e-05 2.2273443e-05 1.0565018e-05 1.1772407e-05 1.2475024e-05 1.0705796e-05 1.3001405e-05 1.3200961e-05 1.6009108e-05 1.8836019e-05 2.1674454e-05 1.12254265e-05 1.3061853e-05 1.5929854e-05 1.880056e-05 1.7464416e-05 1.31302195e-05 1.0924984e-05 1.2924202e-05 1.5679343e-05 1.7989223e-05 1.0544879e-05 1.1730244e-05 1.2745857e-05 1.1585921e-05 1.0256415e-05 1.0839153e-05 1.15078765e-05 1.0752842e-05 1.0120745e-05 1.1486353e-05 1.0602059e-05 1.0881982e-05 1.1530532e-05 1.0598247e-05 1.0648401e-05 1.0733764e-05 1.3507616e-05 1.5060751e-05 1.6908652e-05 1.8965284e-05 1.2207245e-05 1.4130532e-05 1.6253118e-05 1.850657e-05 1.1449061e-05 1.3669123e-05 1.598849e-05 1.8369605e-05 1.13411315e-05 1.372308e-05 1.6133368e-05 1.856104e-05 1.2642686e-05 1.0254161e-05 1.232038e-05 1.4694488e-05 1.707368e-05 1.1907906e-05 1.0064224e-05 1.21980775e-05 1.06222715e-05 1.2845337e-05 1.12097105e-05 1.1115886e-05 1.1739924e-05 1.38224705e-05 1.064482e-05 1.1002907e-05 1.2289386e-05 1.1914505e-05 1.2833583e-05 1.1484516e-05 1.3525462e-05 1.557537e-05 1.1314111e-05 1.2090468e-05 1.0658584e-05 1.07422575e-05 1.0765477e-05 1.08578515e-05 1.1159132e-05 1.2151697e-05 1.2478478e-05 1.0955363e-05 1.0662355e-05 1.08690365e-05 1.1432662e-05 1.2304231e-05 1.1300435e-05 1.00412935e-05 1.0225591e-05 1.0290394e-05 1.0697654e-05 1.106392e-05 1.0558295e-05 1.17191385e-05 1.0376523e-05 1.0828913e-05 1.0178297e-05 1.1560993e-05 1.0746424e-05 1.0347027e-05 1.1846672e-05 1.0361726e-05 1.0940789e-05 1.2716068e-05 1.1039057e-05 1.25456845e-05 1.1281968e-05 1.1829686e-05 1.2389049e-05 1.0144592e-05 1.1022621e-05 1.2463256e-05 1.3178352e-05 1.1103866e-05 1.1625906e-05 1.0014396e-05 1.19838005e-05 1.1435717e-05 1.0600729e-05 1.0148655e-05 1.2986297e-05 1.7669427e-05 1.363643e-05 1.0141981e-05 1.2897864e-05 1.2610166e-05 1.0263851e-05 1.0637481e-05 1.101542e-05 1.1398371e-05 1.22596e-05 1.2002818e-05 1.1757883e-05 1.1705644e-05 1.2052004e-05 1.2400373e-05 1.2752216e-05 1.1753097e-05 1.1529741e-05 1.1318385e-05 1.1119715e-05 1.0683084e-05 1.3544249e-05 1.3865937e-05 1.4188869e-05 1.1412083e-05 1.1224057e-05 1.104798e-05 1.08844315e-05 1.0733983e-05 1.2326033e-05 1.3515526e-05 1.38146015e-05 1.1275403e-05 1.1096369e-05 1.0928142e-05 1.0771225e-05 1.06261205e-05 1.0493316e-05 1.23858945e-05 1.1487173e-05 1.1595432e-05 1.1370452e-05 1.1152954e-05 1.0943385e-05 1.07422065e-05 1.05499e-05 1.2269191e-05 1.249775e-05 1.2681029e-05 1.2439719e-05 1.2203401e-05 1.197237e-05 1.1746936e-05 1.152743e-05 1.0778767e-05 1.4329614e-05 1.4641307e-05 1.4954524e-05 1.5269165e-05 1.5585134e-05 1.4132885e-05 1.4441095e-05 1.4750971e-05 1.32256655e-05 1.2891745e-05 1.35016435e-05 1.4113723e-05 1.4727699e-05 1.2518454e-05 1.28673655e-05 1.3217712e-05 1.3569371e-05 1.3922217e-05 1.0742853e-05 1.1335633e-05 1.2013604e-05 1.2693033e-05 1.337356e-05 1.0767376e-05 1.1154806e-05 1.1543372e-05 1.193293e-05 1.2323403e-05 1.0589146e-05 1.1334413e-05 1.2080001e-05 1.0389943e-05 1.0817234e-05 1.0063205e-05 1.0868712e-05 1.1873833e-05 1.2099149e-05 1.429496e-05 1.05260915e-05 1.5268417e-05 1.0064046e-05 1.2122866e-05 1.0338836e-05 1.0153722e-05 1.1884833e-05 1.3013652e-05 1.417791e-05 1.0505457e-05 1.0919068e-05 1.0958504e-05 2.1542226e-05 2.1861595e-05 2.2183762e-05 2.2508593e-05 2.2835946e-05 1.7472046e-05 1.8398867e-05 1.9402034e-05 2.041437e-05 2.1434502e-05 1.2465494e-05 1.6163536e-05 1.92808e-05 1.9646292e-05 2.0014491e-05 2.0385223e-05 2.0758287e-05 1.55044e-05 1.6548638e-05 1.7674325e-05 1.8805946e-05 1.9942237e-05 1.0009519e-05 1.41663295e-05 1.7135684e-05 1.754982e-05 1.7966293e-05 1.8384873e-05 1.880544e-05 1.3661928e-05 1.48194395e-05 1.6061624e-05 1.730593e-05 1.8551917e-05 1.0176685e-05 1.146039e-05 1.0003742e-05 1.5156083e-05 1.5619855e-05 1.6085227e-05 1.6552052e-05 1.7020202e-05 1.2002162e-05 1.3258504e-05 1.46018165e-05 1.594501e-05 1.7288037e-05 1.008773e-05 1.1028619e-05 1.1954681e-05 1.3367925e-05 1.4784241e-05 1.6202734e-05 1.2568918e-05 1.36293165e-05 1.1623778e-05 1.0887454e-05 1.1663735e-05 1.0346559e-05 1.0431609e-05 2.2006043e-05 2.3653485e-05 2.532933e-05 2.7028125e-05 1.0686357e-05 1.2074468e-05 2.0199073e-05 2.2006256e-05 2.3832366e-05 2.567306e-05 1.1520795e-05 1.2944285e-05 1.2793215e-05 1.0301884e-05 1.0880462e-05 1.1004048e-05 1.8561614e-05 2.051586e-05 2.2479055e-05 2.444899e-05 1.2792407e-05 1.0785375e-05 1.0414871e-05 1.7141729e-05 1.9218282e-05 2.1296644e-05 2.3376217e-05 1.2336588e-05 1.5543672e-05 1.7698992e-05 1.9856483e-05 2.2015342e-05 1.0411628e-05 1.2243007e-05 1.1567599e-05 1.3483456e-05 1.2274061e-05 1.5872836e-05 2.0538628e-05 1.6291671e-05 1.1964997e-05 1.3081662e-05 1.1471748e-05 1.6741638e-05 1.0969731e-05 1.7985712e-05 1.969932e-05 1.5469144e-05 1.1123862e-05 1.484406e-05 1.336684e-05 1.6517997e-05 2.1671933e-05 2.3673916e-05 2.5748008e-05 2.7877859e-05 1.2548966e-05 1.4632657e-05 1.770209e-05 1.1463261e-05 2.0374631e-05 2.2545491e-05 2.4764204e-05 2.701872e-05 1.2941949e-05 1.49245825e-05 1.3502972e-05 1.009706e-05 1.2147215e-05 1.0269776e-05 1.9333775e-05 2.164522e-05 2.3981776e-05 2.6336615e-05 1.37705e-05 1.5642943e-05 1.2480228e-05 1.10959e-05 1.0824802e-05 1.859171e-05 2.100185e-05 2.3420518e-05 2.5845184e-05 1.3036061e-05 1.4967788e-05 1.17093e-05 1.6573991e-05 1.9020597e-05 2.146954e-05 2.0665546e-05 1.4380164e-05 1.565216e-05 1.0767124e-05 1.09927605e-05 1.3008142e-05 1.0336295e-05 1.0205733e-05 1.28836855e-05 1.7201253e-05 1.8867335e-05 2.0660176e-05 2.2549373e-05 1.2088134e-05 1.40343445e-05 1.0684145e-05 1.6507605e-05 1.8355136e-05 2.0284284e-05 2.2273693e-05 1.1826738e-05 1.3562096e-05 1.618821e-05 1.8162544e-05 2.0179843e-05 2.222824e-05 1.1880205e-05 1.6264428e-05 1.829911e-05 2.0350568e-05 2.2414062e-05 1.5473848e-05 1.3001848e-05 1.501907e-05 1.704311e-05 1.7505661e-05 1.4872505e-05 1.8181328e-05 1.9694602e-05 1.1887648e-05 1.2408367e-05 1.882671e-05 2.050293e-05 1.5575737e-05 1.2677319e-05 1.32476835e-05 1.1843201e-05 1.2985228e-05 1.3704784e-05 1.4012852e-05 1.2392137e-05 1.3050745e-05 1.3894958e-05 1.4893118e-05 1.0157482e-05 1.1744001e-05 1.2123625e-05 1.2800276e-05 1.2824651e-05 1.3099814e-05 1.3408897e-05 1.3749593e-05 1.0844844e-05 1.1520518e-05 1.2420593e-05 1.3458251e-05 1.4604143e-05 1.1062231e-05 1.1310788e-05 1.26109e-05 1.29915015e-05 1.3397372e-05 1.3826258e-05 1.0192405e-05 1.1106676e-05 1.2198881e-05 1.3376636e-05 1.4619181e-05 1.0067415e-05 1.3046289e-05 1.3495742e-05 1.3962185e-05 1.4443943e-05 1.0124437e-05 1.1201163e-05 1.2407343e-05 1.3656283e-05 1.4937118e-05 1.4070134e-05 1.4548453e-05 1.5038034e-05 1.5537787e-05 1.0651702e-05 1.1791462e-05 1.3025053e-05 1.4275694e-05 1.5539157e-05 1.32805235e-05 1.3735238e-05 1.4200799e-05 1.2158715e-05 1.0081031e-05 1.0744788e-05 1.1953353e-05 1.2803494e-05 1.0975319e-05 1.1360847e-05 1.0497946e-05 1.0082468e-05 1.151238e-05 1.117344e-05 1.0093356e-05 1.0675557e-05 1.0889022e-05 1.02726935e-05 1.1233714e-05 1.0992074e-05 1.4331032e-05 1.5155884e-05 1.0111411e-05 1.591232e-05 1.5620011e-05 1.0246042e-05 1.0639911e-05 1.1038973e-05 1.14732575e-05 1.0257402e-05 1.0618239e-05 1.0983361e-05 1.1350958e-05 1.1722447e-05 1.2098557e-05 1.0804446e-05 1.0544821e-05 1.0072993e-05 1.1871792e-05 1.2215931e-05 1.2563062e-05 1.2911586e-05 1.3263108e-05 1.0259629e-05 1.003319e-05 1.0863018e-05 1.1460753e-05 1.3538833e-05 1.3863621e-05 1.41905375e-05 1.4518118e-05 1.2348349e-05 1.2900526e-05 1.0143471e-05 1.298047e-05 1.3285553e-05 1.3592678e-05 1.1877921e-05 1.2373762e-05 1.0404457e-05 1.0547845e-05 1.0310619e-05 1.00810275e-05 1.1639223e-05 1.1895424e-05 1.21082985e-05 1.1859051e-05 1.1614714e-05 1.1375605e-05 1.1142059e-05 1.0641495e-05 1.05253985e-05 1.0769448e-05 1.0977645e-05 1.0751853e-05 1.0531286e-05 1.0316278e-05 1.0107185e-05 1.0352508e-05 1.0320371e-05 1.0890333e-05 1.1184089e-05 1.1479051e-05 1.3819437e-05 1.1179931e-05 1.0213487e-05 1.0786138e-05 1.12312855e-05 1.1929418e-05 1.2246217e-05 1.0032502e-05 1.03827815e-05 1.073415e-05 1.1365857e-05 1.0212601e-05 1.0065797e-05 1.1225184e-05 1.0632127e-05 1.0071238e-05 1.3464624e-05 1.6903963e-05 1.7213799e-05 1.7525974e-05 1.9878218e-05 1.4955582e-05 1.4224298e-05 1.5100564e-05 1.5982008e-05 1.9006226e-05 1.36566105e-05 1.2531736e-05 1.5066347e-05 1.541661e-05 1.7643659e-05 1.7973736e-05 1.3104035e-05 1.26857385e-05 1.3666009e-05 1.6662567e-05 1.7621007e-05 1.0313857e-05 1.3411224e-05 1.5452397e-05 1.582063e-05 1.6190983e-05 1.13693395e-05 1.13327305e-05 1.3282197e-05 1.5279633e-05 1.6336018e-05 1.1640187e-05 1.33459935e-05 1.3753958e-05 1.416353e-05 1.4574533e-05 1.0238901e-05 1.2892149e-05 1.4034467e-05 1.5176659e-05 1.0679342e-05 1.1092758e-05 1.2297501e-05 1.3504541e-05 1.6942615e-05 1.8400398e-05 1.9874626e-05 1.9629742e-05 1.5523618e-05 1.7110357e-05 1.6933916e-05 1.8524734e-05 1.0349626e-05 1.43381e-05 1.4216865e-05 1.5904418e-05 1.759322e-05 1.0733877e-05 1.1269905e-05 1.3017098e-05 1.4768038e-05 1.652137e-05 1.03308e-05 1.01552805e-05 1.1746722e-05 1.0503181e-05 1.3434407e-05 1.1647403e-05 1.6766317e-05 1.2083897e-05 1.118579e-05 1.476714e-05 1.5017109e-05 1.617666e-05 1.1514755e-05 1.2558053e-05 1.1229245e-05 1.0096021e-05 1.124352e-05 1.0164792e-05 1.1545406e-05 1.2742754e-05 1.417264e-05 1.2984136e-05 1.185016e-05 1.7249002e-05 1.9050492e-05 2.089346e-05 2.3813684e-05 1.0682177e-05 1.2352248e-05 1.3045373e-05 1.6375048e-05 1.8302191e-05 2.1117721e-05 2.298806e-05 1.14336e-05 1.5678736e-05 1.2029995e-05 1.5803667e-05 1.8425164e-05 2.0371888e-05 2.233553e-05 1.3348166e-05 1.49036305e-05 1.1172035e-05 1.3609224e-05 1.5632515e-05 1.7662729e-05 1.9697578e-05 1.1100183e-05 1.2700877e-05 1.207789e-05 1.4126021e-05 1.6176877e-05 1.5639142e-05 1.3965485e-05 1.5568658e-05 1.7243712e-05 1.680868e-05 1.3759098e-05 1.5477068e-05 1.4983982e-05 1.672225e-05 1.3938549e-05 1.3366721e-05 1.5122967e-05 1.6895656e-05 1.1481018e-05 1.3234347e-05 1.4993458e-05 1.2217844e-05 1.4013104e-05 1.2993369e-05 1.5069247e-05 1.2149171e-05 1.36251065e-05 1.0098762e-05 1.1418117e-05 1.2076261e-05 1.0426114e-05 1.1371936e-05 1.2419373e-05 1.0592764e-05 1.096329e-05 1.107429e-05 1.1442676e-05 1.0286367e-05 1.1368915e-05 1.2310947e-05 1.1082786e-05 1.1517736e-05 1.0867247e-05 1.1204626e-05 1.0578813e-05 1.11839145e-05 1.2185049e-05 1.2122732e-05 1.07328e-05 1.1117393e-05 1.1519804e-05 1.0139928e-05 1.0295109e-05 1.1317523e-05 1.2372411e-05 1.0269883e-05 1.0667061e-05 1.2793242e-05 1.1489308e-05 1.1330495e-05 1.0067547e-05 1.024567e-05 1.025314e-05 1.0214638e-05 1.06154075e-05 1.0902004e-05 1.0010843e-05 1.0436644e-05 1.0877948e-05 1.1332948e-05 1.21019475e-05 1.2015171e-05 1.2610988e-05 1.0318753e-05 1.0770892e-05 1.123469e-05 1.1708762e-05 1.299441e-05 1.3445614e-05 1.3159021e-05 1.0165756e-05 1.0408885e-05 1.083766e-05 1.1303179e-05 1.1777579e-05 1.2259826e-05 1.4255922e-05 1.4067759e-05 1.3821444e-05 1.1034966e-05 1.137202e-05 1.1715646e-05 1.2063229e-05 1.2413152e-05 1.2766932e-05 1.3125277e-05 1.0179158e-05 1.0785863e-05 1.13979195e-05 1.2434834e-05 1.2763207e-05 1.3096662e-05 1.3432742e-05 1.3769992e-05 1.4110103e-05 1.140707e-05 1.198499e-05 1.2566854e-05 1.3910597e-05 1.422592e-05 1.4545333e-05 1.4866487e-05 1.51880295e-05 1.2713952e-05 1.3256378e-05 1.3802193e-05 1.0885541e-05 1.3009962e-05 1.3306961e-05 1.3608088e-05 1.3910988e-05 1.1537053e-05 1.2037031e-05 1.2541111e-05 1.10452875e-05 1.1366856e-05 1.1585405e-05 1.1331788e-05 1.1082963e-05 1.0839262e-05 1.00255165e-05 1.0243725e-05 1.0011862e-05 1.076753e-05 1.0176556e-05 1.05048375e-05 1.1903408e-05 1.0976783e-05 1.0458336e-05 1.4335291e-05 1.2634577e-05 1.4469558e-05 1.11220725e-05 1.2184226e-05 1.2455495e-05 1.0852049e-05 1.0168955e-05 1.3080494e-05 1.010095e-05 1.0061571e-05 1.0370306e-05 1.0683142e-05 1.0896088e-05 1.1788464e-05 1.0045053e-05 1.0438508e-05 1.0943429e-05 1.0400104e-05 1.1040475e-05 1.0241296e-05 1.1498443e-05 1.0986716e-05 1.03018e-05 1.309656e-05 1.2563074e-05 1.2354151e-05 1.1500272e-05 1.1710939e-05 1.0709141e-05 1.0330816e-05 1.1644048e-05 1.2288188e-05 1.1309084e-05 1.0221739e-05 1.0843397e-05 1.28656675e-05 1.2366284e-05 1.1855346e-05 1.0769596e-05 1.2061717e-05 1.1898029e-05 1.0342748e-05 1.1233032e-05 1.4381654e-05 1.3329752e-05 1.2802059e-05 1.1739656e-05 1.2912717e-05 1.2719756e-05 1.2004502e-05 1.0706167e-05 1.35659275e-05 1.3259755e-05 1.3288977e-05 1.152919e-05 1.4067094e-05 1.3090015e-05 1.1874282e-05 1.0719984e-05 1.4782092e-05 1.456619e-05 1.3827462e-05 1.2763486e-05 1.4418396e-05 1.3310595e-05 1.2291301e-05 1.0899825e-05 1.1051619e-05 1.2733994e-05 1.6762966e-05 1.3125011e-05 1.1002065e-05 1.4309989e-05 1.581746e-05 1.10289475e-05 1.223528e-05 1.0619931e-05 1.225501e-05 1.37766165e-05 1.1769979e-05 1.2542231e-05 1.1315292e-05 1.03994935e-05 1.3532736e-05 1.2721927e-05 1.2327238e-05 1.116381e-05 1.0168051e-05 1.3963128e-05 1.1103842e-05 1.1765089e-05 1.0067502e-05 1.3582101e-05 1.2798437e-05 1.1934464e-05 1.1404589e-05 1.0388821e-05 1.0381098e-05 1.1400994e-05 1.0477365e-05 1.26816185e-05 1.14784e-05 1.0668166e-05 1.0615778e-05 1.0629007e-05 1.0220963e-05 1.1790922e-05 1.0823719e-05 1.003152e-05 1.0077504e-05 1.1225422e-05 1.1111943e-05 1.0462063e-05 1.315735e-05 1.194019e-05 1.1912846e-05 1.014424e-05 1.0687308e-05 1.0788481e-05 1.1844327e-05 1.1958792e-05 1.20857385e-05 1.222475e-05 1.2429659e-05 1.2739737e-05 1.3063494e-05 1.3400647e-05 1.1604106e-05 1.1757701e-05 1.19213955e-05 1.2095011e-05 1.2411766e-05 1.27600415e-05 1.3119789e-05 1.3490874e-05 1.1578075e-05 1.1761088e-05 1.1952465e-05 1.2151296e-05 1.24991775e-05 1.2877692e-05 1.326574e-05 1.3663353e-05 1.08693785e-05 1.0896509e-05 1.10178635e-05 1.0517804e-05 1.1753805e-05 1.1955817e-05 1.2163698e-05 1.2377057e-05 1.2749619e-05 1.3152689e-05 1.3563517e-05 1.3982311e-05 1.1931895e-05 1.1840818e-05 1.1711462e-05 1.1244858e-05 1.2123703e-05 1.2332685e-05 1.2545967e-05 1.2763273e-05 1.3153751e-05 1.3575448e-05 1.4003416e-05 1.4438027e-05 1.2730764e-05 1.2611563e-05 1.2504744e-05 1.2061193e-05 1.3354929e-05 1.365985e-05 1.3969948e-05 1.4284824e-05 1.4602088e-05 1.4920431e-05 1.5241598e-05 1.227979e-05 1.2820749e-05 1.3366295e-05 1.3915891e-05 1.1000623e-05 1.4636847e-05 1.4934396e-05 1.523609e-05 1.5541624e-05 1.584867e-05 1.6155995e-05 1.3404103e-05 1.3920012e-05 1.4439409e-05 1.4961934e-05 1.197861e-05 1.3316622e-05 1.3594848e-05 1.3877489e-05 1.4164219e-05 1.4452699e-05 1.1504807e-05 1.1992404e-05 1.24835115e-05 1.2977733e-05 1.0409153e-05 1.07180185e-05 1.0945429e-05 1.06926955e-05 1.0444742e-05 1.1369979e-05 1.1478941e-05 1.1034975e-05 1.0595601e-05 1.01613705e-05 1.08583745e-05 1.0276139e-05 1.0456681e-05 1.1759159e-05 1.3411054e-05 1.0724639e-05 1.1242484e-05 1.1763623e-05 1.1274944e-05 1.002334e-05 1.1638008e-05 1.0849999e-05 1.01851865e-05 1.2033461e-05 1.1353983e-05 1.06786e-05 1.0008015e-05 1.0155724e-05 1.3435912e-05 1.2746047e-05 1.2062939e-05 1.1387681e-05 1.1349337e-05 1.0457887e-05 1.4995819e-05 1.42960425e-05 1.3605313e-05 1.2924996e-05 1.2706421e-05 1.182965e-05 1.0973847e-05 1.0144305e-05 1.4731487e-05 1.5535265e-05 1.2715268e-05 1.3044695e-05 1.1939088e-05 1.2641183e-05 1.1112237e-05 1.1506847e-05 1.0184973e-05 1.0787856e-05 1.2912179e-05 1.2005319e-05 1.1099933e-05 1.0196261e-05 1.0445225e-05 1.3313546e-05 1.24046755e-05 1.15008515e-05 1.060328e-05 1.0006527e-05 1.0003686e-05 1.0729584e-05 1.4047318e-05 1.3148647e-05 1.2260268e-05 1.1384407e-05 1.0601324e-05 1.0767962e-05 1.1368834e-05 1.0207217e-05 1.0440311e-05 1.5064542e-05 1.418269e-05 1.3316487e-05 1.2469046e-05 1.1712106e-05 1.2307381e-05 1.1207009e-05 1.0148642e-05 1.6311853e-05 1.5448179e-05 1.4604783e-05 1.3785275e-05 1.546861e-05 1.4237765e-05 1.305115e-05 1.192182e-05 1.3482483e-05 1.2464002e-05 1.1507298e-05 1.0629027e-05 1.0158294e-05 1.2252722e-05 1.1124203e-05 1.4983894e-05 1.0768924e-05 1.09003295e-05 1.4745082e-05 1.2077221e-05 1.03384e-05 1.1125245e-05 1.0490973e-05 1.0767319e-05 1.0532599e-05 1.1104971e-05 1.14749e-05 1.1856872e-05 1.126149e-05 1.2187619e-05 1.1145198e-05 1.0105349e-05 1.093907e-05 1.0350498e-05 1.0400198e-05 1.1480816e-05 1.3961251e-05 1.2932392e-05 1.1908882e-05 1.0892053e-05 1.097346e-05 1.0826582e-05 1.0037412e-05 1.3644221e-05 1.265587e-05 1.1678597e-05 1.0715272e-05 1.1148589e-05 1.0666258e-05 1.3661262e-05 1.2728176e-05 1.1813945e-05 1.0923143e-05 1.0854744e-05 1.4010652e-05 1.3143073e-05 1.2302366e-05 1.1494301e-05 1.1374317e-05 1.0351192e-05 1.1028113e-05 1.0637822e-05 1.0780643e-05 1.1785531e-05 1.1401816e-05 1.1408677e-05 1.2552105e-05 1.1601355e-05 1.0657418e-05 1.1027952e-05 1.0103604e-05 1.0050358e-05 1.1720175e-05 1.0826272e-05 1.0825212e-05 1.0021354e-05 1.0317767e-05 1.02550675e-05 1.3838592e-05 1.2411912e-05 1.2819833e-05 1.0038144e-05 1.0083396e-05 1.0147566e-05 1.1397318e-05 1.1919342e-05 1.3976035e-05 1.4076953e-05 1.41896535e-05 1.4313853e-05 1.4218494e-05 1.4474731e-05 1.4740961e-05 1.5017892e-05 1.0528567e-05 1.1167296e-05 1.4030671e-05 1.4170089e-05 1.4319452e-05 1.4478477e-05 1.4739398e-05 1.5022616e-05 1.5312571e-05 1.561031e-05 1.0602949e-05 1.3916065e-05 1.408498e-05 1.4261901e-05 1.4446956e-05 1.4733776e-05 1.5042012e-05 1.5355818e-05 1.5676398e-05 1.0202405e-05 1.3968188e-05 1.415811e-05 1.43549305e-05 1.4557761e-05 1.4866756e-05 1.5196943e-05 1.5531552e-05 1.5871945e-05 1.0103917e-05 1.4185218e-05 1.4388023e-05 1.4595599e-05 1.4807701e-05 1.5134685e-05 1.5483341e-05 1.5835367e-05 1.6192265e-05 1.12016105e-05 1.0417181e-05 1.034991e-05 1.0301637e-05 1.4560994e-05 1.4767104e-05 1.4976794e-05 1.5189913e-05 1.5530579e-05 1.5894102e-05 1.626008e-05 1.6630147e-05 1.1413563e-05 1.1346919e-05 1.1294527e-05 1.1256581e-05 1.0733871e-05 1.5680216e-05 1.5954765e-05 1.6233382e-05 1.6515862e-05 1.6801934e-05 1.7089307e-05 1.737687e-05 1.4385414e-05 1.4862014e-05 1.5342484e-05 1.5826476e-05 1.6313677e-05 1.3338671e-05 1.030293e-05 1.0598717e-05 1.4009921e-05 1.4262307e-05 1.4519267e-05 1.4780562e-05 1.5045892e-05 1.5312971e-05 1.2088842e-05 1.254748e-05 1.3009657e-05 1.3475012e-05 1.3943229e-05 1.0760677e-05 1.0379864e-05 1.0164319e-05 1.0335767e-05 1.0515768e-05 1.07038895e-05 1.0899647e-05 1.0151735e-05 1.0375117e-05 1.0129125e-05 1.0204167e-05 1.0221428e-05 1.03922275e-05 1.0162168e-05 1.0709231e-05 1.0639745e-05 1.1159998e-05 1.1119756e-05 1.3779374e-05 1.5263142e-05 1.2396743e-05 1.4652117e-05 1.3377836e-05 1.3223981e-05 1.2538644e-05 1.2101209e-05 1.1945228e-05 1.1006747e-05 1.1639973e-05 1.148134e-05 1.1026295e-05 1.086843e-05 1.1521386e-05 1.0990568e-05 1.0473282e-05 1.0122427e-05 1.0140909e-05 1.0429099e-05 1.8288645e-05 1.0274597e-05 1.0944597e-05 1.7106306e-05 1.1142673e-05 1.692648e-05 1.5684753e-05 1.4593904e-05 1.2388486e-05 1.3700289e-05 1.2057172e-05 1.3211252e-05 1.2944196e-05 1.0025376e-05 1.4677088e-05 1.4061954e-05 1.3810423e-05 1.0738288e-05 1.0094883e-05 1.4211073e-05 1.4060066e-05 1.3424487e-05 1.3172024e-05 1.2067558e-05 1.1456438e-05 1.0874491e-05 1.0326626e-05 1.1954454e-05 1.1042058e-05 1.0191116e-05 1.0842048e-05 1.00207935e-05 1.325146e-05 1.5394899e-05 1.404853e-05 1.210584e-05 1.4703344e-05 1.3008245e-05 1.3982362e-05 1.38723435e-05 1.24727185e-05 1.35620585e-05 1.3294061e-05 1.3963973e-05 1.3276072e-05 1.3001792e-05 1.2138164e-05 1.0011632e-05 1.3663682e-05 1.0049603e-05 1.4400079e-05 1.0186184e-05 1.09935745e-05 1.0764116e-05 1.3911286e-05 1.3670286e-05 1.3689733e-05 1.1644682e-05 1.0595989e-05 1.043925e-05 1.037122e-05 1.0436267e-05 1.0458892e-05 1.23569935e-05 1.2356825e-05 1.4700698e-05 1.2662893e-05 1.2729428e-05 1.3874897e-05 1.630913e-05 1.6621301e-05 1.6726119e-05 1.6841059e-05 1.679216e-05 1.699535e-05 1.7206861e-05 1.7425768e-05 1.31563675e-05 1.642195e-05 1.6549213e-05 1.668592e-05 1.6831844e-05 1.7044025e-05 1.727288e-05 1.7507564e-05 1.7747034e-05 1.2565534e-05 1.6277667e-05 1.6435019e-05 1.6600623e-05 1.6774291e-05 1.7006561e-05 1.7253013e-05 1.7503688e-05 1.7757558e-05 1.2119654e-05 1.6246999e-05 1.6427124e-05 1.6613903e-05 1.6807633e-05 1.7058363e-05 1.7322704e-05 1.759061e-05 1.7861035e-05 1.1800428e-05 1.6359212e-05 1.6554803e-05 1.6756358e-05 1.6962955e-05 1.722946e-05 1.750964e-05 1.7792743e-05 1.8077715e-05 1.1606256e-05 1.6611426e-05 1.6815951e-05 1.7024528e-05 1.7236966e-05 1.7516362e-05 1.781013e-05 1.810623e-05 1.8403605e-05 1.08832255e-05 1.1543446e-05 1.699862e-05 1.7204069e-05 1.7412609e-05 1.7624128e-05 1.7913502e-05 1.8218561e-05 1.852542e-05 1.8833032e-05 1.0408691e-05 1.0405518e-05 1.041821e-05 1.0446704e-05 1.0488781e-05 1.1614132e-05 1.5242597e-05 1.5468328e-05 1.5698424e-05 1.5932697e-05 1.6170969e-05 1.641297e-05 1.6656497e-05 1.2659651e-05 1.3076496e-05 1.3497269e-05 1.3921617e-05 1.4349225e-05 1.4749263e-05 1.1542781e-05 1.142379e-05 1.1639342e-05 1.1778903e-05 1.1926079e-05 1.2080593e-05 1.2242166e-05 1.241045e-05 1.10547635e-05 1.0988321e-05 1.1019637e-05 1.1060039e-05 1.1109429e-05 1.1167686e-05 1.1569368e-05 1.07261885e-05 1.0786599e-05 1.085524e-05 1.093196e-05 1.1509431e-05 1.067061e-05 1.075661e-05 1.0849755e-05 1.1577439e-05 1.08248005e-05 1.0931372e-05 1.1771183e-05 1.11801155e-05 1.2084624e-05 1.2508775e-05 1.00221e-05 1.2767003e-05 1.2441513e-05 1.100632e-05 1.0702324e-05 1.0394712e-05 1.0244183e-05 1.3010705e-05 1.2389596e-05 1.1915788e-05 1.038927e-05 1.1679173e-05 1.1495157e-05 1.1001521e-05 1.0666926e-05 1.1009008e-05 1.0823481e-05 1.031578e-05 1.6107226e-05 1.2185096e-05 1.4858148e-05 1.0078949e-05 1.3716558e-05 1.27111925e-05 1.3589525e-05 1.4440388e-05 1.619313e-05 1.5567684e-05 1.556637e-05 1.5382631e-05 1.47232495e-05 1.4521099e-05 1.494604e-05 1.4762094e-05 1.4072705e-05 1.1366737e-05 1.0904768e-05 1.0463118e-05 1.0042599e-05 1.1555064e-05 1.0780278e-05 1.0040423e-05 1.0483638e-05 1.0169374e-05 1.3505697e-05 1.2504715e-05 1.3709457e-05 1.3012665e-05 1.3499801e-05 1.27593885e-05 1.1164572e-05 1.3698815e-05 1.3527212e-05 1.2802881e-05 1.11704585e-05 1.1180932e-05 1.1265054e-05 1.1770446e-05 1.1605207e-05 1.2017033e-05 1.26721725e-05 1.2060319e-05 1.16717165e-05 1.1830804e-05 1.0231481e-05 1.0644507e-05 1.0184587e-05 1.0628145e-05 1.05679765e-05 1.0094333e-05 1.02719705e-05 1.0628971e-05 1.0579753e-05 1.0054688e-05 1.0371052e-05 1.4116135e-05 1.4199176e-05 1.433689e-05 1.4442392e-05 1.45368795e-05 1.4692394e-05 1.5411637e-05 1.5519237e-05 1.3844282e-05 1.3963788e-05 1.4094071e-05 1.4234836e-05 1.44089545e-05 1.480897e-05 1.4943762e-05 1.5086412e-05 1.3680317e-05 1.3835022e-05 1.3999514e-05 1.4173452e-05 1.4307309e-05 1.44648375e-05 1.4630159e-05 1.48014415e-05 1.3705089e-05 1.3890289e-05 1.4083823e-05 1.393304e-05 1.4104955e-05 1.4287077e-05 1.4475641e-05 1.4668669e-05 1.3875488e-05 1.4080644e-05 1.3684314e-05 1.3853781e-05 1.404787e-05 1.42508525e-05 1.4459601e-05 1.4672e-05 1.4208013e-05 1.3551864e-05 1.3735226e-05 1.3924823e-05 1.4137625e-05 1.4358602e-05 1.4584647e-05 1.4813542e-05 1.3553957e-05 1.3745444e-05 1.3942063e-05 1.4143564e-05 1.4371182e-05 1.4607139e-05 1.4847216e-05 1.5089405e-05 1.0303133e-05 1.4263075e-05 1.4467939e-05 1.4676454e-05 1.4888467e-05 1.513337e-05 1.5386724e-05 1.564359e-05 1.5901613e-05 1.0050019e-05 1.0144873e-05 1.0248637e-05 1.0361045e-05 1.04818155e-05 1.0610666e-05 1.0747222e-05 1.0322044e-05 1.0299554e-05 1.0286048e-05 1.0281563e-05 1.028611e-05 1.0299677e-05 1.6507187e-05 1.6166845e-05 1.2376507e-05 1.14123095e-05 1.1301489e-05 1.0125025e-05 1.0010958e-05 1.0515506e-05 1.0280779e-05 1.0046868e-05 1.0204049e-05 1.0348413e-05 1.17541795e-05 1.1511768e-05 1.1270458e-05 1.1030329e-05 1.1724068e-05 1.12822545e-05 1.0842359e-05 1.0403642e-05 1.0493925e-05 1.000498e-05 1.0009608e-05 1.0023506e-05 1.0375253e-05 1.0500718e-05 1.0292132e-05 1.0018085e-05 1.0169075e-05 1.0974856e-05 1.0450026e-05 1.1618123e-05 1.1371838e-05 1.1478816e-05 1.1268283e-05 1.1406714e-05 1.1133582e-05 1.0861655e-05 1.0919892e-05 1.0390601e-05 1.0501089e-05 1.1932218e-05 1.1398036e-05 1.1734808e-05 1.1634365e-05 1.136377e-05 1.1436909e-05 1.12914895e-05 1.1363735e-05 1.1072521e-05 1.078205e-05 1.1944085e-05 1.1393581e-05 1.0845593e-05 1.1511431e-05 1.2952126e-05 1.0885257e-05 1.0328395e-05 1.3143052e-05 1.2909377e-05 1.2113663e-05 1.132014e-05 1.1102141e-05 1.1956554e-05 1.1172801e-05 1.0389496e-05 1.4288563e-05 1.2579039e-05 1.2952124e-05 1.2157638e-05 1.1365874e-05 1.1675461e-05 1.1988644e-05 1.1202211e-05 1.0416597e-05 1.3197366e-05 1.3023736e-05 1.3286208e-05 1.2869788e-05 1.31899205e-05 1.2405257e-05 1.2701278e-05 1.1919601e-05 1.2214285e-05 1.1431883e-05 1.0652465e-05 1.1778039e-05 1.2043921e-05 1.18606e-05 1.416969e-05 1.3757625e-05 1.3350305e-05 1.36123035e-05 1.3887904e-05 1.3119366e-05 1.2355435e-05 1.2622876e-05 1.1850744e-05 1.1083844e-05 1.0322564e-05 1.0712123e-05 1.1026627e-05 1.0831612e-05 1.5210053e-05 1.4801395e-05 1.439816e-05 1.4000828e-05 1.5209562e-05 1.4453244e-05 1.3704767e-05 1.2963439e-05 1.31981e-05 1.2439814e-05 1.1688639e-05 1.0946043e-05 1.3454963e-05 1.3590986e-05 1.3132755e-05 1.2677958e-05 1.23603895e-05 1.3239354e-05 1.2436019e-05 1.1636058e-05 1.1067502e-05 1.2845423e-05 1.2066064e-05 1.1291815e-05 1.4212344e-05 1.4332043e-05 1.4001198e-05 1.3554938e-05 1.3745128e-05 1.3301821e-05 1.3532631e-05 1.2733714e-05 1.1940037e-05 1.20734385e-05 1.3537725e-05 1.277623e-05 1.10664105e-05 1.027741e-05 1.519254e-05 1.4784241e-05 1.4886085e-05 1.4561128e-05 1.4737879e-05 1.4302124e-05 1.3871908e-05 1.4095419e-05 1.3305195e-05 1.252277e-05 1.2756852e-05 1.4284033e-05 1.2430798e-05 1.1654391e-05 1.0884631e-05 1.5443877e-05 1.5317557e-05 1.4870672e-05 1.4957739e-05 1.5253281e-05 1.4782092e-05 1.4314491e-05 1.3850852e-05 1.4810533e-05 1.403095e-05 1.3259788e-05 1.3574855e-05 1.4095396e-05 1.3142865e-05 1.2385906e-05 1.163824e-05 1.0401428e-05 1.1922163e-05 1.2523241e-05 1.17721365e-05 1.1026026e-05 1.016073e-05 1.16171295e-05 1.0886516e-05 1.015997e-05 1.1757999e-05 1.1352252e-05 1.1906787e-05 1.119093e-05 1.149083e-05 1.077981e-05 1.1093005e-05 1.0408827e-05 1.1696828e-05 1.1323836e-05 1.0959941e-05 1.14500135e-05 1.0978936e-05 1.1077242e-05 1.04117025e-05 1.0727207e-05 1.0095937e-05 1.1754299e-05 1.1414529e-05 1.1084301e-05 1.0764501e-05 1.1172371e-05 1.1465266e-05 1.0841628e-05 1.0230621e-05 1.0536119e-05 1.1477345e-05 1.1134352e-05 1.0799483e-05 1.2144871e-05 1.1499058e-05 1.0861996e-05 1.1747257e-05 1.1490884e-05 1.1150358e-05 1.0817289e-05 1.0904135e-05 1.1434219e-05 1.0816764e-05 1.0207826e-05 1.0431932e-05 1.1454573e-05 1.1464752e-05 1.123527e-05 1.0927873e-05 1.1018946e-05 1.0717988e-05 1.1163523e-05 1.0600191e-05 1.004619e-05 1.055259e-05 1.0084034e-05 1.1707856e-05 1.1400108e-05 1.1418084e-05 1.1196969e-05 1.1293826e-05 1.0992892e-05 1.0700349e-05 1.1081621e-05 1.0573839e-05 1.00785055e-05 1.0011441e-05 1.084042e-05 1.220125e-05 1.2234352e-05 1.1913582e-05 1.1927719e-05 1.2094625e-05 1.1769681e-05 1.1450582e-05 1.11378395e-05 1.1193238e-05 1.0741999e-05 1.0305378e-05 1.0371015e-05 1.0639588e-05 1.02119975e-05 1.1307712e-05 1.0300101e-05 1.0214826e-05 1.0037235e-05 1.0365064e-05 1.0589459e-05 1.1238325e-05 1.1968113e-05 1.2764939e-05 1.0250988e-05 1.361703e-05 1.0384997e-05 1.1119126e-05 1.954322e-05 1.8968154e-05 1.1343141e-05 1.0989287e-05 1.063906e-05 1.0290067e-05 1.3224768e-05 1.3326228e-05 1.3429813e-05 1.3535473e-05 1.364316e-05 1.1224453e-05 1.1768754e-05 1.1392956e-05 1.1020606e-05 1.0649247e-05 1.02780505e-05 1.1895711e-05 1.2010555e-05 1.2127822e-05 1.2247442e-05 1.1983122e-05 1.1784825e-05 1.2304393e-05 1.1907871e-05 1.1514699e-05 1.1122396e-05 1.0730114e-05 1.03378525e-05 1.057951e-05 1.0709268e-05 1.0841768e-05 1.2874092e-05 1.2670097e-05 1.2466411e-05 1.2955239e-05 1.2539291e-05 1.2126678e-05 1.171493e-05 1.13032e-05 1.08926615e-05 1.0485839e-05 1.007905e-05 1.3876297e-05 1.366724e-05 1.34586235e-05 1.3250467e-05 1.3704838e-05 1.3270547e-05 1.283965e-05 1.2409712e-05 1.1980799e-05 1.15562525e-05 1.113189e-05 1.0707732e-05 1.4971577e-05 1.4757771e-05 1.45445365e-05 1.43318985e-05 1.4119883e-05 1.4537879e-05 1.4086055e-05 1.3637739e-05 1.3191124e-05 1.2749551e-05 1.2308368e-05 1.186762e-05 1.1427355e-05 1.6144944e-05 1.5926475e-05 1.5708698e-05 1.5491645e-05 1.5275347e-05 1.5059836e-05 1.5440817e-05 1.4972011e-05 1.4507098e-05 1.4048691e-05 1.3590895e-05 1.3133768e-05 1.2677383e-05 1.2221824e-05 1.6047772e-05 1.597919e-05 1.5743542e-05 1.5508407e-05 1.527381e-05 1.5039775e-05 1.4806326e-05 1.6404005e-05 1.5918566e-05 1.5441998e-05 1.4967463e-05 1.4493813e-05 1.4021139e-05 1.3549541e-05 1.30791395e-05 1.5593787e-05 1.5719479e-05 1.5638025e-05 1.5383268e-05 1.5128755e-05 1.4874497e-05 1.4620506e-05 1.4366797e-05 1.7422091e-05 1.6923967e-05 1.6431326e-05 1.5940816e-05 1.545148e-05 1.49634325e-05 1.44768055e-05 1.3991747e-05 1.0358439e-05 1.2437918e-05 1.08072045e-05 1.3085397e-05 1.2811123e-05 1.101041e-05 1.1440685e-05 1.15826515e-05 1.1673043e-05 1.3326998e-05 1.2230939e-05 1.0054885e-05 1.0158458e-05 1.027039e-05 1.3970213e-05 1.314961e-05 1.4723995e-05 1.4171632e-05 1.5572205e-05 1.0114683e-05 1.527617e-05 1.6500198e-05 1.1322803e-05 1.39030535e-05 1.0264173e-05 1.4497232e-05 1.2937241e-05 1.2256968e-05 1.1578901e-05 1.09014445e-05 1.0224724e-05 1.1170229e-05 1.1537474e-05 1.5209785e-05 1.5242086e-05 1.5284832e-05 1.5337931e-05 1.5401281e-05 1.7435126e-05 1.6727834e-05 1.6027458e-05 1.5329038e-05 1.4630881e-05 1.3933024e-05 1.3235509e-05 1.253839e-05 1.0526757e-05 1.3766645e-05 1.3827104e-05 1.3899243e-05 1.3982878e-05 1.4077806e-05 1.6395968e-05 1.7402683e-05 1.669343e-05 1.5991209e-05 1.5291034e-05 1.4591215e-05 1.3891803e-05 1.3192859e-05 1.249496e-05 1.0087962e-05 1.2349662e-05 1.2442212e-05 1.2547764e-05 1.2665991e-05 1.6917698e-05 1.6546683e-05 1.7496859e-05 1.67874e-05 1.608524e-05 1.5385433e-05 1.4686336e-05 1.3988051e-05 1.329146e-05 1.2596509e-05 1.0968762e-05 1.109847e-05 1.12425005e-05 1.7564746e-05 1.7196573e-05 1.6830794e-05 1.7715523e-05 1.7007502e-05 1.6307184e-05 1.5609721e-05 1.4913551e-05 1.4219774e-05 1.3528563e-05 1.283943e-05 1.8329245e-05 1.7963865e-05 1.7601255e-05 1.7241591e-05 1.8054043e-05 1.7348828e-05 1.665182e-05 1.5958312e-05 1.5267835e-05 1.4580885e-05 1.3896735e-05 1.321582e-05 1.0201708e-05 1.9202447e-05 1.883953e-05 1.847972e-05 1.8123203e-05 1.7770173e-05 1.8505734e-05 1.78043e-05 1.7111628e-05 1.6424163e-05 1.574113e-05 1.5061518e-05 1.43858115e-05 1.3714589e-05 1.0707161e-05 2.0092659e-05 1.972751e-05 1.9365614e-05 1.9007159e-05 1.8652345e-05 1.830138e-05 1.9062483e-05 1.8365356e-05 1.7678469e-05 1.6998441e-05 1.6322316e-05 1.5650601e-05 1.4983893e-05 1.4322894e-05 1.1410241e-05 2.0215793e-05 2.0111487e-05 1.971726e-05 1.932555e-05 1.8936511e-05 1.8550316e-05 1.8167144e-05 1.9718549e-05 1.9026602e-05 1.8346744e-05 1.7672763e-05 1.7003542e-05 1.6339667e-05 1.5681822e-05 1.5030801e-05 2.012391e-05 2.0401018e-05 2.0288137e-05 1.9869289e-05 1.945233e-05 1.9037383e-05 1.8624583e-05 1.8214077e-05 2.0468033e-05 1.9782414e-05 1.910751e-05 1.8439176e-05 1.7776378e-05 1.7119763e-05 1.6470078e-05 1.5828176e-05 1.4014078e-05 1.2775217e-05 1.5897669e-05 1.3699288e-05 1.138172e-05 1.5625272e-05 1.0257153e-05 1.3550725e-05 1.0112351e-05 1.0002264e-05 1.5480251e-05 1.3573689e-05 1.5466077e-05 1.3767159e-05 1.5582991e-05 1.4123973e-05 1.5827976e-05 1.3941315e-05 1.3292999e-05 1.2231351e-05 1.0581257e-05 1.6318345e-05 1.5622414e-05 1.4933937e-05 1.4248469e-05 1.356462e-05 1.28826505e-05 1.2202882e-05 1.1525708e-05 1.269119e-05 1.0483543e-05 1.1562962e-05 1.1354376e-05 1.1162475e-05 1.0988133e-05 1.0832194e-05 1.5662206e-05 1.6956372e-05 1.62806e-05 1.5612837e-05 1.4948678e-05 1.4286783e-05 1.3627483e-05 1.2971169e-05 1.2318058e-05 1.1663639e-05 1.0182822e-05 1.0008437e-05 1.5467853e-05 1.50882e-05 1.633388e-05 1.5688245e-05 1.5051257e-05 1.4418606e-05 1.3789059e-05 1.3163061e-05 1.2541093e-05 1.1919135e-05 1.0749832e-05 1.5338037e-05 1.4979365e-05 1.4626204e-05 1.5807425e-05 1.5193939e-05 1.4589867e-05 1.3991038e-05 1.3396352e-05 1.2806385e-05 1.2217687e-05 1.16349665e-05 1.5280917e-05 1.49437e-05 1.4612268e-05 1.4287024e-05 1.5386811e-05 1.4807447e-05 1.4238352e-05 1.3675534e-05 1.3118039e-05 1.2563082e-05 1.2014533e-05 1.1474036e-05 1.4988462e-05 1.4678931e-05 1.4375798e-05 1.4079474e-05 1.508084e-05 1.45373115e-05 1.40049315e-05 1.3479907e-05 1.2958543e-05 1.2443928e-05 1.1937865e-05 1.1441485e-05 1.5119809e-05 1.4832007e-05 1.4550735e-05 1.42763765e-05 1.4009338e-05 1.4896516e-05 1.439003e-05 1.3895497e-05 1.3407014e-05 1.2925503e-05 1.2452833e-05 1.199005e-05 1.1538343e-05 1.5388157e-05 1.5100258e-05 1.48181325e-05 1.4542116e-05 1.4275327e-05 1.4010445e-05 1.4838317e-05 1.4369334e-05 1.3911223e-05 1.346146e-05 1.302062e-05 1.2589638e-05 1.2169561e-05 1.1761559e-05 1.5563062e-05 1.5604308e-05 1.5299864e-05 1.49998805e-05 1.47046285e-05 1.44144e-05 1.4129501e-05 1.4908323e-05 1.44757805e-05 1.4055012e-05 1.3644085e-05 1.3242789e-05 1.2852023e-05 1.247278e-05 1.2106142e-05 1.5460897e-05 1.5917076e-05 1.598014e-05 1.5667774e-05 1.5358903e-05 1.5053741e-05 1.4752519e-05 1.44554815e-05 1.5106458e-05 1.4709835e-05 1.43255875e-05 1.3951543e-05 1.3587498e-05 1.3234277e-05 1.289277e-05 1.25639335e-05 1.0405671e-05 1.0298453e-05 1.1826189e-05 1.1219325e-05 1.0734164e-05 1.0387732e-05 1.0194141e-05 1.0162086e-05 1.0750542e-05 1.04250075e-05 1.0105319e-05 1.00393e-05 1.1016999e-05 1.0573982e-05 1.043906e-05 1.0162062e-05 1.1353193e-05 1.1212294e-05 1.0879747e-05 1.7536033e-05 1.074791e-05 1.7065902e-05 1.0054064e-05 1.0195294e-05 1.4295134e-05 1.44069345e-05 1.45201975e-05 1.4634888e-05 1.02313925e-05 1.0619021e-05 1.31061415e-05 1.32312e-05 1.3357839e-05 1.0363224e-05 1.0179693e-05 1.0728297e-05 1.0366804e-05 1.0008484e-05 1.1309014e-05 1.19401775e-05 1.2079712e-05 1.1203026e-05 1.1015696e-05 1.0828722e-05 1.1344798e-05 1.0965668e-05 1.0589741e-05 1.0217161e-05 1.2102616e-05 1.0804636e-05 1.2152856e-05 1.1962381e-05 1.1772415e-05 1.1582982e-05 1.2062521e-05 1.1667055e-05 1.1274912e-05 1.0886243e-05 1.04995315e-05 1.0117416e-05 1.2980784e-05 1.3192684e-05 1.29993205e-05 1.280661e-05 1.2614583e-05 1.2423269e-05 1.2864488e-05 1.245361e-05 1.2046233e-05 1.1643106e-05 1.1246082e-05 1.08496915e-05 1.0454008e-05 1.0059112e-05 1.3929979e-05 1.2940193e-05 1.2892606e-05 1.2681911e-05 1.247162e-05 1.226175e-05 1.2052325e-05 1.3738068e-05 1.3312365e-05 1.2890548e-05 1.2477669e-05 1.2066698e-05 1.1656721e-05 1.1247846e-05 1.0840198e-05 1.4941905e-05 1.2509319e-05 1.2668462e-05 1.2609937e-05 1.2382454e-05 1.2155093e-05 1.1927861e-05 1.1700765e-05 1.4675023e-05 1.4234833e-05 1.3802628e-05 1.3375797e-05 1.2951198e-05 1.2527967e-05 1.2106245e-05 1.16861975e-05 1.258018e-05 1.2646222e-05 1.2798167e-05 1.2730387e-05 1.24920125e-05 1.225367e-05 1.2015363e-05 1.1777091e-05 1.5665146e-05 1.5213434e-05 1.4767223e-05 1.432652e-05 1.3888376e-05 1.3451964e-05 1.301746e-05 1.2585061e-05 1.4047433e-05 1.363956e-05 1.44504165e-05 1.40774855e-05 1.3963135e-05 1.0083152e-05 1.1603034e-05 1.4978547e-05 1.2684988e-05 1.2804243e-05 1.4404649e-05 1.0586288e-05 1.0141506e-05 1.0438771e-05 1.561954e-05 1.1269613e-05 1.1407398e-05 1.1550619e-05 1.4953871e-05 1.1223909e-05 1.6360049e-05 1.0591581e-05 1.0153566e-05 1.0323636e-05 1.5599348e-05 1.197445e-05 1.7187129e-05 1.1623498e-05 1.6329594e-05 1.2817999e-05 1.5851474e-05 1.0055698e-05 1.4596363e-05 1.0710588e-05 1.0119032e-05 1.4324992e-05 1.1145667e-05 1.4122398e-05 1.3504138e-05 1.2892789e-05 1.2283429e-05 1.1674536e-05 1.1066186e-05 1.0458478e-05 1.4877109e-05 1.1937106e-05 1.6213704e-05 1.6304424e-05 1.6403172e-05 1.6509797e-05 1.5175502e-05 1.4533807e-05 1.3898559e-05 1.32702025e-05 1.264373e-05 1.2017562e-05 1.1391748e-05 1.0766343e-05 1.4897813e-05 1.0561207e-05 1.4994678e-05 1.51144e-05 1.5242638e-05 1.5379177e-05 1.4060362e-05 1.512324e-05 1.4479702e-05 1.3842776e-05 1.3212932e-05 1.2585147e-05 1.1957858e-05 1.1331147e-05 1.0705656e-05 1.5062537e-05 1.3820071e-05 1.3971678e-05 1.4132179e-05 1.4541494e-05 1.4200073e-05 1.5200368e-05 1.4557076e-05 1.3920747e-05 1.3291897e-05 1.2665569e-05 1.2040279e-05 1.1417015e-05 1.079577e-05 1.5366506e-05 1.2702051e-05 1.2888689e-05 1.51478025e-05 1.481135e-05 1.4477568e-05 1.5404828e-05 1.4763747e-05 1.4130144e-05 1.3504593e-05 1.28822785e-05 1.2262829e-05 1.16464935e-05 1.1032817e-05 1.580155e-05 1.1656736e-05 1.586991e-05 1.553845e-05 1.5210085e-05 1.48850195e-05 1.5731544e-05 1.5094292e-05 1.44651485e-05 1.3844748e-05 1.32295245e-05 1.2618508e-05 1.2010989e-05 1.1407528e-05 1.6357159e-05 1.658859e-05 1.6254637e-05 1.5923875e-05 1.5596506e-05 1.5272752e-05 1.6173066e-05 1.5540769e-05 1.491726e-05 1.4304277e-05 1.3698021e-05 1.3095946e-05 1.2498657e-05 1.1906876e-05 1.7025592e-05 1.6709253e-05 1.6635773e-05 1.627252e-05 1.5911535e-05 1.555298e-05 1.5197023e-05 1.672353e-05 1.6096814e-05 1.5480467e-05 1.4876332e-05 1.427841e-05 1.368579e-05 1.309919e-05 1.2519462e-05 1.7797778e-05 1.6641065e-05 1.6968968e-05 1.688938e-05 1.6503107e-05 1.6118376e-05 1.5735304e-05 1.5354013e-05 1.73756e-05 1.6755299e-05 1.6147229e-05 1.5550384e-05 1.4960658e-05 1.4377249e-05 1.380096e-05 1.3232726e-05 1.6785125e-05 1.6919772e-05 1.723368e-05 1.7145081e-05 1.6753464e-05 1.6363498e-05 1.5975304e-05 1.5589014e-05 1.8119224e-05 1.7506229e-05 1.6904221e-05 1.6314063e-05 1.5731803e-05 1.5156728e-05 1.4589693e-05 1.4031675e-05 1.8378001e-05 1.043004e-05 1.3034678e-05 1.7152963e-05 1.2558958e-05 1.8110135e-05 1.01886735e-05 1.1814296e-05 1.69145e-05 1.2353251e-05 1.0468399e-05 1.7953262e-05 1.014273e-05 1.0636896e-05 1.06261605e-05 1.6779997e-05 1.2288028e-05 1.7910192e-05 1.0294642e-05 1.6751866e-05 1.2365392e-05 1.7981632e-05 1.0635758e-05 1.6830549e-05 1.2582594e-05 1.7606168e-05 1.0402372e-05 1.3961316e-05 1.607831e-05 1.4707129e-05 1.380411e-05 1.3165903e-05 1.2534877e-05 1.1906586e-05 1.1279754e-05 1.0654643e-05 1.0152129e-05 1.4528813e-05 1.51360155e-05 1.44992655e-05 1.3869391e-05 1.3247156e-05 1.2628099e-05 1.2010975e-05 1.1396102e-05 1.0783869e-05 1.4185651e-05 1.1251839e-05 1.1148575e-05 1.1062652e-05 1.0994477e-05 1.3410773e-05 1.4761947e-05 1.4143722e-05 1.3532982e-05 1.2930559e-05 1.2332067e-05 1.1736363e-05 1.1143892e-05 1.0554939e-05 1.35819055e-05 1.0127697e-05 1.0065065e-05 1.0021288e-05 1.3232489e-05 1.2878718e-05 1.4172399e-05 1.35830005e-05 1.3001814e-05 1.2429757e-05 1.1862574e-05 1.1299269e-05 1.0740403e-05 1.0182119e-05 1.3103789e-05 1.31251e-05 1.2792125e-05 1.2465199e-05 1.3682085e-05 1.3123826e-05 1.2574667e-05 1.2035616e-05 1.1502605e-05 1.09748125e-05 1.0449e-05 1.2765335e-05 1.3096489e-05 1.27851345e-05 1.2480219e-05 1.2182225e-05 1.3301926e-05 1.2777089e-05 1.2262357e-05 1.1758809e-05 1.1262606e-05 1.0769761e-05 1.0284192e-05 1.2577734e-05 1.2864206e-05 1.2581727e-05 1.2306472e-05 1.2038936e-05 1.3041494e-05 1.2552054e-05 1.2073738e-05 1.1607671e-05 1.1147544e-05 1.0695079e-05 1.0252175e-05 1.2547677e-05 1.3168723e-05 1.28808615e-05 1.2599163e-05 1.232405e-05 1.2055972e-05 1.2907935e-05 1.2455229e-05 1.2014566e-05 1.1585053e-05 1.1164623e-05 1.0753989e-05 1.0354316e-05 1.2677303e-05 1.3512085e-05 1.3548155e-05 1.32408495e-05 1.293805e-05 1.2640079e-05 1.23472855e-05 1.2905615e-05 1.2490138e-05 1.2086562e-05 1.1695604e-05 1.13154065e-05 1.0946006e-05 1.0588534e-05 1.0244237e-05 1.2964324e-05 1.3472433e-05 1.39917365e-05 1.4046225e-05 1.3731802e-05 1.3420841e-05 1.31135885e-05 1.281031e-05 1.303641e-05 1.2657549e-05 1.2291166e-05 1.1938178e-05 1.1596511e-05 1.1266197e-05 1.09482635e-05 1.0643821e-05 1.2793811e-05 1.3035812e-05 1.35183345e-05 1.3568705e-05 1.3273376e-05 1.2981979e-05 1.2694785e-05 1.2412085e-05 1.3297659e-05 1.29539785e-05 1.2622859e-05 1.2305151e-05 1.1998904e-05 1.1704107e-05 1.1421647e-05 1.1152462e-05 1.3814555e-05 1.27294725e-05 1.3152909e-05 1.21980975e-05 1.2596411e-05 1.1766836e-05 1.2159466e-05 1.1446971e-05 1.1855258e-05 1.1247976e-05 1.1010789e-05 1.1767216e-05 1.0160635e-05 1.07468295e-05 1.082545e-05 1.5683929e-05 1.5359852e-05 1.1575725e-05 1.5490723e-05 1.5607135e-05 1.572453e-05 1.0473286e-05 1.444371e-05 1.4572038e-05 1.3426445e-05 1.0340265e-05 1.0164319e-05 1.0450484e-05 1.0279281e-05 1.0108689e-05 1.0439767e-05 1.00865345e-05 1.1190639e-05 1.1014805e-05 1.0113501e-05 1.0077264e-05 1.1220053e-05 1.0853797e-05 1.04888695e-05 1.0128245e-05 1.2115645e-05 1.1940031e-05 1.2075326e-05 1.1696612e-05 1.13197075e-05 1.0951019e-05 1.0587732e-05 1.0226831e-05 1.3100887e-05 1.0125586e-05 1.0072954e-05 1.2991984e-05 1.2601063e-05 1.2215219e-05 1.1834977e-05 1.1460479e-05 1.1088793e-05 1.07192045e-05 1.0351937e-05 1.0469778e-05 1.024872e-05 1.0352071e-05 1.052687e-05 1.0467175e-05 1.0251261e-05 1.0035374e-05 1.3954581e-05 1.3554088e-05 1.3156414e-05 1.2764563e-05 1.2378772e-05 1.1996189e-05 1.1616145e-05 1.1238896e-05 1.1862826e-05 1.1636124e-05 1.1657655e-05 1.1213852e-05 1.2246097e-05 1.2009727e-05 1.5280862e-05 1.1966631e-05 1.15066705e-05 1.2395761e-05 1.2758023e-05 1.2512966e-05 1.4016001e-05 1.4150068e-05 1.2395718e-05 1.1922195e-05 1.1035279e-05 1.1346604e-05 1.3383976e-05 1.3131057e-05 1.2733615e-05 1.288769e-05 1.3045174e-05 1.29329865e-05 1.2448141e-05 1.03216125e-05 1.3995828e-05 1.3734728e-05 1.1488231e-05 1.166455e-05 1.18446405e-05 1.2028334e-05 1.3044852e-05 1.254983e-05 1.2747721e-05 1.2462864e-05 1.1411424e-05 1.1630182e-05 1.1851977e-05 1.2076644e-05 1.1573169e-05 1.1266768e-05 1.157759e-05 1.18358585e-05 1.2096261e-05 1.2358663e-05 1.1309259e-05 1.0989351e-05 1.1420441e-05 1.1710686e-05 1.2002388e-05 1.22954425e-05 1.1551017e-05 1.1015562e-05 1.0487032e-05 1.1876642e-05 1.1548563e-05 1.0662206e-05 1.0978702e-05 1.1296201e-05 1.1614619e-05 1.1976853e-05 1.1421372e-05 1.0872453e-05 1.0330428e-05 1.238132e-05 1.2047405e-05 1.3219186e-05 1.759453e-05 1.772436e-05 1.7859997e-05 1.2916926e-05 1.2345859e-05 1.1776068e-05 1.1212835e-05 1.0656492e-05 1.0101992e-05 1.2382754e-05 1.2054593e-05 1.2097021e-05 1.659699e-05 1.6752767e-05 1.691443e-05 1.1726961e-05 1.2845481e-05 1.2272889e-05 1.1701777e-05 1.11374975e-05 1.05804265e-05 1.0025523e-05 1.2535498e-05 1.2215595e-05 1.1027545e-05 1.5652422e-05 1.5835654e-05 1.2172137e-05 1.1861184e-05 1.2908352e-05 1.2336757e-05 1.1767135e-05 1.1204885e-05 1.0650455e-05 1.0098926e-05 1.2834002e-05 1.2524334e-05 1.0027457e-05 1.4770871e-05 1.2744031e-05 1.2440641e-05 1.2140346e-05 1.3103488e-05 1.2535254e-05 1.1969738e-05 1.141235e-05 1.0863633e-05 1.0319973e-05 1.326842e-05 1.2970253e-05 1.3331488e-05 1.3026649e-05 1.27250005e-05 1.2426774e-05 1.3425106e-05 1.2862136e-05 1.2302795e-05 1.1752469e-05 1.1212949e-05 1.0680074e-05 1.01517335e-05 1.3830125e-05 1.3544054e-05 1.3488242e-05 1.3429552e-05 1.309477e-05 1.27619915e-05 1.2431377e-05 1.3867666e-05 1.3311264e-05 1.2759479e-05 1.2218692e-05 1.16903575e-05 1.1168734e-05 1.0653161e-05 1.0144562e-05 1.4507967e-05 1.4233959e-05 1.3463083e-05 1.3865436e-05 1.3802286e-05 1.3446802e-05 1.3092511e-05 1.2739511e-05 1.4423013e-05 1.3873813e-05 1.33310805e-05 1.2801112e-05 1.2283079e-05 1.1772978e-05 1.1270297e-05 1.0776079e-05 1.528696e-05 1.3444532e-05 1.36476765e-05 1.4037811e-05 1.3967696e-05 1.3608457e-05 1.3250536e-05 1.289404e-05 1.5079115e-05 1.4537769e-05 1.4004863e-05 1.3483859e-05 1.2975626e-05 1.2476355e-05 1.19856395e-05 1.150458e-05 1.39811555e-05 1.3620117e-05 1.3801496e-05 1.41628025e-05 1.40834445e-05 1.3727015e-05 1.3372394e-05 1.30197295e-05 1.582087e-05 1.5287984e-05 1.4762415e-05 1.42493855e-05 1.3749763e-05 1.3259911e-05 1.2779493e-05 1.2309619e-05 1.5561072e-05 1.5194162e-05 1.3782021e-05 1.46365155e-05 1.4026183e-05 1.5349133e-05 1.4988597e-05 1.2745853e-05 1.4449381e-05 1.3848315e-05 1.1046017e-05 1.5252541e-05 1.489923e-05 1.1693509e-05 1.1754437e-05 1.4369485e-05 1.3780485e-05 1.0049908e-05 1.5273372e-05 1.4928035e-05 1.0632449e-05 1.0719102e-05 1.081995e-05 1.4398519e-05 1.3824218e-05 1.4801119e-05 1.4452755e-05 1.0147049e-05 1.0312981e-05 1.0942318e-05 1.0371537e-05 1.34725115e-05 1.3104807e-05 1.0010828e-05 1.0245336e-05 1.0490512e-05 1.0745626e-05 1.2251241e-05 1.18685775e-05 1.073224e-05 1.10434175e-05 1.1361076e-05 1.1684684e-05 1.1627065e-05 1.10510355e-05 1.0482208e-05 1.2048711e-05 1.1670421e-05 1.0589166e-05 1.0939066e-05 1.129357e-05 1.1652259e-05 1.2419545e-05 1.18402195e-05 1.1267614e-05 1.0702354e-05 1.0140002e-05 1.2063021e-05 1.1691793e-05 1.0413294e-05 1.0792306e-05 1.1174467e-05 1.1559466e-05 1.2922445e-05 1.2348224e-05 1.1776119e-05 1.1211221e-05 1.0654232e-05 1.0100723e-05 1.1758854e-05 1.1403025e-05 1.1612538e-05 1.1604048e-05 1.1610795e-05 1.1159978e-05 1.2569915e-05 1.2013622e-05 1.1460116e-05 1.0914597e-05 1.0377866e-05 1.1213155e-05 1.0882484e-05 1.0771705e-05 1.0802728e-05 1.100002e-05 1.0672869e-05 1.2013374e-05 1.1484783e-05 1.0959856e-05 1.0443882e-05 1.0802813e-05 1.0500944e-05 1.0023754e-05 1.0919476e-05 1.06135685e-05 1.0314558e-05 1.1561209e-05 1.1063054e-05 1.0569695e-05 1.0086477e-05 1.0543549e-05 1.0273812e-05 1.09258635e-05 1.06424795e-05 1.0366551e-05 1.0098689e-05 1.1225977e-05 1.0760975e-05 1.0302088e-05 1.0446482e-05 1.0211292e-05 1.1016056e-05 1.0728056e-05 1.0446547e-05 1.0172068e-05 1.1018176e-05 1.0588632e-05 1.0166583e-05 1.0517036e-05 1.031748e-05 1.1550811e-05 1.1593636e-05 1.1283796e-05 1.0978347e-05 1.0677664e-05 1.094532e-05 1.055276e-05 1.0168971e-05 1.0754717e-05 1.0590151e-05 1.1599169e-05 1.2151154e-05 1.2209788e-05 1.1894471e-05 1.1582478e-05 1.1274084e-05 1.101209e-05 1.0656789e-05 1.0311252e-05 1.1150157e-05 1.0751616e-05 1.1060059e-05 1.1581769e-05 1.1638641e-05 1.13407705e-05 1.1046805e-05 1.0757066e-05 1.1217275e-05 1.0898201e-05 1.0589718e-05 1.0295232e-05 1.001567e-05 1.06466805e-05 1.0379514e-05 1.0657879e-05 1.113762e-05 1.1189312e-05 1.0911149e-05 1.0637565e-05 1.0368923e-05 1.1553841e-05 1.1268506e-05 1.0993773e-05 1.0732825e-05 1.0486401e-05 1.0252815e-05 1.0032211e-05 1.174267e-05 1.1465285e-05 1.0797231e-05 1.0411977e-05 1.11635945e-05 1.0907274e-05 1.0349867e-05 1.0697324e-05 1.0463339e-05 1.0009066e-05 1.0359055e-05 1.0148415e-05 1.259819e-05 1.080936e-05 1.1667853e-05 1.1743846e-05 1.0735463e-05 1.0821327e-05 1.0907526e-05 1.4046161e-05 1.0339816e-05 1.0437616e-05 1.0535708e-05 1.3895667e-05 1.01321975e-05 1.0242208e-05 1.0352441e-05 1.3927271e-05 1.00127045e-05 1.013449e-05 1.296051e-05 1.6776501e-05 1.6893218e-05 1.2013096e-05 1.586631e-05 1.1104498e-05 1.0369697e-05 1.0219652e-05 1.0467919e-05 1.0138935e-05 1.1331509e-05 1.136698e-05 1.1028207e-05 1.069432e-05 1.0363548e-05 1.0039053e-05 1.2306761e-05 1.1960605e-05 1.1617142e-05 1.1277099e-05 1.0943664e-05 1.0617061e-05 1.0294598e-05 1.0043133e-05 1.6649841e-05 1.3353006e-05 1.0543094e-05 1.0323225e-05 1.0103868e-05 1.5517035e-05 1.565534e-05 1.0393149e-05 1.2111885e-05 1.2416494e-05 1.1010665e-05 1.0782499e-05 1.0555082e-05 1.4449189e-05 1.46078955e-05 1.47686815e-05 1.0202804e-05 1.0496596e-05 1.08163995e-05 1.1142799e-05 1.1101577e-05 1.4593116e-05 1.4784458e-05 1.4977537e-05 1.119701e-05 1.4849544e-05 1.50714e-05 1.5294609e-05 1.0907254e-05 1.4698343e-05 1.4946268e-05 1.5195256e-05 1.2387992e-05 1.2830857e-05 1.0104341e-05 1.3965554e-05 1.4236184e-05 1.4507688e-05 1.1620894e-05 1.33040885e-05 1.3596711e-05 1.3889987e-05 1.4831197e-05 1.9248944e-05 1.9401554e-05 1.0088133e-05 1.065872e-05 1.0159129e-05 1.3952527e-05 1.8451987e-05 1.8625904e-05 1.0569156e-05 1.0068641e-05 1.0022725e-05 1.3136004e-05 1.770818e-05 1.0622393e-05 1.0124153e-05 1.0330396e-05 1.0057857e-05 1.2393549e-05 1.02741615e-05 1.0816337e-05 1.0323323e-05 1.078591e-05 1.0529414e-05 1.0277922e-05 1.0523857e-05 1.05030185e-05 1.0191983e-05 1.114687e-05 1.0661404e-05 1.0179449e-05 1.1375266e-05 1.11351455e-05 1.0900771e-05 1.0688795e-05 1.1122435e-05 1.1100201e-05 1.0774123e-05 1.0448876e-05 1.1605361e-05 1.1128855e-05 1.0657114e-05 1.0192872e-05 1.2079453e-05 1.1855075e-05 1.044636e-05 1.0731464e-05 1.11549625e-05 1.1127343e-05 1.0798909e-05 1.0471453e-05 1.2177888e-05 1.171074e-05 1.1250403e-05 1.0799532e-05 1.0361877e-05 1.2875952e-05 1.0738118e-05 1.04069695e-05 1.0672171e-05 1.1072293e-05 1.10367255e-05 1.0710186e-05 1.03850625e-05 1.284635e-05 1.2388776e-05 1.1940091e-05 1.1500135e-05 1.1074219e-05 1.0663274e-05 1.0263947e-05 1.1177232e-05 1.0850298e-05 1.0525589e-05 1.0765887e-05 1.1135993e-05 1.1091769e-05 1.0770366e-05 1.045101e-05 1.3596912e-05 1.3149091e-05 1.2708985e-05 1.2278363e-05 1.18623275e-05 1.146176e-05 1.1073466e-05 1.0697524e-05 1.2745511e-05 1.2412959e-05 1.2082297e-05 1.0762782e-05 1.10783985e-05 1.4943991e-05 1.2122066e-05 1.1580463e-05 1.1039742e-05 1.2589571e-05 1.226361e-05 1.1940088e-05 1.1041903e-05 1.1695151e-05 1.4077451e-05 1.1987669e-05 1.1455354e-05 1.0924465e-05 1.1936802e-05 1.25563565e-05 1.2238135e-05 1.1922973e-05 1.0054159e-05 1.3154364e-05 1.3258731e-05 1.1966095e-05 1.14465975e-05 1.0929397e-05 1.0845022e-05 1.1084406e-05 1.2048841e-05 1.1724979e-05 1.1404244e-05 1.2621923e-05 1.27681415e-05 1.2923136e-05 1.0893331e-05 1.0548371e-05 1.0205841e-05 1.3023473e-05 1.3238023e-05 1.3459392e-05 1.0008761e-05 1.3807855e-05 1.4078822e-05 1.4354515e-05 1.0852433e-05 1.1270895e-05 1.16987185e-05 1.3540595e-05 1.3842031e-05 1.4147305e-05 1.10649735e-05 1.1512914e-05 1.3273553e-05 1.3601254e-05 1.3931972e-05 1.0689275e-05 1.026543e-05 1.31136e-05 1.3463868e-05 1.3816407e-05 1.0713943e-05 1.0202295e-05 1.255189e-05 1.2614624e-05 1.0380571e-05 1.1968596e-05 1.0443126e-05 1.048821e-05 1.0174656e-05 1.34950305e-05 1.1528334e-05 1.2654859e-05 1.2725873e-05 1.0634823e-05 1.0787494e-05 1.2593914e-05 1.0401066e-05 1.2352517e-05 1.2434042e-05 1.2678002e-05 1.0181254e-05 1.222864e-05 1.2320881e-05 1.2832283e-05 1.201718e-05 1.2119771e-05 1.0702522e-05 1.0892182e-05 1.1081961e-05 1.1361941e-05 1.1474255e-05 1.0037146e-05 1.0235006e-05 1.0432917e-05 1.0746379e-05 1.08682325e-05 1.0177685e-05 1.0308656e-05 1.4637667e-05 1.8125731e-05 1.3835805e-05 1.0750787e-05 1.0462312e-05 1.01772985e-05 1.0412366e-05 1.8147037e-05 1.4442097e-05 1.7294922e-05 1.7430877e-05 1.26411105e-05 1.2917952e-05 1.4056031e-05 1.7536593e-05 1.7698489e-05 1.4286347e-05 1.7950617e-05 1.8137787e-05 1.1372907e-05 1.1721179e-05 1.2071905e-05 1.2424875e-05 1.404317e-05 1.7791986e-05 1.8001108e-05 1.5153237e-05 1.5522102e-05 1.589231e-05 1.3304358e-05 1.7110728e-05 1.7339786e-05 1.4428997e-05 1.481462e-05 1.2623442e-05 1.6477647e-05 1.6726437e-05 1.3755356e-05 1.20101995e-05 1.5898446e-05 1.616647e-05 1.6556343e-05 2.1092617e-05 1.1451564e-05 1.5885964e-05 2.046952e-05 1.5275047e-05 1.0018898e-05 1.0632481e-05 1.0716922e-05 1.034937e-05 1.1490919e-05 1.1134263e-05 1.0787012e-05 1.0450101e-05 1.01254645e-05 1.3691939e-05 1.6432652e-05 1.0328717e-05 1.0777354e-05 1.375481e-05 1.5707472e-05 1.0556424e-05 1.3076788e-05 1.5407699e-05 1.5546506e-05 1.0049123e-05 1.2531274e-05 1.5921429e-05 1.611031e-05 1.3160303e-05 1.6761067e-05 1.6993985e-05 1.4031209e-05 1.4391453e-05 1.4757984e-05 1.5130343e-05 1.2710755e-05 1.6457936e-05 1.6716125e-05 1.3645188e-05 1.4025261e-05 1.441059e-05 1.2333167e-05 1.615134e-05 1.6432603e-05 1.3232966e-05 1.3630845e-05 1.2049129e-05 1.591709e-05 1.6219572e-05 1.2901275e-05 1.1865264e-05 1.5758344e-05 1.6079768e-05 1.0783748e-05 1.3922258e-05 1.03331595e-05 1.107002e-05 1.046927e-05 1.4445493e-05 1.2305257e-05 1.1374363e-05 1.227439e-05 1.4256961e-05 1.1730584e-05 1.2161531e-05 1.4176171e-05 1.1999374e-05 1.1920998e-05 1.4009822e-05 1.25664565e-05 1.27238345e-05 1.2881294e-05 1.30388335e-05 1.1278955e-05 1.3404554e-05 1.194407e-05 1.2107161e-05 1.2270297e-05 1.1055036e-05 1.066924e-05 1.2829064e-05 1.1352904e-05 1.1521354e-05 1.1689818e-05 1.00977e-05 1.2287528e-05 1.0798076e-05 1.097135e-05 1.1784618e-05 1.0285456e-05 1.1325471e-05 1.6020691e-05 1.0138507e-05 1.00239795e-05 1.9947174e-05 1.471369e-05 1.712688e-05 2.0342206e-05 1.0022486e-05 1.7549546e-05 2.0807074e-05 1.4583517e-05 1.48726485e-05 1.516329e-05 1.5455358e-05 1.5748772e-05 1.7328528e-05 2.069845e-05 1.7799064e-05 1.8101759e-05 1.8405455e-05 1.8710105e-05 1.6666037e-05 2.0080071e-05 1.7129632e-05 1.7444081e-05 1.7759367e-05 1.6042737e-05 1.949605e-05 1.6496027e-05 1.6821741e-05 1.5463318e-05 1.8949528e-05 1.5902484e-05 1.493284e-05 1.8443794e-05 1.89098e-05 1.3087887e-05 1.8413746e-05 1.2934051e-05 1.8167679e-05 1.2821224e-05 1.3679562e-05 1.8122853e-05 1.1951255e-05 1.1898077e-05 1.56416e-05 1.8808636e-05 1.2951381e-05 1.6383654e-05 1.9692648e-05 1.669994e-05 1.7003968e-05 1.7312334e-05 1.7624807e-05 1.7941178e-05 1.5952673e-05 1.9323641e-05 1.622555e-05 1.6543127e-05 1.686457e-05 1.7189659e-05 1.5577936e-05 1.900231e-05 1.5802198e-05 1.6132499e-05 1.6466169e-05 1.5263522e-05 1.8731063e-05 1.5434029e-05 1.577595e-05 1.501316e-05 1.8512052e-05 1.5125015e-05 1.4830033e-05 1.83471e-05 1.2650451e-05 1.0407408e-05 1.1405217e-05 1.04978835e-05 1.1164345e-05 1.121047e-05 1.1196627e-05 1.0065054e-05 1.0186128e-05 1.0313453e-05 1.0446801e-05 1.096613e-05 1.00045145e-05 1.0807435e-05 1.07237e-05 1.0716652e-05 1.0786409e-05 1.0363226e-05 1.3993372e-05 1.3780423e-05 1.3955466e-05 1.0003083e-05 1.0125481e-05 1.0247974e-05 1.3790321e-05 1.3885321e-05 1.4010949e-05 1.4136629e-05 1.426236e-05 1.438814e-05 1.3226076e-05 1.3323295e-05 1.3452306e-05 1.3581351e-05 1.3710428e-05 1.2685853e-05 1.278499e-05 1.2917211e-05 1.3049448e-05 1.2179075e-05 1.21728435e-05 1.2273516e-05 1.2408701e-05 1.2543888e-05 1.169062e-05 1.1792358e-05 1.19301685e-05 1.1243135e-05 1.1345364e-05 1.0834529e-05 1.0329693e-05 1.9747915e-05 1.2442257e-05 1.0401998e-05 1.1259459e-05 2.0263926e-05 1.6594044e-05 1.6823002e-05 1.7052937e-05 1.7283804e-05 1.7515571e-05 1.7748198e-05 1.0875465e-05 2.0126687e-05 1.968271e-05 1.9919784e-05 2.0157568e-05 2.0396037e-05 2.0635165e-05 1.0172351e-05 1.9557352e-05 1.9087574e-05 1.9331887e-05 1.9576832e-05 1.9822384e-05 1.9014933e-05 1.8518052e-05 1.8769406e-05 1.9021307e-05 1.8501763e-05 1.7976545e-05 1.823466e-05 1.8020311e-05 1.7465625e-05 1.7573146e-05 1.5450596e-05 1.7798844e-05 1.4441695e-05 1.8474775e-05 1.0281806e-05 1.0496899e-05 1.0718353e-05 1.094578e-05 1.1178816e-05 1.1417115e-05 1.5701276e-05 1.9247698e-05 1.8645724e-05 1.8887858e-05 1.9132875e-05 1.9380665e-05 1.9631121e-05 1.9884148e-05 1.8858154e-05 1.8197657e-05 1.844881e-05 1.8702644e-05 1.8959046e-05 1.9217918e-05 1.850549e-05 1.7784825e-05 1.8044691e-05 1.830702e-05 1.8571705e-05 1.819181e-05 1.7409695e-05 1.767786e-05 1.7948258e-05 1.7919117e-05 1.7074708e-05 1.7350636e-05 1.768927e-05 1.6782227e-05 1.7503911e-05 1.119716e-05 1.11952695e-05 1.1103376e-05 1.1428697e-05 1.152691e-05 1.1629432e-05 1.17361515e-05 1.1846953e-05 1.0810651e-05 1.1088775e-05 1.1196787e-05 1.1308946e-05 1.1425131e-05 1.057264e-05 1.0798785e-05 1.0916272e-05 1.1037709e-05 1.0347061e-05 1.0393076e-05 1.0562814e-05 1.0689247e-05 1.08194e-05 1.0274996e-05 1.0384517e-05 1.0519147e-05 1.0220501e-05 1.0266871e-05 1.0230569e-05 1.2347482e-05 1.2673553e-05 1.11086265e-05 1.1090896e-05 1.17413565e-05 1.1834706e-05 1.1928299e-05 1.2022128e-05 1.211619e-05 1.22104775e-05 1.0763357e-05 1.1411108e-05 1.150981e-05 1.1608745e-05 1.1707906e-05 1.18072885e-05 1.0447667e-05 1.1091587e-05 1.1195638e-05 1.1299909e-05 1.1404393e-05 1.0144907e-05 1.0783723e-05 1.0893096e-05 1.1002673e-05 1.0488521e-05 1.06031575e-05 1.0207055e-05 1.0681789e-05 1.027442e-05 1.1009125e-05 1.110079e-05 1.1193642e-05 1.1287651e-05 1.138279e-05 1.1479028e-05 1.15763405e-05 1.0023719e-05 1.0746872e-05 1.0845063e-05 1.0944397e-05 1.1044843e-05 1.114637e-05 1.1248948e-05 1.0499418e-05 1.060407e-05 1.0709813e-05 1.0816615e-05 1.0924443e-05 1.0267802e-05 1.037881e-05 1.0490849e-05 1.0603885e-05 1.0053092e-05 1.01703e-05 1.02884715e-05 1.1235601e-05
        </DataArray>
        <DataArray type="Int32" Name="status" format="ascii">
          0 0 0 0 0 0 0 0 0 0 0 0 0 0 0 0 0 0 0 0 0 0 0 0 0 0 0 0 0 0 0 0 0 0 0 0 0 0 0 0 0 0 0 0 0 0 0 0 0 0 0 0 0 0 0 0 0 0 0 0 0 0 0 0 0 0 0 0 0 0 0 0 0 0 0 0 0 0 0 0 0 0 0 0 0 0 0 0 0 0 0 0 0 0 0 0 0 0 0 0 0 0 0 0 0 0 0 0 0 0 0 0 0 0 0 0 0 0 0 0 0 0 0 0 0 0 0 0 0 0 0 0 0 0 0 0 0 0 0 0 0 0 0 0 0 0 0 0 0 0 0 0 0 0 0 0 0 0 0 0 0 0 0 0 0 0 0 0 0 0 0 0 0 0 0 0 0 0 0 0 0 0 0 0 0 0 0 0 0 0 0 0 0 0 0 0 0 0 0 0 0 0 0 0 0 0 0 0 0 0 0 0 0 0 0 0 0 0 0 0 0 0 0 0 0 0 0 0 0 0 0 0 0 0 0 0 0 0 0 0 0 0 0 0 0 0 0 0 0 0 0 0 0 0 0 0 0 0 0 0 0 0 0 0 0 0 0 0 0 0 0 0 0 0 0 0 0 0 0 0 0 0 0 0 0 0 0 0 0 0 0 0 0 0 0 0 0 0 0 0 0 0 0 0 0 0 0 0 0 0 0 0 0 0 0 0 0 0 0 0 0 0 0 0 0 0 0 0 0 0 0 0 0 0 0 0 0 0 0 0 0 0 0 0 0 0 0 0 0 0 0 0 0 0 0 0 0 0 0 0 0 0 0 0 0 0 0 0 0 0 0 0 0 0 0 0 0 0 0 0 0 0 0 0 0 0 0 0 0 0 0 0 0 0 0 0 0 0 0 0 0 0 0 0 0 0 0 0 0 0 0 0 0 0 0 0 0 0 0 0 0 0 0 0 0 0 0 0 0 0 0 0 0 0 0 0 0 0 0 0 0 0 0 0 0 0 0 0 0 0 0 0 0 0 0 0 0 0 0 0 0 0 0 0 0 0 0 0 0 0 0 0 0 0 0 0 0 0 0 0 0 0 0 0 0 0 0 0 0 0 0 0 0 0 0 0 0 0 0 0 0 0 0 0 0 0 0 0 0 0 0 0 0 0 0 0 0 0 0 0 0 0 0 0 0 0 0 0 0 0 0 0 0 0 0 0 0 0 0 0 0 0 0 0 0 0 0 0 0 0 0 0 0 0 0 0 0 0 0 0 0 0 0 0 0 0 0 0 0 0 0 0 0 0 0 0 0 0 0 0 0 0 0 0 0 0 0 0 0 0 0 0 0 0 0 0 0 0 0 0 0 0 0 0 0 0 0 0 0 0 0 0 0 0 0 0 0 0 0 0 0 0 0 0 0 0 0 0 0 0 0 0 0 0 0 0 0 0 0 0 0 0 0 0 0 0 0 0 0 0 0 0 0 0 0 0 0 0 0 0 0 0 0 0 0 0 0 0 0 0 0 0 0 0 0 0 0 0 0 0 0 0 0 0 0 0 0 0 0 0 0 0 0 0 0 0 0 0 0 0 0 0 0 0 0 0 0 0 0 0 0 0 0 0 0 0 0 0 0 0 0 0 0 0 0 0 0 0 0 0 0 0 0 0 0 0 0 0 0 0 0 0 0 0 0 0 0 0 0 0 0 0 0 0 0 0 0 0 0 0 0 0 0 0 0 0 0 0 0 0 0 0 0 0 0 0 0 0 0 0 0 0 0 0 0 0 0 0 0 0 0 0 0 0 0 0 0 0 0 0 0 0 0 0 0 0 0 0 0 0 0 0 0 0 0 0 0 0 0 0 0 0 0 0 0 0 0 0 0 0 0 0 0 0 0 0 0 0 0 0 0 0 0 0 0 0 0 0 0 0 0 0 0 0 0 0 0 0 0 0 0 0 0 0 0 0 0 0 0 0 0 0 0 0 0 0 0 0 0 0 0 0 0 0 0 0 0 0 0 0 0 0 0 0 0 0 0 0 0 0 0 0 0 0 0 0 0 0 0 0 0 0 0 0 0 0 0 0 0 0 0 0 0 0 0 0 0 0 0 0 0 0 0 0 0 0 0 0 0 0 0 0 0 0 0 0 0 0 0 0 0 0 0 0 0 0 0 0 0 0 0 0 0 0 0 0 0 0 0 0 0 0 0 0 0 0 0 0 0 0 0 0 0 0 0 0 0 0 0 0 0 0 0 0 0 0 0 0 0 0 0 0 0 0 0 0 0 0 0 0 0 0 0 0 0 0 0 0 0 0 0 0 0 0 0 0 0 0 0 0 0 0 0 0 0 0 0 0 0 0 0 0 0 0 0 0 0 0 0 0 0 0 0 0 0 0 0 0 0 0 0 0 0 0 0 0 0 0 0 0 0 0 0 0 0 0 0 0 0 0 0 0 0 0 0 0 0 0 0 0 0 0 0 0 0 0 0 0 0 0 0 0 0 0 0 0 0 0 0 0 0 0 0 0 0 0 0 0 0 0 0 0 0 0 0 0 0 0 0 0 0 0 0 0 0 0 0 0 0 0 0 0 0 0 0 0 0 0 0 0 0 0 0 0 0 0 0 0 0 0 0 0 0 0 0 0 0 0 0 0 0 0 0 0 0 0 0 0 0 0 0 0 0 0 0 0 0 0 0 0 0 0 0 0 0 0 0 0 0 0 0 0 0 0 0 0 0 0 0 0 0 0 0 0 0 0 0 0 0 0 0 0 0 0 0 0 0 0 0 0 0 0 0 0 0 0 0 0 0 0 0 0 0 0 0 0 0 0 0 0 0 0 0 0 0 0 0 0 0 0 0 0 0 0 0 0 0 0 0 0 0 0 0 0 0 0 0 0 0 0 0 0 0 0 0 0 0 0 0 0 0 0 0 0 0 0 0 0 0 0 0 0 0 0 0 0 0 0 0 0 0 0 0 0 0 0 0 0 0 0 0 0 0 0 0 0 0 0 0 0 0 0 0 0 0 0 0 0 0 0 0 0 0 0 0 0 0 0 0 0 0 0 0 0 0 0 0 0 0 0 0 0 0 0 0 0 0 0 0 0 0 0 0 0 0 0 0 0 0 0 0 0 0 0 0 0 0 0 0 0 0 0 0 0 0 0 0 0 0 0 0 0 0 0 0 0 0 0 0 0 0 0 0 0 0 0 0 0 0 0 0 0 0 0 0 0 0 0 0 0 0 0 0 0 0 0 0 0 0 0 0 0 0 0 0 0 0 0 0 0 0 0 0 0 0 0 0 0 0 0 0 0 0 0 0 0 0 0 0 0 0 0 0 0 0 0 0 0 0 0 0 0 0 0 0 0 0 0 0 0 0 0 0 0 0 0 0 0 0 0 0 0 0 0 0 0 0 0 0 0 0 0 0 0 0 0 0 0 0 0 0 0 0 0 0 0 0 0 0 0 0 0 0 0 0 0 0 0 0 0 0 0 0 0 0 0 0 0 0 0 0 0 0 0 0 0 0 0 0 0 0 0 0 0 0 0 0 0 0 0 0 0 0 0 0 0 0 0 0 0 0 0 0 0 0 0 0 0 0 0 0 0 0 0 0 0 0 0 0 0 0 0 0 0 0 0 0 0 0 0 0 0 0 0 0 0 0 0 0 0 0 0 0 0 0 0 0 0 0 0 0 0 0 0 0 0 0 0 0 0 0 0 0 0 0 0 0 0 0 0 0 0 0 0 0 0 0 0 0 0 0 0 0 0 0 0 0 0 0 0 0 0 0 0 0 0 0 0 0 0 0 0 0 0 0 0 0 0 0 0 0 0 0 0 0 0 0 0 0 0 0 0 0 0 0 0 0 0 0 0 0 0 0 0 0 0 0 0 0 0 0 0 0 0 0 0 0 0 0 0 0 0 0 0 0 0 0 0 0 0 0 0 0 0 0 0 0 0 0 0 0 0 0 0 0 0 0 0 0 0 0 0 0 0 0 0 0 0 0 0 0 0 0 0 0 0 0 0 0 0 0 0 0 0 0 0 0 0 0 0 0 0 0 0 0 0 0 0 0 0 0 0 0 0 0 0 0 0 0 0 0 0 0 0 0 0 0 0 0 0 0 0 0 0 0 0 0 0 0 0 0 0 0 0 0 0 0 0 0 0 0 0 0 0 0 0 0 0 0 0 0 0 0 0 0 0 0 0 0 0 0 0 0 0 0 0 0 0 0 0 0 0 0 0 0 0 0 0 0 0 0 0 0 0 0 0 0 0 0 0 0 0 0 0 0 0 0 0 0 0 0 0 0 0 0 0 0 0 0 0 0 0 0 0 0 0 0 0 0 0 0 0 0 0 0 0 0 0 0 0 0 0 0 0 0 0 0 0 0 0 0 0 0 0 0 0 0 0 0 0 0 0 0 0 0 0 0 0 0 0 0 0 0 0 0 0 0 0 0 0 0 0 0 0 0 0 0 0 0 0 0 0 0 0 0 0 0 0 0 0 0 0 0 0 0 0 0 0 0 0 0 0 0 0 0 0 0 0 0 0 0 0 0 0 0 0 0 0 0 0 0 0 0 0 0 0 0 0 0 0 0 0 0 0 0 0 0 0 0 0 0 0 0 0 0 0 0 0 0 0 0 0 0 0 0 0 0 0 0 0 0 0 0 0 0 0 0 0 0 0 0 0 0 0 0 0 0 0 0 0 0 0 0 0 0 0 0 0 0 0 0 0 0 0 0 0 0 0 0 0 0 0 0 0 0 0 0 0 0 0 0 0 0 0 0 0 0 0 0 0 0 0 0 0 0 0 0 0 0 0 0 0 0 0 0 0 0 0 0 0 0 0 0 0 0 0 0 0 0 0 0 0 0 0 0 0 0 0 0 0 0 0 0 0 0 0 0 0 0 0 0 0 0 0 0 0 0 0 0 0 0 0 0 0 0 0 0 0 0 0 0 0 0 0 0 0 0 0 0 0 0 0 0 0 0 0 0 0 0 0 0 0 0 0 0 0 0 0 0 0 0 0 0 0 0 0 0 0 0 0 0 0 0 0 0 0 0 0 0 0 0 0 0 0 0 0 0 0 0 0 0 0 0 0 0 0 0 0 0 0 0 0 0 0 0 0 0 0 0 0 0 0 0 0 0 0 0 0 0 0 0 0 0 0 0 0 0 0 0 0 0 0 0 0 0 0 0 0 0 0 0 0 0 0 0 0 0 0 0 0 0 0 0 0 0 0 0 0 0 0 0 0 0 0 0 0 0 0 0 0 0 0 0 0 0 0 0 0 0 0 0 0 0 0 0 0 0 0 0 0 0 0 0 0 0 0 0 0 0 0 0 0 0 0 0 0 0 0 0 0 0 0 0 0 0 0 0 0 0 0 0 0 0 0 0 0 0 0 0 0 0 0 0 0 0 0 0 0 0 0 0 0 0 0 0 0 0 0 0 0 0 0 0 0 0 0 0 0 0 0 0 0 0 0 0 0 0 0 0 0 0 0 0 0 0 0 0 0 0 0 0 0 0 0 0 0 0 0 0 0 0 0 0 0 0 0 0 0 0 0 0 0 0 0 0 0 0 0 0 0 0 0 0 0 0 0 0 0 0 0 0 0 0 0 0 0 0 0 0 0 0 0 0 0 0 0 0 0 0 0 0 0 0 0 0 0 0 0 0 0 0 0 0 0 0 0 0 0 0 0 0 0 0 0 0 0 0 0 0 0 0 0 0 0 0 0 0 0 0 0 0 0 0 0 0 0 0 0 0 0 0 0 0 0 0 0 0 0 0 0 0 0 0 0 0 0 0 0 0 0 0 0 0 0 0 0 0 0 0 0 0 0 0 0 0 0 0 0 0 0 0 0 0 0 0 0 0 0 0 0 0 0 0 0 0 0 0 0 0 0 0 0 0 0 0 0 0 0 0 0 0 0 0 0 0 0 0 0 0 0 0 0 0 0 0 0 0 0 0 0 0 0 0 0 0 0 0 0 0 0 0 0 0 0 0 0 0 0 0 0 0 0 0 0 0 0 0 0 0 0 0 0 0 0 0 0 0 0 0 0 0 0 0 0 0 0 0 0 0 0 0 0 0 0 0 0 0 0 0 0 0 0 0 0 0 0 0 0 0 0 0 0 0 0 0 0 0 0 0 0 0 0 0 0 0 0 0 0 0 0 0 0 0 0 0 0 0 0 0 0 0 0 0 0 0 0 0 0 0 0 0 0 0 0 0 0 0 0 0 0 0 0 0 0 0 0 0 0 0 0 0 0 0 0 0 0 0 0 0 0 0 0 0 0 0 0 0 0 0 0 0 0 0 0 0 0 0 0 0 0 0 0 0 0 0 0 0 0 0 0 0 0 0 0 0 0 0 0 0 0 0 0 0 0 0 0 0 0 0 0 0 0 0 0 0 0 0 0 0 0 0 0 0 0 0 0 0 0 0 0 0 0 0 0 0 0 0 0 0 0 0 0 0 0 0 0 0 0 0 0 0 0 0 0 0 0 0 0 0 0 0 0 0 0 0 0 0 0 0 0 0 0 0 0 0 0 0 0 0 0 0 0 0 0 0 0 0 0 0 0 0 0 0 0 0 0 0 0 0 0 0 0 0 0 0 0 0 0 0 0 0 0 0 0 0 0 0 0 0 0 0 0 0 0 0 0 0 0 0 0 0 0 0 0 0 0 0 0 0 0 0 0 0 0 0 0 0 0 0 0 0 0 0 0 0 0 0 0 0 0 0 0 0 0 0 0 0 0 0 0 0 0 0 0 0 0 0 0 0 0 0 0 0 0 0 0 0 0 0 0 0 0 0 0 0 0 0 0 0 0 0 0 0 0 0 0 0 0 0 0 0 0 0 0 0 0 0 0 0 0 0 0 0 0 0 0 0 0 0 0 0 0 0 0 0 0 0 0 0 0 0 0 0 0 0 0 0 0 0 0 0 0 0 0 0 0 0 0 0 0 0 0 0 0 0 0 0 0 0 0 0 0 0 0 0 0 0 0 0 0 0 0 0 0 0 0 0 0 0 0 0 0 0 0 0 0 0 0 0 0 0 0 0 0 0 0 0 0 0 0 0 0 0 0 0 0 0 0 0 0 0 0 0 0 0 0 0 0 0 0 0 0 0 0 0 0 0 0 0 0 0 0 0 0 0 0 0 0 0 0 0 0 0 0 0 0 0 0 0 0 0 0 0 0 0 0 0 0 0 0 0 0 0 0 0 0 0 0 0 0 0 0 0 0 0 0 0 0 0 0 0 0 0 0 0 0 0 0 0 0 0 0 0 0 0 0 0 0 0 0 0 0 0 0 0 0 0 0 0 0 0 0 0 0 0 0 0 0 0 0 0 0 0 0 0 0 0 0 0 0 0 0 0 0 0 0 0 0 0 0 0 0 0 0 0 0 0 0 0 0 0 0 0 0 0 0 0 0 0 0 0 0 0 0 0 0 0 0 0 0 0 0 0 0 0 0 0 0 0 0 0 0 0 0 0 0 0 0 0 0 0 0 0 0 0 0 0 0 0 0 0 0 0 0 0 0 0 0 0 0 0 0 0 0 0 0 0 0 0 0 0 0 0 0 0 0 0 0 0 0 0 0 0 0 0 0 0 0 0 0 0 0 0 0 0 0 0 0 0 0 0 0 0 0 0 0 0 0 0 0 0 0 0 0 0 0 0 0 0 0 0 0 0 0 0 0 0 0 0 0 0 0 0 0 0 0 0 0 0 0 0 0 0 0 0 0 0 0 0 0 0 0 0 0 0 0 0 0 0 0 0 0 0 0 0 0 0 0 0 0 0 0 0 0 0 0 0 0 0 0 0 0 0 0 0 0 0 0 0 0 0 0 0 0 0 0 0 0 0 0 0 0 0 0 0 0 0 0 0 0 0 0 0 0 0 0 0 0 0 0 0 0 0 0 0 0 0 0 0 0 0 0 0 0 0 0 0 0 0 0 0 0 0 0 0 0 0 0 0 0 0 0 0 0 0 0 0 0 0 0 0 0 0 0 0 0 0 0 0 0 0 0 0 0 0 0 0 0 0 0 0 0 0 0 0 0 0 0 0 0 0 0 0 0 0 0 0 0 0 0 0 0 0 0 0 0 0 0 0 0 0 0 0 0 0 0 0 0 0 0 0 0 0 0 0 0 0 0 0 0 0 0 0 0 0 0 0 0 0 0 0 0 0 0 0 0 0 0 0 0 0 0 0 0 0 0 0 0 0 0 0 0 0 0 0 0 0 0 0 0 0 0 0 0 0 0 0 0 0 0 0 0 0 0 0 0 0 0 0 0 0 0 0 0 0 0 0 0 0 0 0 0 0 0 0 0 0 0 0 0 0 0 0 0 0 0 0 0 0 0 0 0 0 0 0 0 0 0 0 0 0 0 0 0 0 0 0 0 0 0 0 0 0 0 0 0 0 0 0 0 0 0 0 0 0 0 0 0 0 0 0 0 0 0 0 0 0 0 0 0 0 0 0 0 0 0 0 0 0 0 0 0 0 0 0 0 0 0 0 0 0 0 0 0 0 0 0 0 0 0 0 0 0 0 0 0 0 0 0 0 0 0 0 0 0 0 0 0 0 0 0 0 0 0 0 0 0 0 0 0 0 0 0 0 0 0 0 0 0 0 0 0 0 0 0 0 0 0 0 0 0 0 0 0 0 0 0 0 0 0 0 0 0 0 0 0 0 0 0 0 0 0 0 0 0 0 0 0 0 0 0 0 0 0 0 0 0 0 0 0 0 0 0 0 0 0 0 0 0 0 0 0 0 0 0 0 0 0 0 0 0 0 0 0 0 0 0 0 0 0 0 0 0 0 0 0 0 0 0 0 0 0 0 0 0 0 0 0 0 0 0 0 0 0 0 0 0 0 0 0 0 0 0 0 0 0 0 0 0 0 0 0 0 0 0 0 0 0 0 0 0 0 0 0 0 0 0 0 0 0 0 0 0 0 0 0 0 0 0 0 0 0 0 0 0 0 0 0 0 0 0 0 0 0 0 0 0 0 0 0 0 0 0 0 0 0 0 0 0 0 0 0 0 0 0 0 0 0 0 0 0 0 0 0 0 0 0 0 0 0 0 0 0 0 0 0 0 0 0 0 0 0 0 0 0 0 0 0 0 0 0 0 0 0 0 0 0 0 0 0 0 0 0 0 0 0 0 0 0 0 0 0 0 0 0 0 0 0 0 0 0 0 0 0 0 0 0 0 0 0 0 0 0 0 0 0 0 0 0 0 0 0 0 0 0 0 0 0 0 0 0 0 0 0 0 0 0 0 0 0 0 0 0 0 0 0 0 0 0 0 0 0 0 0 0 0 0 0 0 0 0 0 0 0 0 0 0 0 0 0 0 0 0 0 0 0 0 0 0 0 0 0 0 0 0 0 0 0 0 0 0 0 0 0 0 0 0 0 0 0 0 0 0 0 0 0 0 0 0 0 0 0 0 0 0 0 0 0 0 0 0 0 0 0 0 0 0 0 0 0 0 0 0 0 0 0 0 0 0 0 0 0 0 0 0 0 0 0 0 0 0 0 0 0 0 0 0 0 0 0 0 0 0 0 0 0 0 0 0 0 0 0 0 0 0 0 0 0 0 0 0 0 0 0 0 0 0 0 0 0 0 0 0 0 0 0 0 0 0 0 0 0 0 0 0 0 0 0 0 0 0 0 0 0 0 0 0 0 0 0 0 0 0 0 0 0 0 0 0 0 0 0 0 0 0 0 0 0 0 0 0 0 0 0 0 0 0 0 0 0 0 0 0 0 0 0 0 0 0 0 0 0 0 0 0 0 0 0 0 0 0 0 0 0 0 0 0 0 0 0 0 0 0 0 0 0 0 0 0 0 0 0 0 0 0 0 0 0 0 0 0 0 0 0 0 0 0 0 0 0 0 0 0 0 0 0 0 0 0 0 0 0 0 0 0 0 0 0 0 0 0 0 0 0 0 0 0 0 0 0 0 0 0 0 0 0 0 0 0 0 0 0 0 0 0 0 0 0 0 0 0 0 0 0 0 0 0 0 0 0 0 0 0 0 0 0 0 0 0 0 0 0 0 0 0 0 0 0 0 0 0 0 0 0 0 0 0 0 0 0 0 0 0 0 0 0 0 0 0 0 0 0 0 0 0 0 0 0 0 0 0 0 0 0 0 0 0 0 0 0 0 0 0 0 0 0 0 0 0 0 0 0 0 0 0 0 0 0 0 0 0 0 0 0 0 0 0 0 0 0 0 0 0 0 0 0 0 0 0 0 0 0 0 0 0 0 0 0 0 0 0 0 0 0 0 0 0 0 0 0 0 0 0 0 0 0 0 0 0 0 0 0 0 0 0 0 0 0 0 0 0 0 0 0 0 0 0 0 0 0 0 0 0 0 0 0 0 0 0 0 0 0 0 0 0 0 0 0 0 0 0 0 0 0 0 0 0 0 0 0 0 0 0 0 0 0 0 0 0 0 0 0 0 0 0 0 0 0 0 0 0 0 0 0 0 0 0 0 0 0 0 0 0 0 0 0 0 0 0 0 0 0 0 0 0 0 0 0 0 0 0 0 0 0 0 0 0 0 0 0 0 0 0 0 0 0 0 0 0 0 0 0 0 0 0 0 0 0 0 0 0 0 0 0 0 0 0 0 0 0 0 0 0 0 0 0 0 0 0 0 0 0 0 0 0 0 0 0 0 0 0 0 0 0 0 0 0 0 0 0 0 0 0 0 0 0 0 0 0 0 0 0 0 0 0 0 0 0 0 0 0 0 0 0 0 0 0 0 0 0 0 0 0 0 0 0 0 0 0 0 0 0 0 0 0 0 0 0 0 0 0 0 0 0 0 0 0 0 0 0 0 0 0 0 0 0 0 0 0 0 0 0 0 0 0 0 0 0 0 0 0 0 0 0 0 0 0 0 0 0 0 0 0 0 0 0 0 0 0 0 0 0 0 0 0 0 0 0 0 0 0 0 0 0 0 0 0 0 0 0 0 0 0 0 0 0 0 0 0 0 0 0 0 0 0 0 0 0 0 0 0 0 0 0 0 0 0 0 0 0 0 0 0 0 0 0 0 0 0 0 0 0 0 0 0 0 0 0 0 0 0 0 0 0 0 0 0 0 0 0 0 0 0 0 0 0 0 0 0 0 0 0 0 0 0 0 0 0 0 0 0 0 0 0 0 0 0 0 0 0 0 0 0 0 0 0 0 0 0 0 0 0 0 0 0 0 0 0 0 0 0 0 0 0 0 0 0 0 0 0 0 0 0 0 0 0 0 0 0 0 0 0 0 0 0 0 0 0 0 0 0 0 0 0 0 0 0 0 0 0 0 0 0 0 0 0 0 0 0 0 0 0 0 0 0 0 0 0 0 0 0 0 0 0 0 0 0 0 0 0 0 0 0 0 0 0 0 0 0 0 0 0 0 0 0 0 0 0 0 0 0 0 0 0 0 0 0 0 0 0 0 0 0 0 0 0 0 0 0 0 0 0 0 0 0 0 0 0 0 0 0 0 0 0 0 0 0 0 0 0 0 0 0 0 0 0 0 0 0 0 0 0 0 0 0 0 0 0 0 0 0 0 0 0 0 0 0 0 0 0 0 0 0 0 0 0 0 0 0 0 0 0 0 0 0 0 0 0 0 0 0 0 0 0 0 0 0 0 0 0 0 0 0 0 0 0 0 0 0 0 0 0 0 0 0 0 0 0 0 0 0 0 0 0 0 0 0 0 0 0 0 0 0 0 0 0 0 0 0 0 0 0 0 0 0 0 0 0 0 0 0 0 0 0 0 0 0 0 0 0 0 0 0 0 0 0 0 0 0 0 0 0 0 0 0 0 0 0 0 0 0 0 0 0 0 0 0 0 0 0 0 0 0 0 0 0 0 0 0 0 0 0 0 0 0 0 0 0 0 0 0 0 0 0 0 0 0 0 0 0 0 0 0 0 0 0 0 0 0 0 0 0 0 0 0 0 0 0 0 0 0 0 0 0 0 0 0 0 0 0 0 0 0 0 0 0 0 0 0 0 0 0 0 0 0 0 0 0 0 0 0 0 0 0 0 0 0 0 0 0 0 0 0 0 0 0 0 0 0 0 0 0 0 0 0 0 0 0 0 0 0 0 0 0 0 0 0 0 0 0 0 0 0 0 0 0 0 0 0 0 0 0 0 0 0 0 0 0 0 0 0 0 0 0 0 0 0 0 0 0 0 0 0 0 0 0 0 0 0 0 0 0 0 0 0 0 0 0 0 0 0 0 0 0 0 0 0 0 0 0 0 0 0 0 0 0 0 0 0 0 0 0 0 0 0 0 0 0 0 0 0 0 0 0 0 0 0 0 0 0 0 0 0 0 0 0 0 0 0 0 0 0 0 0 0 0 0 0 0 0 0 0 0 0 0 0 0 0 0 0 0 0 0 0 0 0 0 0 0 0 0 0 0 0 0 0 0 0 0 0 0 0 0 0 0 0 0 0 0 0 0 0 0 0 0 0 0 0 0 0 0 0 0 0 0 0 0 0 0 0 0 0 0 0 0 0 0 0 0 0 0 0 0 0 0 0 0 0 0 0 0 0 0 0 0 0 0 0 0 0 0 0 0 0 0 0 0 0 0 0 0 0 0 0 0 0 0 0 0 0 0 0 0 0 0 0 0 0 0 0 0 0 0 0 0 0 0 0 0 0 0 0 0 0 0 0 0 0 0 0 0 0 0 0 0 0 0 0 0 0 0 0 0 0 0 0 0 0 0 0 0 0 0 0 0 0 0 0 0 0 0 0 0 0 0 0 0 0 0 0 0 0 0 0 0 0 0 0 0 0 0 0 0 0 0 0 0 0 0 0 0 0 0 0 0 0 0 0 0 0 0 0 0 0 0 0 0 0 0 0 0 0 0 0 0 0 0 0 0 0 0 0 0 0 0 0 0 0 0 0 0 0 0 0 0 0 0 0 0 0 0 0 0 0 0 0 0 0 0 0 0 0 0 0 0 0 0 0 0 0 0 0 0 0 0 0 0 0 0 0 0 0 0 0 0 0 0 0 0 0 0 0 0 0 0 0 0 0 0 0 0 0 0 0 0 0 0 0 0 0 0 0 0 0 0 0 0 0 0 0 0 0 0 0 0 0 0 0 0 0 0 0 0 0 0 0 0 0 0 0 0 0 0 0 0 0 0 0 0 0 0 0 0 0 0 0 0 0 0 0 0 0 0 0 0 0 0 0 0 0 0 0 0 0 0 0 0 0 0 0 0 0 0 0 0 0 0 0 0 0 0 0 0 0 0 0 0 0 0 0 0 0 0 0 0 0 0 0 0 0 0 0 0 0 0 0 0 0 0 0 0 0 0 0 0 0 0 0 0 0 0 0 0 0 0 0 0 0 0 0 0 0 0 0 0 0 0 0 0 0 0 0 0 0 0 0 0 0 0 0 0 0 0 0 0 0 0 0 0 0 0 0 0 0 0 0 0 0 0 0 0 0 0 0 0 0 0 0 0 0 0 0 0 0 0 0 0 0 0 0 0 0 0 0 0 0 0 0 0 0 0 0 0 0 0 0 0 0 0 0 0 0 0 0 0 0 0 0 0 0 0 0 0 0 0 0 0 0 0 0 0 0 0 0 0 0 0 0 0 0 0 0 0 0 0 0 0 0 0 0 0 0 0 0 0 0 0 0 0 0 0 0 0 0 0 0 0 0 0 0 0 0 0 0 0 0 0 0 0 0 0 0 0 0 0 0 0 0 0 0 0 0 0 0 0 0 0 0 0 0 0 0 0 0 0 0 0 0 0 0 0 0 0 0 0 0 0 0 0 0 0 0 0 0 0 0 0 0 0 0 0 0 0 0 0 0 0 0 0 0 0 0 0 0 0 0 0 0 0 0 0 0 0 0 0 0 0 0 0 0 0 0 0 0 0 0 0 0 0 0 0 0 0 0 0 0 0 0 0 0 0 0 0 0 0 0 0 0 0 0 0 0 0 0 0 0 0 0 0 0 0 0 0 0 0 0 0 0 0 0 0 0 0 0 0 0 0 0 0 0 0 0 0 0 0 0 0 0 0 0 0 0 0 0 0 0 0 0 0 0 0 0 0 0 0 0 0 0 0 0 0 0 0 0 0 0 0 0 0 0 0 0 0 0 0 0 0 0 0 0 0 0 0 0 0 0 0 0 0 0 0 0 0 0 0 0 0 0 0 0 0 0 0 0 0 0 0 0 0 0 0 0 0 0 0 0 0 0 0 0 0 0 0 0 0 0 0 0 0 0 0 0 0 0 0 0 0 0 0 0 0 0 0 0 0 0 0 0 0 0 0 0 0 0 0 0 0 0 0 0 0 0 0 0 0 0 0 0 0 0 0 0 0 0 0 0 0 0 0 0 0 0 0 0 0 0 0 0 0 0 0 0 0 0 0 0 0 0 0 0 0 0 0 0 0 0 0 0 0 0 0 0 0 0 0 0 0 0 0 0 0 0 0 0 0 0 0 0 0 0 0 0 0 0 0 0 0 0 0 0 0 0 0 0 0 0 0 0 0 0 0 0 0 0 0 0 0 0 0 0 0 0 0 0 0 0 0 0 0 0 0 0 0 0 0 0 0 0 0 0 0 0 0 0 0 0 0 0 0 0 0 0 0 0 0 0 0 0 0 0 0 0 0 0 0 0 0 0 0 0 0 0 0 0 0 0 0 0 0 0 0 0 0 0 0 0 0 0 0 0 0 0 0 0 0 0 0 0 0 0 0 0 0 0 0 0 0 0 0 0 0 0 0 0 0 0 0 0 0 0 0 0 0 0 0 0 0 0 0 0 0 0 0 0 0 0 0 0 0 0 0 0 0 0 0 0 0 0 0 0 0 0 0 0 0 0 0 0 0 0 0 0 0 0 0 0 0 0 0 0 0 0 0 0 0 0 0 0 0 0 0 0 0 0 0 0 0 0 0 0 0 0 0 0 0 0 0 0 0 0 0 0 0 0 0 0 0 0 0 0 0 0 0 0 0 0 0 0 0 0 0 0 0 0 0 0 0 0 0 0 0 0 0 0 0 0 0 0 0 0 0 0 0 0 0 0 0 0 0 0 0 0 0 0 0 0 0 0 0 0 0 0 0 0 0 0 0 0 0 0 0 0 0 0 0 0 0 0 0 0 0 0 0 0 0 0 0 0 0 0 0 0 0 0 0 0 0 0 0 0 0 0 0 0 0 0 0 0 0 0 0 0 0 0 0 0 0 0 0 0 0 0 0 0 0 0 0 0 0 0 0 0 0 0 0 0 0 0 0 0 0 0 0 0 0 0 0 0 0 0 0 0 0 0 0 0 0 0 0 0 0 0 0 0 0 0 0 0 0 0 0 0 0 0 0 0 0 0 0 0 0 0 0 0 0 0 0 0 0 0 0 0 0 0 0 0 0 0 0 0 0 0 0 0 0 0 0 0 0 0 0 0 0 0 0 0 0 0 0 0 0 0 0 0 0 0 0 0 0 0 0 0 0 0 0 0 0 0 0 0 0 0 0 0 0 0 0 0 0 0 0 0 0 0 0 0 0 0 0 0 0 0 0 0 0 0 0 0 0 0 0 0 0 0 0 0 0 0 0 0 0 0 0 0 0 0 0 0 0 0 0 0 0 0 0 0 0 0 0 0 0 0 0 0 0 0 0 0 0 0 0 0 0 0 0 0 0 0 0 0 0 0 0 0 0 0 0 0 0 0 0 0 0 0 0 0 0 0 0 0 0 0 0 0 0 0 0 0 0 0 0 0 0 0 0 0 0 0 0 0 0 0 0 0 0 0 0 0 0 0 0 0 0 0 0 0 0 0 0 0 0 0 0 0 0 0 0 0 0 0 0 0 0 0 0 0 0 0 0 0 0 0 0 0 0 0 0 0 0 0 0 0 0 0 0 0 0 0 0 0 0 0 0 0 0 0 0 0 0 0 0 0 0 0 0 0 0 0 0 0 0 0 0 0 0 0 0 0 0 0 0 0 0 0 0 0 0 0 0 0 0 0 0 0 0 0 0 0 0 0 0 0 0 0 0 0 0 0 0 0 0 0 0 0 0 0 0 0 0 0 0 0 0 0 0 0 0 0 0 0 0 0 0 0 0 0 0 0 0 0 0 0 0 0 0 0 0 0 0 0 0 0 0 0 0 0 0 0 0 0 0 0 0 0 0 0 0 0 0 0 0 0 0 0 0 0 0 0 0 0 0 0 0 0 0 0 0 0 0 0 0 0 0 0 0 0 0 0 0 0 0 0 0 0 0 0 0 0 0 0 0 0 0 0 0 0 0 0 0 0 0 0 0 0 0 0 0 0 0 0 0 0 0 0 0 0 0 0 0 0 0 0 0 0 0 0 0 0 0 0 0 0 0 0 0 0 0 0 0 0 0 0 0 0 0 0 0 0 0 0 0 0 0 0 0 0 0 0 0 0 0 0 0 0 0 0 0 0 0 0 0 0 0 0 0 0 0 0 0 0 0 0 0 0 0 0 0 0 0 0 0 0 0 0 0 0 0 0 0 0 0 0 0 0 0 0 0 0 0 0 0 0 0 0 0 0 0 0 0 0 0 0 0 0 0 0 0 0 0 0 0 0 0 0 0 0 0 0 0 0 0 0 0 0 0 0 0 0 0 0 0 0 0 0 0 0 0 0 0 0 0 0 0 0 0 0 0 0 0 0 0 0 0 0 0 0 0 0 0 0 0 0 0 0 0 0 0 0 0 0 0 0 0 0 0 0 0 0 0 0 0 0 0 0 0 0 0 0 0 0 0 0 0 0 0 0 0 0 0 0 0 0 0 0 0 0 0 0 0 0 0 0 0 0 0 0 0 0 0 0 0 0 0 0 0 0 0 0 0 0 0 0 0 0 0 0 0 0 0 0 0 0 0 0 0 0 0 0 0 0 0 0 0 0 0 0 0 0 0 0 0 0 0 0 0 0 0 0 0 0 0 0 0 0 0 0 0 0 0 0 0 0 0 0 0 0 0 0 0 0 0 0 0 0 0 0 0 0 0 0 0 0 0 0 0 0 0 0 0 0 0 0 0 0 0 0 0 0 0 0 0 0 0 0 0 0 0 0 0 0 0 0 0 0 0 0 0 0 0 0 0 0 0 0 0 0 0 0 0 0 0 0 0 0 0 0 0 0 0 0 0 0 0 0 0 0 0 0 0 0 0 0 0 0 0 0 0 0 0 0 0 0 0 0 0 0 0 0 0 0 0 0 0 0 0 0 0 0 0 0 0 0 0 0 0 0 0 0 0 0 0 0 0 0 0 0 0 0 0 0 0 0 0 0 0 0 0 0 0 0 0 0 0 0 0 0 0 0 0 0 0 0 0 0 0 0 0 0 0 0 0 0 0 0 0 0 0 0 0 0 0 0 0 0 0 0 0 0 0 0 0 0 0 0 0 0 0 0 0 0 0 0 0 0 0 0 0 0 0 0 0 0 0 0 0 0 0 0 0 0 0 0 0 0 0 0 0 0 0 0 0 0 0 0 0 0 0 0 0 0 0 0 0 0 0 0 0 0 0 0 0 0 0 0 0 0 0 0 0 0 0 0 0 0 0 0 0 0 0 0 0 0 0 0 0 0 0 0 0 0 0 0 0 0 0 0 0 0 0 0 0 0 0 0 0 0 0 0 0 0 0 0 0 0 0 0 0 0 0 0 0 0 0 0 0 0 0 0 0 0 0 0 0 0 0 0 0 0 0 0 0 0 0 0 0 0 0 0 0 0 0 0 0 0 0 0 0 0 0 0 0 0 0 0 0 0 0 0 0 0 0 0 0 0 0 0 0 0 0 0 0 0 0 0 0 0 0 0 0 0 0 0 0 0 0 0 0 0 0 0 0 0 0 0 0 0 0 0 0 0 0 0 0 0 0 0 0 0 0 0 0 0 0 0 0 0 0 0 0 0 0 0 0 0 0 0 0 0 0 0 0 0 0 0 0 0 0 0 0 0 0 0 0 0 0 0 0 0 0 0 0 0 0 0 0 0 0 0 0 0 0 0 0 0 0 0 0 0 0 0 0 0 0 0 0 0 0 0 0 0 0 0 0 0 0 0 0 0 0 0 0 0 0 0 0 0 0 0 0 0 0 0 0 0 0 0 0 0 0 0 0 0 0 0 0 0 0 0 0 0 0 0 0 0 0 0 0 0 0 0 0 0 0 0 0 0 0 0 0 0 0 0 0 0 0 0 0 0 0 0 0 0 0 0 0 0 0 0 0 0 0 0 0 0 0 0 0 0 0 0 0 0 0 0 0 0 0 0 0 0 0 0 0 0 0 0 0 0 0 0 0 0 0 0 0 0 0 0 0 0 0 0 0 0 0 0 0 0 0 0 0 0 0 0 0 0 0 0 0 0 0 0 0 0 0 0 0 0 0 0 0 0 0 0 0 0 0 0 0 0 0 0 0 0 0 0 0 0 0 0 0 0 0 0 0 0 0 0 0 0 0 0 0 0 0 0 0 0 0 0 0 0 0 0 0 0 0 0 0 0 0 0 0 0 0 0 0 0 0 0 0 0 0 0 0 0 0 0 0 0 0 0 0 0 0 0 0 0 0 0 0 0 0 0 0 0 0 0 0 0 0 0 0 0 0 0 0 0 0 0 0 0 0 0 0 0 0 0 0 0 0 0 0 0 0 0 0 0 0 0 0 0 0 0 0 0 0 0 0 0 0 0 0 0 0 0 0 0 0 0 0 0 0 0 0 0 0 0 0 0 0 0 0 0 0 0 0 0 0 0 0 0 0 0 0 0 0 0 0 0 0 0 0 0 0 0 0 0 0 0 0 0 0 0 0 0 0 0 0 0 0 0 0 0 0 0 0 0 0 0 0 0 0 0 0 0 0 0 0 0 0 0 0 0 0 0 0 0 0 0 0 0 0 0 0 0 0 0 0 0 0 0 0 0 0 0 0 0 0 0 0 0 0 0 0 0 0 0 0 0 0 0 0 0 0 0 0 0 0 0 0 0 0 0 0 0 0 0 0 0 0 0 0 0 0 0 0 0 0 0 0 0 0 0 0 0 0 0 0 0 0 0 0 0 0 0 0 0 0 0 0 0 0 0 0 0 0 0 0 0 0 0 0 0 0 0 0 0 0 0 0 0 0 0 0 0 0 0 0 0 0 0 0 0 0 0 0 0 0 0 0 0 0 0 0 0 0 0 0 0 0 0 0 0 0 0 0 0 0 0 0 0 0 0 0 0 0 0 0 0 0 0 0 0 0 0 0 0 0 0 0 0 0 0 0 0 0 0 0 0 0 0 0 0 0 0 0 0 0 0 0 0 0 0 0 0 0 0 0 0 0 0 0 0 0 0 0 0 0 0 0 0 0 0 0 0 0 0 0 0 0 0 0 0 0 0 0 0 0 0 0 0 0 0 0 0 0 0 0 0 0 0 0 0 0 0 0 0 0 0 0 0 0 0 0 0 0 0 0 0 0 0 0 0 0 0 0 0 0 0 0 0 0 0 0 0 0 0 0 0 0 0 0 0 0 0 0 0 0 0 0 0 0 0 0 0 0 0 0 0 0 0 0 0 0 0 0 0 0 0 0 0 0 0 0 0 0 0 0 0 0 0 0 0 0 0 0 0 0 0 0 0 0 0 0 0 0 0 0 0 0 0 0 0 0 0 0 0 0 0 0 0 0 0 0 0 0 0 0 0 0 0 0 0 0 0 0 0 0 0 0 0 0 0 0 0 0 0 0 0 0 0 0 0 0 0 0 0 0 0 0 0 0 0 0 0 0 0 0 0 0 0 0 0 0 0 0 0 0 0 0 0 0 0 0 0 0 0 0 0 0 0 0 0 0 0 0 0 0 0 0 0 0 0 0 0 0 0 0 0 0 0 0 0 0 0 0 0 0 0 0 0 0 0 0 0 0 0 0 0 0 0 0 0 0 0 0 0 0 0 0 0 0 0 0 0 0 0 0 0 0 0 0 0 0 0 0 0 0 0 0 0 0 0 0 0 0 0 0 0 0 0 0 0 0 0 0 0 0 0 0 0 0 0 0 0 0 0 0 0 0 0 0 0 0 0 0 0 0 0 0 0 0 0 0 0 0 0 0 0 0 0 0 0 0 0 0 0 0 0 0 0 0 0 0 0 0 0 0 0 0 0 0 0 0 0 0 0 0 0 0 0 0 0 0 0 0 0 0 0 0 0 0 0 0 0 0 0 0 0 0 0 0 0 0 0 0 0 0 0 0 0 0 0 0 0 0 0 0 0 0 0 0 0 0 0 0 0 0 0 0 0 0 0 0 0 0 0 0 0 0 0 0 0 0 0 0 0 0 0 0 0 0 0 0 0 0 0 0 0 0 0 0 0 0 0 0 0 0 0 0 0 0 0 0 0 0 0 0 0 0 0 0 0 0 0 0 0 0 0 0 0 0 0 0 0 0 0 0 0 0 0 0 0 0 0 0 0 0 0 0 0 0 0 0 0 0 0 0 0 0 0 0 0 0 0 0 0 0 0 0 0 0 0 0 0 0 0 0 0 0 0 0 0 0 0 0 0 0 0 0 0 0 0 0 0 0 0 0 0 0 0 0 0 0 0 0 0 0 0 0 0 0 0 0 0 0 0 0 0 0 0 0 0 0 0 0 0 0 0 0 0 0 0 0 0 0 0 0 0 0 0 0 0 0 0 0 0 0 0 0 0 0 0 0 0 0 0 0 0 0 0 0 0 0 0 0 0 0 0 0 0 0 0 0 0 0 0 0 0 0 0 0 0 0 0 0 0 0 0 0 0 0 0 0 0 0 0 0 0 0 0 0 0 0 0 0 0 0 0 0 0 0 0 0 0 0 0 0 0 0 0 0 0 0 0 0 0 0 0 0 0 0 0 0 0 0 0 0 0 0 0 0 0 0 0 0 0 0 0 0 0 0 0 0 0 0 0 0 0 0 0 0 0 0 0 0 0 0 0 0 0 0 0 0 0 0 0 0 0 0 0 0 0 0 0 0 0 0 0 0 0 0 0 0 0 0 0 0 0 0 0 0 0 0 0 0 0 0 0 0 0 0 0 0 0 0 0 0 0
        </DataArray>
      </PointData>
    </Piece>
  </UnstructuredGrid>
</VTKFile>
