<?xml version="1.0"?>
<VTKFile type="UnstructuredGrid" version="1.0" byte_order="LittleEndian">
  <UnstructuredGrid>
    <Piece NumberOfPoints="1940" NumberOfCells="1940">
      <Points>
        <DataArray type="Float32" NumberOfComponents="3" format="ascii">
          -9.532674e-03 8.866502e-03 -1.212727e-03
          -9.533058e-03 8.866134e-03 -2.424787e-03
          -9.534962e-03 8.864419e-03 -2.727630e-03
          -9.534976e-03 8.864406e-03 -3.030659e-03
          -9.534989e-03 8.864393e-03 -3.333688e-03
          -9.535003e-03 8.864380e-03 -3.636718e-03
          -9.538359e-03 6.276840e-03 -3.636640e-03
          -9.541327e-03 4.557130e-03 -3.333888e-03
          -9.540349e-03 4.269782e-03 -3.030893e-03
          -9.541368e-03 4.267879e-03 -3.333889e-03
          -9.540365e-03 3.980595e-03 -2.727863e-03
          -9.540390e-03 3.980534e-03 -3.030894e-03
          -9.541410e-03 3.978628e-03 -3.333890e-03
          -9.549528e-03 3.949244e-03 -3.939492e-03
          -9.551827e-03 3.694127e-03 -2.727941e-03
          -9.551851e-03 3.694063e-03 -3.030973e-03
          -9.551875e-03 3.693999e-03 -3.334004e-03
          -9.553214e-03 3.688119e-03 -3.637284e-03
          -9.551163e-03 3.406638e-03 -3.637169e-03
          -9.553310e-03 3.396413e-03 -3.940532e-03
          -9.553326e-03 3.396351e-03 -4.243563e-03
          -9.551388e-03 3.119619e-03 -1.818586e-03
          -9.550928e-03 3.118444e-03 -3.637154e-03
          -9.553318e-03 3.108215e-03 -3.940574e-03
          -9.550458e-03 2.833674e-03 -1.818563e-03
          -9.550982e-03 2.829180e-03 -3.637157e-03
          -9.553369e-03 2.818949e-03 -3.940576e-03
          -9.559155e-03 1.642773e-03 -3.939934e-03
          -9.559224e-03 1.353486e-03 -3.939937e-03
          -9.559226e-03 1.353405e-03 -4.242968e-03
          -9.572713e-03 1.091662e-03 -3.637863e-03
          -9.566260e-03 7.759585e-04 -3.940153e-03
          -9.566330e-03 4.866549e-04 -3.940154e-03
          -9.589555e-03 -6.345241e-04 -3.335988e-03
          -9.589641e-03 -9.237676e-04 -3.032953e-03
          -9.589627e-03 -9.238566e-04 -3.335988e-03
          -9.592628e-03 -1.215791e-03 -2.729732e-03
          -9.592611e-03 -1.215879e-03 -3.032767e-03
          -9.592595e-03 -1.215967e-03 -3.335802e-03
          -9.594148e-03 -1.522714e-03 -3.334188e-03
          -9.595820e-03 -1.521261e-03 -3.638049e-03
          -9.597810e-03 -1.805501e-03 -3.637948e-03
          -9.594830e-03 -1.815267e-03 -3.941715e-03
          -9.594807e-03 -1.815334e-03 -4.244746e-03
          -9.597868e-03 -2.094850e-03 -3.637946e-03
          -9.594887e-03 -2.104612e-03 -3.941713e-03
          -9.598258e-03 -2.378962e-03 -1.817896e-03
          -9.597927e-03 -2.384199e-03 -3.637944e-03
          -9.608297e-03 -5.598011e-03 -3.332408e-03
          -9.608299e-03 -5.887384e-03 -3.332403e-03
          -9.608330e-03 -6.176724e-03 -3.029361e-03
          -9.608302e-03 -6.176755e-03 -3.332398e-03
          -9.840187e-03 6.272687e-03 -3.636442e-03
          -9.852261e-03 3.682517e-03 -3.333571e-03
          -9.851768e-03 3.683881e-03 -3.636661e-03
          -9.851793e-03 3.394711e-03 -3.636662e-03
          -9.851844e-03 3.105444e-03 -3.636664e-03
          -9.870486e-03 1.083413e-03 -3.333878e-03
          -9.870107e-03 1.082875e-03 -3.636920e-03
          -9.870285e-03 7.937011e-04 -3.636919e-03
          -9.883213e-03 -1.233499e-03 -3.637507e-03
          -9.887620e-03 -3.856746e-03 -1.513899e-03
          -1.013775e-02 6.544264e-03 -4.415111e-07
          -1.013396e-02 6.276797e-03 -5.333004e-07
          -1.013397e-02 6.276790e-03 -3.035605e-04
          -1.013397e-02 6.276783e-03 -6.065877e-04
          -1.013398e-02 6.276776e-03 -9.096148e-04
          -1.013399e-02 6.276769e-03 -1.212642e-03
          -1.013734e-02 6.272034e-03 -3.333380e-03
          -1.013735e-02 6.272008e-03 -3.636410e-03
          -1.013738e-02 5.982749e-03 -3.636410e-03
          -1.014861e-02 3.682402e-03 -2.727500e-03
          -1.014863e-02 3.682352e-03 -3.030531e-03
          -1.014864e-02 3.682302e-03 -3.333563e-03
          -1.014866e-02 3.682252e-03 -3.636594e-03
          -1.014868e-02 3.393087e-03 -3.030532e-03
          -1.014869e-02 3.393034e-03 -3.333564e-03
          -1.014871e-02 3.392981e-03 -3.636596e-03
          -1.014540e-02 3.115043e-03 -6.060556e-04
          -1.014664e-02 3.111796e-03 -1.818217e-03
          -1.014874e-02 3.103766e-03 -3.333566e-03
          -1.014876e-02 3.103710e-03 -3.636597e-03
          -1.014881e-02 2.814439e-03 -3.636599e-03
          -1.014886e-02 2.525162e-03 -3.636600e-03
          -1.015358e-02 1.929286e-03 -3.333271e-03
          -1.015350e-02 1.926214e-03 -3.939545e-03
          -1.015635e-02 1.670944e-03 -1.818211e-03
          -1.015356e-02 1.636925e-03 -3.939546e-03
          -1.015642e-02 1.381662e-03 -1.818211e-03
          -1.015420e-02 1.348445e-03 -3.939566e-03
          -1.016678e-02 1.083369e-03 -3.030837e-03
          -1.016679e-02 1.083299e-03 -3.333870e-03
          -1.016679e-02 1.083229e-03 -3.636903e-03
          -1.016141e-02 8.074517e-04 -1.211871e-03
          -1.016685e-02 7.939942e-04 -3.333871e-03
          -1.016686e-02 7.939238e-04 -3.636904e-03
          -1.016716e-02 5.195237e-04 -6.050337e-04
          -1.016707e-02 5.149246e-04 -1.818187e-03
          -1.016692e-02 5.046894e-04 -3.333872e-03
          -1.016692e-02 5.046186e-04 -3.636905e-03
          -1.016714e-02 2.256152e-04 -1.818187e-03
          -1.016698e-02 2.153847e-04 -3.333872e-03
          -1.016698e-02 2.153134e-04 -3.636906e-03
          -1.016705e-02 -7.393220e-05 -3.333873e-03
          -1.017727e-02 -6.461692e-04 -1.817939e-03
          -1.017741e-02 -1.224845e-03 -1.817934e-03
          -1.018322e-02 -1.529295e-03 -3.636514e-03
          -1.018327e-02 -1.818638e-03 -3.636512e-03
          -1.018332e-02 -2.107980e-03 -3.636510e-03
          -1.018337e-02 -2.397323e-03 -3.636508e-03
          -1.018115e-02 -3.861076e-03 -1.817005e-03
          -1.017889e-02 -7.636322e-03 -2.726282e-03
          -1.043033e-02 6.276724e-03 -5.296807e-07
          -1.043033e-02 6.276717e-03 -3.035571e-04
          -1.043034e-02 6.276711e-03 -6.065846e-04
          -1.043035e-02 6.276704e-03 -9.096120e-04
          -1.043035e-02 6.276698e-03 -1.212639e-03
          -1.043365e-02 6.272027e-03 -2.727318e-03
          -1.043367e-02 6.272005e-03 -3.030348e-03
          -1.043368e-02 6.271983e-03 -3.333378e-03
          -1.043370e-02 6.271961e-03 -3.636408e-03
          -1.043034e-02 5.987479e-03 -5.281712e-07
          -1.043035e-02 5.987472e-03 -3.035557e-04
          -1.043036e-02 5.987465e-03 -6.065832e-04
          -1.043037e-02 5.987458e-03 -9.096108e-04
          -1.043038e-02 5.987451e-03 -1.212638e-03
          -1.043369e-02 5.982748e-03 -3.030347e-03
          -1.043371e-02 5.982723e-03 -3.333378e-03
          -1.043372e-02 5.982698e-03 -3.636408e-03
          -1.043040e-02 5.698203e-03 -1.212637e-03
          -1.043375e-02 5.693435e-03 -3.636408e-03
          -1.044495e-02 3.682300e-03 -2.727496e-03
          -1.044497e-02 3.682257e-03 -3.030528e-03
          -1.044498e-02 3.682214e-03 -3.333559e-03
          -1.044500e-02 3.682171e-03 -3.636591e-03
          -1.044500e-02 3.393033e-03 -2.727497e-03
          -1.044501e-02 3.392988e-03 -3.030529e-03
          -1.044503e-02 3.392942e-03 -3.333560e-03
          -1.044504e-02 3.392896e-03 -3.636592e-03
          -1.044506e-02 3.103718e-03 -3.030529e-03
          -1.044507e-02 3.103670e-03 -3.333561e-03
          -1.044509e-02 3.103622e-03 -3.636593e-03
          -1.044511e-02 2.814448e-03 -3.030530e-03
          -1.044512e-02 2.814398e-03 -3.333562e-03
          -1.044513e-02 2.814347e-03 -3.636594e-03
          -1.044517e-02 2.525120e-03 -3.333563e-03
          -1.044518e-02 2.525068e-03 -3.636595e-03
          -1.044523e-02 2.235832e-03 -3.333564e-03
          -1.044994e-02 1.640004e-03 -2.727200e-03
          -1.045478e-02 1.651699e-03 -4.849220e-03
          -1.045010e-02 1.347003e-03 -3.939506e-03
          -1.045484e-02 1.362401e-03 -4.849221e-03
          -1.046308e-02 1.083303e-03 -2.727797e-03
          -1.046309e-02 1.083244e-03 -3.030830e-03
          -1.046309e-02 1.083185e-03 -3.333863e-03
          -1.046310e-02 1.083125e-03 -3.636896e-03
          -1.046119e-02 1.073473e-03 -4.546330e-03
          -1.046315e-02 7.939986e-04 -2.727797e-03
          -1.046315e-02 7.939391e-04 -3.030830e-03
          -1.046315e-02 7.938793e-04 -3.333863e-03
          -1.046315e-02 7.938194e-04 -3.636897e-03
          -1.046321e-02 5.046941e-04 -2.727797e-03
          -1.046321e-02 5.046342e-04 -3.030830e-03
          -1.046321e-02 5.045741e-04 -3.333864e-03
          -1.046321e-02 5.045137e-04 -3.636897e-03
          -1.046327e-02 2.153293e-04 -3.030830e-03
          -1.046327e-02 2.152688e-04 -3.333864e-03
          -1.046327e-02 2.152081e-04 -3.636898e-03
          -1.046333e-02 -7.398707e-05 -3.030830e-03
          -1.046333e-02 -7.404750e-05 -3.333864e-03
          -1.046314e-02 -7.831476e-05 -3.637063e-03
          -1.046327e-02 -3.646322e-04 -3.030754e-03
          -1.046377e-02 -3.651154e-04 -3.333786e-03
          -1.047950e-02 -1.529278e-03 -3.030435e-03
          -1.047949e-02 -1.529335e-03 -3.333470e-03
          -1.047948e-02 -1.529391e-03 -3.636505e-03
          -1.047954e-02 -1.818676e-03 -3.333468e-03
          -1.047953e-02 -1.818730e-03 -3.636503e-03
          -1.047959e-02 -2.108017e-03 -3.333466e-03
          -1.047957e-02 -2.108070e-03 -3.636501e-03
          -1.047964e-02 -2.397359e-03 -3.333464e-03
          -1.047962e-02 -2.397409e-03 -3.636499e-03
          -1.047969e-02 -2.686662e-03 -3.030425e-03
          -1.047968e-02 -2.686710e-03 -3.333461e-03
          -1.048555e-02 -3.267598e-03 -2.423084e-03
          -1.048663e-02 -3.557369e-03 -2.422853e-03
          -1.047380e-02 -7.636012e-03 -2.726262e-03
          -1.072411e-02 8.862866e-03 -9.097945e-04
          -1.072412e-02 8.862861e-03 -1.212823e-03
          -1.072471e-02 7.135233e-03 -1.212757e-03
          -1.072563e-02 7.134414e-03 -2.424497e-03
          -1.072564e-02 6.845215e-03 -2.424496e-03
          -1.072669e-02 6.276650e-03 -5.260608e-07
          -1.072670e-02 6.276645e-03 -3.035538e-04
          -1.072670e-02 6.276639e-03 -6.065815e-04
          -1.072671e-02 6.276633e-03 -9.096092e-04
          -1.072672e-02 6.276627e-03 -1.212637e-03
          -1.073000e-02 6.271987e-03 -2.424286e-03
          -1.073001e-02 6.271969e-03 -2.727316e-03
          -1.073002e-02 6.271951e-03 -3.030346e-03
          -1.073003e-02 6.271932e-03 -3.333376e-03
          -1.073005e-02 6.271913e-03 -3.636407e-03
          -1.073286e-02 6.266668e-03 -4.848522e-03
          -1.072671e-02 5.987399e-03 -5.244016e-07
          -1.072672e-02 5.987393e-03 -3.035522e-04
          -1.072673e-02 5.987387e-03 -6.065800e-04
          -1.072673e-02 5.987380e-03 -9.096078e-04
          -1.072674e-02 5.987374e-03 -1.212636e-03
          -1.073002e-02 5.982728e-03 -2.424285e-03
          -1.073003e-02 5.982709e-03 -2.727315e-03
          -1.073004e-02 5.982688e-03 -3.030345e-03
          -1.073006e-02 5.982668e-03 -3.333376e-03
          -1.073007e-02 5.982647e-03 -3.636406e-03
          -1.072673e-02 5.698147e-03 -5.227393e-07
          -1.072674e-02 5.698141e-03 -3.035506e-04
          -1.072675e-02 5.698134e-03 -6.065785e-04
          -1.072675e-02 5.698127e-03 -9.096064e-04
          -1.072676e-02 5.698120e-03 -1.212634e-03
          -1.073005e-02 5.693448e-03 -2.727314e-03
          -1.073007e-02 5.693426e-03 -3.030345e-03
          -1.073008e-02 5.693403e-03 -3.333375e-03
          -1.073009e-02 5.693380e-03 -3.636406e-03
          -1.072675e-02 5.408896e-03 -5.210766e-07
          -1.072676e-02 5.408889e-03 -3.035491e-04
          -1.072677e-02 5.408882e-03 -6.065771e-04
          -1.072677e-02 5.408874e-03 -9.096050e-04
          -1.072678e-02 5.408867e-03 -1.212633e-03
          -1.073009e-02 5.404163e-03 -3.030344e-03
          -1.073010e-02 5.404138e-03 -3.333375e-03
          -1.073011e-02 5.404113e-03 -3.636405e-03
          -1.073012e-02 5.114873e-03 -3.333374e-03
          -1.073014e-02 5.114846e-03 -3.636405e-03
          -1.073675e-02 5.115368e-03 -3.939557e-03
          -1.073675e-02 5.115343e-03 -4.242588e-03
          -1.073685e-02 5.114567e-03 -4.545620e-03
          -1.074129e-02 3.682198e-03 -2.727493e-03
          -1.074131e-02 3.682162e-03 -3.030524e-03
          -1.074132e-02 3.682126e-03 -3.333556e-03
          -1.074133e-02 3.682090e-03 -3.636587e-03
          -1.074134e-02 3.392926e-03 -2.727493e-03
          -1.074135e-02 3.392888e-03 -3.030525e-03
          -1.074136e-02 3.392850e-03 -3.333557e-03
          -1.074137e-02 3.392812e-03 -3.636588e-03
          -1.074232e-02 3.384151e-03 -4.242810e-03
          -1.074138e-02 3.103653e-03 -2.727493e-03
          -1.074139e-02 3.103614e-03 -3.030525e-03
          -1.074141e-02 3.103574e-03 -3.333557e-03
          -1.074142e-02 3.103534e-03 -3.636589e-03
          -1.074143e-02 2.814381e-03 -2.727494e-03
          -1.074144e-02 2.814339e-03 -3.030526e-03
          -1.074145e-02 2.814297e-03 -3.333558e-03
          -1.074146e-02 2.814255e-03 -3.636590e-03
          -1.074163e-02 2.524525e-03 -2.727484e-03
          -1.074164e-02 2.524481e-03 -3.030516e-03
          -1.074165e-02 2.524438e-03 -3.333548e-03
          -1.074166e-02 2.524394e-03 -3.636581e-03
          -1.075027e-02 1.948535e-03 -3.333810e-03
          -1.075025e-02 1.938340e-03 -4.849111e-03
          -1.075014e-02 1.661064e-03 -3.030720e-03
          -1.075032e-02 1.659244e-03 -3.333811e-03
          -1.075031e-02 1.649042e-03 -4.849112e-03
          -1.075019e-02 1.371823e-03 -2.727688e-03
          -1.075020e-02 1.371774e-03 -3.030721e-03
          -1.075038e-02 1.369953e-03 -3.333811e-03
          -1.075037e-02 1.359745e-03 -4.849114e-03
          -1.075939e-02 1.083168e-03 -2.727789e-03
          -1.075939e-02 1.083119e-03 -3.030822e-03
          -1.075939e-02 1.083070e-03 -3.333856e-03
          -1.075940e-02 1.083021e-03 -3.636889e-03
          -1.075405e-02 1.073264e-03 -4.243215e-03
          -1.075495e-02 1.073268e-03 -4.546268e-03
          -1.075944e-02 7.938625e-04 -2.727789e-03
          -1.075945e-02 7.938134e-04 -3.030822e-03
          -1.075945e-02 7.937643e-04 -3.333856e-03
          -1.075945e-02 7.937149e-04 -3.636889e-03
          -1.075900e-02 7.842504e-04 -3.940291e-03
          -1.075900e-02 7.842098e-04 -4.243325e-03
          -1.075900e-02 7.835135e-04 -4.546362e-03
          -1.075950e-02 5.045574e-04 -2.727789e-03
          -1.075950e-02 5.045079e-04 -3.030822e-03
          -1.075950e-02 5.044585e-04 -3.333856e-03
          -1.075950e-02 5.044088e-04 -3.636889e-03
          -1.075910e-02 4.949076e-04 -4.243326e-03
          -1.075904e-02 4.942094e-04 -4.546363e-03
          -1.075956e-02 2.152523e-04 -2.727789e-03
          -1.075956e-02 2.152025e-04 -3.030822e-03
          -1.075956e-02 2.151527e-04 -3.333856e-03
          -1.075956e-02 2.151027e-04 -3.636890e-03
          -1.075915e-02 2.056028e-04 -4.243326e-03
          -1.075908e-02 2.049054e-04 -4.546363e-03
          -1.075944e-02 -7.598831e-05 -2.727678e-03
          -1.075943e-02 -7.603803e-05 -3.030712e-03
          -1.075943e-02 -7.608776e-05 -3.333746e-03
          -1.076015e-02 -7.944344e-05 -3.636947e-03
          -1.076565e-02 -8.788067e-05 -4.546284e-03
          -1.077010e-02 -1.242225e-03 -3.637011e-03
          -1.077577e-02 -1.529347e-03 -2.727391e-03
          -1.077576e-02 -1.529393e-03 -3.030426e-03
          -1.077575e-02 -1.529440e-03 -3.333461e-03
          -1.077574e-02 -1.529486e-03 -3.636496e-03
          -1.077581e-02 -1.818688e-03 -2.727389e-03
          -1.077580e-02 -1.818733e-03 -3.030424e-03
          -1.077579e-02 -1.818778e-03 -3.333459e-03
          -1.077579e-02 -1.818823e-03 -3.636494e-03
          -1.077586e-02 -2.108029e-03 -2.727387e-03
          -1.077585e-02 -2.108073e-03 -3.030422e-03
          -1.077584e-02 -2.108116e-03 -3.333457e-03
          -1.077583e-02 -2.108159e-03 -3.636492e-03
          -1.077591e-02 -2.397371e-03 -2.727385e-03
          -1.077589e-02 -2.397412e-03 -3.030420e-03
          -1.077588e-02 -2.397454e-03 -3.333455e-03
          -1.077587e-02 -2.397495e-03 -3.636490e-03
          -1.077754e-02 -2.687317e-03 -2.423998e-03
          -1.077422e-02 -2.690569e-03 -3.333368e-03
          -1.078172e-02 -2.977485e-03 -1.209560e-03
          -1.078192e-02 -2.978409e-03 -2.423042e-03
          -1.078341e-02 -3.265764e-03 -1.209396e-03
          -1.078282e-02 -3.268109e-03 -2.422849e-03
          -1.078042e-02 -3.273927e-03 -3.333008e-03
          -1.078344e-02 -3.555125e-03 -1.209392e-03
          -1.078285e-02 -3.557464e-03 -2.422846e-03
          -1.078083e-02 -3.562496e-03 -3.029881e-03
          -1.078045e-02 -3.563278e-03 -3.333005e-03
          -1.078329e-02 -3.859983e-03 -3.635330e-03
          -1.078597e-02 -4.722709e-03 -1.208895e-03
          -1.078336e-02 -4.728036e-03 -3.635319e-03
          -1.078601e-02 -5.012044e-03 -2.997747e-04
          -1.078600e-02 -5.012054e-03 -6.028135e-04
          -1.078600e-02 -5.012065e-03 -9.058523e-04
          -1.078600e-02 -5.012075e-03 -1.208891e-03
          -1.078339e-02 -5.017387e-03 -3.635315e-03
          -1.102711e-02 6.271163e-03 -1.212314e-03
          -1.102937e-02 6.267797e-03 -3.636271e-03
          -1.104010e-02 5.974774e-03 -1.185333e-06
          -1.103708e-02 3.673258e-03 -3.333296e-03
          -1.105172e-02 1.074997e-03 -3.333434e-03
          -1.105495e-02 1.074929e-03 -3.636427e-03
          -1.105499e-02 7.856655e-04 -3.333394e-03
          -1.105500e-02 7.856234e-04 -3.636427e-03
          -1.105504e-02 4.963601e-04 -3.333394e-03
          -1.105504e-02 4.963178e-04 -3.636427e-03
          -1.108095e-02 -8.501452e-03 -1.511450e-03
          -1.133857e-02 5.964428e-03 -8.738825e-07
          -1.133306e-02 3.942752e-03 -1.514749e-03
          -1.133307e-02 3.942734e-03 -1.817780e-03
          -1.134013e-02 1.923534e-03 -1.514579e-03
          -1.134018e-02 1.634243e-03 -1.514577e-03
          -1.134019e-02 1.634219e-03 -1.817610e-03
          -1.134023e-02 1.344951e-03 -1.514575e-03
          -1.134024e-02 1.344927e-03 -1.817608e-03
          -1.134024e-02 1.344902e-03 -2.120642e-03
          -1.134025e-02 1.344878e-03 -2.423675e-03
          -1.134059e-02 1.342765e-03 -2.726827e-03
          -1.134060e-02 1.342730e-03 -3.029860e-03
          -1.134958e-02 -1.002108e-04 -1.514297e-03
          -1.134963e-02 -3.895366e-04 -1.514294e-03
          -1.134968e-02 -6.788624e-04 -1.514292e-03
          -1.134973e-02 -9.681881e-04 -1.514289e-03
          -1.137719e-02 -7.922761e-03 -2.117536e-03
          -1.137719e-02 -8.212094e-03 -9.053727e-04
          -1.137719e-02 -8.212104e-03 -1.208412e-03
          -1.137718e-02 -8.212114e-03 -1.511451e-03
          -1.137718e-02 -8.212126e-03 -1.814492e-03
          -1.163245e-02 3.673059e-03 -1.211630e-03
          -1.163316e-02 3.671721e-03 -2.423835e-03
          -1.164672e-02 1.071252e-03 -2.423488e-03
          -1.167334e-02 -6.186592e-03 -2.117556e-03
          -1.167333e-02 -6.186607e-03 -2.420598e-03
          -1.167336e-02 -6.475963e-03 -2.117552e-03
          -1.167335e-02 -6.475977e-03 -2.420593e-03
          -1.167337e-02 -6.765329e-03 -2.117548e-03
          -1.167336e-02 -6.765343e-03 -2.420589e-03
          -1.167339e-02 -7.054682e-03 -1.814503e-03
          -1.167339e-02 -7.054695e-03 -2.117544e-03
          -1.167338e-02 -7.054709e-03 -2.420585e-03
          -1.167341e-02 -7.344037e-03 -1.511459e-03
          -1.167341e-02 -7.344048e-03 -1.814499e-03
          -1.167340e-02 -7.344062e-03 -2.117540e-03
          -1.167339e-02 -7.344076e-03 -2.420581e-03
          -1.167343e-02 -7.633393e-03 -1.208415e-03
          -1.167343e-02 -7.633403e-03 -1.511455e-03
          -1.167342e-02 -7.633414e-03 -1.814495e-03
          -1.167342e-02 -7.633428e-03 -2.117536e-03
          -1.167341e-02 -7.633442e-03 -2.420577e-03
          -1.167343e-02 -7.922745e-03 -2.992976e-04
          -1.167343e-02 -7.922755e-03 -6.023367e-04
          -1.167342e-02 -7.922764e-03 -9.053757e-04
          -1.167342e-02 -7.922774e-03 -1.208415e-03
          -1.167341e-02 -7.922783e-03 -1.511454e-03
          -1.167341e-02 -7.922793e-03 -1.814493e-03
          -1.167340e-02 -7.922805e-03 -2.117533e-03
          -1.167213e-02 -7.924988e-03 -3.331319e-03
          -1.167212e-02 -7.925002e-03 -3.634357e-03
          -1.167211e-02 -7.925015e-03 -3.937394e-03
          -1.167157e-02 -7.925594e-03 -4.240620e-03
          -1.192059e-02 6.264981e-03 -2.424082e-03
          -1.192878e-02 3.672961e-03 -1.211627e-03
          -1.192988e-02 3.670034e-03 -2.423813e-03
          -1.192882e-02 3.383681e-03 -1.211627e-03
          -1.192885e-02 3.094401e-03 -1.211626e-03
          -1.192888e-02 2.805121e-03 -1.211625e-03
          -1.193224e-02 2.227766e-03 -9.083952e-04
          -1.193586e-02 1.939304e-03 -9.083329e-04
          -1.193613e-02 1.938568e-03 -1.211521e-03
          -1.193560e-02 1.650825e-03 -6.051244e-04
          -1.193590e-02 1.650006e-03 -9.083299e-04
          -1.193564e-02 1.361537e-03 -3.020895e-04
          -1.193564e-02 1.361527e-03 -6.051213e-04
          -1.194962e-02 -8.813630e-05 -1.211042e-03
          -1.194962e-02 -3.765980e-04 -9.076308e-04
          -1.194962e-02 -6.650131e-04 -6.041987e-04
          -1.194967e-02 -9.543371e-04 -6.041955e-04
          -1.194976e-02 -1.244746e-03 -1.210727e-03
          -1.195534e-02 -1.537152e-03 -1.209753e-03
          -1.196879e-02 -5.607855e-03 -9.055046e-04
          -1.196878e-02 -5.607869e-03 -1.208543e-03
          -1.196799e-02 -5.607902e-03 -1.814723e-03
          -1.196798e-02 -5.607914e-03 -2.117762e-03
          -1.196798e-02 -5.607928e-03 -2.420802e-03
          -1.196956e-02 -5.897192e-03 -2.993234e-04
          -1.196956e-02 -5.897207e-03 -6.023625e-04
          -1.196956e-02 -5.897221e-03 -9.054016e-04
          -1.196955e-02 -5.897236e-03 -1.208441e-03
          -1.196955e-02 -5.897249e-03 -1.511480e-03
          -1.196954e-02 -5.897261e-03 -1.814519e-03
          -1.196954e-02 -5.897273e-03 -2.117558e-03
          -1.196953e-02 -5.897286e-03 -2.420599e-03
          -1.196958e-02 -6.186566e-03 -2.993197e-04
          -1.196958e-02 -6.186580e-03 -6.023587e-04
          -1.196957e-02 -6.186595e-03 -9.053977e-04
          -1.196957e-02 -6.186609e-03 -1.208437e-03
          -1.196956e-02 -6.186621e-03 -1.511476e-03
          -1.196956e-02 -6.186631e-03 -1.814515e-03
          -1.196955e-02 -6.186641e-03 -2.117554e-03
          -1.196955e-02 -6.186654e-03 -2.420594e-03
          -1.196959e-02 -6.475939e-03 -2.993160e-04
          -1.196959e-02 -6.475953e-03 -6.023549e-04
          -1.196959e-02 -6.475967e-03 -9.053939e-04
          -1.196958e-02 -6.475981e-03 -1.208433e-03
          -1.196958e-02 -6.475990e-03 -1.511472e-03
          -1.196957e-02 -6.476000e-03 -1.814511e-03
          -1.196957e-02 -6.476010e-03 -2.117550e-03
          -1.196956e-02 -6.476022e-03 -2.420590e-03
          -1.196961e-02 -6.765310e-03 -2.993122e-04
          -1.196961e-02 -6.765323e-03 -6.023511e-04
          -1.196960e-02 -6.765336e-03 -9.053900e-04
          -1.196960e-02 -6.765347e-03 -1.208429e-03
          -1.196959e-02 -6.765357e-03 -1.511468e-03
          -1.196959e-02 -6.765366e-03 -1.814507e-03
          -1.196958e-02 -6.765376e-03 -2.117546e-03
          -1.196958e-02 -6.765388e-03 -2.420586e-03
          -1.196962e-02 -7.054680e-03 -2.993084e-04
          -1.196962e-02 -7.054692e-03 -6.023473e-04
          -1.196962e-02 -7.054703e-03 -9.053860e-04
          -1.196961e-02 -7.054713e-03 -1.208425e-03
          -1.196961e-02 -7.054723e-03 -1.511464e-03
          -1.196960e-02 -7.054732e-03 -1.814503e-03
          -1.196960e-02 -7.054742e-03 -2.117542e-03
          -1.196959e-02 -7.054754e-03 -2.420582e-03
          -1.196964e-02 -7.344051e-03 -2.993046e-04
          -1.196964e-02 -7.344060e-03 -6.023433e-04
          -1.196963e-02 -7.344070e-03 -9.053820e-04
          -1.196963e-02 -7.344080e-03 -1.208421e-03
          -1.196962e-02 -7.344089e-03 -1.511460e-03
          -1.196962e-02 -7.344099e-03 -1.814499e-03
          -1.196961e-02 -7.344108e-03 -2.117538e-03
          -1.196961e-02 -7.344120e-03 -2.420578e-03
          -1.196966e-02 -7.633419e-03 -2.993007e-04
          -1.196965e-02 -7.633428e-03 -6.023394e-04
          -1.196965e-02 -7.633437e-03 -9.053781e-04
          -1.196964e-02 -7.633446e-03 -1.208417e-03
          -1.196964e-02 -7.633455e-03 -1.511456e-03
          -1.196963e-02 -7.633465e-03 -1.814495e-03
          -1.196963e-02 -7.633474e-03 -2.117534e-03
          -1.196962e-02 -7.633486e-03 -2.420574e-03
          -1.196852e-02 -7.926460e-03 -2.117431e-03
          -1.222769e-02 7.693969e-03 -9.895036e-07
          -1.222773e-02 7.404760e-03 -9.858151e-07
          -1.223416e-02 2.223727e-03 -1.211162e-03
          -1.223389e-02 1.935289e-03 -9.079439e-04
          -1.252722e-02 7.976736e-03 -9.373541e-07
          -1.252780e-02 7.690117e-03 -7.881286e-07
          -1.251978e-02 6.243850e-03 -1.211898e-03
          -1.251980e-02 5.954601e-03 -9.088659e-04
          -1.251981e-02 5.954593e-03 -1.211896e-03
          -1.251982e-02 5.954584e-03 -1.514926e-03
          -1.251982e-02 5.954575e-03 -1.817956e-03
          -1.251983e-02 5.954567e-03 -2.120986e-03
          -1.251984e-02 5.954558e-03 -2.424015e-03
          -1.252019e-02 5.954124e-03 -2.727062e-03
          -1.251982e-02 5.665353e-03 -6.058332e-04
          -1.251983e-02 5.665344e-03 -9.088632e-04
          -1.251984e-02 5.665335e-03 -1.211893e-03
          -1.251985e-02 5.665326e-03 -1.514923e-03
          -1.251985e-02 5.665318e-03 -1.817953e-03
          -1.251986e-02 5.665309e-03 -2.120983e-03
          -1.251987e-02 5.665300e-03 -2.424013e-03
          -1.252022e-02 5.664865e-03 -2.727060e-03
          -1.252023e-02 5.664849e-03 -3.030090e-03
          -1.252024e-02 5.664828e-03 -3.333122e-03
          -1.252139e-02 5.377888e-03 -3.025733e-04
          -1.252151e-02 5.377741e-03 -6.056087e-04
          -1.252152e-02 5.377732e-03 -9.086387e-04
          -1.252153e-02 5.377723e-03 -1.211669e-03
          -1.252153e-02 5.377714e-03 -1.514699e-03
          -1.252154e-02 5.377705e-03 -1.817729e-03
          -1.252155e-02 5.377696e-03 -2.120759e-03
          -1.252156e-02 5.377686e-03 -2.423789e-03
          -1.252025e-02 5.375605e-03 -2.727057e-03
          -1.252026e-02 5.375585e-03 -3.030089e-03
          -1.252027e-02 5.375564e-03 -3.333120e-03
          -1.252028e-02 5.375543e-03 -3.636151e-03
          -1.252028e-02 5.375522e-03 -3.939182e-03
          -1.252795e-02 2.488726e-03 -2.726577e-03
          -1.252796e-02 2.488697e-03 -3.029609e-03
          -1.252796e-02 2.488667e-03 -3.332642e-03
          -1.252797e-02 2.488636e-03 -3.635674e-03
          -1.252755e-02 2.200438e-03 -2.423291e-03
          -1.252802e-02 2.199426e-03 -2.726575e-03
          -1.252802e-02 2.199397e-03 -3.029607e-03
          -1.252802e-02 2.199367e-03 -3.332640e-03
          -1.252803e-02 2.199337e-03 -3.635672e-03
          -1.252761e-02 1.911156e-03 -2.120255e-03
          -1.252761e-02 1.911138e-03 -2.423289e-03
          -1.252808e-02 1.910126e-03 -2.726573e-03
          -1.252808e-02 1.910098e-03 -3.029605e-03
          -1.252809e-02 1.910067e-03 -3.332638e-03
          -1.252809e-02 1.910036e-03 -3.635670e-03
          -1.252767e-02 1.621874e-03 -1.817218e-03
          -1.252767e-02 1.621857e-03 -2.120252e-03
          -1.252768e-02 1.621839e-03 -2.423286e-03
          -1.252814e-02 1.620827e-03 -2.726571e-03
          -1.252815e-02 1.620798e-03 -3.029603e-03
          -1.252815e-02 1.620767e-03 -3.332636e-03
          -1.252815e-02 1.620737e-03 -3.635669e-03
          -1.252816e-02 1.620706e-03 -3.938701e-03
          -1.252772e-02 1.332594e-03 -1.514181e-03
          -1.252773e-02 1.332576e-03 -1.817215e-03
          -1.252774e-02 1.332557e-03 -2.120250e-03
          -1.252774e-02 1.332539e-03 -2.423284e-03
          -1.252821e-02 1.331527e-03 -2.726568e-03
          -1.252821e-02 1.331498e-03 -3.029601e-03
          -1.252821e-02 1.331467e-03 -3.332634e-03
          -1.252822e-02 1.331436e-03 -3.635667e-03
          -1.252822e-02 1.331405e-03 -3.938700e-03
          -1.252778e-02 1.043313e-03 -1.211143e-03
          -1.252779e-02 1.043295e-03 -1.514178e-03
          -1.252779e-02 1.043277e-03 -1.817213e-03
          -1.252780e-02 1.043258e-03 -2.120247e-03
          -1.252780e-02 1.043240e-03 -2.423282e-03
          -1.252827e-02 1.042228e-03 -2.726566e-03
          -1.252827e-02 1.042199e-03 -3.029599e-03
          -1.252828e-02 1.042168e-03 -3.332632e-03
          -1.252828e-02 1.042136e-03 -3.635666e-03
          -1.252828e-02 1.042104e-03 -3.938700e-03
          -1.252828e-02 1.042073e-03 -4.241734e-03
          -1.252784e-02 7.540335e-04 -9.081054e-04
          -1.252785e-02 7.540149e-04 -1.211140e-03
          -1.252785e-02 7.539964e-04 -1.514175e-03
          -1.252786e-02 7.539778e-04 -1.817210e-03
          -1.252786e-02 7.539593e-04 -2.120245e-03
          -1.252787e-02 7.539407e-04 -2.423280e-03
          -1.252834e-02 7.529284e-04 -2.726564e-03
          -1.252834e-02 7.528990e-04 -3.029597e-03
          -1.252834e-02 7.528675e-04 -3.332631e-03
          -1.252834e-02 7.528356e-04 -3.635665e-03
          -1.252834e-02 7.528036e-04 -3.938699e-03
          -1.252834e-02 7.527716e-04 -4.241733e-03
          -1.252833e-02 7.527397e-04 -4.544767e-03
          -1.252814e-02 4.647416e-04 -6.050437e-04
          -1.252815e-02 4.647228e-04 -9.080787e-04
          -1.252815e-02 4.647041e-04 -1.211114e-03
          -1.252815e-02 4.646853e-04 -1.514149e-03
          -1.252816e-02 4.646665e-04 -1.817184e-03
          -1.252816e-02 4.646477e-04 -2.120219e-03
          -1.252817e-02 4.646289e-04 -2.423254e-03
          -1.252840e-02 4.636288e-04 -2.726562e-03
          -1.252840e-02 4.635991e-04 -3.029596e-03
          -1.252840e-02 4.635670e-04 -3.332630e-03
          -1.252840e-02 4.635349e-04 -3.635664e-03
          -1.252840e-02 4.635028e-04 -3.938698e-03
          -1.252839e-02 4.634706e-04 -4.241732e-03
          -1.252839e-02 4.634385e-04 -4.544766e-03
          -1.252839e-02 4.634064e-04 -4.847800e-03
          -1.253127e-02 1.756398e-04 -3.015939e-04
          -1.253144e-02 1.752713e-04 -6.047177e-04
          -1.253144e-02 1.752523e-04 -9.077530e-04
          -1.253145e-02 1.752332e-04 -1.210788e-03
          -1.253145e-02 1.752142e-04 -1.513823e-03
          -1.253146e-02 1.751951e-04 -1.816859e-03
          -1.253146e-02 1.751761e-04 -2.119894e-03
          -1.253147e-02 1.751571e-04 -2.422929e-03
          -1.252846e-02 1.743273e-04 -2.726560e-03
          -1.252846e-02 1.742968e-04 -3.029594e-03
          -1.252845e-02 1.742646e-04 -3.332629e-03
          -1.252845e-02 1.742323e-04 -3.635663e-03
          -1.252845e-02 1.742001e-04 -3.938697e-03
          -1.252845e-02 1.741678e-04 -4.241731e-03
          -1.252845e-02 1.741356e-04 -4.544765e-03
          -1.252845e-02 1.741033e-04 -4.847800e-03
          -1.253825e-02 -2.718854e-03 -2.422513e-03
          -1.253830e-02 -2.720220e-03 -2.726074e-03
          -1.253829e-02 -2.720247e-03 -3.029110e-03
          -1.253828e-02 -2.720276e-03 -3.332146e-03
          -1.253828e-02 -2.720305e-03 -3.635181e-03
          -1.253829e-02 -3.008193e-03 -2.119471e-03
          -1.253829e-02 -3.008210e-03 -2.422509e-03
          -1.253833e-02 -3.009575e-03 -2.726070e-03
          -1.253833e-02 -3.009602e-03 -3.029106e-03
          -1.253832e-02 -3.009630e-03 -3.332142e-03
          -1.253833e-02 -3.297533e-03 -1.816428e-03
          -1.253832e-02 -3.297550e-03 -2.119466e-03
          -1.253837e-02 -3.298931e-03 -2.726066e-03
          -1.253836e-02 -3.298957e-03 -3.029102e-03
          -1.253837e-02 -3.586874e-03 -1.513385e-03
          -1.253836e-02 -3.586890e-03 -1.816424e-03
          -1.253841e-02 -3.588286e-03 -2.726062e-03
          -1.253840e-02 -3.588312e-03 -3.029097e-03
          -1.253840e-02 -3.876216e-03 -1.210343e-03
          -1.253840e-02 -3.876232e-03 -1.513381e-03
          -1.253844e-02 -3.877642e-03 -2.726057e-03
          -1.253844e-02 -4.165573e-03 -1.210338e-03
          -1.253844e-02 -4.165589e-03 -1.513376e-03
          -1.253848e-02 -4.166997e-03 -2.726053e-03
          -1.253848e-02 -4.454916e-03 -9.072950e-04
          -1.253848e-02 -4.454931e-03 -1.210333e-03
          -1.253847e-02 -4.454946e-03 -1.513372e-03
          -1.253931e-02 -4.745317e-03 -6.041210e-04
          -1.253931e-02 -4.745331e-03 -9.071594e-04
          -1.253930e-02 -4.745346e-03 -1.210198e-03
          -1.253930e-02 -4.745360e-03 -1.513236e-03
          -1.253855e-02 -4.745708e-03 -2.726045e-03
          -1.254122e-02 -5.036707e-03 -3.005794e-04
          -1.254123e-02 -5.037196e-03 -6.038034e-04
          -1.254123e-02 -5.037210e-03 -9.068419e-04
          -1.254123e-02 -5.037225e-03 -1.209880e-03
          -1.254122e-02 -5.037239e-03 -1.512919e-03
          -1.254122e-02 -5.037253e-03 -1.815957e-03
          -1.253858e-02 -5.035058e-03 -2.726041e-03
          -1.282357e-02 8.266016e-03 -9.342191e-07
          -1.282413e-02 7.979337e-03 -7.882449e-07
          -1.281581e-02 5.665717e-03 -3.027849e-04
          -1.281659e-02 5.375536e-03 -2.727055e-03
          -1.281660e-02 5.375521e-03 -3.030087e-03
          -1.281982e-02 4.511710e-03 -3.023194e-04
          -1.281986e-02 4.222445e-03 -3.023161e-04
          -1.282038e-02 4.221365e-03 -2.726816e-03
          -1.281991e-02 3.933181e-03 -3.023128e-04
          -1.282043e-02 3.932096e-03 -2.726815e-03
          -1.281995e-02 3.643917e-03 -3.023095e-04
          -1.282047e-02 3.642826e-03 -2.726813e-03
          -1.282000e-02 3.354653e-03 -3.023063e-04
          -1.282052e-02 3.353556e-03 -2.726812e-03
          -1.282196e-02 3.067753e-03 -3.020089e-04
          -1.282422e-02 2.777918e-03 -2.726576e-03
          -1.282329e-02 2.490733e-03 -3.018119e-04
          -1.282427e-02 2.488633e-03 -2.726574e-03
          -1.282335e-02 2.201436e-03 -3.018073e-04
          -1.282433e-02 2.199332e-03 -2.726572e-03
          -1.282341e-02 1.912138e-03 -3.018026e-04
          -1.282439e-02 1.910032e-03 -2.726569e-03
          -1.282348e-02 1.622841e-03 -3.017979e-04
          -1.282397e-02 1.621775e-03 -1.817215e-03
          -1.282398e-02 1.621758e-03 -2.120249e-03
          -1.282445e-02 1.620732e-03 -2.726567e-03
          -1.282445e-02 1.620711e-03 -3.029600e-03
          -1.282354e-02 1.333544e-03 -3.017933e-04
          -1.282403e-02 1.332492e-03 -1.514178e-03
          -1.282404e-02 1.332475e-03 -1.817212e-03
          -1.282404e-02 1.332457e-03 -2.120246e-03
          -1.282405e-02 1.332440e-03 -2.423281e-03
          -1.282451e-02 1.331431e-03 -2.726565e-03
          -1.282451e-02 1.331410e-03 -3.029598e-03
          -1.282361e-02 1.044246e-03 -3.017886e-04
          -1.282409e-02 1.043210e-03 -1.211140e-03
          -1.282409e-02 1.043192e-03 -1.514175e-03
          -1.282410e-02 1.043175e-03 -1.817209e-03
          -1.282410e-02 1.043157e-03 -2.120244e-03
          -1.282411e-02 1.043140e-03 -2.423278e-03
          -1.282457e-02 1.042131e-03 -2.726563e-03
          -1.282458e-02 1.042110e-03 -3.029596e-03
          -1.282458e-02 1.042082e-03 -3.332629e-03
          -1.282367e-02 7.549491e-04 -3.017839e-04
          -1.282452e-02 7.539087e-04 -9.080656e-04
          -1.282452e-02 7.538910e-04 -1.211100e-03
          -1.282453e-02 7.538733e-04 -1.514135e-03
          -1.282453e-02 7.538555e-04 -1.817170e-03
          -1.282454e-02 7.538378e-04 -2.120204e-03
          -1.282454e-02 7.538200e-04 -2.423239e-03
          -1.282464e-02 7.528303e-04 -2.726560e-03
          -1.282464e-02 7.528090e-04 -3.029594e-03
          -1.282464e-02 7.527810e-04 -3.332627e-03
          -1.282464e-02 7.527508e-04 -3.635661e-03
          -1.282373e-02 4.656494e-04 -3.017794e-04
          -1.282766e-02 4.647780e-04 -6.046231e-04
          -1.282781e-02 4.644369e-04 -9.077398e-04
          -1.282782e-02 4.644190e-04 -1.210775e-03
          -1.282782e-02 4.644010e-04 -1.513809e-03
          -1.282783e-02 4.643831e-04 -1.816844e-03
          -1.282783e-02 4.643652e-04 -2.119879e-03
          -1.282783e-02 4.643472e-04 -2.422914e-03
          -1.282469e-02 4.635280e-04 -2.726558e-03
          -1.282469e-02 4.635062e-04 -3.029591e-03
          -1.282469e-02 4.634775e-04 -3.332626e-03
          -1.282469e-02 4.634472e-04 -3.635660e-03
          -1.282469e-02 4.634168e-04 -3.938694e-03
          -1.282884e-02 1.760796e-04 -3.012716e-04
          -1.282916e-02 1.753981e-04 -6.044747e-04
          -1.282931e-02 1.750569e-04 -9.075916e-04
          -1.282932e-02 1.750388e-04 -1.210627e-03
          -1.282932e-02 1.750206e-04 -1.513662e-03
          -1.282933e-02 1.750025e-04 -1.816697e-03
          -1.282933e-02 1.749843e-04 -2.119732e-03
          -1.282934e-02 1.749661e-04 -2.422767e-03
          -1.282474e-02 1.742229e-04 -2.726555e-03
          -1.282474e-02 1.742002e-04 -3.029590e-03
          -1.282474e-02 1.741714e-04 -3.332624e-03
          -1.282474e-02 1.741408e-04 -3.635658e-03
          -1.282474e-02 1.741103e-04 -3.938692e-03
          -1.282474e-02 1.740798e-04 -4.241727e-03
          -1.282936e-02 -1.142262e-04 -3.015182e-04
          -1.282944e-02 -1.157159e-04 -2.726324e-03
          -1.282942e-02 -4.035552e-04 -3.015135e-04
          -1.282950e-02 -4.050454e-04 -2.726321e-03
          -1.282948e-02 -6.928842e-04 -3.015087e-04
          -1.282955e-02 -6.943748e-04 -2.726318e-03
          -1.282954e-02 -9.822131e-04 -3.015040e-04
          -1.282961e-02 -9.837042e-04 -2.726316e-03
          -1.282960e-02 -1.271542e-03 -3.014993e-04
          -1.282966e-02 -1.273034e-03 -2.726313e-03
          -1.282966e-02 -1.560871e-03 -3.014946e-04
          -1.282972e-02 -1.562363e-03 -2.726311e-03
          -1.283061e-02 -1.850060e-03 -3.013440e-04
          -1.283360e-02 -2.138922e-03 -3.008565e-04
          -1.283452e-02 -2.430961e-03 -2.726074e-03
          -1.283456e-02 -2.720303e-03 -2.726071e-03
          -1.311993e-02 8.555357e-03 -9.278255e-07
          -1.312047e-02 8.268559e-03 -7.883612e-07
          -1.311629e-02 3.643829e-03 -3.023068e-04
          -1.312620e-02 2.505415e-03 -1.210607e-03
          -1.312620e-02 2.505401e-03 -1.513639e-03
          -1.312621e-02 2.505387e-03 -1.816672e-03
          -1.312622e-02 2.505373e-03 -2.119704e-03
          -1.312002e-02 4.655322e-04 -3.017775e-04
          -1.312098e-02 4.634229e-04 -2.726553e-03
          -1.312560e-02 1.749274e-04 -1.210623e-03
          -1.312103e-02 1.741166e-04 -2.726550e-03
          -1.312103e-02 1.740972e-04 -3.029585e-03
          -1.312103e-02 1.740761e-04 -3.332619e-03
          -1.312564e-02 -1.143448e-04 -3.015164e-04
          -1.312565e-02 -1.143573e-04 -6.045500e-04
          -1.312572e-02 -1.158219e-04 -2.726319e-03
          -1.312570e-02 -4.036721e-04 -3.015117e-04
          -1.312571e-02 -4.036847e-04 -6.045455e-04
          -1.312576e-02 -6.929995e-04 -3.015071e-04
          -1.312576e-02 -6.930122e-04 -6.045410e-04
          -1.312582e-02 -9.823268e-04 -3.015025e-04
          -1.312582e-02 -9.823396e-04 -6.045366e-04
          -1.312588e-02 -1.271654e-03 -3.014978e-04
          -1.312588e-02 -1.271667e-03 -6.045321e-04
          -1.312688e-02 -1.560832e-03 -3.013373e-04
          -1.341630e-02 8.844758e-03 -9.181733e-07
          -1.341680e-02 8.557785e-03 -7.884775e-07
          -1.340610e-02 7.414704e-03 -1.817825e-03
          -1.340610e-02 7.414698e-03 -2.120855e-03
          -1.342252e-02 2.505303e-03 -1.513636e-03
          -1.342252e-02 2.505290e-03 -1.816669e-03
          -1.342253e-02 2.505276e-03 -2.119701e-03
          -1.342258e-02 2.216003e-03 -1.513632e-03
          -1.342258e-02 2.215990e-03 -1.816665e-03
          -1.342259e-02 2.215976e-03 -2.119697e-03
          -1.342264e-02 1.926703e-03 -1.513628e-03
          -1.342264e-02 1.926689e-03 -1.816661e-03
          -1.371265e-02 9.134046e-03 -9.150373e-07
          -1.371314e-02 8.847013e-03 -7.885938e-07
          -1.371315e-02 8.557741e-03 -7.875484e-07
          -1.370244e-02 7.414655e-03 -1.817824e-03
          -1.370244e-02 7.414650e-03 -2.120854e-03
          -1.370247e-02 7.125391e-03 -1.817821e-03
          -1.371027e-02 4.815556e-03 -2.423668e-03
          -1.371030e-02 4.526293e-03 -2.120635e-03
          -1.371031e-02 4.526282e-03 -2.423666e-03
          -1.370972e-02 3.949102e-03 -1.817425e-03
          -1.370973e-02 3.949091e-03 -2.120456e-03
          -1.370974e-02 3.949079e-03 -2.423488e-03
          -1.370944e-02 3.660475e-03 -1.817338e-03
          -1.370944e-02 3.660464e-03 -2.120370e-03
          -1.370945e-02 3.660452e-03 -2.423401e-03
          -1.370948e-02 3.371170e-03 -2.423400e-03
          -1.371884e-02 2.505193e-03 -1.816666e-03
          -1.371884e-02 2.505180e-03 -2.119698e-03
          -1.371889e-02 2.215892e-03 -1.816662e-03
          -1.371890e-02 2.215879e-03 -2.119694e-03
          -1.371895e-02 1.926590e-03 -1.816658e-03
          -1.400902e-02 9.423453e-03 -9.053843e-07
          -1.400947e-02 9.136244e-03 -7.887101e-07
          -1.400948e-02 8.846971e-03 -7.876647e-07
          -1.399878e-02 7.414602e-03 -2.120852e-03
          -1.400660e-02 4.815480e-03 -2.423665e-03
          -1.400655e-02 4.526388e-03 -2.120610e-03
          -1.400656e-02 4.526378e-03 -2.423641e-03
          -1.400601e-02 4.238311e-03 -2.120452e-03
          -1.400601e-02 4.238300e-03 -2.423484e-03
          -1.400573e-02 3.949656e-03 -2.120369e-03
          -1.400574e-02 3.949645e-03 -2.423400e-03
          -1.400672e-02 3.947633e-03 -2.726693e-03
          -1.400672e-02 3.947622e-03 -3.029725e-03
          -1.400672e-02 3.947611e-03 -3.332757e-03
          -1.400673e-02 3.947601e-03 -3.635789e-03
          -1.400577e-02 3.660373e-03 -2.120367e-03
          -1.400577e-02 3.660362e-03 -2.423399e-03
          -1.400675e-02 3.658339e-03 -3.029723e-03
          -1.400676e-02 3.658328e-03 -3.332756e-03
          -1.400580e-02 3.371090e-03 -2.120365e-03
          -1.400580e-02 3.371079e-03 -2.423397e-03
          -1.400583e-02 3.081808e-03 -2.120363e-03
          -1.400583e-02 3.081796e-03 -2.423395e-03
          -1.400586e-02 2.792525e-03 -2.120361e-03
          -1.400586e-02 2.792513e-03 -2.423393e-03
          -1.401516e-02 2.505083e-03 -2.119695e-03
          -1.401521e-02 2.215781e-03 -2.119691e-03
          -1.402410e-02 -1.045200e-04 -2.422981e-03
          -1.402414e-02 -3.938286e-04 -2.119944e-03
          -1.402414e-02 -3.938436e-04 -2.422979e-03
          -1.402422e-02 -6.823540e-04 -2.119641e-03
          -1.402422e-02 -6.823691e-04 -2.422677e-03
          -1.402431e-02 -9.701113e-04 -2.119052e-03
          -1.402431e-02 -9.701266e-04 -2.422088e-03
          -1.402436e-02 -1.259240e-03 -2.118980e-03
          -1.402436e-02 -1.259256e-03 -2.422015e-03
          -1.402427e-02 -1.261857e-03 -3.635111e-03
          -1.402440e-02 -1.548556e-03 -2.118978e-03
          -1.402440e-02 -1.548571e-03 -2.422013e-03
          -1.402444e-02 -1.837871e-03 -2.118976e-03
          -1.402444e-02 -1.837887e-03 -2.422012e-03
          -1.402447e-02 -2.127187e-03 -2.118973e-03
          -1.402447e-02 -2.127203e-03 -2.422010e-03
          -1.402451e-02 -2.416502e-03 -2.118971e-03
          -1.402451e-02 -2.416518e-03 -2.422008e-03
          -1.430538e-02 9.712805e-03 -8.989893e-07
          -1.430581e-02 9.425478e-03 -7.888264e-07
          -1.430582e-02 9.136203e-03 -7.877811e-07
          -1.430283e-02 4.815631e-03 -2.423633e-03
          -1.430293e-02 4.524387e-03 -2.120351e-03
          -1.430227e-02 4.527578e-03 -2.423472e-03
          -1.430269e-02 4.235650e-03 -2.120278e-03
          -1.430203e-02 4.238841e-03 -2.423399e-03
          -1.430301e-02 4.236830e-03 -2.726692e-03
          -1.430301e-02 4.236821e-03 -3.029724e-03
          -1.430302e-02 4.236812e-03 -3.332756e-03
          -1.430302e-02 4.236802e-03 -3.635789e-03
          -1.430302e-02 4.236793e-03 -3.938821e-03
          -1.430272e-02 3.946366e-03 -2.120276e-03
          -1.430206e-02 3.949557e-03 -2.423398e-03
          -1.430304e-02 3.947546e-03 -2.726690e-03
          -1.430304e-02 3.947536e-03 -3.029722e-03
          -1.430305e-02 3.947527e-03 -3.332755e-03
          -1.430305e-02 3.947518e-03 -3.635787e-03
          -1.430209e-02 3.660272e-03 -2.423396e-03
          -1.430307e-02 3.658261e-03 -2.726688e-03
          -1.430307e-02 3.658251e-03 -3.029720e-03
          -1.430307e-02 3.658242e-03 -3.332753e-03
          -1.430212e-02 3.370987e-03 -2.423394e-03
          -1.430310e-02 3.368976e-03 -2.726686e-03
          -1.430310e-02 3.368967e-03 -3.029719e-03
          -1.430215e-02 3.081703e-03 -2.423392e-03
          -1.430312e-02 3.079691e-03 -2.726685e-03
          -1.430218e-02 2.792418e-03 -2.423390e-03
          -1.430985e-02 2.501331e-03 -2.119766e-03
          -1.430990e-02 2.212027e-03 -2.119762e-03
          -1.432038e-02 -1.046275e-04 -2.422977e-03
          -1.432045e-02 -3.931174e-04 -2.422662e-03
          -1.432055e-02 -6.808054e-04 -2.422047e-03
          -1.432015e-02 -6.836657e-04 -2.726017e-03
          -1.432015e-02 -6.836782e-04 -3.029051e-03
          -1.432015e-02 -6.836906e-04 -3.332086e-03
          -1.432015e-02 -6.837031e-04 -3.635120e-03
          -1.432015e-02 -6.837156e-04 -3.938155e-03
          -1.432015e-02 -6.837280e-04 -4.241190e-03
          -1.432059e-02 -9.700347e-04 -2.422013e-03
          -1.432050e-02 -9.725930e-04 -2.726005e-03
          -1.432050e-02 -9.726054e-04 -3.029040e-03
          -1.432050e-02 -9.726179e-04 -3.332075e-03
          -1.432050e-02 -9.726303e-04 -3.635109e-03
          -1.432050e-02 -9.726428e-04 -3.938144e-03
          -1.432062e-02 -1.259349e-03 -2.422011e-03
          -1.432054e-02 -1.261907e-03 -2.726003e-03
          -1.432054e-02 -1.261920e-03 -3.029038e-03
          -1.432054e-02 -1.261932e-03 -3.332073e-03
          -1.432054e-02 -1.261944e-03 -3.635107e-03
          -1.432066e-02 -1.548663e-03 -2.422010e-03
          -1.432058e-02 -1.551221e-03 -2.726002e-03
          -1.432058e-02 -1.551234e-03 -3.029036e-03
          -1.432058e-02 -1.551246e-03 -3.332071e-03
          -1.432070e-02 -1.837977e-03 -2.422008e-03
          -1.432061e-02 -1.840536e-03 -2.726000e-03
          -1.432061e-02 -1.840548e-03 -3.029034e-03
          -1.432073e-02 -2.127292e-03 -2.422006e-03
          -1.432065e-02 -2.129850e-03 -2.725998e-03
          -1.432077e-02 -2.416606e-03 -2.422004e-03
          -1.460495e-02 9.714409e-03 -8.065738e-07
          -1.459903e-02 4.813660e-03 -2.423401e-03
          -1.459903e-02 4.810759e-03 -4.241883e-03
          -1.459904e-02 4.810746e-03 -4.544916e-03
          -1.459885e-02 4.524858e-03 -2.423337e-03
          -1.459928e-02 4.525359e-03 -2.726686e-03
          -1.459929e-02 4.525346e-03 -3.029719e-03
          -1.459929e-02 4.525334e-03 -3.332753e-03
          -1.459930e-02 4.525321e-03 -3.635786e-03
          -1.459931e-02 4.525309e-03 -3.938819e-03
          -1.459931e-02 4.525296e-03 -4.241853e-03
          -1.459890e-02 4.235589e-03 -2.423333e-03
          -1.459933e-02 4.236089e-03 -2.726683e-03
          -1.459933e-02 4.236077e-03 -3.029716e-03
          -1.459934e-02 4.236064e-03 -3.332750e-03
          -1.459935e-02 4.236051e-03 -3.635783e-03
          -1.459935e-02 4.236038e-03 -3.938816e-03
          -1.459894e-02 3.946320e-03 -2.423330e-03
          -1.459937e-02 3.946820e-03 -2.726679e-03
          -1.459938e-02 3.946807e-03 -3.029713e-03
          -1.459939e-02 3.946794e-03 -3.332746e-03
          -1.459939e-02 3.946781e-03 -3.635780e-03
          -1.459899e-02 3.657050e-03 -2.423326e-03
          -1.459942e-02 3.657550e-03 -2.726676e-03
          -1.459943e-02 3.657537e-03 -3.029709e-03
          -1.459943e-02 3.657524e-03 -3.332743e-03
          -1.459903e-02 3.367781e-03 -2.423323e-03
          -1.459947e-02 3.368281e-03 -2.726672e-03
          -1.459947e-02 3.368268e-03 -3.029706e-03
          -1.459908e-02 3.078512e-03 -2.423319e-03
          -1.459951e-02 3.079011e-03 -2.726669e-03
          -1.459913e-02 2.789242e-03 -2.423315e-03
          -1.461530e-02 -1.066578e-04 -2.422652e-03
          -1.461542e-02 -3.943636e-04 -2.422042e-03
          -1.461628e-02 -3.945534e-04 -2.725998e-03
          -1.461629e-02 -3.945712e-04 -3.029035e-03
          -1.461629e-02 -3.945890e-04 -3.332073e-03
          -1.461629e-02 -3.946068e-04 -3.635109e-03
          -1.461629e-02 -3.946246e-04 -3.938146e-03
          -1.461629e-02 -3.946424e-04 -4.241184e-03
          -1.461629e-02 -3.946603e-04 -4.544220e-03
          -1.461548e-02 -6.836789e-04 -2.422039e-03
          -1.461634e-02 -6.838688e-04 -2.725995e-03
          -1.461635e-02 -6.838868e-04 -3.029032e-03
          -1.461635e-02 -6.839047e-04 -3.332069e-03
          -1.461635e-02 -6.839226e-04 -3.635106e-03
          -1.461635e-02 -6.839405e-04 -3.938143e-03
          -1.461635e-02 -6.839584e-04 -4.241180e-03
          -1.461554e-02 -9.729942e-04 -2.422035e-03
          -1.461640e-02 -9.731842e-04 -2.725991e-03
          -1.461641e-02 -9.732023e-04 -3.029028e-03
          -1.461641e-02 -9.732203e-04 -3.332066e-03
          -1.461641e-02 -9.732383e-04 -3.635103e-03
          -1.461641e-02 -9.732563e-04 -3.938140e-03
          -1.461560e-02 -1.262310e-03 -2.422031e-03
          -1.461647e-02 -1.262500e-03 -2.725988e-03
          -1.461647e-02 -1.262518e-03 -3.029025e-03
          -1.461647e-02 -1.262536e-03 -3.332062e-03
          -1.461647e-02 -1.262554e-03 -3.635100e-03
          -1.461566e-02 -1.551625e-03 -2.422028e-03
          -1.461653e-02 -1.551815e-03 -2.725984e-03
          -1.461653e-02 -1.551833e-03 -3.029022e-03
          -1.461653e-02 -1.551852e-03 -3.332059e-03
          -1.461572e-02 -1.840940e-03 -2.422024e-03
          -1.461659e-02 -1.841131e-03 -2.725981e-03
          -1.461659e-02 -1.841149e-03 -3.029018e-03
          -1.461578e-02 -2.130256e-03 -2.422021e-03
          -1.461665e-02 -2.130446e-03 -2.725977e-03
          -1.461584e-02 -2.419571e-03 -2.422017e-03
          -2.557722e-02 6.227052e-03 -1.005301e-06
          -9.538497e-03 8.856854e-03 -1.212664e-03
          -9.539732e-03 8.855872e-03 -2.424575e-03
          -9.540107e-03 8.855543e-03 -2.727571e-03
          -9.540503e-03 8.855187e-03 -3.030573e-03
          -9.540899e-03 8.854831e-03 -3.333575e-03
          -9.541295e-03 8.854476e-03 -3.636577e-03
          -9.543233e-03 6.263446e-03 -3.636430e-03
          -9.547162e-03 4.538345e-03 -3.333502e-03
          -9.547501e-03 4.252286e-03 -3.030491e-03
          -9.548255e-03 4.250633e-03 -3.333535e-03
          -9.547829e-03 3.966446e-03 -2.727466e-03
          -9.548588e-03 3.964683e-03 -3.030517e-03
          -9.549347e-03 3.962920e-03 -3.333569e-03
          -9.550802e-03 3.959508e-03 -3.939679e-03
          -9.549242e-03 3.678784e-03 -2.727503e-03
          -9.549976e-03 3.676911e-03 -3.030561e-03
          -9.550710e-03 3.675038e-03 -3.333619e-03
          -9.551443e-03 3.673165e-03 -3.636676e-03
          -9.552906e-03 3.385081e-03 -3.636742e-03
          -9.553488e-03 3.383258e-03 -3.939802e-03
          -9.554006e-03 3.381530e-03 -4.242860e-03
          -9.550440e-03 3.109638e-03 -1.818358e-03
          -9.554369e-03 3.096997e-03 -3.636807e-03
          -9.554878e-03 3.095090e-03 -3.939867e-03
          -9.552270e-03 2.822119e-03 -1.818390e-03
          -9.555832e-03 2.808912e-03 -3.636872e-03
          -9.556268e-03 2.806923e-03 -3.939931e-03
          -9.563445e-03 1.652542e-03 -3.940249e-03
          -9.565334e-03 1.363844e-03 -3.940332e-03
          -9.565500e-03 1.361571e-03 -4.243366e-03
          -9.567100e-03 1.077161e-03 -3.637333e-03
          -9.569152e-03 7.855510e-04 -3.940443e-03
          -9.571061e-03 4.963565e-04 -3.940496e-03
          -9.579185e-03 -6.572563e-04 -3.334444e-03
          -9.581573e-03 -9.446324e-04 -3.031332e-03
          -9.581180e-03 -9.472583e-04 -3.334456e-03
          -9.584120e-03 -1.232086e-03 -2.728210e-03
          -9.583645e-03 -1.234677e-03 -3.031338e-03
          -9.583170e-03 -1.237268e-03 -3.334466e-03
          -9.584834e-03 -1.527784e-03 -3.334400e-03
          -9.584294e-03 -1.530285e-03 -3.637536e-03
          -9.585880e-03 -1.820729e-03 -3.637473e-03
          -9.585277e-03 -1.822838e-03 -3.940546e-03
          -9.584673e-03 -1.824772e-03 -4.243578e-03
          -9.587465e-03 -2.111172e-03 -3.637411e-03
          -9.586815e-03 -2.113171e-03 -3.940495e-03
          -9.593100e-03 -2.388702e-03 -1.818161e-03
          -9.589050e-03 -2.401615e-03 -3.637349e-03
          -9.598285e-03 -5.600484e-03 -3.332710e-03
          -9.598335e-03 -5.891526e-03 -3.332562e-03
          -9.599155e-03 -6.181683e-03 -3.029212e-03
          -9.598385e-03 -6.182568e-03 -3.332415e-03
          -9.841148e-03 6.262112e-03 -3.636381e-03
          -9.848512e-03 3.672284e-03 -3.333503e-03
          -9.849114e-03 3.670677e-03 -3.636562e-03
          -9.850488e-03 3.382478e-03 -3.636614e-03
          -9.851860e-03 3.094278e-03 -3.636667e-03
          -9.863484e-03 1.076136e-03 -3.333967e-03
          -9.863659e-03 1.073868e-03 -3.637074e-03
          -9.865497e-03 7.846470e-04 -3.637112e-03
          -9.877988e-03 -1.242919e-03 -3.637241e-03
          -9.893383e-03 -3.848515e-03 -1.513897e-03
          -1.013396e-02 6.554049e-03 -5.569072e-07
          -1.013429e-02 6.266560e-03 -5.309607e-07
          -1.013450e-02 6.266368e-03 -3.034755e-04
          -1.013472e-02 6.266176e-03 -6.064201e-04
          -1.013493e-02 6.265985e-03 -9.093646e-04
          -1.013514e-02 6.265793e-03 -1.212309e-03
          -1.013825e-02 6.261616e-03 -3.333317e-03
          -1.013877e-02 6.260886e-03 -3.636338e-03
          -1.013937e-02 5.972915e-03 -3.636336e-03
          -1.014491e-02 3.672790e-03 -2.727290e-03
          -1.014543e-02 3.671376e-03 -3.030350e-03
          -1.014595e-02 3.669962e-03 -3.333410e-03
          -1.014648e-02 3.668548e-03 -3.636470e-03
          -1.014679e-02 3.383239e-03 -3.030383e-03
          -1.014728e-02 3.381747e-03 -3.333448e-03
          -1.014777e-02 3.380255e-03 -3.636513e-03
          -1.014482e-02 3.104980e-03 -6.060353e-04
          -1.014644e-02 3.101031e-03 -1.818127e-03
          -1.014860e-02 3.093532e-03 -3.333486e-03
          -1.014906e-02 3.091962e-03 -3.636556e-03
          -1.015035e-02 2.803668e-03 -3.636600e-03
          -1.015173e-02 2.515267e-03 -3.636645e-03
          -1.015478e-02 1.939609e-03 -3.333655e-03
          -1.015529e-02 1.936066e-03 -3.939816e-03
          -1.015528e-02 1.660001e-03 -1.818177e-03
          -1.015695e-02 1.647250e-03 -3.939868e-03
          -1.015720e-02 1.371438e-03 -1.818187e-03
          -1.015860e-02 1.358433e-03 -3.939920e-03
          -1.015982e-02 1.075090e-03 -3.030665e-03
          -1.015998e-02 1.073107e-03 -3.333772e-03
          -1.016014e-02 1.071123e-03 -3.636879e-03
          -1.016093e-02 7.970457e-04 -1.211905e-03
          -1.016175e-02 7.838873e-04 -3.333797e-03
          -1.016185e-02 7.818928e-04 -3.636908e-03
          -1.016288e-02 5.102102e-04 -6.055420e-04
          -1.016337e-02 5.043634e-04 -1.818193e-03
          -1.016352e-02 4.946678e-04 -3.333821e-03
          -1.016355e-02 4.926620e-04 -3.636936e-03
          -1.016539e-02 2.150124e-04 -1.818182e-03
          -1.016530e-02 2.054481e-04 -3.333845e-03
          -1.016526e-02 2.034313e-04 -3.636965e-03
          -1.016704e-02 -8.403456e-05 -3.333858e-03
          -1.017144e-02 -6.543070e-04 -1.818108e-03
          -1.017516e-02 -1.234649e-03 -1.817990e-03
          -1.017488e-02 -1.535756e-03 -3.636936e-03
          -1.017625e-02 -1.826008e-03 -3.636881e-03
          -1.017763e-02 -2.116261e-03 -3.636827e-03
          -1.017900e-02 -2.406513e-03 -3.636772e-03
          -1.018720e-02 -3.852448e-03 -1.817018e-03
          -1.018927e-02 -7.636418e-03 -2.725302e-03
          -1.043240e-02 6.264684e-03 -4.377089e-07
          -1.043260e-02 6.264507e-03 -3.033891e-04
          -1.043279e-02 6.264330e-03 -6.063404e-04
          -1.043299e-02 6.264153e-03 -9.092918e-04
          -1.043319e-02 6.263977e-03 -1.212243e-03
          -1.043501e-02 6.261586e-03 -2.727225e-03
          -1.043545e-02 6.260949e-03 -3.030248e-03
          -1.043589e-02 6.260313e-03 -3.333272e-03
          -1.043634e-02 6.259676e-03 -3.636296e-03
          -1.043290e-02 5.977128e-03 -4.015884e-07
          -1.043311e-02 5.976930e-03 -3.033551e-04
          -1.043331e-02 5.976733e-03 -6.063085e-04
          -1.043352e-02 5.976536e-03 -9.092620e-04
          -1.043373e-02 5.976338e-03 -1.212215e-03
          -1.043604e-02 5.973009e-03 -3.030238e-03
          -1.043648e-02 5.972307e-03 -3.333264e-03
          -1.043693e-02 5.971604e-03 -3.636290e-03
          -1.043428e-02 5.688699e-03 -1.212188e-03
          -1.043752e-02 5.683531e-03 -3.636285e-03
          -1.044244e-02 3.670168e-03 -2.727198e-03
          -1.044289e-02 3.668936e-03 -3.030259e-03
          -1.044334e-02 3.667704e-03 -3.333320e-03
          -1.044379e-02 3.666472e-03 -3.636381e-03
          -1.044374e-02 3.381987e-03 -2.727219e-03
          -1.044416e-02 3.380687e-03 -3.030284e-03
          -1.044458e-02 3.379387e-03 -3.333350e-03
          -1.044500e-02 3.378087e-03 -3.636415e-03
          -1.044543e-02 3.092438e-03 -3.030310e-03
          -1.044582e-02 3.091070e-03 -3.333380e-03
          -1.044621e-02 3.089702e-03 -3.636450e-03
          -1.044671e-02 2.804188e-03 -3.030335e-03
          -1.044706e-02 2.802753e-03 -3.333410e-03
          -1.044742e-02 2.801317e-03 -3.636485e-03
          -1.044839e-02 2.514331e-03 -3.333440e-03
          -1.044872e-02 2.512831e-03 -3.636520e-03
          -1.045000e-02 2.225575e-03 -3.333472e-03
          -1.045277e-02 1.651356e-03 -2.727345e-03
          -1.045413e-02 1.640547e-03 -4.848931e-03
          -1.045521e-02 1.356032e-03 -3.939754e-03
          -1.045575e-02 1.351516e-03 -4.848979e-03
          -1.045618e-02 1.073589e-03 -2.727375e-03
          -1.045632e-02 1.071875e-03 -3.030481e-03
          -1.045647e-02 1.070160e-03 -3.333587e-03
          -1.045661e-02 1.068446e-03 -3.636692e-03
          -1.045698e-02 1.063887e-03 -4.545930e-03
          -1.045793e-02 7.843772e-04 -2.727382e-03
          -1.045802e-02 7.826530e-04 -3.030492e-03
          -1.045810e-02 7.809288e-04 -3.333602e-03
          -1.045818e-02 7.792046e-04 -3.636712e-03
          -1.045968e-02 4.951648e-04 -2.727389e-03
          -1.045971e-02 4.934310e-04 -3.030503e-03
          -1.045973e-02 4.916971e-04 -3.333618e-03
          -1.045976e-02 4.899632e-04 -3.636732e-03
          -1.046140e-02 2.042090e-04 -3.030515e-03
          -1.046137e-02 2.024654e-04 -3.333634e-03
          -1.046134e-02 2.007218e-04 -3.636753e-03
          -1.046307e-02 -8.526653e-05 -3.030516e-03
          -1.046298e-02 -8.701059e-05 -3.333639e-03
          -1.046290e-02 -8.875462e-05 -3.636763e-03
          -1.046469e-02 -3.751284e-04 -3.030501e-03
          -1.046456e-02 -3.768544e-04 -3.333630e-03
          -1.047092e-02 -1.534995e-03 -3.030397e-03
          -1.047061e-02 -1.536610e-03 -3.333547e-03
          -1.047031e-02 -1.538225e-03 -3.636697e-03
          -1.047193e-02 -1.826840e-03 -3.333491e-03
          -1.047159e-02 -1.828397e-03 -3.636645e-03
          -1.047325e-02 -2.117071e-03 -3.333435e-03
          -1.047287e-02 -2.118570e-03 -3.636594e-03
          -1.047457e-02 -2.407301e-03 -3.333378e-03
          -1.047415e-02 -2.408741e-03 -3.636542e-03
          -1.047612e-02 -2.696373e-03 -3.030133e-03
          -1.047567e-02 -2.697752e-03 -3.333302e-03
          -1.047918e-02 -3.275717e-03 -2.423535e-03
          -1.048006e-02 -3.566265e-03 -2.423445e-03
          -1.048430e-02 -7.637089e-03 -2.725245e-03
          -1.072918e-02 8.854221e-03 -9.095138e-04
          -1.072935e-02 8.854087e-03 -1.212499e-03
          -1.073023e-02 7.125825e-03 -1.212280e-03
          -1.073130e-02 7.124609e-03 -2.424251e-03
          -1.073164e-02 6.836594e-03 -2.424218e-03
          -1.073051e-02 6.262806e-03 -3.444299e-07
          -1.073069e-02 6.262645e-03 -3.033026e-04
          -1.073087e-02 6.262483e-03 -6.062608e-04
          -1.073105e-02 6.262321e-03 -9.092189e-04
          -1.073123e-02 6.262160e-03 -1.212177e-03
          -1.073244e-02 6.260600e-03 -2.424157e-03
          -1.073279e-02 6.260094e-03 -2.727176e-03
          -1.073316e-02 6.259551e-03 -3.030202e-03
          -1.073354e-02 6.259009e-03 -3.333228e-03
          -1.073391e-02 6.258466e-03 -3.636253e-03
          -1.073527e-02 6.256712e-03 -4.848471e-03
          -1.073102e-02 5.975077e-03 -3.044736e-07
          -1.073121e-02 5.974900e-03 -3.032649e-04
          -1.073140e-02 5.974723e-03 -6.062254e-04
          -1.073159e-02 5.974546e-03 -9.091859e-04
          -1.073178e-02 5.974369e-03 -1.212146e-03
          -1.073301e-02 5.972657e-03 -2.424137e-03
          -1.073337e-02 5.972097e-03 -2.727158e-03
          -1.073374e-02 5.971496e-03 -3.030187e-03
          -1.073411e-02 5.970894e-03 -3.333216e-03
          -1.073449e-02 5.970293e-03 -3.636244e-03
          -1.073153e-02 5.687348e-03 -2.645103e-07
          -1.073173e-02 5.687155e-03 -3.032273e-04
          -1.073193e-02 5.686962e-03 -6.061900e-04
          -1.073213e-02 5.686770e-03 -9.091528e-04
          -1.073233e-02 5.686577e-03 -1.212116e-03
          -1.073394e-02 5.684100e-03 -2.727141e-03
          -1.073432e-02 5.683440e-03 -3.030172e-03
          -1.073469e-02 5.682780e-03 -3.333204e-03
          -1.073507e-02 5.682120e-03 -3.636236e-03
          -1.073204e-02 5.399618e-03 -2.245401e-07
          -1.073225e-02 5.399410e-03 -3.031896e-04
          -1.073246e-02 5.399202e-03 -6.061546e-04
          -1.073267e-02 5.398993e-03 -9.091197e-04
          -1.073288e-02 5.398785e-03 -1.212085e-03
          -1.073489e-02 5.395384e-03 -3.030158e-03
          -1.073527e-02 5.394665e-03 -3.333192e-03
          -1.073565e-02 5.393946e-03 -3.636227e-03
          -1.073588e-02 5.106543e-03 -3.333182e-03
          -1.073626e-02 5.105766e-03 -3.636220e-03
          -1.073656e-02 5.105031e-03 -3.939266e-03
          -1.073680e-02 5.104320e-03 -4.242317e-03
          -1.073704e-02 5.103609e-03 -4.545367e-03
          -1.073996e-02 3.667545e-03 -2.727105e-03
          -1.074034e-02 3.666494e-03 -3.030168e-03
          -1.074072e-02 3.665444e-03 -3.333230e-03
          -1.074110e-02 3.664394e-03 -3.636292e-03
          -1.074118e-02 3.379241e-03 -2.727119e-03
          -1.074153e-02 3.378134e-03 -3.030185e-03
          -1.074188e-02 3.377026e-03 -3.333252e-03
          -1.074223e-02 3.375918e-03 -3.636318e-03
          -1.074279e-02 3.373982e-03 -4.242474e-03
          -1.074239e-02 3.090938e-03 -2.727132e-03
          -1.074272e-02 3.089772e-03 -3.030203e-03
          -1.074304e-02 3.088607e-03 -3.333273e-03
          -1.074336e-02 3.087442e-03 -3.636344e-03
          -1.074361e-02 2.802633e-03 -2.727145e-03
          -1.074390e-02 2.801410e-03 -3.030220e-03
          -1.074420e-02 2.800188e-03 -3.333295e-03
          -1.074449e-02 2.798965e-03 -3.636370e-03
          -1.074490e-02 2.514224e-03 -2.727157e-03
          -1.074517e-02 2.512947e-03 -3.030237e-03
          -1.074544e-02 2.511671e-03 -3.333316e-03
          -1.074570e-02 2.510394e-03 -3.636395e-03
          -1.074844e-02 1.934027e-03 -3.333354e-03
          -1.074930e-02 1.927935e-03 -4.848775e-03
          -1.074975e-02 1.646597e-03 -3.030278e-03
          -1.074995e-02 1.645204e-03 -3.333372e-03
          -1.075090e-02 1.638898e-03 -4.848822e-03
          -1.075110e-02 1.359243e-03 -2.727192e-03
          -1.075128e-02 1.357812e-03 -3.030291e-03
          -1.075145e-02 1.356382e-03 -3.333391e-03
          -1.075251e-02 1.349862e-03 -4.848869e-03
          -1.075269e-02 1.070105e-03 -2.727192e-03
          -1.075282e-02 1.068659e-03 -3.030296e-03
          -1.075295e-02 1.067214e-03 -3.333401e-03
          -1.075307e-02 1.065768e-03 -3.636505e-03
          -1.075339e-02 1.063205e-03 -4.242697e-03
          -1.075356e-02 1.061961e-03 -4.545791e-03
          -1.075429e-02 7.808776e-04 -2.727190e-03
          -1.075437e-02 7.794238e-04 -3.030299e-03
          -1.075445e-02 7.779699e-04 -3.333408e-03
          -1.075452e-02 7.765161e-04 -3.636517e-03
          -1.075461e-02 7.752092e-04 -3.939616e-03
          -1.075470e-02 7.739906e-04 -4.242709e-03
          -1.075478e-02 7.727720e-04 -4.545802e-03
          -1.075589e-02 4.916503e-04 -2.727188e-03
          -1.075592e-02 4.901883e-04 -3.030302e-03
          -1.075594e-02 4.887262e-04 -3.333415e-03
          -1.075597e-02 4.872641e-04 -3.636529e-03
          -1.075600e-02 4.847761e-04 -4.242722e-03
          -1.075600e-02 4.835825e-04 -4.545814e-03
          -1.075749e-02 2.024229e-04 -2.727187e-03
          -1.075747e-02 2.009527e-04 -3.030305e-03
          -1.075744e-02 1.994824e-04 -3.333423e-03
          -1.075742e-02 1.980121e-04 -3.636541e-03
          -1.075730e-02 1.955616e-04 -4.242734e-03
          -1.075723e-02 1.943930e-04 -4.545825e-03
          -1.075906e-02 -8.704393e-05 -2.727175e-03
          -1.075899e-02 -8.851516e-05 -3.030298e-03
          -1.075892e-02 -8.998638e-05 -3.333421e-03
          -1.075886e-02 -9.145759e-05 -3.636544e-03
          -1.075853e-02 -9.507543e-05 -4.545829e-03
          -1.076454e-02 -1.250610e-03 -3.636505e-03
          -1.076645e-02 -1.536586e-03 -2.727014e-03
          -1.076621e-02 -1.537956e-03 -3.030162e-03
          -1.076597e-02 -1.539325e-03 -3.333310e-03
          -1.076573e-02 -1.540694e-03 -3.636458e-03
          -1.076773e-02 -1.826826e-03 -2.726953e-03
          -1.076746e-02 -1.828146e-03 -3.030105e-03
          -1.076719e-02 -1.829466e-03 -3.333257e-03
          -1.076692e-02 -1.830786e-03 -3.636409e-03
          -1.076901e-02 -2.117065e-03 -2.726892e-03
          -1.076871e-02 -2.118336e-03 -3.030048e-03
          -1.076841e-02 -2.119607e-03 -3.333205e-03
          -1.076811e-02 -2.120878e-03 -3.636361e-03
          -1.077029e-02 -2.407304e-03 -2.726832e-03
          -1.076996e-02 -2.408525e-03 -3.029992e-03
          -1.076963e-02 -2.409747e-03 -3.333152e-03
          -1.076929e-02 -2.410969e-03 -3.636312e-03
          -1.077171e-02 -2.696737e-03 -2.423568e-03
          -1.077066e-02 -2.700101e-03 -3.333080e-03
          -1.077355e-02 -2.984153e-03 -1.210583e-03
          -1.077271e-02 -2.987517e-03 -2.423462e-03
          -1.077459e-02 -3.274941e-03 -1.210478e-03
          -1.077366e-02 -3.278205e-03 -2.423363e-03
          -1.077245e-02 -3.281113e-03 -3.332909e-03
          -1.077551e-02 -3.565621e-03 -1.210373e-03
          -1.077453e-02 -3.568728e-03 -2.423275e-03
          -1.077373e-02 -3.570609e-03 -3.029648e-03
          -1.077334e-02 -3.571619e-03 -3.332823e-03
          -1.077379e-02 -3.863088e-03 -3.635913e-03
          -1.077808e-02 -4.729135e-03 -1.209952e-03
          -1.077562e-02 -4.734549e-03 -3.635602e-03
          -1.077897e-02 -5.019182e-03 -3.000530e-04
          -1.077887e-02 -5.019476e-03 -6.033172e-04
          -1.077876e-02 -5.019770e-03 -9.065814e-04
          -1.077865e-02 -5.020064e-03 -1.209846e-03
          -1.077623e-02 -5.025035e-03 -3.635499e-03
          -1.102918e-02 6.260415e-03 -1.212113e-03
          -1.103141e-02 6.257279e-03 -3.636214e-03
          -1.102903e-02 5.973113e-03 -2.065894e-07
          -1.103804e-02 3.663267e-03 -3.333145e-03
          -1.104940e-02 1.064399e-03 -3.333227e-03
          -1.104951e-02 1.063199e-03 -3.636329e-03
          -1.105077e-02 7.751508e-04 -3.333228e-03
          -1.105084e-02 7.739435e-04 -3.636334e-03
          -1.105214e-02 4.859020e-04 -3.333228e-03
          -1.105217e-02 4.846875e-04 -3.636339e-03
          -1.107413e-02 -8.508727e-03 -1.512213e-03
          -1.132670e-02 5.971416e-03 -1.062822e-07
          -1.133264e-02 3.953454e-03 -1.514797e-03
          -1.133288e-02 3.952950e-03 -1.817835e-03
          -1.134088e-02 1.933930e-03 -1.514603e-03
          -1.134228e-02 1.645113e-03 -1.514560e-03
          -1.134243e-02 1.644418e-03 -1.817653e-03
          -1.134369e-02 1.356294e-03 -1.514516e-03
          -1.134381e-02 1.355577e-03 -1.817619e-03
          -1.134394e-02 1.354860e-03 -2.120722e-03
          -1.134407e-02 1.354142e-03 -2.423825e-03
          -1.134421e-02 1.353202e-03 -2.726918e-03
          -1.134434e-02 1.352186e-03 -3.030006e-03
          -1.135086e-02 -8.982202e-05 -1.514336e-03
          -1.135224e-02 -3.796061e-04 -1.514270e-03
          -1.135361e-02 -6.693901e-04 -1.514204e-03
          -1.135499e-02 -9.591740e-04 -1.514138e-03
          -1.136940e-02 -7.929062e-03 -2.118673e-03
          -1.136958e-02 -8.218679e-03 -9.058814e-04
          -1.136948e-02 -8.218853e-03 -1.209065e-03
          -1.136939e-02 -8.219027e-03 -1.512248e-03
          -1.136929e-02 -8.219200e-03 -1.815432e-03
          -1.163072e-02 3.663114e-03 -1.211654e-03
          -1.163150e-02 3.661364e-03 -2.423851e-03
          -1.164182e-02 1.062213e-03 -2.423705e-03
          -1.166342e-02 -6.188108e-03 -2.118994e-03
          -1.166330e-02 -6.188338e-03 -2.422194e-03
          -1.166366e-02 -6.478513e-03 -2.118922e-03
          -1.166355e-02 -6.478722e-03 -2.422125e-03
          -1.166389e-02 -6.768744e-03 -2.118858e-03
          -1.166378e-02 -6.768954e-03 -2.422061e-03
          -1.166424e-02 -7.058766e-03 -1.815592e-03
          -1.166413e-02 -7.058976e-03 -2.118794e-03
          -1.166401e-02 -7.059185e-03 -2.421997e-03
          -1.166459e-02 -7.348788e-03 -1.512325e-03
          -1.166447e-02 -7.348998e-03 -1.815528e-03
          -1.166436e-02 -7.349207e-03 -2.118731e-03
          -1.166424e-02 -7.349417e-03 -2.421933e-03
          -1.166493e-02 -7.638819e-03 -1.209064e-03
          -1.166482e-02 -7.639019e-03 -1.512261e-03
          -1.166471e-02 -7.639229e-03 -1.815464e-03
          -1.166459e-02 -7.639438e-03 -2.118667e-03
          -1.166448e-02 -7.639648e-03 -2.421869e-03
          -1.166494e-02 -7.928742e-03 -2.995637e-04
          -1.166485e-02 -7.928910e-03 -6.027424e-04
          -1.166476e-02 -7.929078e-03 -9.059211e-04
          -1.166467e-02 -7.929246e-03 -1.209100e-03
          -1.166458e-02 -7.929414e-03 -1.512278e-03
          -1.166450e-02 -7.929582e-03 -1.815457e-03
          -1.166441e-02 -7.929750e-03 -2.118636e-03
          -1.166375e-02 -7.930624e-03 -3.331282e-03
          -1.166354e-02 -7.930866e-03 -3.634436e-03
          -1.166334e-02 -7.931107e-03 -3.937590e-03
          -1.166314e-02 -7.931348e-03 -4.240744e-03
          -1.192246e-02 6.255154e-03 -2.424014e-03
          -1.192800e-02 3.660591e-03 -1.211576e-03
          -1.192865e-02 3.659173e-03 -2.423798e-03
          -1.192890e-02 3.372065e-03 -1.211554e-03
          -1.192981e-02 3.083539e-03 -1.211532e-03
          -1.193072e-02 2.795013e-03 -1.211509e-03
          -1.193280e-02 2.217672e-03 -9.083399e-04
          -1.193403e-02 1.928695e-03 -9.082659e-04
          -1.193417e-02 1.928408e-03 -1.211335e-03
          -1.193513e-02 1.640007e-03 -6.051188e-04
          -1.193526e-02 1.639716e-03 -9.081918e-04
          -1.193623e-02 1.351326e-03 -3.019639e-04
          -1.193636e-02 1.351032e-03 -6.050408e-04
          -1.194268e-02 -9.557442e-05 -1.210993e-03
          -1.194378e-02 -3.849553e-04 -9.077784e-04
          -1.194489e-02 -6.743361e-04 -6.045572e-04
          -1.194607e-02 -9.640745e-04 -6.044717e-04
          -1.194736e-02 -1.254530e-03 -1.210677e-03
          -1.194841e-02 -1.544383e-03 -1.210619e-03
          -1.195824e-02 -5.607184e-03 -9.063766e-04
          -1.195818e-02 -5.607418e-03 -1.209557e-03
          -1.195800e-02 -5.607909e-03 -1.815919e-03
          -1.195790e-02 -5.608156e-03 -2.119101e-03
          -1.195781e-02 -5.608402e-03 -2.422282e-03
          -1.195860e-02 -5.897182e-03 -2.999585e-04
          -1.195854e-02 -5.897415e-03 -6.031340e-04
          -1.195848e-02 -5.897647e-03 -9.063095e-04
          -1.195842e-02 -5.897880e-03 -1.209485e-03
          -1.195833e-02 -5.898102e-03 -1.512666e-03
          -1.195824e-02 -5.898322e-03 -1.815849e-03
          -1.195814e-02 -5.898543e-03 -2.119031e-03
          -1.195805e-02 -5.898763e-03 -2.422213e-03
          -1.195883e-02 -6.187648e-03 -2.999006e-04
          -1.195878e-02 -6.187879e-03 -6.030715e-04
          -1.195872e-02 -6.188110e-03 -9.062423e-04
          -1.195866e-02 -6.188341e-03 -1.209413e-03
          -1.195857e-02 -6.188540e-03 -1.512595e-03
          -1.195848e-02 -6.188734e-03 -1.815778e-03
          -1.195839e-02 -6.188929e-03 -2.118962e-03
          -1.195829e-02 -6.189123e-03 -2.422145e-03
          -1.195907e-02 -6.478054e-03 -2.998418e-04
          -1.195901e-02 -6.478276e-03 -6.030093e-04
          -1.195896e-02 -6.478499e-03 -9.061767e-04
          -1.195890e-02 -6.478722e-03 -1.209344e-03
          -1.195881e-02 -6.478905e-03 -1.512526e-03
          -1.195872e-02 -6.479082e-03 -1.815710e-03
          -1.195862e-02 -6.479260e-03 -2.118894e-03
          -1.195853e-02 -6.479438e-03 -2.422078e-03
          -1.195931e-02 -6.768348e-03 -2.997813e-04
          -1.195925e-02 -6.768551e-03 -6.029477e-04
          -1.195919e-02 -6.768753e-03 -9.061141e-04
          -1.195913e-02 -6.768956e-03 -1.209280e-03
          -1.195904e-02 -6.769137e-03 -1.512462e-03
          -1.195895e-02 -6.769314e-03 -1.815646e-03
          -1.195886e-02 -6.769492e-03 -2.118830e-03
          -1.195876e-02 -6.769669e-03 -2.422014e-03
          -1.195955e-02 -7.058642e-03 -2.997209e-04
          -1.195949e-02 -7.058825e-03 -6.028861e-04
          -1.195943e-02 -7.059007e-03 -9.060514e-04
          -1.195936e-02 -7.059190e-03 -1.209217e-03
          -1.195928e-02 -7.059368e-03 -1.512398e-03
          -1.195918e-02 -7.059545e-03 -1.815582e-03
          -1.195909e-02 -7.059723e-03 -2.118766e-03
          -1.195900e-02 -7.059900e-03 -2.421951e-03
          -1.195979e-02 -7.348937e-03 -2.996604e-04
          -1.195973e-02 -7.349099e-03 -6.028246e-04
          -1.195966e-02 -7.349262e-03 -9.059887e-04
          -1.195960e-02 -7.349424e-03 -1.209153e-03
          -1.195951e-02 -7.349599e-03 -1.512334e-03
          -1.195941e-02 -7.349777e-03 -1.815518e-03
          -1.195932e-02 -7.349954e-03 -2.118703e-03
          -1.195923e-02 -7.350132e-03 -2.421887e-03
          -1.196004e-02 -7.639231e-03 -2.995999e-04
          -1.195997e-02 -7.639373e-03 -6.027630e-04
          -1.195990e-02 -7.639515e-03 -9.059261e-04
          -1.195983e-02 -7.639658e-03 -1.209089e-03
          -1.195974e-02 -7.639830e-03 -1.512270e-03
          -1.195965e-02 -7.640008e-03 -1.815455e-03
          -1.195955e-02 -7.640185e-03 -2.118639e-03
          -1.195946e-02 -7.640363e-03 -2.421823e-03
          -1.195941e-02 -7.930439e-03 -2.118599e-03
          -1.221664e-02 7.696944e-03 -1.157564e-07
          -1.221713e-02 7.408526e-03 -6.702016e-08
          -1.222971e-02 2.214538e-03 -1.211337e-03
          -1.223072e-02 1.925730e-03 -9.081977e-04
          -1.251374e-02 7.984591e-03 -1.011809e-07
          -1.251388e-02 7.696077e-03 -6.603540e-08
          -1.251649e-02 6.253307e-03 -1.211880e-03
          -1.251684e-02 5.964956e-03 -9.088133e-04
          -1.251695e-02 5.964826e-03 -1.211835e-03
          -1.251706e-02 5.964696e-03 -1.514856e-03
          -1.251717e-02 5.964566e-03 -1.817877e-03
          -1.251727e-02 5.964436e-03 -2.120899e-03
          -1.251738e-02 5.964306e-03 -2.423920e-03
          -1.251751e-02 5.964049e-03 -2.726953e-03
          -1.251718e-02 5.676617e-03 -6.057430e-04
          -1.251729e-02 5.676481e-03 -9.087662e-04
          -1.251740e-02 5.676344e-03 -1.211789e-03
          -1.251751e-02 5.676208e-03 -1.514813e-03
          -1.251763e-02 5.676071e-03 -1.817836e-03
          -1.251774e-02 5.675935e-03 -2.120859e-03
          -1.251785e-02 5.675798e-03 -2.423882e-03
          -1.251798e-02 5.675527e-03 -2.726918e-03
          -1.251811e-02 5.675212e-03 -3.029958e-03
          -1.251824e-02 5.674896e-03 -3.332998e-03
          -1.251751e-02 5.388293e-03 -3.026688e-04
          -1.251763e-02 5.388149e-03 -6.056939e-04
          -1.251774e-02 5.388006e-03 -9.087190e-04
          -1.251786e-02 5.387863e-03 -1.211744e-03
          -1.251797e-02 5.387720e-03 -1.514769e-03
          -1.251808e-02 5.387577e-03 -1.817794e-03
          -1.251820e-02 5.387434e-03 -2.120820e-03
          -1.251831e-02 5.387291e-03 -2.423845e-03
          -1.251844e-02 5.387007e-03 -2.726882e-03
          -1.251857e-02 5.386675e-03 -3.029924e-03
          -1.251871e-02 5.386344e-03 -3.332966e-03
          -1.251884e-02 5.386013e-03 -3.636007e-03
          -1.251897e-02 5.385682e-03 -3.939049e-03
          -1.252582e-02 2.500237e-03 -2.726678e-03
          -1.252590e-02 2.499750e-03 -3.029739e-03
          -1.252598e-02 2.499263e-03 -3.332801e-03
          -1.252607e-02 2.498776e-03 -3.635863e-03
          -1.252676e-02 2.211496e-03 -2.423579e-03
          -1.252684e-02 2.211065e-03 -2.726646e-03
          -1.252691e-02 2.210575e-03 -3.029711e-03
          -1.252697e-02 2.210084e-03 -3.332777e-03
          -1.252704e-02 2.209594e-03 -3.635842e-03
          -1.252768e-02 1.922591e-03 -2.120467e-03
          -1.252778e-02 1.922329e-03 -2.423543e-03
          -1.252785e-02 1.921893e-03 -2.726614e-03
          -1.252791e-02 1.921399e-03 -3.029683e-03
          -1.252796e-02 1.920905e-03 -3.332752e-03
          -1.252802e-02 1.920411e-03 -3.635822e-03
          -1.252861e-02 1.633699e-03 -1.817345e-03
          -1.252871e-02 1.633430e-03 -2.120426e-03
          -1.252881e-02 1.633161e-03 -2.423507e-03
          -1.252887e-02 1.632721e-03 -2.726582e-03
          -1.252891e-02 1.632224e-03 -3.029655e-03
          -1.252895e-02 1.631726e-03 -3.332728e-03
          -1.252899e-02 1.631228e-03 -3.635801e-03
          -1.252903e-02 1.630731e-03 -3.938874e-03
          -1.252955e-02 1.344820e-03 -1.514212e-03
          -1.252964e-02 1.344544e-03 -1.817298e-03
          -1.252974e-02 1.344269e-03 -2.120384e-03
          -1.252984e-02 1.343994e-03 -2.423470e-03
          -1.252988e-02 1.343549e-03 -2.726550e-03
          -1.252991e-02 1.343048e-03 -3.029626e-03
          -1.252994e-02 1.342547e-03 -3.332703e-03
          -1.252997e-02 1.342046e-03 -3.635780e-03
          -1.252999e-02 1.341544e-03 -3.938857e-03
          -1.253050e-02 1.055955e-03 -1.211068e-03
          -1.253059e-02 1.055673e-03 -1.514160e-03
          -1.253068e-02 1.055390e-03 -1.817251e-03
          -1.253077e-02 1.055108e-03 -2.120343e-03
          -1.253086e-02 1.054826e-03 -2.423434e-03
          -1.253090e-02 1.054377e-03 -2.726518e-03
          -1.253091e-02 1.053872e-03 -3.029598e-03
          -1.253093e-02 1.053368e-03 -3.332679e-03
          -1.253094e-02 1.052863e-03 -3.635760e-03
          -1.253095e-02 1.052358e-03 -3.938840e-03
          -1.253097e-02 1.051853e-03 -4.241921e-03
          -1.253146e-02 7.671034e-04 -9.079141e-04
          -1.253154e-02 7.668143e-04 -1.211011e-03
          -1.253163e-02 7.665253e-04 -1.514108e-03
          -1.253172e-02 7.662362e-04 -1.817204e-03
          -1.253180e-02 7.659471e-04 -2.120301e-03
          -1.253189e-02 7.656581e-04 -2.423398e-03
          -1.253191e-02 7.652049e-04 -2.726486e-03
          -1.253191e-02 7.646966e-04 -3.029570e-03
          -1.253191e-02 7.641882e-04 -3.332654e-03
          -1.253191e-02 7.636799e-04 -3.635739e-03
          -1.253191e-02 7.631716e-04 -3.938823e-03
          -1.253192e-02 7.626632e-04 -4.241908e-03
          -1.253192e-02 7.621549e-04 -4.544992e-03
          -1.253243e-02 4.782654e-04 -6.047496e-04
          -1.253251e-02 4.779695e-04 -9.078516e-04
          -1.253259e-02 4.776736e-04 -1.210954e-03
          -1.253267e-02 4.773778e-04 -1.514056e-03
          -1.253275e-02 4.770819e-04 -1.817158e-03
          -1.253283e-02 4.767860e-04 -2.120260e-03
          -1.253291e-02 4.764902e-04 -2.423362e-03
          -1.253293e-02 4.760326e-04 -2.726453e-03
          -1.253291e-02 4.755207e-04 -3.029542e-03
          -1.253290e-02 4.750088e-04 -3.332630e-03
          -1.253289e-02 4.744969e-04 -3.635718e-03
          -1.253288e-02 4.739850e-04 -3.938806e-03
          -1.253286e-02 4.734731e-04 -4.241895e-03
          -1.253285e-02 4.729611e-04 -4.544983e-03
          -1.253284e-02 4.724492e-04 -4.848071e-03
          -1.253341e-02 1.894408e-04 -3.015745e-04
          -1.253349e-02 1.891382e-04 -6.046818e-04
          -1.253356e-02 1.888355e-04 -9.077891e-04
          -1.253364e-02 1.885329e-04 -1.210896e-03
          -1.253371e-02 1.882302e-04 -1.514004e-03
          -1.253379e-02 1.879275e-04 -1.817111e-03
          -1.253386e-02 1.876249e-04 -2.120218e-03
          -1.253394e-02 1.873222e-04 -2.423326e-03
          -1.253394e-02 1.868603e-04 -2.726421e-03
          -1.253391e-02 1.863448e-04 -3.029513e-03
          -1.253389e-02 1.858293e-04 -3.332605e-03
          -1.253386e-02 1.853138e-04 -3.635697e-03
          -1.253384e-02 1.847983e-04 -3.938789e-03
          -1.253381e-02 1.842828e-04 -4.241881e-03
          -1.253378e-02 1.837673e-04 -4.544973e-03
          -1.253376e-02 1.832518e-04 -4.848065e-03
          -1.254302e-02 -2.709390e-03 -2.422867e-03
          -1.254293e-02 -2.709811e-03 -2.725990e-03
          -1.254281e-02 -2.710271e-03 -3.029105e-03
          -1.254269e-02 -2.710731e-03 -3.332219e-03
          -1.254256e-02 -2.711191e-03 -3.635334e-03
          -1.254361e-02 -2.999168e-03 -2.119647e-03
          -1.254360e-02 -2.999466e-03 -2.422797e-03
          -1.254350e-02 -2.999872e-03 -2.725923e-03
          -1.254338e-02 -3.000314e-03 -3.029041e-03
          -1.254325e-02 -3.000757e-03 -3.332159e-03
          -1.254421e-02 -3.288967e-03 -1.816423e-03
          -1.254419e-02 -3.289255e-03 -2.119575e-03
          -1.254407e-02 -3.289932e-03 -2.725856e-03
          -1.254394e-02 -3.290357e-03 -3.028977e-03
          -1.254482e-02 -3.578786e-03 -1.513197e-03
          -1.254480e-02 -3.579064e-03 -1.816350e-03
          -1.254464e-02 -3.579993e-03 -2.725789e-03
          -1.254451e-02 -3.580400e-03 -3.028914e-03
          -1.254544e-02 -3.868626e-03 -1.209968e-03
          -1.254541e-02 -3.868893e-03 -1.513123e-03
          -1.254522e-02 -3.870053e-03 -2.725722e-03
          -1.254604e-02 -4.158742e-03 -1.209893e-03
          -1.254600e-02 -4.158999e-03 -1.513049e-03
          -1.254579e-02 -4.160113e-03 -2.725655e-03
          -1.254667e-02 -4.448612e-03 -9.066594e-04
          -1.254663e-02 -4.448859e-03 -1.209817e-03
          -1.254659e-02 -4.449106e-03 -1.512975e-03
          -1.254732e-02 -4.738502e-03 -6.034234e-04
          -1.254727e-02 -4.738739e-03 -9.065825e-04
          -1.254723e-02 -4.738976e-03 -1.209741e-03
          -1.254718e-02 -4.739212e-03 -1.512900e-03
          -1.254693e-02 -4.740234e-03 -2.725521e-03
          -1.254797e-02 -5.028413e-03 -3.001848e-04
          -1.254792e-02 -5.028639e-03 -6.033452e-04
          -1.254787e-02 -5.028865e-03 -9.065056e-04
          -1.254782e-02 -5.029092e-03 -1.209666e-03
          -1.254777e-02 -5.029318e-03 -1.512826e-03
          -1.254772e-02 -5.029545e-03 -1.815987e-03
          -1.254750e-02 -5.030294e-03 -2.725454e-03
          -1.281065e-02 8.272410e-03 -9.925549e-08
          -1.281079e-02 7.983858e-03 -6.290237e-08
          -1.281409e-02 5.675597e-03 -3.026781e-04
          -1.281539e-02 5.385898e-03 -2.726849e-03
          -1.281551e-02 5.385595e-03 -3.029893e-03
          -1.281643e-02 4.521296e-03 -3.024733e-04
          -1.281715e-02 4.232669e-03 -3.024226e-04
          -1.281802e-02 4.231169e-03 -2.726753e-03
          -1.281787e-02 3.944042e-03 -3.023719e-04
          -1.281874e-02 3.942454e-03 -2.726733e-03
          -1.281858e-02 3.655414e-03 -3.023212e-04
          -1.281945e-02 3.653739e-03 -2.726713e-03
          -1.281930e-02 3.366787e-03 -3.022704e-04
          -1.282017e-02 3.365025e-03 -2.726693e-03
          -1.282001e-02 3.078159e-03 -3.022197e-04
          -1.282160e-02 2.787595e-03 -2.726654e-03
          -1.282152e-02 2.500767e-03 -3.021129e-04
          -1.282238e-02 2.498752e-03 -2.726630e-03
          -1.282252e-02 2.211618e-03 -3.020414e-04
          -1.282334e-02 2.209558e-03 -2.726594e-03
          -1.282353e-02 1.922469e-03 -3.019700e-04
          -1.282430e-02 1.920363e-03 -2.726559e-03
          -1.282453e-02 1.633320e-03 -3.018985e-04
          -1.282502e-02 1.632069e-03 -1.817292e-03
          -1.282511e-02 1.631819e-03 -2.120370e-03
          -1.282526e-02 1.631168e-03 -2.726523e-03
          -1.282531e-02 1.630717e-03 -3.029597e-03
          -1.282554e-02 1.344171e-03 -3.018270e-04
          -1.282590e-02 1.343147e-03 -1.514160e-03
          -1.282600e-02 1.342891e-03 -1.817243e-03
          -1.282609e-02 1.342634e-03 -2.120326e-03
          -1.282618e-02 1.342378e-03 -2.423409e-03
          -1.282623e-02 1.341973e-03 -2.726488e-03
          -1.282625e-02 1.341518e-03 -3.029565e-03
          -1.282654e-02 1.055022e-03 -3.017556e-04
          -1.282680e-02 1.054236e-03 -1.211019e-03
          -1.282689e-02 1.053974e-03 -1.514107e-03
          -1.282698e-02 1.053712e-03 -1.817194e-03
          -1.282707e-02 1.053450e-03 -2.120282e-03
          -1.282715e-02 1.053188e-03 -2.423370e-03
          -1.282719e-02 1.052778e-03 -2.726453e-03
          -1.282720e-02 1.052320e-03 -3.029534e-03
          -1.282722e-02 1.051861e-03 -3.332615e-03
          -1.282754e-02 7.658726e-04 -3.016842e-04
          -1.282771e-02 7.653367e-04 -9.078688e-04
          -1.282779e-02 7.650688e-04 -1.210961e-03
          -1.282788e-02 7.648009e-04 -1.514053e-03
          -1.282796e-02 7.645329e-04 -1.817146e-03
          -1.282804e-02 7.642650e-04 -2.120238e-03
          -1.282812e-02 7.639971e-04 -2.423330e-03
          -1.282815e-02 7.635834e-04 -2.726417e-03
          -1.282815e-02 7.631208e-04 -3.029502e-03
          -1.282815e-02 7.626582e-04 -3.332587e-03
          -1.282816e-02 7.621955e-04 -3.635672e-03
          -1.282855e-02 4.767231e-04 -3.016127e-04
          -1.282863e-02 4.764493e-04 -6.047096e-04
          -1.282870e-02 4.761755e-04 -9.078065e-04
          -1.282878e-02 4.759016e-04 -1.210903e-03
          -1.282886e-02 4.756278e-04 -1.514000e-03
          -1.282894e-02 4.753539e-04 -1.817097e-03
          -1.282902e-02 4.750801e-04 -2.120194e-03
          -1.282909e-02 4.748063e-04 -2.423291e-03
          -1.282911e-02 4.743883e-04 -2.726382e-03
          -1.282910e-02 4.739219e-04 -3.029470e-03
          -1.282909e-02 4.734555e-04 -3.332559e-03
          -1.282908e-02 4.729891e-04 -3.635648e-03
          -1.282907e-02 4.725227e-04 -3.938736e-03
          -1.282955e-02 1.875736e-04 -3.015413e-04
          -1.282962e-02 1.872939e-04 -6.046427e-04
          -1.282970e-02 1.870141e-04 -9.077442e-04
          -1.282977e-02 1.867344e-04 -1.210846e-03
          -1.282984e-02 1.864546e-04 -1.513947e-03
          -1.282992e-02 1.861749e-04 -1.817049e-03
          -1.282999e-02 1.858951e-04 -2.120150e-03
          -1.283007e-02 1.856154e-04 -2.423251e-03
          -1.283007e-02 1.851931e-04 -2.726346e-03
          -1.283005e-02 1.847230e-04 -3.029439e-03
          -1.283003e-02 1.842528e-04 -3.332531e-03
          -1.283001e-02 1.837826e-04 -3.635624e-03
          -1.282998e-02 1.833124e-04 -3.938716e-03
          -1.282996e-02 1.828421e-04 -4.241809e-03
          -1.283053e-02 -1.017791e-04 -3.014693e-04
          -1.283099e-02 -1.041905e-04 -2.726309e-03
          -1.283146e-02 -3.914080e-04 -3.013966e-04
          -1.283186e-02 -3.938256e-04 -2.726268e-03
          -1.283240e-02 -6.810367e-04 -3.013240e-04
          -1.283272e-02 -6.834606e-04 -2.726228e-03
          -1.283334e-02 -9.706653e-04 -3.012513e-04
          -1.283359e-02 -9.730954e-04 -2.726188e-03
          -1.283427e-02 -1.260294e-03 -3.011786e-04
          -1.283446e-02 -1.262730e-03 -2.726147e-03
          -1.283521e-02 -1.549922e-03 -3.011060e-04
          -1.283533e-02 -1.552365e-03 -2.726107e-03
          -1.283615e-02 -1.839550e-03 -3.010333e-04
          -1.283709e-02 -2.129178e-03 -3.009607e-04
          -1.283793e-02 -2.421268e-03 -2.725986e-03
          -1.283860e-02 -2.711136e-03 -2.725931e-03
          -1.310756e-02 8.560304e-03 -9.974303e-08
          -1.310770e-02 8.271715e-03 -6.218208e-08
          -1.311538e-02 3.653942e-03 -3.022762e-04
          -1.311844e-02 2.498483e-03 -1.211261e-03
          -1.311855e-02 2.498267e-03 -1.514325e-03
          -1.311865e-02 2.498050e-03 -1.817390e-03
          -1.311875e-02 2.497833e-03 -2.120454e-03
          -1.312475e-02 4.748849e-04 -3.015779e-04
          -1.312529e-02 4.727439e-04 -2.726310e-03
          -1.312591e-02 1.849357e-04 -1.210795e-03
          -1.312620e-02 1.835259e-04 -2.726271e-03
          -1.312618e-02 1.831010e-04 -3.029364e-03
          -1.312616e-02 1.826761e-04 -3.332457e-03
          -1.312661e-02 -1.036465e-04 -3.014381e-04
          -1.312668e-02 -1.039072e-04 -6.045377e-04
          -1.312707e-02 -1.058555e-04 -2.726232e-03
          -1.312750e-02 -3.932327e-04 -3.013678e-04
          -1.312755e-02 -3.934953e-04 -6.044717e-04
          -1.312838e-02 -6.828188e-04 -3.012975e-04
          -1.312843e-02 -6.830833e-04 -6.044056e-04
          -1.312927e-02 -9.724047e-04 -3.012272e-04
          -1.312931e-02 -9.726712e-04 -6.043396e-04
          -1.313016e-02 -1.261990e-03 -3.011570e-04
          -1.313019e-02 -1.262259e-03 -6.042735e-04
          -1.313104e-02 -1.551576e-03 -3.010867e-04
          -1.340448e-02 8.848273e-03 -1.026440e-07
          -1.340461e-02 8.559647e-03 -6.387505e-08
          -1.340589e-02 7.404659e-03 -1.818013e-03
          -1.340597e-02 7.404579e-03 -2.121033e-03
          -1.341513e-02 2.496696e-03 -1.514278e-03
          -1.341523e-02 2.496495e-03 -1.817342e-03
          -1.341532e-02 2.496294e-03 -2.120406e-03
          -1.341600e-02 2.207472e-03 -1.514222e-03
          -1.341610e-02 2.207267e-03 -1.817290e-03
          -1.341619e-02 2.207062e-03 -2.120357e-03
          -1.341688e-02 1.918248e-03 -1.514167e-03
          -1.341697e-02 1.918039e-03 -1.817238e-03
          -1.370140e-02 9.136317e-03 -1.079588e-07
          -1.370153e-02 8.847653e-03 -6.798179e-08
          -1.370166e-02 8.558989e-03 -2.800404e-08
          -1.370290e-02 7.403866e-03 -1.817989e-03
          -1.370297e-02 7.403791e-03 -2.121012e-03
          -1.370334e-02 7.115164e-03 -1.817940e-03
          -1.370719e-02 4.805225e-03 -2.423631e-03
          -1.370770e-02 4.516528e-03 -2.120568e-03
          -1.370778e-02 4.516408e-03 -2.423606e-03
          -1.370880e-02 3.939052e-03 -1.817465e-03
          -1.370888e-02 3.938913e-03 -2.120510e-03
          -1.370896e-02 3.938775e-03 -2.423556e-03
          -1.370939e-02 3.650254e-03 -1.817432e-03
          -1.370947e-02 3.650106e-03 -2.120481e-03
          -1.370956e-02 3.649957e-03 -2.423530e-03
          -1.371015e-02 3.361140e-03 -2.423505e-03
          -1.371180e-02 2.494939e-03 -1.817295e-03
          -1.371189e-02 2.494754e-03 -2.120359e-03
          -1.371262e-02 2.205687e-03 -1.817240e-03
          -1.371270e-02 2.205498e-03 -2.120307e-03
          -1.371343e-02 1.916434e-03 -1.817186e-03
          -1.399832e-02 9.424435e-03 -1.156881e-07
          -1.399845e-02 9.135734e-03 -7.450278e-08
          -1.399858e-02 8.847032e-03 -3.331676e-08
          -1.399997e-02 7.403003e-03 -2.120991e-03
          -1.400409e-02 4.804005e-03 -2.423592e-03
          -1.400457e-02 4.515256e-03 -2.120528e-03
          -1.400464e-02 4.515150e-03 -2.423566e-03
          -1.400512e-02 4.226410e-03 -2.120498e-03
          -1.400519e-02 4.226294e-03 -2.423540e-03
          -1.400567e-02 3.937564e-03 -2.120468e-03
          -1.400574e-02 3.937439e-03 -2.423513e-03
          -1.400582e-02 3.937239e-03 -2.726569e-03
          -1.400589e-02 3.937014e-03 -3.029628e-03
          -1.400597e-02 3.936789e-03 -3.332687e-03
          -1.400605e-02 3.936564e-03 -3.635745e-03
          -1.400621e-02 3.648718e-03 -2.120438e-03
          -1.400629e-02 3.648584e-03 -2.423487e-03
          -1.400644e-02 3.648147e-03 -3.029603e-03
          -1.400652e-02 3.647916e-03 -3.332663e-03
          -1.400676e-02 3.359872e-03 -2.120408e-03
          -1.400684e-02 3.359728e-03 -2.423461e-03
          -1.400731e-02 3.071026e-03 -2.120377e-03
          -1.400739e-02 3.070873e-03 -2.423434e-03
          -1.400785e-02 2.782180e-03 -2.120347e-03
          -1.400793e-02 2.782018e-03 -2.423408e-03
          -1.400846e-02 2.493214e-03 -2.120311e-03
          -1.400921e-02 2.203935e-03 -2.120256e-03
          -1.401529e-02 -1.105838e-04 -2.422910e-03
          -1.401592e-02 -3.998730e-04 -2.119791e-03
          -1.401597e-02 -4.000677e-04 -2.422876e-03
          -1.401661e-02 -6.893531e-04 -2.119753e-03
          -1.401666e-02 -6.895514e-04 -2.422842e-03
          -1.401731e-02 -9.788331e-04 -2.119714e-03
          -1.401735e-02 -9.790350e-04 -2.422808e-03
          -1.401800e-02 -1.268313e-03 -2.119676e-03
          -1.401803e-02 -1.268519e-03 -2.422773e-03
          -1.401796e-02 -1.269632e-03 -3.635173e-03
          -1.401869e-02 -1.557793e-03 -2.119638e-03
          -1.401872e-02 -1.558002e-03 -2.422739e-03
          -1.401938e-02 -1.847273e-03 -2.119599e-03
          -1.401940e-02 -1.847485e-03 -2.422705e-03
          -1.402008e-02 -2.136752e-03 -2.119561e-03
          -1.402009e-02 -2.136969e-03 -2.422670e-03
          -1.402077e-02 -2.426232e-03 -2.119523e-03
          -1.402077e-02 -2.426452e-03 -2.422636e-03
          -1.429524e-02 9.712630e-03 -1.258322e-07
          -1.429537e-02 9.423890e-03 -8.343852e-08
          -1.429551e-02 9.135151e-03 -4.104409e-08
          -1.430100e-02 4.802785e-03 -2.423553e-03
          -1.430144e-02 4.513984e-03 -2.120487e-03
          -1.430151e-02 4.513891e-03 -2.423526e-03
          -1.430195e-02 4.225100e-03 -2.120456e-03
          -1.430201e-02 4.224997e-03 -2.423498e-03
          -1.430208e-02 4.224833e-03 -2.726554e-03
          -1.430215e-02 4.224649e-03 -3.029614e-03
          -1.430222e-02 4.224464e-03 -3.332674e-03
          -1.430230e-02 4.224279e-03 -3.635734e-03
          -1.430237e-02 4.224095e-03 -3.938794e-03
          -1.430245e-02 3.936215e-03 -2.120425e-03
          -1.430252e-02 3.936104e-03 -2.423471e-03
          -1.430259e-02 3.935935e-03 -2.726528e-03
          -1.430266e-02 3.935747e-03 -3.029588e-03
          -1.430273e-02 3.935559e-03 -3.332649e-03
          -1.430280e-02 3.935371e-03 -3.635709e-03
          -1.430302e-02 3.647210e-03 -2.423444e-03
          -1.430309e-02 3.647037e-03 -2.726501e-03
          -1.430316e-02 3.646845e-03 -3.029562e-03
          -1.430323e-02 3.646654e-03 -3.332623e-03
          -1.430353e-02 3.358316e-03 -2.423416e-03
          -1.430360e-02 3.358138e-03 -2.726475e-03
          -1.430367e-02 3.357943e-03 -3.029536e-03
          -1.430403e-02 3.069422e-03 -2.423389e-03
          -1.430410e-02 3.069240e-03 -2.726449e-03
          -1.430454e-02 2.780529e-03 -2.423361e-03
          -1.430503e-02 2.491674e-03 -2.120263e-03
          -1.430573e-02 2.202371e-03 -2.120206e-03
          -1.431136e-02 -1.122875e-04 -2.422835e-03
          -1.431200e-02 -4.017327e-04 -2.422803e-03
          -1.431264e-02 -6.911779e-04 -2.422771e-03
          -1.431264e-02 -6.914045e-04 -2.725865e-03
          -1.431264e-02 -6.916480e-04 -3.028964e-03
          -1.431263e-02 -6.918916e-04 -3.332062e-03
          -1.431262e-02 -6.921352e-04 -3.635161e-03
          -1.431262e-02 -6.923788e-04 -3.938259e-03
          -1.431261e-02 -6.926223e-04 -4.241358e-03
          -1.431328e-02 -9.806229e-04 -2.422739e-03
          -1.431328e-02 -9.808497e-04 -2.725835e-03
          -1.431327e-02 -9.810921e-04 -3.028933e-03
          -1.431326e-02 -9.813345e-04 -3.332032e-03
          -1.431325e-02 -9.815769e-04 -3.635131e-03
          -1.431324e-02 -9.818193e-04 -3.938230e-03
          -1.431391e-02 -1.270068e-03 -2.422707e-03
          -1.431391e-02 -1.270295e-03 -2.725804e-03
          -1.431390e-02 -1.270536e-03 -3.028903e-03
          -1.431389e-02 -1.270777e-03 -3.332003e-03
          -1.431388e-02 -1.271018e-03 -3.635102e-03
          -1.431455e-02 -1.559513e-03 -2.422675e-03
          -1.431455e-02 -1.559740e-03 -2.725773e-03
          -1.431454e-02 -1.559980e-03 -3.028873e-03
          -1.431452e-02 -1.560220e-03 -3.331973e-03
          -1.431519e-02 -1.848958e-03 -2.422642e-03
          -1.431518e-02 -1.849185e-03 -2.725742e-03
          -1.431517e-02 -1.849424e-03 -3.028842e-03
          -1.431583e-02 -2.138402e-03 -2.422610e-03
          -1.431582e-02 -2.138630e-03 -2.725711e-03
          -1.431647e-02 -2.427847e-03 -2.422578e-03
          -1.459230e-02 9.712123e-03 -9.502217e-08
          -1.459791e-02 4.801546e-03 -2.423523e-03
          -1.459829e-02 4.800696e-03 -4.241879e-03
          -1.459836e-02 4.800552e-03 -4.544939e-03
          -1.459837e-02 4.512617e-03 -2.423493e-03
          -1.459843e-02 4.512487e-03 -2.726549e-03
          -1.459850e-02 4.512341e-03 -3.029609e-03
          -1.459856e-02 4.512194e-03 -3.332670e-03
          -1.459862e-02 4.512048e-03 -3.635731e-03
          -1.459869e-02 4.511902e-03 -3.938791e-03
          -1.459875e-02 4.511756e-03 -4.241852e-03
          -1.459883e-02 4.223688e-03 -2.423464e-03
          -1.459889e-02 4.223554e-03 -2.726520e-03
          -1.459896e-02 4.223406e-03 -3.029581e-03
          -1.459902e-02 4.223259e-03 -3.332642e-03
          -1.459909e-02 4.223111e-03 -3.635703e-03
          -1.459915e-02 4.222963e-03 -3.938764e-03
          -1.459929e-02 3.934759e-03 -2.423434e-03
          -1.459936e-02 3.934622e-03 -2.726492e-03
          -1.459942e-02 3.934473e-03 -3.029553e-03
          -1.459948e-02 3.934323e-03 -3.332614e-03
          -1.459955e-02 3.934174e-03 -3.635675e-03
          -1.459976e-02 3.645829e-03 -2.423405e-03
          -1.459982e-02 3.645689e-03 -2.726463e-03
          -1.459988e-02 3.645538e-03 -3.029525e-03
          -1.459995e-02 3.645387e-03 -3.332586e-03
          -1.460022e-02 3.356900e-03 -2.423375e-03
          -1.460028e-02 3.356757e-03 -2.726435e-03
          -1.460035e-02 3.356604e-03 -3.029496e-03
          -1.460068e-02 3.067971e-03 -2.423345e-03
          -1.460075e-02 3.067824e-03 -2.726406e-03
          -1.460115e-02 2.779042e-03 -2.423316e-03
          -1.460742e-02 -1.140000e-04 -2.422772e-03
          -1.460801e-02 -4.034051e-04 -2.422740e-03
          -1.460803e-02 -4.035921e-04 -2.725831e-03
          -1.460803e-02 -4.037912e-04 -3.028928e-03
          -1.460803e-02 -4.039904e-04 -3.332025e-03
          -1.460804e-02 -4.041896e-04 -3.635122e-03
          -1.460804e-02 -4.043887e-04 -3.938219e-03
          -1.460805e-02 -4.045879e-04 -4.241316e-03
          -1.460805e-02 -4.047871e-04 -4.544413e-03
          -1.460860e-02 -6.928101e-04 -2.422709e-03
          -1.460862e-02 -6.929981e-04 -2.725801e-03
          -1.460862e-02 -6.931970e-04 -3.028898e-03
          -1.460862e-02 -6.933959e-04 -3.331996e-03
          -1.460863e-02 -6.935948e-04 -3.635093e-03
          -1.460863e-02 -6.937937e-04 -3.938190e-03
          -1.460863e-02 -6.939927e-04 -4.241288e-03
          -1.460920e-02 -9.822150e-04 -2.422678e-03
          -1.460921e-02 -9.824040e-04 -2.725771e-03
          -1.460921e-02 -9.826026e-04 -3.028869e-03
          -1.460921e-02 -9.828013e-04 -3.331966e-03
          -1.460921e-02 -9.829999e-04 -3.635064e-03
          -1.460922e-02 -9.831986e-04 -3.938161e-03
          -1.460979e-02 -1.271620e-03 -2.422646e-03
          -1.460980e-02 -1.271810e-03 -2.725741e-03
          -1.460980e-02 -1.272008e-03 -3.028839e-03
          -1.460980e-02 -1.272207e-03 -3.331937e-03
          -1.460980e-02 -1.272405e-03 -3.635035e-03
          -1.461038e-02 -1.561025e-03 -2.422615e-03
          -1.461039e-02 -1.561216e-03 -2.725711e-03
          -1.461039e-02 -1.561414e-03 -3.028809e-03
          -1.461039e-02 -1.561612e-03 -3.331907e-03
          -1.461097e-02 -1.850429e-03 -2.422583e-03
          -1.461098e-02 -1.850621e-03 -2.725681e-03
          -1.461098e-02 -1.850819e-03 -3.028779e-03
          -1.461157e-02 -2.139834e-03 -2.422552e-03
          -1.461157e-02 -2.140027e-03 -2.725650e-03
          -1.461216e-02 -2.429239e-03 -2.422521e-03
          -2.556604e-02 6.227186e-03 -5.201707e-08
        </DataArray>
      </Points>
      <Cells>
        <DataArray type="Int32" Name="connectivity" format="ascii">
          0 1 2 3 4 5 6 7 8 9 10 11 12 13 14 15 16 17 18 19 20 21 22 23 24 25 26 27 28 29 30 31 32 33 34 35 36 37 38 39 40 41 42 43 44 45 46 47 48 49 50 51 52 53 54 55 56 57 58 59 60 61 62 63 64 65 66 67 68 69 70 71 72 73 74 75 76 77 78 79 80 81 82 83 84 85 86 87 88 89 90 91 92 93 94 95 96 97 98 99 100 101 102 103 104 105 106 107 108 109 110 111 112 113 114 115 116 117 118 119 120 121 122 123 124 125 126 127 128 129 130 131 132 133 134 135 136 137 138 139 140 141 142 143 144 145 146 147 148 149 150 151 152 153 154 155 156 157 158 159 160 161 162 163 164 165 166 167 168 169 170 171 172 173 174 175 176 177 178 179 180 181 182 183 184 185 186 187 188 189 190 191 192 193 194 195 196 197 198 199 200 201 202 203 204 205 206 207 208 209 210 211 212 213 214 215 216 217 218 219 220 221 222 223 224 225 226 227 228 229 230 231 232 233 234 235 236 237 238 239 240 241 242 243 244 245 246 247 248 249 250 251 252 253 254 255 256 257 258 259 260 261 262 263 264 265 266 267 268 269 270 271 272 273 274 275 276 277 278 279 280 281 282 283 284 285 286 287 288 289 290 291 292 293 294 295 296 297 298 299 300 301 302 303 304 305 306 307 308 309 310 311 312 313 314 315 316 317 318 319 320 321 322 323 324 325 326 327 328 329 330 331 332 333 334 335 336 337 338 339 340 341 342 343 344 345 346 347 348 349 350 351 352 353 354 355 356 357 358 359 360 361 362 363 364 365 366 367 368 369 370 371 372 373 374 375 376 377 378 379 380 381 382 383 384 385 386 387 388 389 390 391 392 393 394 395 396 397 398 399 400 401 402 403 404 405 406 407 408 409 410 411 412 413 414 415 416 417 418 419 420 421 422 423 424 425 426 427 428 429 430 431 432 433 434 435 436 437 438 439 440 441 442 443 444 445 446 447 448 449 450 451 452 453 454 455 456 457 458 459 460 461 462 463 464 465 466 467 468 469 470 471 472 473 474 475 476 477 478 479 480 481 482 483 484 485 486 487 488 489 490 491 492 493 494 495 496 497 498 499 500 501 502 503 504 505 506 507 508 509 510 511 512 513 514 515 516 517 518 519 520 521 522 523 524 525 526 527 528 529 530 531 532 533 534 535 536 537 538 539 540 541 542 543 544 545 546 547 548 549 550 551 552 553 554 555 556 557 558 559 560 561 562 563 564 565 566 567 568 569 570 571 572 573 574 575 576 577 578 579 580 581 582 583 584 585 586 587 588 589 590 591 592 593 594 595 596 597 598 599 600 601 602 603 604 605 606 607 608 609 610 611 612 613 614 615 616 617 618 619 620 621 622 623 624 625 626 627 628 629 630 631 632 633 634 635 636 637 638 639 640 641 642 643 644 645 646 647 648 649 650 651 652 653 654 655 656 657 658 659 660 661 662 663 664 665 666 667 668 669 670 671 672 673 674 675 676 677 678 679 680 681 682 683 684 685 686 687 688 689 690 691 692 693 694 695 696 697 698 699 700 701 702 703 704 705 706 707 708 709 710 711 712 713 714 715 716 717 718 719 720 721 722 723 724 725 726 727 728 729 730 731 732 733 734 735 736 737 738 739 740 741 742 743 744 745 746 747 748 749 750 751 752 753 754 755 756 757 758 759 760 761 762 763 764 765 766 767 768 769 770 771 772 773 774 775 776 777 778 779 780 781 782 783 784 785 786 787 788 789 790 791 792 793 794 795 796 797 798 799 800 801 802 803 804 805 806 807 808 809 810 811 812 813 814 815 816 817 818 819 820 821 822 823 824 825 826 827 828 829 830 831 832 833 834 835 836 837 838 839 840 841 842 843 844 845 846 847 848 849 850 851 852 853 854 855 856 857 858 859 860 861 862 863 864 865 866 867 868 869 870 871 872 873 874 875 876 877 878 879 880 881 882 883 884 885 886 887 888 889 890 891 892 893 894 895 896 897 898 899 900 901 902 903 904 905 906 907 908 909 910 911 912 913 914 915 916 917 918 919 920 921 922 923 924 925 926 927 928 929 930 931 932 933 934 935 936 937 938 939 940 941 942 943 944 945 946 947 948 949 950 951 952 953 954 955 956 957 958 959 960 961 962 963 964 965 966 967 968 969 970 971 972 973 974 975 976 977 978 979 980 981 982 983 984 985 986 987 988 989 990 991 992 993 994 995 996 997 998 999 1000 1001 1002 1003 1004 1005 1006 1007 1008 1009 1010 1011 1012 1013 1014 1015 1016 1017 1018 1019 1020 1021 1022 1023 1024 1025 1026 1027 1028 1029 1030 1031 1032 1033 1034 1035 1036 1037 1038 1039 1040 1041 1042 1043 1044 1045 1046 1047 1048 1049 1050 1051 1052 1053 1054 1055 1056 1057 1058 1059 1060 1061 1062 1063 1064 1065 1066 1067 1068 1069 1070 1071 1072 1073 1074 1075 1076 1077 1078 1079 1080 1081 1082 1083 1084 1085 1086 1087 1088 1089 1090 1091 1092 1093 1094 1095 1096 1097 1098 1099 1100 1101 1102 1103 1104 1105 1106 1107 1108 1109 1110 1111 1112 1113 1114 1115 1116 1117 1118 1119 1120 1121 1122 1123 1124 1125 1126 1127 1128 1129 1130 1131 1132 1133 1134 1135 1136 1137 1138 1139 1140 1141 1142 1143 1144 1145 1146 1147 1148 1149 1150 1151 1152 1153 1154 1155 1156 1157 1158 1159 1160 1161 1162 1163 1164 1165 1166 1167 1168 1169 1170 1171 1172 1173 1174 1175 1176 1177 1178 1179 1180 1181 1182 1183 1184 1185 1186 1187 1188 1189 1190 1191 1192 1193 1194 1195 1196 1197 1198 1199 1200 1201 1202 1203 1204 1205 1206 1207 1208 1209 1210 1211 1212 1213 1214 1215 1216 1217 1218 1219 1220 1221 1222 1223 1224 1225 1226 1227 1228 1229 1230 1231 1232 1233 1234 1235 1236 1237 1238 1239 1240 1241 1242 1243 1244 1245 1246 1247 1248 1249 1250 1251 1252 1253 1254 1255 1256 1257 1258 1259 1260 1261 1262 1263 1264 1265 1266 1267 1268 1269 1270 1271 1272 1273 1274 1275 1276 1277 1278 1279 1280 1281 1282 1283 1284 1285 1286 1287 1288 1289 1290 1291 1292 1293 1294 1295 1296 1297 1298 1299 1300 1301 1302 1303 1304 1305 1306 1307 1308 1309 1310 1311 1312 1313 1314 1315 1316 1317 1318 1319 1320 1321 1322 1323 1324 1325 1326 1327 1328 1329 1330 1331 1332 1333 1334 1335 1336 1337 1338 1339 1340 1341 1342 1343 1344 1345 1346 1347 1348 1349 1350 1351 1352 1353 1354 1355 1356 1357 1358 1359 1360 1361 1362 1363 1364 1365 1366 1367 1368 1369 1370 1371 1372 1373 1374 1375 1376 1377 1378 1379 1380 1381 1382 1383 1384 1385 1386 1387 1388 1389 1390 1391 1392 1393 1394 1395 1396 1397 1398 1399 1400 1401 1402 1403 1404 1405 1406 1407 1408 1409 1410 1411 1412 1413 1414 1415 1416 1417 1418 1419 1420 1421 1422 1423 1424 1425 1426 1427 1428 1429 1430 1431 1432 1433 1434 1435 1436 1437 1438 1439 1440 1441 1442 1443 1444 1445 1446 1447 1448 1449 1450 1451 1452 1453 1454 1455 1456 1457 1458 1459 1460 1461 1462 1463 1464 1465 1466 1467 1468 1469 1470 1471 1472 1473 1474 1475 1476 1477 1478 1479 1480 1481 1482 1483 1484 1485 1486 1487 1488 1489 1490 1491 1492 1493 1494 1495 1496 1497 1498 1499 1500 1501 1502 1503 1504 1505 1506 1507 1508 1509 1510 1511 1512 1513 1514 1515 1516 1517 1518 1519 1520 1521 1522 1523 1524 1525 1526 1527 1528 1529 1530 1531 1532 1533 1534 1535 1536 1537 1538 1539 1540 1541 1542 1543 1544 1545 1546 1547 1548 1549 1550 1551 1552 1553 1554 1555 1556 1557 1558 1559 1560 1561 1562 1563 1564 1565 1566 1567 1568 1569 1570 1571 1572 1573 1574 1575 1576 1577 1578 1579 1580 1581 1582 1583 1584 1585 1586 1587 1588 1589 1590 1591 1592 1593 1594 1595 1596 1597 1598 1599 1600 1601 1602 1603 1604 1605 1606 1607 1608 1609 1610 1611 1612 1613 1614 1615 1616 1617 1618 1619 1620 1621 1622 1623 1624 1625 1626 1627 1628 1629 1630 1631 1632 1633 1634 1635 1636 1637 1638 1639 1640 1641 1642 1643 1644 1645 1646 1647 1648 1649 1650 1651 1652 1653 1654 1655 1656 1657 1658 1659 1660 1661 1662 1663 1664 1665 1666 1667 1668 1669 1670 1671 1672 1673 1674 1675 1676 1677 1678 1679 1680 1681 1682 1683 1684 1685 1686 1687 1688 1689 1690 1691 1692 1693 1694 1695 1696 1697 1698 1699 1700 1701 1702 1703 1704 1705 1706 1707 1708 1709 1710 1711 1712 1713 1714 1715 1716 1717 1718 1719 1720 1721 1722 1723 1724 1725 1726 1727 1728 1729 1730 1731 1732 1733 1734 1735 1736 1737 1738 1739 1740 1741 1742 1743 1744 1745 1746 1747 1748 1749 1750 1751 1752 1753 1754 1755 1756 1757 1758 1759 1760 1761 1762 1763 1764 1765 1766 1767 1768 1769 1770 1771 1772 1773 1774 1775 1776 1777 1778 1779 1780 1781 1782 1783 1784 1785 1786 1787 1788 1789 1790 1791 1792 1793 1794 1795 1796 1797 1798 1799 1800 1801 1802 1803 1804 1805 1806 1807 1808 1809 1810 1811 1812 1813 1814 1815 1816 1817 1818 1819 1820 1821 1822 1823 1824 1825 1826 1827 1828 1829 1830 1831 1832 1833 1834 1835 1836 1837 1838 1839 1840 1841 1842 1843 1844 1845 1846 1847 1848 1849 1850 1851 1852 1853 1854 1855 1856 1857 1858 1859 1860 1861 1862 1863 1864 1865 1866 1867 1868 1869 1870 1871 1872 1873 1874 1875 1876 1877 1878 1879 1880 1881 1882 1883 1884 1885 1886 1887 1888 1889 1890 1891 1892 1893 1894 1895 1896 1897 1898 1899 1900 1901 1902 1903 1904 1905 1906 1907 1908 1909 1910 1911 1912 1913 1914 1915 1916 1917 1918 1919 1920 1921 1922 1923 1924 1925 1926 1927 1928 1929 1930 1931 1932 1933 1934 1935 1936 1937 1938 1939
        </DataArray>
        <DataArray type="Int32" Name="offsets" format="ascii">
          1 2 3 4 5 6 7 8 9 10 11 12 13 14 15 16 17 18 19 20 21 22 23 24 25 26 27 28 29 30 31 32 33 34 35 36 37 38 39 40 41 42 43 44 45 46 47 48 49 50 51 52 53 54 55 56 57 58 59 60 61 62 63 64 65 66 67 68 69 70 71 72 73 74 75 76 77 78 79 80 81 82 83 84 85 86 87 88 89 90 91 92 93 94 95 96 97 98 99 100 101 102 103 104 105 106 107 108 109 110 111 112 113 114 115 116 117 118 119 120 121 122 123 124 125 126 127 128 129 130 131 132 133 134 135 136 137 138 139 140 141 142 143 144 145 146 147 148 149 150 151 152 153 154 155 156 157 158 159 160 161 162 163 164 165 166 167 168 169 170 171 172 173 174 175 176 177 178 179 180 181 182 183 184 185 186 187 188 189 190 191 192 193 194 195 196 197 198 199 200 201 202 203 204 205 206 207 208 209 210 211 212 213 214 215 216 217 218 219 220 221 222 223 224 225 226 227 228 229 230 231 232 233 234 235 236 237 238 239 240 241 242 243 244 245 246 247 248 249 250 251 252 253 254 255 256 257 258 259 260 261 262 263 264 265 266 267 268 269 270 271 272 273 274 275 276 277 278 279 280 281 282 283 284 285 286 287 288 289 290 291 292 293 294 295 296 297 298 299 300 301 302 303 304 305 306 307 308 309 310 311 312 313 314 315 316 317 318 319 320 321 322 323 324 325 326 327 328 329 330 331 332 333 334 335 336 337 338 339 340 341 342 343 344 345 346 347 348 349 350 351 352 353 354 355 356 357 358 359 360 361 362 363 364 365 366 367 368 369 370 371 372 373 374 375 376 377 378 379 380 381 382 383 384 385 386 387 388 389 390 391 392 393 394 395 396 397 398 399 400 401 402 403 404 405 406 407 408 409 410 411 412 413 414 415 416 417 418 419 420 421 422 423 424 425 426 427 428 429 430 431 432 433 434 435 436 437 438 439 440 441 442 443 444 445 446 447 448 449 450 451 452 453 454 455 456 457 458 459 460 461 462 463 464 465 466 467 468 469 470 471 472 473 474 475 476 477 478 479 480 481 482 483 484 485 486 487 488 489 490 491 492 493 494 495 496 497 498 499 500 501 502 503 504 505 506 507 508 509 510 511 512 513 514 515 516 517 518 519 520 521 522 523 524 525 526 527 528 529 530 531 532 533 534 535 536 537 538 539 540 541 542 543 544 545 546 547 548 549 550 551 552 553 554 555 556 557 558 559 560 561 562 563 564 565 566 567 568 569 570 571 572 573 574 575 576 577 578 579 580 581 582 583 584 585 586 587 588 589 590 591 592 593 594 595 596 597 598 599 600 601 602 603 604 605 606 607 608 609 610 611 612 613 614 615 616 617 618 619 620 621 622 623 624 625 626 627 628 629 630 631 632 633 634 635 636 637 638 639 640 641 642 643 644 645 646 647 648 649 650 651 652 653 654 655 656 657 658 659 660 661 662 663 664 665 666 667 668 669 670 671 672 673 674 675 676 677 678 679 680 681 682 683 684 685 686 687 688 689 690 691 692 693 694 695 696 697 698 699 700 701 702 703 704 705 706 707 708 709 710 711 712 713 714 715 716 717 718 719 720 721 722 723 724 725 726 727 728 729 730 731 732 733 734 735 736 737 738 739 740 741 742 743 744 745 746 747 748 749 750 751 752 753 754 755 756 757 758 759 760 761 762 763 764 765 766 767 768 769 770 771 772 773 774 775 776 777 778 779 780 781 782 783 784 785 786 787 788 789 790 791 792 793 794 795 796 797 798 799 800 801 802 803 804 805 806 807 808 809 810 811 812 813 814 815 816 817 818 819 820 821 822 823 824 825 826 827 828 829 830 831 832 833 834 835 836 837 838 839 840 841 842 843 844 845 846 847 848 849 850 851 852 853 854 855 856 857 858 859 860 861 862 863 864 865 866 867 868 869 870 871 872 873 874 875 876 877 878 879 880 881 882 883 884 885 886 887 888 889 890 891 892 893 894 895 896 897 898 899 900 901 902 903 904 905 906 907 908 909 910 911 912 913 914 915 916 917 918 919 920 921 922 923 924 925 926 927 928 929 930 931 932 933 934 935 936 937 938 939 940 941 942 943 944 945 946 947 948 949 950 951 952 953 954 955 956 957 958 959 960 961 962 963 964 965 966 967 968 969 970 971 972 973 974 975 976 977 978 979 980 981 982 983 984 985 986 987 988 989 990 991 992 993 994 995 996 997 998 999 1000 1001 1002 1003 1004 1005 1006 1007 1008 1009 1010 1011 1012 1013 1014 1015 1016 1017 1018 1019 1020 1021 1022 1023 1024 1025 1026 1027 1028 1029 1030 1031 1032 1033 1034 1035 1036 1037 1038 1039 1040 1041 1042 1043 1044 1045 1046 1047 1048 1049 1050 1051 1052 1053 1054 1055 1056 1057 1058 1059 1060 1061 1062 1063 1064 1065 1066 1067 1068 1069 1070 1071 1072 1073 1074 1075 1076 1077 1078 1079 1080 1081 1082 1083 1084 1085 1086 1087 1088 1089 1090 1091 1092 1093 1094 1095 1096 1097 1098 1099 1100 1101 1102 1103 1104 1105 1106 1107 1108 1109 1110 1111 1112 1113 1114 1115 1116 1117 1118 1119 1120 1121 1122 1123 1124 1125 1126 1127 1128 1129 1130 1131 1132 1133 1134 1135 1136 1137 1138 1139 1140 1141 1142 1143 1144 1145 1146 1147 1148 1149 1150 1151 1152 1153 1154 1155 1156 1157 1158 1159 1160 1161 1162 1163 1164 1165 1166 1167 1168 1169 1170 1171 1172 1173 1174 1175 1176 1177 1178 1179 1180 1181 1182 1183 1184 1185 1186 1187 1188 1189 1190 1191 1192 1193 1194 1195 1196 1197 1198 1199 1200 1201 1202 1203 1204 1205 1206 1207 1208 1209 1210 1211 1212 1213 1214 1215 1216 1217 1218 1219 1220 1221 1222 1223 1224 1225 1226 1227 1228 1229 1230 1231 1232 1233 1234 1235 1236 1237 1238 1239 1240 1241 1242 1243 1244 1245 1246 1247 1248 1249 1250 1251 1252 1253 1254 1255 1256 1257 1258 1259 1260 1261 1262 1263 1264 1265 1266 1267 1268 1269 1270 1271 1272 1273 1274 1275 1276 1277 1278 1279 1280 1281 1282 1283 1284 1285 1286 1287 1288 1289 1290 1291 1292 1293 1294 1295 1296 1297 1298 1299 1300 1301 1302 1303 1304 1305 1306 1307 1308 1309 1310 1311 1312 1313 1314 1315 1316 1317 1318 1319 1320 1321 1322 1323 1324 1325 1326 1327 1328 1329 1330 1331 1332 1333 1334 1335 1336 1337 1338 1339 1340 1341 1342 1343 1344 1345 1346 1347 1348 1349 1350 1351 1352 1353 1354 1355 1356 1357 1358 1359 1360 1361 1362 1363 1364 1365 1366 1367 1368 1369 1370 1371 1372 1373 1374 1375 1376 1377 1378 1379 1380 1381 1382 1383 1384 1385 1386 1387 1388 1389 1390 1391 1392 1393 1394 1395 1396 1397 1398 1399 1400 1401 1402 1403 1404 1405 1406 1407 1408 1409 1410 1411 1412 1413 1414 1415 1416 1417 1418 1419 1420 1421 1422 1423 1424 1425 1426 1427 1428 1429 1430 1431 1432 1433 1434 1435 1436 1437 1438 1439 1440 1441 1442 1443 1444 1445 1446 1447 1448 1449 1450 1451 1452 1453 1454 1455 1456 1457 1458 1459 1460 1461 1462 1463 1464 1465 1466 1467 1468 1469 1470 1471 1472 1473 1474 1475 1476 1477 1478 1479 1480 1481 1482 1483 1484 1485 1486 1487 1488 1489 1490 1491 1492 1493 1494 1495 1496 1497 1498 1499 1500 1501 1502 1503 1504 1505 1506 1507 1508 1509 1510 1511 1512 1513 1514 1515 1516 1517 1518 1519 1520 1521 1522 1523 1524 1525 1526 1527 1528 1529 1530 1531 1532 1533 1534 1535 1536 1537 1538 1539 1540 1541 1542 1543 1544 1545 1546 1547 1548 1549 1550 1551 1552 1553 1554 1555 1556 1557 1558 1559 1560 1561 1562 1563 1564 1565 1566 1567 1568 1569 1570 1571 1572 1573 1574 1575 1576 1577 1578 1579 1580 1581 1582 1583 1584 1585 1586 1587 1588 1589 1590 1591 1592 1593 1594 1595 1596 1597 1598 1599 1600 1601 1602 1603 1604 1605 1606 1607 1608 1609 1610 1611 1612 1613 1614 1615 1616 1617 1618 1619 1620 1621 1622 1623 1624 1625 1626 1627 1628 1629 1630 1631 1632 1633 1634 1635 1636 1637 1638 1639 1640 1641 1642 1643 1644 1645 1646 1647 1648 1649 1650 1651 1652 1653 1654 1655 1656 1657 1658 1659 1660 1661 1662 1663 1664 1665 1666 1667 1668 1669 1670 1671 1672 1673 1674 1675 1676 1677 1678 1679 1680 1681 1682 1683 1684 1685 1686 1687 1688 1689 1690 1691 1692 1693 1694 1695 1696 1697 1698 1699 1700 1701 1702 1703 1704 1705 1706 1707 1708 1709 1710 1711 1712 1713 1714 1715 1716 1717 1718 1719 1720 1721 1722 1723 1724 1725 1726 1727 1728 1729 1730 1731 1732 1733 1734 1735 1736 1737 1738 1739 1740 1741 1742 1743 1744 1745 1746 1747 1748 1749 1750 1751 1752 1753 1754 1755 1756 1757 1758 1759 1760 1761 1762 1763 1764 1765 1766 1767 1768 1769 1770 1771 1772 1773 1774 1775 1776 1777 1778 1779 1780 1781 1782 1783 1784 1785 1786 1787 1788 1789 1790 1791 1792 1793 1794 1795 1796 1797 1798 1799 1800 1801 1802 1803 1804 1805 1806 1807 1808 1809 1810 1811 1812 1813 1814 1815 1816 1817 1818 1819 1820 1821 1822 1823 1824 1825 1826 1827 1828 1829 1830 1831 1832 1833 1834 1835 1836 1837 1838 1839 1840 1841 1842 1843 1844 1845 1846 1847 1848 1849 1850 1851 1852 1853 1854 1855 1856 1857 1858 1859 1860 1861 1862 1863 1864 1865 1866 1867 1868 1869 1870 1871 1872 1873 1874 1875 1876 1877 1878 1879 1880 1881 1882 1883 1884 1885 1886 1887 1888 1889 1890 1891 1892 1893 1894 1895 1896 1897 1898 1899 1900 1901 1902 1903 1904 1905 1906 1907 1908 1909 1910 1911 1912 1913 1914 1915 1916 1917 1918 1919 1920 1921 1922 1923 1924 1925 1926 1927 1928 1929 1930 1931 1932 1933 1934 1935 1936 1937 1938 1939 1940
        </DataArray>
        <DataArray type="UInt8" Name="types" format="ascii">
          1 1 1 1 1 1 1 1 1 1 1 1 1 1 1 1 1 1 1 1 1 1 1 1 1 1 1 1 1 1 1 1 1 1 1 1 1 1 1 1 1 1 1 1 1 1 1 1 1 1 1 1 1 1 1 1 1 1 1 1 1 1 1 1 1 1 1 1 1 1 1 1 1 1 1 1 1 1 1 1 1 1 1 1 1 1 1 1 1 1 1 1 1 1 1 1 1 1 1 1 1 1 1 1 1 1 1 1 1 1 1 1 1 1 1 1 1 1 1 1 1 1 1 1 1 1 1 1 1 1 1 1 1 1 1 1 1 1 1 1 1 1 1 1 1 1 1 1 1 1 1 1 1 1 1 1 1 1 1 1 1 1 1 1 1 1 1 1 1 1 1 1 1 1 1 1 1 1 1 1 1 1 1 1 1 1 1 1 1 1 1 1 1 1 1 1 1 1 1 1 1 1 1 1 1 1 1 1 1 1 1 1 1 1 1 1 1 1 1 1 1 1 1 1 1 1 1 1 1 1 1 1 1 1 1 1 1 1 1 1 1 1 1 1 1 1 1 1 1 1 1 1 1 1 1 1 1 1 1 1 1 1 1 1 1 1 1 1 1 1 1 1 1 1 1 1 1 1 1 1 1 1 1 1 1 1 1 1 1 1 1 1 1 1 1 1 1 1 1 1 1 1 1 1 1 1 1 1 1 1 1 1 1 1 1 1 1 1 1 1 1 1 1 1 1 1 1 1 1 1 1 1 1 1 1 1 1 1 1 1 1 1 1 1 1 1 1 1 1 1 1 1 1 1 1 1 1 1 1 1 1 1 1 1 1 1 1 1 1 1 1 1 1 1 1 1 1 1 1 1 1 1 1 1 1 1 1 1 1 1 1 1 1 1 1 1 1 1 1 1 1 1 1 1 1 1 1 1 1 1 1 1 1 1 1 1 1 1 1 1 1 1 1 1 1 1 1 1 1 1 1 1 1 1 1 1 1 1 1 1 1 1 1 1 1 1 1 1 1 1 1 1 1 1 1 1 1 1 1 1 1 1 1 1 1 1 1 1 1 1 1 1 1 1 1 1 1 1 1 1 1 1 1 1 1 1 1 1 1 1 1 1 1 1 1 1 1 1 1 1 1 1 1 1 1 1 1 1 1 1 1 1 1 1 1 1 1 1 1 1 1 1 1 1 1 1 1 1 1 1 1 1 1 1 1 1 1 1 1 1 1 1 1 1 1 1 1 1 1 1 1 1 1 1 1 1 1 1 1 1 1 1 1 1 1 1 1 1 1 1 1 1 1 1 1 1 1 1 1 1 1 1 1 1 1 1 1 1 1 1 1 1 1 1 1 1 1 1 1 1 1 1 1 1 1 1 1 1 1 1 1 1 1 1 1 1 1 1 1 1 1 1 1 1 1 1 1 1 1 1 1 1 1 1 1 1 1 1 1 1 1 1 1 1 1 1 1 1 1 1 1 1 1 1 1 1 1 1 1 1 1 1 1 1 1 1 1 1 1 1 1 1 1 1 1 1 1 1 1 1 1 1 1 1 1 1 1 1 1 1 1 1 1 1 1 1 1 1 1 1 1 1 1 1 1 1 1 1 1 1 1 1 1 1 1 1 1 1 1 1 1 1 1 1 1 1 1 1 1 1 1 1 1 1 1 1 1 1 1 1 1 1 1 1 1 1 1 1 1 1 1 1 1 1 1 1 1 1 1 1 1 1 1 1 1 1 1 1 1 1 1 1 1 1 1 1 1 1 1 1 1 1 1 1 1 1 1 1 1 1 1 1 1 1 1 1 1 1 1 1 1 1 1 1 1 1 1 1 1 1 1 1 1 1 1 1 1 1 1 1 1 1 1 1 1 1 1 1 1 1 1 1 1 1 1 1 1 1 1 1 1 1 1 1 1 1 1 1 1 1 1 1 1 1 1 1 1 1 1 1 1 1 1 1 1 1 1 1 1 1 1 1 1 1 1 1 1 1 1 1 1 1 1 1 1 1 1 1 1 1 1 1 1 1 1 1 1 1 1 1 1 1 1 1 1 1 1 1 1 1 1 1 1 1 1 1 1 1 1 1 1 1 1 1 1 1 1 1 1 1 1 1 1 1 1 1 1 1 1 1 1 1 1 1 1 1 1 1 1 1 1 1 1 1 1 1 1 1 1 1 1 1 1 1 1 1 1 1 1 1 1 1 1 1 1 1 1 1 1 1 1 1 1 1 1 1 1 1 1 1 1 1 1 1 1 1 1 1 1 1 1 1 1 1 1 1 1 1 1 1 1 1 1 1 1 1 1 1 1 1 1 1 1 1 1 1 1 1 1 1 1 1 1 1 1 1 1 1 1 1 1 1 1 1 1 1 1 1 1 1 1 1 1 1 1 1 1 1 1 1 1 1 1 1 1 1 1 1 1 1 1 1 1 1 1 1 1 1 1 1 1 1 1 1 1 1 1 1 1 1 1 1 1 1 1 1 1 1 1 1 1 1 1 1 1 1 1 1 1 1 1 1 1 1 1 1 1 1 1 1 1 1 1 1 1 1 1 1 1 1 1 1 1 1 1 1 1 1 1 1 1 1 1 1 1 1 1 1 1 1 1 1 1 1 1 1 1 1 1 1 1 1 1 1 1 1 1 1 1 1 1 1 1 1 1 1 1 1 1 1 1 1 1 1 1 1 1 1 1 1 1 1 1 1 1 1 1 1 1 1 1 1 1 1 1 1 1 1 1 1 1 1 1 1 1 1 1 1 1 1 1 1 1 1 1 1 1 1 1 1 1 1 1 1 1 1 1 1 1 1 1 1 1 1 1 1 1 1 1 1 1 1 1 1 1 1 1 1 1 1 1 1 1 1 1 1 1 1 1 1 1 1 1 1 1 1 1 1 1 1 1 1 1 1 1 1 1 1 1 1 1 1 1 1 1 1 1 1 1 1 1 1 1 1 1 1 1 1 1 1 1 1 1 1 1 1 1 1 1 1 1 1 1 1 1 1 1 1 1 1 1 1 1 1 1 1 1 1 1 1 1 1 1 1 1 1 1 1 1 1 1 1 1 1 1 1 1 1 1 1 1 1 1 1 1 1 1 1 1 1 1 1 1 1 1 1 1 1 1 1 1 1 1 1 1 1 1 1 1 1 1 1 1 1 1 1 1 1 1 1 1 1 1 1 1 1 1 1 1 1 1 1 1 1 1 1 1 1 1 1 1 1 1 1 1 1 1 1 1 1 1 1 1 1 1 1 1 1 1 1 1 1 1 1 1 1 1 1 1 1 1 1 1 1 1 1 1 1 1 1 1 1 1 1 1 1 1 1 1 1 1 1 1 1 1 1 1 1 1 1 1 1 1 1 1 1 1 1 1 1 1 1 1 1 1 1 1 1 1 1 1 1 1 1 1 1 1 1 1 1 1 1 1 1 1 1 1 1 1 1 1 1 1 1 1 1 1 1 1 1 1 1 1 1 1 1 1 1 1 1 1 1 1 1 1 1 1 1 1 1 1 1 1 1 1 1 1 1 1 1 1 1 1 1 1 1 1 1 1 1 1 1 1 1 1 1 1 1 1 1 1 1 1 1 1 1 1 1 1 1 1 1 1 1 1 1 1 1 1 1 1 1 1 1 1 1 1 1 1 1 1 1 1 1 1 1 1 1 1 1 1 1 1 1 1 1 1 1 1 1 1 1 1 1 1 1 1 1 1 1 1 1 1 1 1 1 1 1 1 1 1 1 1 1 1 1 1 1 1 1 1 1 1 1 1 1 1 1 1 1 1 1 1 1 1 1 1 1 1 1 1 1 1 1 1 1 1 1 1 1 1 1 1 1 1 1 1 1 1 1 1 1 1 1 1 1 1 1 1 1 1 1 1 1 1 1 1 1 1 1 1 1 1 1 1 1 1 1 1 1 1 1 1 1 1 1 1 1 1 1 1 1 1 1 1 1 1 1 1 1 1 1 1 1 1 1 1 1 1 1 1 1 1 1 1 1 1 1 1 1 1 1 1 1 1 1 1 1 1 1 1 1 1 1 1 1 1 1 1 1 1 1 1 1 1 1 1 1 1 1 1 1 1 1 1 1 1 1 1 1 1 1 1 1 1 1 1 1 1 1 1 1 1 1 1 1 1 1 1 1 1 1 1 1 1 1 1 1 1 1 1 1 1 1 1 1 1 1 1 1 1 1 1 1 1 1 1 1 1 1 1 1 1 1 1 1 1 1 1 1 1 1 1 1 1 1 1 1 1 1 1 1 1 1 1 1 1 1 1 1 1 1 1 1 1 1 1 1 1 1 1 1 1 1 1 1 1 1 1 1 1 1 1 1 1 1 1 1 1 1 1 1 1 1 1 1 1 1 1 1 1 1 1 1 1 1 1 1 1 1
        </DataArray>
      </Cells>
      <PointData>
        <DataArray type="Int32" Name="ParticleID" format="ascii">
          1670 1674 1675 1676 1677 1678 1984 2187 2220 2221 2253 2254 2255 2257 2287 2288 2289 2290 2324 2325 2326 2352 2358 2359 2386 2392 2393 2529 2563 2564 2596 2631 2665 2799 2832 2833 2865 2866 2867 2901 2902 2936 2937 2938 2970 2971 2998 3004 3377 3411 3444 3445 7424 7729 7730 7764 7798 8035 8036 8070 8308 8607 12818 12852 12853 12854 12855 12856 12863 12864 12898 13167 13168 13169 13170 13202 13203 13204 13228 13232 13237 13238 13272 13306 13373 13375 13402 13409 13436 13443 13474 13475 13476 13502 13509 13510 13534 13538 13543 13544 13572 13577 13578 13611 13674 13742 13782 13816 13850 13884 14048 14493 18292 18293 18294 18295 18296 18301 18302 18303 18304 18326 18327 18328 18329 18330 18336 18337 18338 18364 18372 18607 18608 18609 18610 18641 18642 18643 18644 18676 18677 18678 18710 18711 18712 18745 18746 18779 18845 18852 18883 18886 18913 18914 18915 18916 18919 18947 18948 18949 18950 18981 18982 18983 18984 19016 19017 19018 19050 19051 19052 19084 19085 19220 19221 19222 19255 19256 19289 19290 19323 19324 19356 19357 19422 19456 19933 23429 23430 23634 23638 23672 23732 23733 23734 23735 23736 23740 23741 23742 23743 23744 23748 23766 23767 23768 23769 23770 23774 23775 23776 23777 23778 23800 23801 23802 23803 23804 23809 23810 23811 23812 23834 23835 23836 23837 23838 23844 23845 23846 23879 23880 23881 23882 23883 24047 24048 24049 24050 24081 24082 24083 24084 24086 24115 24116 24117 24118 24149 24150 24151 24152 24183 24184 24185 24186 24253 24258 24286 24287 24292 24319 24320 24321 24326 24353 24354 24355 24356 24358 24359 24387 24388 24389 24390 24391 24392 24393 24421 24422 24423 24424 24426 24427 24455 24456 24457 24458 24460 24461 24489 24490 24491 24492 24495 24628 24659 24660 24661 24662 24693 24694 24695 24696 24727 24728 24729 24730 24761 24762 24763 24764 24794 24797 24824 24828 24858 24862 24865 24892 24896 24898 24899 24934 25028 25036 25059 25060 25061 25062 25070 29176 29184 29206 29489 29795 29796 29829 29830 29863 29864 30911 34646 34889 34890 35127 35161 35162 35195 35196 35197 35198 35199 35200 35365 35399 35433 35467 36285 36315 36316 36317 36318 40362 40366 40672 41521 41522 41555 41556 41589 41590 41622 41623 41624 41655 41656 41657 41658 41688 41689 41690 41691 41692 41719 41720 41721 41722 41723 41724 41725 41729 41730 41731 41732 45500 45802 45806 45836 45870 45904 45971 46005 46006 46038 46039 46071 46072 46244 46277 46310 46344 46380 46414 46889 46890 46892 46893 46894 46921 46922 46923 46924 46925 46926 46927 46928 46955 46956 46957 46958 46959 46960 46961 46962 46989 46990 46991 46992 46993 46994 46995 46996 47023 47024 47025 47026 47027 47028 47029 47030 47057 47058 47059 47060 47061 47062 47063 47064 47091 47092 47093 47094 47095 47096 47097 47098 47125 47126 47127 47128 47129 47130 47131 47132 47165 50762 50796 51412 51445 56168 56202 56376 56409 56410 56411 56412 56413 56414 56415 56442 56443 56444 56445 56446 56447 56448 56449 56450 56451 56475 56476 56477 56478 56479 56480 56481 56482 56483 56484 56485 56486 56487 56823 56824 56825 56826 56856 56857 56858 56859 56860 56889 56890 56891 56892 56893 56894 56922 56923 56924 56925 56926 56927 56928 56929 56955 56956 56957 56958 56959 56960 56961 56962 56963 56988 56989 56990 56991 56992 56993 56994 56995 56996 56997 56998 57021 57022 57023 57024 57025 57026 57027 57028 57029 57030 57031 57032 57033 57054 57055 57056 57057 57058 57059 57060 57061 57062 57063 57064 57065 57066 57067 57068 57087 57088 57089 57090 57091 57092 57093 57094 57095 57096 57097 57098 57099 57100 57101 57102 57434 57435 57436 57437 57438 57467 57468 57469 57470 57471 57500 57501 57503 57504 57533 57534 57537 57538 57566 57567 57571 57600 57601 57605 57633 57634 57635 57666 57667 57668 57669 57673 57699 57700 57701 57702 57703 57704 57707 61574 61608 61881 61923 61924 62017 62051 62059 62085 62093 62119 62127 62153 62161 62187 62229 62255 62263 62289 62297 62323 62331 62357 62362 62363 62365 62366 62391 62395 62396 62397 62398 62399 62400 62425 62428 62429 62430 62431 62432 62433 62434 62435 62459 62461 62462 62463 62464 62465 62466 62467 62468 62469 62470 62493 62494 62495 62496 62497 62498 62499 62500 62501 62502 62503 62504 62505 62527 62528 62529 62530 62531 62532 62533 62534 62535 62536 62537 62538 62539 62540 62561 62569 62595 62603 62629 62637 62663 62671 62697 62705 62731 62739 62765 62799 62841 62875 66980 67014 67559 67698 67699 67700 67701 67933 67941 67970 67975 67976 67977 68001 68002 68009 68035 68036 68069 68070 68103 68104 68137 68138 68171 72386 72420 72562 72563 73139 73140 73141 73173 73174 73175 73207 73208 77792 77826 77860 78002 78003 78036 78310 78343 78344 78410 78411 78412 78444 78445 78446 78480 78580 78581 78614 78615 78648 83198 83232 83266 83443 83750 83783 83784 83817 83818 83851 83852 83853 83854 83855 83856 83885 83886 83888 83889 83919 83920 83953 83954 83987 83988 84021 84055 84328 84361 84362 84395 84396 84429 84430 84463 84464 84468 84497 84498 84531 84532 84565 84566 84599 84600 88604 88638 88672 89190 89223 89224 89257 89258 89259 89260 89261 89262 89263 89291 89292 89293 89294 89295 89296 89326 89327 89328 89329 89360 89361 89362 89394 89395 89428 89461 89495 89768 89802 89836 89837 89838 89839 89840 89841 89842 89870 89871 89872 89873 89874 89875 89904 89905 89906 89907 89908 89938 89939 89940 89941 89972 89973 89974 90006 90007 90040 94044 94630 94636 94637 94664 94665 94666 94667 94668 94669 94670 94698 94699 94700 94701 94702 94703 94732 94733 94734 94735 94736 94766 94767 94768 94769 94800 94801 94802 94834 94835 94868 95208 95242 95243 95244 95245 95246 95247 95248 95249 95276 95277 95278 95279 95280 95281 95282 95310 95311 95312 95313 95314 95315 95344 95345 95346 95347 95348 95378 95379 95380 95381 95412 95413 95414 95446 95447 95480 295732 1670 1674 1675 1676 1677 1678 1984 2187 2220 2221 2253 2254 2255 2257 2287 2288 2289 2290 2324 2325 2326 2352 2358 2359 2386 2392 2393 2529 2563 2564 2596 2631 2665 2799 2832 2833 2865 2866 2867 2901 2902 2936 2937 2938 2970 2971 2998 3004 3377 3411 3444 3445 7424 7729 7730 7764 7798 8035 8036 8070 8308 8607 12818 12852 12853 12854 12855 12856 12863 12864 12898 13167 13168 13169 13170 13202 13203 13204 13228 13232 13237 13238 13272 13306 13373 13375 13402 13409 13436 13443 13474 13475 13476 13502 13509 13510 13534 13538 13543 13544 13572 13577 13578 13611 13674 13742 13782 13816 13850 13884 14048 14493 18292 18293 18294 18295 18296 18301 18302 18303 18304 18326 18327 18328 18329 18330 18336 18337 18338 18364 18372 18607 18608 18609 18610 18641 18642 18643 18644 18676 18677 18678 18710 18711 18712 18745 18746 18779 18845 18852 18883 18886 18913 18914 18915 18916 18919 18947 18948 18949 18950 18981 18982 18983 18984 19016 19017 19018 19050 19051 19052 19084 19085 19220 19221 19222 19255 19256 19289 19290 19323 19324 19356 19357 19422 19456 19933 23429 23430 23634 23638 23672 23732 23733 23734 23735 23736 23740 23741 23742 23743 23744 23748 23766 23767 23768 23769 23770 23774 23775 23776 23777 23778 23800 23801 23802 23803 23804 23809 23810 23811 23812 23834 23835 23836 23837 23838 23844 23845 23846 23879 23880 23881 23882 23883 24047 24048 24049 24050 24081 24082 24083 24084 24086 24115 24116 24117 24118 24149 24150 24151 24152 24183 24184 24185 24186 24253 24258 24286 24287 24292 24319 24320 24321 24326 24353 24354 24355 24356 24358 24359 24387 24388 24389 24390 24391 24392 24393 24421 24422 24423 24424 24426 24427 24455 24456 24457 24458 24460 24461 24489 24490 24491 24492 24495 24628 24659 24660 24661 24662 24693 24694 24695 24696 24727 24728 24729 24730 24761 24762 24763 24764 24794 24797 24824 24828 24858 24862 24865 24892 24896 24898 24899 24934 25028 25036 25059 25060 25061 25062 25070 29176 29184 29206 29489 29795 29796 29829 29830 29863 29864 30911 34646 34889 34890 35127 35161 35162 35195 35196 35197 35198 35199 35200 35365 35399 35433 35467 36285 36315 36316 36317 36318 40362 40366 40672 41521 41522 41555 41556 41589 41590 41622 41623 41624 41655 41656 41657 41658 41688 41689 41690 41691 41692 41719 41720 41721 41722 41723 41724 41725 41729 41730 41731 41732 45500 45802 45806 45836 45870 45904 45971 46005 46006 46038 46039 46071 46072 46244 46277 46310 46344 46380 46414 46889 46890 46892 46893 46894 46921 46922 46923 46924 46925 46926 46927 46928 46955 46956 46957 46958 46959 46960 46961 46962 46989 46990 46991 46992 46993 46994 46995 46996 47023 47024 47025 47026 47027 47028 47029 47030 47057 47058 47059 47060 47061 47062 47063 47064 47091 47092 47093 47094 47095 47096 47097 47098 47125 47126 47127 47128 47129 47130 47131 47132 47165 50762 50796 51412 51445 56168 56202 56376 56409 56410 56411 56412 56413 56414 56415 56442 56443 56444 56445 56446 56447 56448 56449 56450 56451 56475 56476 56477 56478 56479 56480 56481 56482 56483 56484 56485 56486 56487 56823 56824 56825 56826 56856 56857 56858 56859 56860 56889 56890 56891 56892 56893 56894 56922 56923 56924 56925 56926 56927 56928 56929 56955 56956 56957 56958 56959 56960 56961 56962 56963 56988 56989 56990 56991 56992 56993 56994 56995 56996 56997 56998 57021 57022 57023 57024 57025 57026 57027 57028 57029 57030 57031 57032 57033 57054 57055 57056 57057 57058 57059 57060 57061 57062 57063 57064 57065 57066 57067 57068 57087 57088 57089 57090 57091 57092 57093 57094 57095 57096 57097 57098 57099 57100 57101 57102 57434 57435 57436 57437 57438 57467 57468 57469 57470 57471 57500 57501 57503 57504 57533 57534 57537 57538 57566 57567 57571 57600 57601 57605 57633 57634 57635 57666 57667 57668 57669 57673 57699 57700 57701 57702 57703 57704 57707 61574 61608 61881 61923 61924 62017 62051 62059 62085 62093 62119 62127 62153 62161 62187 62229 62255 62263 62289 62297 62323 62331 62357 62362 62363 62365 62366 62391 62395 62396 62397 62398 62399 62400 62425 62428 62429 62430 62431 62432 62433 62434 62435 62459 62461 62462 62463 62464 62465 62466 62467 62468 62469 62470 62493 62494 62495 62496 62497 62498 62499 62500 62501 62502 62503 62504 62505 62527 62528 62529 62530 62531 62532 62533 62534 62535 62536 62537 62538 62539 62540 62561 62569 62595 62603 62629 62637 62663 62671 62697 62705 62731 62739 62765 62799 62841 62875 66980 67014 67559 67698 67699 67700 67701 67933 67941 67970 67975 67976 67977 68001 68002 68009 68035 68036 68069 68070 68103 68104 68137 68138 68171 72386 72420 72562 72563 73139 73140 73141 73173 73174 73175 73207 73208 77792 77826 77860 78002 78003 78036 78310 78343 78344 78410 78411 78412 78444 78445 78446 78480 78580 78581 78614 78615 78648 83198 83232 83266 83443 83750 83783 83784 83817 83818 83851 83852 83853 83854 83855 83856 83885 83886 83888 83889 83919 83920 83953 83954 83987 83988 84021 84055 84328 84361 84362 84395 84396 84429 84430 84463 84464 84468 84497 84498 84531 84532 84565 84566 84599 84600 88604 88638 88672 89190 89223 89224 89257 89258 89259 89260 89261 89262 89263 89291 89292 89293 89294 89295 89296 89326 89327 89328 89329 89360 89361 89362 89394 89395 89428 89461 89495 89768 89802 89836 89837 89838 89839 89840 89841 89842 89870 89871 89872 89873 89874 89875 89904 89905 89906 89907 89908 89938 89939 89940 89941 89972 89973 89974 90006 90007 90040 94044 94630 94636 94637 94664 94665 94666 94667 94668 94669 94670 94698 94699 94700 94701 94702 94703 94732 94733 94734 94735 94736 94766 94767 94768 94769 94800 94801 94802 94834 94835 94868 95208 95242 95243 95244 95245 95246 95247 95248 95249 95276 95277 95278 95279 95280 95281 95282 95310 95311 95312 95313 95314 95315 95344 95345 95346 95347 95348 95378 95379 95380 95381 95412 95413 95414 95446 95447 95480 295732
        </DataArray>
        <DataArray type="Int32" Name="source" format="ascii">
          0 0 0 0 0 0 0 0 0 0 0 0 0 0 0 0 0 0 0 0 0 0 0 0 0 0 0 0 0 0 0 0 0 0 0 0 0 0 0 0 0 0 0 0 0 0 0 0 0 0 0 0 0 0 0 0 0 0 0 0 0 0 0 0 0 0 0 0 0 0 0 0 0 0 0 0 0 0 0 0 0 0 0 0 0 0 0 0 0 0 0 0 0 0 0 0 0 0 0 0 0 0 0 0 0 0 0 0 0 0 0 0 0 0 0 0 0 0 0 0 0 0 0 0 0 0 0 0 0 0 0 0 0 0 0 0 0 0 0 0 0 0 0 0 0 0 0 0 0 0 0 0 0 0 0 0 0 0 0 0 0 0 0 0 0 0 0 0 0 0 0 0 0 0 0 0 0 0 0 0 0 0 0 0 0 0 0 0 0 0 0 0 0 0 0 0 0 0 0 0 0 0 0 0 0 0 0 0 0 0 0 0 0 0 0 0 0 0 0 0 0 0 0 0 0 0 0 0 0 0 0 0 0 0 0 0 0 0 0 0 0 0 0 0 0 0 0 0 0 0 0 0 0 0 0 0 0 0 0 0 0 0 0 0 0 0 0 0 0 0 0 0 0 0 0 0 0 0 0 0 0 0 0 0 0 0 0 0 0 0 0 0 0 0 0 0 0 0 0 0 0 0 0 0 0 0 0 0 0 0 0 0 0 0 0 0 0 0 0 0 0 0 0 0 0 0 0 0 0 0 0 0 0 0 0 0 0 0 0 0 0 0 0 0 0 0 0 0 0 0 0 0 0 0 0 0 0 0 0 0 0 0 0 0 0 0 0 0 0 0 0 0 0 0 0 0 0 0 0 0 0 0 0 0 0 0 0 0 0 0 0 0 0 0 0 0 0 0 0 0 0 0 0 0 0 0 0 0 0 0 0 0 0 0 0 0 0 0 0 0 0 0 0 0 0 0 0 0 0 0 0 0 0 0 0 0 0 0 0 0 0 0 0 0 0 0 0 0 0 0 0 0 0 0 0 0 0 0 0 0 0 0 0 0 0 0 0 0 0 0 0 0 0 0 0 0 0 0 0 0 0 0 0 0 0 0 0 0 0 0 0 0 0 0 0 0 0 0 0 0 0 0 0 0 0 0 0 0 0 0 0 0 0 0 0 0 0 0 0 0 0 0 0 0 0 0 0 0 0 0 0 0 0 0 0 0 0 0 0 0 0 0 0 0 0 0 0 0 0 0 0 0 0 0 0 0 0 0 0 0 0 0 0 0 0 0 0 0 0 0 0 0 0 0 0 0 0 0 0 0 0 0 0 0 0 0 0 0 0 0 0 0 0 0 0 0 0 0 0 0 0 0 0 0 0 0 0 0 0 0 0 0 0 0 0 0 0 0 0 0 0 0 0 0 0 0 0 0 0 0 0 0 0 0 0 0 0 0 0 0 0 0 0 0 0 0 0 0 0 0 0 0 0 0 0 0 0 0 0 0 0 0 0 0 0 0 0 0 0 0 0 0 0 0 0 0 0 0 0 0 0 0 0 0 0 0 0 0 0 0 0 0 0 0 0 0 0 0 0 0 0 0 0 0 0 0 0 0 0 0 0 0 0 0 0 0 0 0 0 0 0 0 0 0 0 0 0 0 0 0 0 0 0 0 0 0 0 0 0 0 0 0 0 0 0 0 0 0 0 0 0 0 0 0 0 0 0 0 0 0 0 0 0 0 0 0 0 0 0 0 0 0 0 0 0 0 0 0 0 0 0 0 0 0 0 0 0 0 0 0 0 0 0 0 0 0 0 0 0 0 0 0 0 0 0 0 0 0 0 0 0 0 0 0 0 0 0 0 0 0 0 0 0 0 0 0 0 0 0 0 0 0 0 0 0 0 0 0 0 0 0 0 0 0 0 0 0 0 0 0 0 0 0 0 0 0 0 0 0 0 0 0 0 0 0 0 0 0 0 0 0 0 0 0 0 0 0 0 0 0 0 0 0 0 0 0 0 0 0 0 0 0 0 0 0 0 0 0 0 0 0 0 0 0 0 0 0 0 0 0 0 0 0 0 0 0 0 0 0 0 0 0 0 0 0 0 0 0 0 0 0 0 0 0 0 0 0 0 0 0 0 0 0 0 0 0 0 0 0 0 0 0 0 0 0 0 0 0 0 0 0 0 0 0 0 0 0 0 0 0 1 1 1 1 1 1 1 1 1 1 1 1 1 1 1 1 1 1 1 1 1 1 1 1 1 1 1 1 1 1 1 1 1 1 1 1 1 1 1 1 1 1 1 1 1 1 1 1 1 1 1 1 1 1 1 1 1 1 1 1 1 1 1 1 1 1 1 1 1 1 1 1 1 1 1 1 1 1 1 1 1 1 1 1 1 1 1 1 1 1 1 1 1 1 1 1 1 1 1 1 1 1 1 1 1 1 1 1 1 1 1 1 1 1 1 1 1 1 1 1 1 1 1 1 1 1 1 1 1 1 1 1 1 1 1 1 1 1 1 1 1 1 1 1 1 1 1 1 1 1 1 1 1 1 1 1 1 1 1 1 1 1 1 1 1 1 1 1 1 1 1 1 1 1 1 1 1 1 1 1 1 1 1 1 1 1 1 1 1 1 1 1 1 1 1 1 1 1 1 1 1 1 1 1 1 1 1 1 1 1 1 1 1 1 1 1 1 1 1 1 1 1 1 1 1 1 1 1 1 1 1 1 1 1 1 1 1 1 1 1 1 1 1 1 1 1 1 1 1 1 1 1 1 1 1 1 1 1 1 1 1 1 1 1 1 1 1 1 1 1 1 1 1 1 1 1 1 1 1 1 1 1 1 1 1 1 1 1 1 1 1 1 1 1 1 1 1 1 1 1 1 1 1 1 1 1 1 1 1 1 1 1 1 1 1 1 1 1 1 1 1 1 1 1 1 1 1 1 1 1 1 1 1 1 1 1 1 1 1 1 1 1 1 1 1 1 1 1 1 1 1 1 1 1 1 1 1 1 1 1 1 1 1 1 1 1 1 1 1 1 1 1 1 1 1 1 1 1 1 1 1 1 1 1 1 1 1 1 1 1 1 1 1 1 1 1 1 1 1 1 1 1 1 1 1 1 1 1 1 1 1 1 1 1 1 1 1 1 1 1 1 1 1 1 1 1 1 1 1 1 1 1 1 1 1 1 1 1 1 1 1 1 1 1 1 1 1 1 1 1 1 1 1 1 1 1 1 1 1 1 1 1 1 1 1 1 1 1 1 1 1 1 1 1 1 1 1 1 1 1 1 1 1 1 1 1 1 1 1 1 1 1 1 1 1 1 1 1 1 1 1 1 1 1 1 1 1 1 1 1 1 1 1 1 1 1 1 1 1 1 1 1 1 1 1 1 1 1 1 1 1 1 1 1 1 1 1 1 1 1 1 1 1 1 1 1 1 1 1 1 1 1 1 1 1 1 1 1 1 1 1 1 1 1 1 1 1 1 1 1 1 1 1 1 1 1 1 1 1 1 1 1 1 1 1 1 1 1 1 1 1 1 1 1 1 1 1 1 1 1 1 1 1 1 1 1 1 1 1 1 1 1 1 1 1 1 1 1 1 1 1 1 1 1 1 1 1 1 1 1 1 1 1 1 1 1 1 1 1 1 1 1 1 1 1 1 1 1 1 1 1 1 1 1 1 1 1 1 1 1 1 1 1 1 1 1 1 1 1 1 1 1 1 1 1 1 1 1 1 1 1 1 1 1 1 1 1 1 1 1 1 1 1 1 1 1 1 1 1 1 1 1 1 1 1 1 1 1 1 1 1 1 1 1 1 1 1 1 1 1 1 1 1 1 1 1 1 1 1 1 1 1 1 1 1 1 1 1 1 1 1 1 1 1 1 1 1 1 1 1 1 1 1 1 1 1 1 1 1 1 1 1 1 1 1 1 1 1 1 1 1 1 1 1 1 1 1 1 1 1 1 1 1 1 1 1 1 1 1 1 1 1 1 1 1 1 1 1 1 1 1 1 1 1 1 1 1 1 1 1 1 1 1 1 1 1 1 1 1 1 1 1 1 1 1 1 1 1 1 1 1 1 1 1 1 1 1 1 1 1 1 1 1 1 1 1 1 1 1 1 1 1 1 1 1 1 1 1 1 1 1 1 1 1 1 1 1 1 1 1 1 1 1 1 1 1 1 1 1 1 1 1 1 1 1 1 1 1 1 1 1 1 1 1 1 1 1 1 1 1 1 1 1 1 1 1 1 1 1 1 1 1 1 1 1 1 1 1 1 1 1 1 1 1 1 1 1 1 1 1 1 1 1 1 1 1 1 1 1 1 1 1 1 1 1 1 1 1 1 1 1 1 1 1 1 1 1 1 1 1 1 1 1 1 1 1 1 1 1 1
        </DataArray>
        <DataArray type="Float32" Name="error_magnitude" format="ascii">
          1.1268739e-05 1.2242722e-05 1.0259646e-05 1.0749116e-05 1.1240777e-05 1.1734312e-05 1.4254208e-05 1.967435e-05 1.8905594e-05 1.8573595e-05 1.6001699e-05 1.7849656e-05 1.7602511e-05 1.0344495e-05 1.5565462e-05 1.7258857e-05 1.9000236e-05 1.5071215e-05 2.1631493e-05 1.3176501e-05 1.48537265e-05 1.0028284e-05 2.172465e-05 1.32363875e-05 1.1696834e-05 2.0842741e-05 1.2387661e-05 1.0674045e-05 1.2032206e-05 1.0304833e-05 1.5558819e-05 1.0023114e-05 1.0798722e-05 2.5033742e-05 2.2429042e-05 2.492671e-05 1.844553e-05 2.0875797e-05 2.3331519e-05 1.0606297e-05 1.4647103e-05 1.9350275e-05 1.2246064e-05 1.3897774e-05 1.9363031e-05 1.1828044e-05 1.1024507e-05 1.955705e-05 1.0316865e-05 1.079225e-05 1.0429861e-05 1.1494836e-05 1.0618964e-05 1.0898467e-05 1.346883e-05 1.2302792e-05 1.1165364e-05 1.009909e-05 1.1078098e-05 1.0243749e-05 1.0775636e-05 1.0047522e-05 1.0493941e-05 1.0242455e-05 1.0436044e-05 1.0633909e-05 1.0835824e-05 1.104155e-05 1.0457855e-05 1.1211502e-05 1.003504e-05 1.0303027e-05 1.1433877e-05 1.2631156e-05 1.387771e-05 1.0027708e-05 1.1375581e-05 1.27608755e-05 1.0079422e-05 1.0766644e-05 1.0234716e-05 1.1751762e-05 1.0880104e-05 1.0303116e-05 1.0399823e-05 1.001697e-05 1.0996243e-05 1.0871224e-05 1.0253296e-05 1.09211505e-05 1.0816238e-05 1.2256517e-05 1.3814385e-05 1.0417183e-05 1.1321064e-05 1.303315e-05 1.0260903e-05 1.1190443e-05 1.0580995e-05 1.2422151e-05 1.0747065e-05 1.0079084e-05 1.2007086e-05 1.01023725e-05 1.0015679e-05 1.0058135e-05 1.0558703e-05 1.0182883e-05 1.0053301e-05 1.0179139e-05 1.0537858e-05 1.0421801e-05 1.221797e-05 1.2419828e-05 1.2624065e-05 1.28305555e-05 1.303918e-05 1.0529316e-05 1.1199021e-05 1.1878057e-05 1.2564889e-05 1.066227e-05 1.0897257e-05 1.1134663e-05 1.1374309e-05 1.1616032e-05 1.001722e-05 1.0780466e-05 1.1548952e-05 1.0274754e-05 1.0600359e-05 1.2394069e-05 1.3485573e-05 1.4605343e-05 1.574729e-05 1.1120769e-05 1.233248e-05 1.3564111e-05 1.481055e-05 1.128812e-05 1.2623255e-05 1.3965555e-05 1.0385079e-05 1.1806782e-05 1.3229765e-05 1.1260381e-05 1.2737384e-05 1.1313714e-05 1.1699885e-05 1.1174409e-05 1.038036e-05 1.0925583e-05 1.1923081e-05 1.32333225e-05 1.4615351e-05 1.6050531e-05 1.0479019e-05 1.09512375e-05 1.2402771e-05 1.3902963e-05 1.5437545e-05 1.0169395e-05 1.1742172e-05 1.3340011e-05 1.4954861e-05 1.1281139e-05 1.294584e-05 1.461523e-05 1.1286998e-05 1.2969722e-05 1.0447137e-05 1.059504e-05 1.1766178e-05 1.0310713e-05 1.1478075e-05 1.273755e-05 1.1159423e-05 1.2510915e-05 1.1051309e-05 1.2459425e-05 1.1159642e-05 1.258507e-05 1.0352518e-05 1.1746638e-05 1.0330227e-05 1.1074186e-05 1.0608416e-05 1.0024297e-05 1.0217025e-05 1.0920384e-05 1.1329313e-05 1.0506994e-05 1.4362312e-05 1.4560425e-05 1.4759911e-05 1.4960711e-05 1.516274e-05 1.164553e-05 1.2197816e-05 1.2792292e-05 1.3390527e-05 1.3991935e-05 1.0241385e-05 1.3055222e-05 1.3278817e-05 1.3503697e-05 1.3729784e-05 1.395697e-05 1.0506621e-05 1.1124961e-05 1.1788608e-05 1.2454431e-05 1.3121894e-05 1.182039e-05 1.2070381e-05 1.2321444e-05 1.2573492e-05 1.2826449e-05 1.0126744e-05 1.0855028e-05 1.158387e-05 1.2313105e-05 1.06829475e-05 1.0959389e-05 1.1236561e-05 1.1514416e-05 1.1792869e-05 1.0011148e-05 1.0794851e-05 1.1578431e-05 1.012893e-05 1.0955139e-05 1.0342997e-05 1.102653e-05 1.0962439e-05 1.4718512e-05 1.5701127e-05 1.6695658e-05 1.7699911e-05 1.3690314e-05 1.4759246e-05 1.5835658e-05 1.6917866e-05 1.0186317e-05 1.2760901e-05 1.3908031e-05 1.5058394e-05 1.6211165e-05 1.1953224e-05 1.3164954e-05 1.4377329e-05 1.5590009e-05 1.0812297e-05 1.20649165e-05 1.331903e-05 1.45740505e-05 1.4629328e-05 1.0453513e-05 1.4479177e-05 1.4051356e-05 1.0165516e-05 1.2622187e-05 1.400989e-05 1.3619884e-05 1.0114801e-05 1.4689728e-05 1.5890726e-05 1.7122677e-05 1.8379113e-05 1.00938105e-05 1.1400856e-05 1.3982213e-05 1.5267833e-05 1.6573515e-05 1.7894627e-05 1.0072552e-05 1.110585e-05 1.1551453e-05 1.3415977e-05 1.47706305e-05 1.6135707e-05 1.7508572e-05 1.0613188e-05 1.1065192e-05 1.3009247e-05 1.4411948e-05 1.5818388e-05 1.7227447e-05 1.0227231e-05 1.0688658e-05 1.1073439e-05 1.2491798e-05 1.3911663e-05 1.20900695e-05 1.0136582e-05 1.0072074e-05 1.1800325e-05 1.2824043e-05 1.3903239e-05 1.5025793e-05 1.1474885e-05 1.2580497e-05 1.3721701e-05 1.4890147e-05 1.1347077e-05 1.2507069e-05 1.3686315e-05 1.4880048e-05 1.1423299e-05 1.2606545e-05 1.379803e-05 1.4995621e-05 1.10871715e-05 1.0180025e-05 1.0597669e-05 1.2962748e-05 1.2772446e-05 1.3639484e-05 1.07343685e-05 1.31936295e-05 1.4011562e-05 1.0789463e-05 1.096247e-05 1.0010862e-05 1.0230919e-05 1.0123325e-05 1.00253e-05 1.0308499e-05 1.0597497e-05 1.0891793e-05 1.04785695e-05 1.0946544e-05 1.071535e-05 1.1237162e-05 1.0037297e-05 1.0850434e-05 1.292777e-05 1.1332043e-05 1.2397393e-05 1.0854406e-05 1.1981001e-05 1.0001425e-05 1.3802795e-05 1.0710955e-05 1.0218025e-05 1.0423422e-05 1.1071043e-05 1.0442234e-05 1.1856634e-05 1.12345915e-05 1.0623221e-05 1.0024422e-05 1.1043786e-05 1.0170507e-05 1.04673945e-05 1.0266739e-05 1.025614e-05 1.0435983e-05 1.007688e-05 1.0080269e-05 1.0263222e-05 1.0447984e-05 1.0632109e-05 1.0095231e-05 1.048952e-05 1.0281181e-05 1.0139318e-05 1.0303104e-05 1.0117709e-05 1.0293364e-05 1.0158589e-05 1.0346711e-05 1.0081091e-05 1.027739e-05 1.0476375e-05 1.0060594e-05 1.0265569e-05 1.0471461e-05 1.0679575e-05 1.0109229e-05 1.030979e-05 1.0523038e-05 1.0736721e-05 1.0952219e-05 1.0400747e-05 1.0564869e-05 1.0731287e-05 1.0899897e-05 1.1070598e-05 1.1242956e-05 1.1414591e-05 1.0100086e-05 1.0386077e-05 1.0673953e-05 1.0206353e-05 1.0003653e-05 1.2395443e-05 1.0929922e-05 1.16165975e-05 1.0904801e-05 1.0273955e-05 1.0109773e-05 1.0765768e-05 1.0349404e-05 1.08280865e-05 1.0310766e-05 1.0229181e-05 1.0519773e-05 1.0172699e-05 1.01980595e-05 1.0463029e-05 1.0385381e-05 1.00741245e-05 1.0058182e-05 1.0602647e-05 1.0661628e-05 1.0064401e-05 1.0173735e-05 1.0288296e-05 1.0982315e-05 1.1049075e-05 1.1121669e-05 1.1199985e-05 1.1312218e-05 1.1433756e-05 1.1559937e-05 1.16890105e-05 1.0814165e-05 1.0899524e-05 1.0990335e-05 1.1086463e-05 1.121331e-05 1.1348116e-05 1.14865115e-05 1.1626554e-05 1.0745752e-05 1.0848237e-05 1.0955503e-05 1.1067459e-05 1.1204955e-05 1.1348956e-05 1.1495821e-05 1.1643506e-05 1.0745939e-05 1.0861135e-05 1.0980203e-05 1.1103344e-05 1.1250869e-05 1.1404583e-05 1.1560877e-05 1.1717613e-05 1.0830228e-05 1.0953852e-05 1.108099e-05 1.121106e-05 1.136715e-05 1.1529494e-05 1.1694136e-05 1.1858861e-05 1.0996697e-05 1.1125e-05 1.12556545e-05 1.138857e-05 1.1551674e-05 1.1721472e-05 1.1893305e-05 1.2064892e-05 1.1242473e-05 1.1370743e-05 1.1500832e-05 1.1632679e-05 1.1801239e-05 1.1977294e-05 1.2155144e-05 1.233246e-05 1.0009113e-05 1.1477052e-05 1.1282716e-05 1.0209701e-05 1.0073616e-05 1.562416e-05 1.5159342e-05 1.00121415e-05 1.07703645e-05 1.0626043e-05 1.0482133e-05 1.033865e-05 1.0195613e-05 1.005304e-05 1.0281777e-05 1.15713e-05 1.1423427e-05 1.1276035e-05 1.1129141e-05 1.0982766e-05 1.08369295e-05 1.0691656e-05 1.0897612e-05 1.057868e-05 1.0264322e-05 1.1105044e-05 1.1110793e-05 1.0947787e-05 1.0785056e-05 1.062261e-05 1.0460464e-05 1.0298631e-05 1.0137128e-05 1.1545954e-05 1.1218899e-05 1.0893696e-05 1.056906e-05 1.0245046e-05 1.1707126e-05 1.1242824e-05 1.07804835e-05 1.0318283e-05 1.1090758e-05 1.16987485e-05 1.12331645e-05 1.0769583e-05 1.0306181e-05 1.1437117e-05 1.1194933e-05 1.1768942e-05 1.1303067e-05 1.0839346e-05 1.0375974e-05 1.1862144e-05 1.1621027e-05 1.1381342e-05 1.1916274e-05 1.1451033e-05 1.0988189e-05 1.0525985e-05 1.0064508e-05 1.23612945e-05 1.2121172e-05 1.1882704e-05 1.1645989e-05 1.2137891e-05 1.16740475e-05 1.121292e-05 1.0752816e-05 1.02945e-05 1.2929483e-05 1.2690135e-05 1.245264e-05 1.2217104e-05 1.1983644e-05 1.2429775e-05 1.1967873e-05 1.1509052e-05 1.1052326e-05 1.0598136e-05 1.0145887e-05 1.3561445e-05 1.332253e-05 1.3085642e-05 1.2850893e-05 1.26184e-05 1.2388293e-05 1.2787074e-05 1.2327407e-05 1.1871799e-05 1.1419211e-05 1.0968856e-05 1.0521022e-05 1.0076047e-05 1.4190254e-05 1.3948865e-05 1.3709573e-05 1.34724905e-05 1.3237735e-05 1.3005435e-05 1.2775723e-05 1.3204452e-05 1.2747599e-05 1.2295884e-05 1.1846618e-05 1.1400091e-05 1.0956641e-05 1.05166555e-05 1.0080593e-05 1.39660515e-05 1.4017296e-05 1.3747555e-05 1.3479142e-05 1.3212138e-05 1.294663e-05 1.2682712e-05 1.2420486e-05 1.3679947e-05 1.32265895e-05 1.2777544e-05 1.23313785e-05 1.1888419e-05 1.1449041e-05 1.1013674e-05 1.0582814e-05 1.0604212e-05 1.139173e-05 1.095004e-05 1.05111385e-05 1.0073451e-05 1.0480085e-05 1.0234125e-05 1.0993733e-05 1.0571374e-05 1.015219e-05 1.0394541e-05 1.0161851e-05 1.0655079e-05 1.025322e-05 1.03527445e-05 1.0133506e-05 1.0381555e-05 1.0001333e-05 1.0359564e-05 1.0153817e-05 1.0178389e-05 1.0226952e-05 1.0038184e-05 1.0049826e-05 1.0356333e-05 1.0180595e-05 1.00087045e-05 1.0535605e-05 1.035416e-05 1.0175925e-05 1.0001074e-05 1.0026275e-05 1.0701345e-05 1.0869209e-05 1.0669807e-05 1.0472535e-05 1.0277514e-05 1.0084876e-05 1.0132618e-05 1.4437938e-05 1.411017e-05 1.0028807e-05 1.0433344e-05 1.0133369e-05 1.0166742e-05 1.0577533e-05 1.0083202e-05 1.1050699e-05 1.0495538e-05 1.15785615e-05 1.0961462e-05 1.2153963e-05 1.1474418e-05 1.0589057e-05 1.0025792e-05 1.0193055e-05 1.0293809e-05 1.0218921e-05 1.02727345e-05 1.0333105e-05 1.03314205e-05 1.0532679e-05 1.03477705e-05 1.01262e-05 1.04684805e-05 1.0042467e-05 1.081286e-05 1.0818338e-05 1.0599033e-05 1.0381545e-05 1.0165989e-05 1.0680854e-05 1.0256793e-05 1.1167529e-05 1.135586e-05 1.1138606e-05 1.0923384e-05 1.0710318e-05 1.0499537e-05 1.096412e-05 1.0542656e-05 1.0128849e-05 1.1589843e-05 1.1867365e-05 1.16474675e-05 1.1429637e-05 1.1213994e-05 1.10006695e-05 1.0789799e-05 1.1312949e-05 1.089442e-05 1.04845e-05 1.0079629e-05 1.2076759e-05 1.1711928e-05 1.177259e-05 1.1523912e-05 1.1276377e-05 1.10300625e-05 1.0785053e-05 1.0541437e-05 1.1724768e-05 1.1309761e-05 1.0904395e-05 1.0503501e-05 1.0105805e-05 1.151908e-05 1.1906063e-05 1.1964357e-05 1.1706453e-05 1.1449518e-05 1.1193619e-05 1.0938829e-05 1.0685228e-05 1.219594e-05 1.1784989e-05 1.1382884e-05 1.0985681e-05 1.0592174e-05 1.0202791e-05 1.2501703e-05 1.1628979e-05 1.23184345e-05 1.1465403e-05 1.2203515e-05 1.1366046e-05 1.2158841e-05 1.1332561e-05 1.2185139e-05 1.1365493e-05 1.2281911e-05 1.1464232e-05 1.1884464e-05 1.0347111e-05 1.0274776e-05 1.0019373e-05 1.3343864e-05 1.3173984e-05 1.0153764e-05 1.0419524e-05 1.0486879e-05 1.0558662e-05 1.0634786e-05 1.04810915e-05 1.0271893e-05 1.0014347e-05 1.0738856e-05 1.03760285e-05 1.0018351e-05 1.074216e-05 1.0500611e-05 1.0056846e-05 1.0593698e-05 1.0356138e-05 1.0515567e-05 1.0282451e-05 1.0509291e-05 1.0281027e-05 1.0574956e-05 1.0351853e-05 1.0150685e-05 1.2360238e-05 1.2352968e-05 1.0048508e-05 1.012212e-05 1.1359724e-05 1.1447281e-05 1.1537988e-05 1.0785344e-05 1.08879485e-05 1.0993703e-05 1.0244341e-05 1.0362677e-05 1.1505697e-05 1.1647884e-05 1.1574302e-05 1.0800434e-05 1.0872818e-05 1.0264365e-05 1.0779984e-05 1.010627e-05 1.0192706e-05 1.0092372e-05 1.0212734e-05 1.033387e-05 1.022165e-05 1.0358489e-05 1.0495943e-05 1.0052408e-05 1.244982e-05 1.2548259e-05 1.1995003e-05 1.2105483e-05 1.1572319e-05 1.0775266e-05 1.1057467e-05 1.092412e-05 1.1659682e-05 1.174671e-05 1.1307586e-05 1.1391134e-05 1.1934092e-05 1.2034412e-05 1.20923905e-05 1.2206587e-05 1.0433261e-05 1.0640561e-05 1.0848684e-05 1.1057582e-05 1.1663912e-05 1.1789967e-05 1.0197093e-05 1.0414376e-05 1.12599355e-05 1.1397847e-05 1.088317e-05 1.1032817e-05 1.0536517e-05 1.0697635e-05 1.3641857e-05 1.3289713e-05 1.0693361e-05 1.0206265e-05 1.0271431e-05 1.03355305e-05 1.04281735e-05 1.1206616e-05 1.1332255e-05 1.1100823e-05 1.1242887e-05 1.0016055e-05 1.087675e-05 1.1033001e-05 1.0690619e-05 1.086029e-05 1.0544415e-05 1.0726528e-05 1.04397905e-05 1.0633159e-05 1.0167501e-05 1.0577887e-05 1.0391394e-05 1.2976462e-05 1.0509035e-05 1.370879e-05 1.05784275e-05 1.3844293e-05 1.2033505e-05 1.2203077e-05 1.2373236e-05 1.2543959e-05 1.27152225e-05 1.0155876e-05 1.3460848e-05 1.1620434e-05 1.1796187e-05 1.19724555e-05 1.2149217e-05 1.309534e-05 1.1225811e-05 1.1407577e-05 1.1589781e-05 1.2749299e-05 1.0851636e-05 1.1039164e-05 1.2424336e-05 1.0500077e-05 1.2122133e-05 1.0803905e-05 1.05286845e-05 1.1832772e-05 1.2070248e-05 1.3063659e-05 1.0780242e-05 1.09512885e-05 1.1124878e-05 1.1300894e-05 1.1479223e-05 1.1659761e-05 1.28870215e-05 1.0971378e-05 1.1150359e-05 1.1331551e-05 1.1514851e-05 1.1700162e-05 1.26645655e-05 1.0690181e-05 1.0876202e-05 1.1064218e-05 1.1254128e-05 1.2468576e-05 1.04374285e-05 1.0630086e-05 1.0824512e-05 1.2300299e-05 1.0215211e-05 1.041398e-05 1.2160871e-05 1.0025539e-05 1.2051272e-05 1.2871683e-05 1.2166921e-05 1.0089212e-05 1.0216925e-05 1.2251778e-05 1.2901031e-05 1.3030399e-05 1.316016e-05 1.3290304e-05 1.34208185e-05 1.3551692e-05 1.1901946e-05 1.2543626e-05 1.2676422e-05 1.280958e-05 1.2943088e-05 1.3076937e-05 1.1566675e-05 1.2199417e-05 1.2335582e-05 1.2472075e-05 1.2608884e-05 1.1247255e-05 1.1869541e-05 1.2008987e-05 1.2148725e-05 1.0945063e-05 1.1555214e-05 1.1697819e-05 1.0661548e-05 1.1257725e-05 1.0398226e-05 1.0772774e-05 1.1708549e-05 1.2243813e-05 1.2375786e-05 1.2509283e-05 1.2644256e-05 1.2780658e-05 1.2918443e-05 1.3057568e-05 1.1449039e-05 1.19620945e-05 1.2098788e-05 1.22369265e-05 1.2376463e-05 1.2517351e-05 1.2659544e-05 1.1209591e-05 1.1698388e-05 1.183972e-05 1.19824135e-05 1.2126419e-05 1.2271692e-05 1.0991503e-05 1.1453924e-05 1.1599772e-05 1.1746889e-05 1.1895229e-05 1.0796051e-05 1.1229943e-05 1.1380137e-05 1.1531505e-05 1.0624471e-05 1.102768e-05 1.1182e-05 1.0477917e-05 1.0848334e-05 1.0357438e-05 1.1218659e-05 1.1268739e-05 1.2242722e-05 1.0259646e-05 1.0749116e-05 1.1240777e-05 1.1734312e-05 1.4254208e-05 1.967435e-05 1.8905594e-05 1.8573595e-05 1.6001699e-05 1.7849656e-05 1.7602511e-05 1.0344495e-05 1.5565462e-05 1.7258857e-05 1.9000236e-05 1.5071215e-05 2.1631493e-05 1.3176501e-05 1.48537265e-05 1.0028284e-05 2.172465e-05 1.32363875e-05 1.1696834e-05 2.0842741e-05 1.2387661e-05 1.0674045e-05 1.2032206e-05 1.0304833e-05 1.5558819e-05 1.0023114e-05 1.0798722e-05 2.5033742e-05 2.2429042e-05 2.492671e-05 1.844553e-05 2.0875797e-05 2.3331519e-05 1.0606297e-05 1.4647103e-05 1.9350275e-05 1.2246064e-05 1.3897774e-05 1.9363031e-05 1.1828044e-05 1.1024507e-05 1.955705e-05 1.0316865e-05 1.079225e-05 1.0429861e-05 1.1494836e-05 1.0618964e-05 1.0898467e-05 1.346883e-05 1.2302792e-05 1.1165364e-05 1.009909e-05 1.1078098e-05 1.0243749e-05 1.0775636e-05 1.0047522e-05 1.0493941e-05 1.0242455e-05 1.0436044e-05 1.0633909e-05 1.0835824e-05 1.104155e-05 1.0457855e-05 1.1211502e-05 1.003504e-05 1.0303027e-05 1.1433877e-05 1.2631156e-05 1.387771e-05 1.0027708e-05 1.1375581e-05 1.27608755e-05 1.0079422e-05 1.0766644e-05 1.0234716e-05 1.1751762e-05 1.0880104e-05 1.0303116e-05 1.0399823e-05 1.001697e-05 1.0996243e-05 1.0871224e-05 1.0253296e-05 1.09211505e-05 1.0816238e-05 1.2256517e-05 1.3814385e-05 1.0417183e-05 1.1321064e-05 1.303315e-05 1.0260903e-05 1.1190443e-05 1.0580995e-05 1.2422151e-05 1.0747065e-05 1.0079084e-05 1.2007086e-05 1.01023725e-05 1.0015679e-05 1.0058135e-05 1.0558703e-05 1.0182883e-05 1.0053301e-05 1.0179139e-05 1.0537858e-05 1.0421801e-05 1.221797e-05 1.2419828e-05 1.2624065e-05 1.28305555e-05 1.303918e-05 1.0529316e-05 1.1199021e-05 1.1878057e-05 1.2564889e-05 1.066227e-05 1.0897257e-05 1.1134663e-05 1.1374309e-05 1.1616032e-05 1.001722e-05 1.0780466e-05 1.1548952e-05 1.0274754e-05 1.0600359e-05 1.2394069e-05 1.3485573e-05 1.4605343e-05 1.574729e-05 1.1120769e-05 1.233248e-05 1.3564111e-05 1.481055e-05 1.128812e-05 1.2623255e-05 1.3965555e-05 1.0385079e-05 1.1806782e-05 1.3229765e-05 1.1260381e-05 1.2737384e-05 1.1313714e-05 1.1699885e-05 1.1174409e-05 1.038036e-05 1.0925583e-05 1.1923081e-05 1.32333225e-05 1.4615351e-05 1.6050531e-05 1.0479019e-05 1.09512375e-05 1.2402771e-05 1.3902963e-05 1.5437545e-05 1.0169395e-05 1.1742172e-05 1.3340011e-05 1.4954861e-05 1.1281139e-05 1.294584e-05 1.461523e-05 1.1286998e-05 1.2969722e-05 1.0447137e-05 1.059504e-05 1.1766178e-05 1.0310713e-05 1.1478075e-05 1.273755e-05 1.1159423e-05 1.2510915e-05 1.1051309e-05 1.2459425e-05 1.1159642e-05 1.258507e-05 1.0352518e-05 1.1746638e-05 1.0330227e-05 1.1074186e-05 1.0608416e-05 1.0024297e-05 1.0217025e-05 1.0920384e-05 1.1329313e-05 1.0506994e-05 1.4362312e-05 1.4560425e-05 1.4759911e-05 1.4960711e-05 1.516274e-05 1.164553e-05 1.2197816e-05 1.2792292e-05 1.3390527e-05 1.3991935e-05 1.0241385e-05 1.3055222e-05 1.3278817e-05 1.3503697e-05 1.3729784e-05 1.395697e-05 1.0506621e-05 1.1124961e-05 1.1788608e-05 1.2454431e-05 1.3121894e-05 1.182039e-05 1.2070381e-05 1.2321444e-05 1.2573492e-05 1.2826449e-05 1.0126744e-05 1.0855028e-05 1.158387e-05 1.2313105e-05 1.06829475e-05 1.0959389e-05 1.1236561e-05 1.1514416e-05 1.1792869e-05 1.0011148e-05 1.0794851e-05 1.1578431e-05 1.012893e-05 1.0955139e-05 1.0342997e-05 1.102653e-05 1.0962439e-05 1.4718512e-05 1.5701127e-05 1.6695658e-05 1.7699911e-05 1.3690314e-05 1.4759246e-05 1.5835658e-05 1.6917866e-05 1.0186317e-05 1.2760901e-05 1.3908031e-05 1.5058394e-05 1.6211165e-05 1.1953224e-05 1.3164954e-05 1.4377329e-05 1.5590009e-05 1.0812297e-05 1.20649165e-05 1.331903e-05 1.45740505e-05 1.4629328e-05 1.0453513e-05 1.4479177e-05 1.4051356e-05 1.0165516e-05 1.2622187e-05 1.400989e-05 1.3619884e-05 1.0114801e-05 1.4689728e-05 1.5890726e-05 1.7122677e-05 1.8379113e-05 1.00938105e-05 1.1400856e-05 1.3982213e-05 1.5267833e-05 1.6573515e-05 1.7894627e-05 1.0072552e-05 1.110585e-05 1.1551453e-05 1.3415977e-05 1.47706305e-05 1.6135707e-05 1.7508572e-05 1.0613188e-05 1.1065192e-05 1.3009247e-05 1.4411948e-05 1.5818388e-05 1.7227447e-05 1.0227231e-05 1.0688658e-05 1.1073439e-05 1.2491798e-05 1.3911663e-05 1.20900695e-05 1.0136582e-05 1.0072074e-05 1.1800325e-05 1.2824043e-05 1.3903239e-05 1.5025793e-05 1.1474885e-05 1.2580497e-05 1.3721701e-05 1.4890147e-05 1.1347077e-05 1.2507069e-05 1.3686315e-05 1.4880048e-05 1.1423299e-05 1.2606545e-05 1.379803e-05 1.4995621e-05 1.10871715e-05 1.0180025e-05 1.0597669e-05 1.2962748e-05 1.2772446e-05 1.3639484e-05 1.07343685e-05 1.31936295e-05 1.4011562e-05 1.0789463e-05 1.096247e-05 1.0010862e-05 1.0230919e-05 1.0123325e-05 1.00253e-05 1.0308499e-05 1.0597497e-05 1.0891793e-05 1.04785695e-05 1.0946544e-05 1.071535e-05 1.1237162e-05 1.0037297e-05 1.0850434e-05 1.292777e-05 1.1332043e-05 1.2397393e-05 1.0854406e-05 1.1981001e-05 1.0001425e-05 1.3802795e-05 1.0710955e-05 1.0218025e-05 1.0423422e-05 1.1071043e-05 1.0442234e-05 1.1856634e-05 1.12345915e-05 1.0623221e-05 1.0024422e-05 1.1043786e-05 1.0170507e-05 1.04673945e-05 1.0266739e-05 1.025614e-05 1.0435983e-05 1.007688e-05 1.0080269e-05 1.0263222e-05 1.0447984e-05 1.0632109e-05 1.0095231e-05 1.048952e-05 1.0281181e-05 1.0139318e-05 1.0303104e-05 1.0117709e-05 1.0293364e-05 1.0158589e-05 1.0346711e-05 1.0081091e-05 1.027739e-05 1.0476375e-05 1.0060594e-05 1.0265569e-05 1.0471461e-05 1.0679575e-05 1.0109229e-05 1.030979e-05 1.0523038e-05 1.0736721e-05 1.0952219e-05 1.0400747e-05 1.0564869e-05 1.0731287e-05 1.0899897e-05 1.1070598e-05 1.1242956e-05 1.1414591e-05 1.0100086e-05 1.0386077e-05 1.0673953e-05 1.0206353e-05 1.0003653e-05 1.2395443e-05 1.0929922e-05 1.16165975e-05 1.0904801e-05 1.0273955e-05 1.0109773e-05 1.0765768e-05 1.0349404e-05 1.08280865e-05 1.0310766e-05 1.0229181e-05 1.0519773e-05 1.0172699e-05 1.01980595e-05 1.0463029e-05 1.0385381e-05 1.00741245e-05 1.0058182e-05 1.0602647e-05 1.0661628e-05 1.0064401e-05 1.0173735e-05 1.0288296e-05 1.0982315e-05 1.1049075e-05 1.1121669e-05 1.1199985e-05 1.1312218e-05 1.1433756e-05 1.1559937e-05 1.16890105e-05 1.0814165e-05 1.0899524e-05 1.0990335e-05 1.1086463e-05 1.121331e-05 1.1348116e-05 1.14865115e-05 1.1626554e-05 1.0745752e-05 1.0848237e-05 1.0955503e-05 1.1067459e-05 1.1204955e-05 1.1348956e-05 1.1495821e-05 1.1643506e-05 1.0745939e-05 1.0861135e-05 1.0980203e-05 1.1103344e-05 1.1250869e-05 1.1404583e-05 1.1560877e-05 1.1717613e-05 1.0830228e-05 1.0953852e-05 1.108099e-05 1.121106e-05 1.136715e-05 1.1529494e-05 1.1694136e-05 1.1858861e-05 1.0996697e-05 1.1125e-05 1.12556545e-05 1.138857e-05 1.1551674e-05 1.1721472e-05 1.1893305e-05 1.2064892e-05 1.1242473e-05 1.1370743e-05 1.1500832e-05 1.1632679e-05 1.1801239e-05 1.1977294e-05 1.2155144e-05 1.233246e-05 1.0009113e-05 1.1477052e-05 1.1282716e-05 1.0209701e-05 1.0073616e-05 1.562416e-05 1.5159342e-05 1.00121415e-05 1.07703645e-05 1.0626043e-05 1.0482133e-05 1.033865e-05 1.0195613e-05 1.005304e-05 1.0281777e-05 1.15713e-05 1.1423427e-05 1.1276035e-05 1.1129141e-05 1.0982766e-05 1.08369295e-05 1.0691656e-05 1.0897612e-05 1.057868e-05 1.0264322e-05 1.1105044e-05 1.1110793e-05 1.0947787e-05 1.0785056e-05 1.062261e-05 1.0460464e-05 1.0298631e-05 1.0137128e-05 1.1545954e-05 1.1218899e-05 1.0893696e-05 1.056906e-05 1.0245046e-05 1.1707126e-05 1.1242824e-05 1.07804835e-05 1.0318283e-05 1.1090758e-05 1.16987485e-05 1.12331645e-05 1.0769583e-05 1.0306181e-05 1.1437117e-05 1.1194933e-05 1.1768942e-05 1.1303067e-05 1.0839346e-05 1.0375974e-05 1.1862144e-05 1.1621027e-05 1.1381342e-05 1.1916274e-05 1.1451033e-05 1.0988189e-05 1.0525985e-05 1.0064508e-05 1.23612945e-05 1.2121172e-05 1.1882704e-05 1.1645989e-05 1.2137891e-05 1.16740475e-05 1.121292e-05 1.0752816e-05 1.02945e-05 1.2929483e-05 1.2690135e-05 1.245264e-05 1.2217104e-05 1.1983644e-05 1.2429775e-05 1.1967873e-05 1.1509052e-05 1.1052326e-05 1.0598136e-05 1.0145887e-05 1.3561445e-05 1.332253e-05 1.3085642e-05 1.2850893e-05 1.26184e-05 1.2388293e-05 1.2787074e-05 1.2327407e-05 1.1871799e-05 1.1419211e-05 1.0968856e-05 1.0521022e-05 1.0076047e-05 1.4190254e-05 1.3948865e-05 1.3709573e-05 1.34724905e-05 1.3237735e-05 1.3005435e-05 1.2775723e-05 1.3204452e-05 1.2747599e-05 1.2295884e-05 1.1846618e-05 1.1400091e-05 1.0956641e-05 1.05166555e-05 1.0080593e-05 1.39660515e-05 1.4017296e-05 1.3747555e-05 1.3479142e-05 1.3212138e-05 1.294663e-05 1.2682712e-05 1.2420486e-05 1.3679947e-05 1.32265895e-05 1.2777544e-05 1.23313785e-05 1.1888419e-05 1.1449041e-05 1.1013674e-05 1.0582814e-05 1.0604212e-05 1.139173e-05 1.095004e-05 1.05111385e-05 1.0073451e-05 1.0480085e-05 1.0234125e-05 1.0993733e-05 1.0571374e-05 1.015219e-05 1.0394541e-05 1.0161851e-05 1.0655079e-05 1.025322e-05 1.03527445e-05 1.0133506e-05 1.0381555e-05 1.0001333e-05 1.0359564e-05 1.0153817e-05 1.0178389e-05 1.0226952e-05 1.0038184e-05 1.0049826e-05 1.0356333e-05 1.0180595e-05 1.00087045e-05 1.0535605e-05 1.035416e-05 1.0175925e-05 1.0001074e-05 1.0026275e-05 1.0701345e-05 1.0869209e-05 1.0669807e-05 1.0472535e-05 1.0277514e-05 1.0084876e-05 1.0132618e-05 1.4437938e-05 1.411017e-05 1.0028807e-05 1.0433344e-05 1.0133369e-05 1.0166742e-05 1.0577533e-05 1.0083202e-05 1.1050699e-05 1.0495538e-05 1.15785615e-05 1.0961462e-05 1.2153963e-05 1.1474418e-05 1.0589057e-05 1.0025792e-05 1.0193055e-05 1.0293809e-05 1.0218921e-05 1.02727345e-05 1.0333105e-05 1.03314205e-05 1.0532679e-05 1.03477705e-05 1.01262e-05 1.04684805e-05 1.0042467e-05 1.081286e-05 1.0818338e-05 1.0599033e-05 1.0381545e-05 1.0165989e-05 1.0680854e-05 1.0256793e-05 1.1167529e-05 1.135586e-05 1.1138606e-05 1.0923384e-05 1.0710318e-05 1.0499537e-05 1.096412e-05 1.0542656e-05 1.0128849e-05 1.1589843e-05 1.1867365e-05 1.16474675e-05 1.1429637e-05 1.1213994e-05 1.10006695e-05 1.0789799e-05 1.1312949e-05 1.089442e-05 1.04845e-05 1.0079629e-05 1.2076759e-05 1.1711928e-05 1.177259e-05 1.1523912e-05 1.1276377e-05 1.10300625e-05 1.0785053e-05 1.0541437e-05 1.1724768e-05 1.1309761e-05 1.0904395e-05 1.0503501e-05 1.0105805e-05 1.151908e-05 1.1906063e-05 1.1964357e-05 1.1706453e-05 1.1449518e-05 1.1193619e-05 1.0938829e-05 1.0685228e-05 1.219594e-05 1.1784989e-05 1.1382884e-05 1.0985681e-05 1.0592174e-05 1.0202791e-05 1.2501703e-05 1.1628979e-05 1.23184345e-05 1.1465403e-05 1.2203515e-05 1.1366046e-05 1.2158841e-05 1.1332561e-05 1.2185139e-05 1.1365493e-05 1.2281911e-05 1.1464232e-05 1.1884464e-05 1.0347111e-05 1.0274776e-05 1.0019373e-05 1.3343864e-05 1.3173984e-05 1.0153764e-05 1.0419524e-05 1.0486879e-05 1.0558662e-05 1.0634786e-05 1.04810915e-05 1.0271893e-05 1.0014347e-05 1.0738856e-05 1.03760285e-05 1.0018351e-05 1.074216e-05 1.0500611e-05 1.0056846e-05 1.0593698e-05 1.0356138e-05 1.0515567e-05 1.0282451e-05 1.0509291e-05 1.0281027e-05 1.0574956e-05 1.0351853e-05 1.0150685e-05 1.2360238e-05 1.2352968e-05 1.0048508e-05 1.012212e-05 1.1359724e-05 1.1447281e-05 1.1537988e-05 1.0785344e-05 1.08879485e-05 1.0993703e-05 1.0244341e-05 1.0362677e-05 1.1505697e-05 1.1647884e-05 1.1574302e-05 1.0800434e-05 1.0872818e-05 1.0264365e-05 1.0779984e-05 1.010627e-05 1.0192706e-05 1.0092372e-05 1.0212734e-05 1.033387e-05 1.022165e-05 1.0358489e-05 1.0495943e-05 1.0052408e-05 1.244982e-05 1.2548259e-05 1.1995003e-05 1.2105483e-05 1.1572319e-05 1.0775266e-05 1.1057467e-05 1.092412e-05 1.1659682e-05 1.174671e-05 1.1307586e-05 1.1391134e-05 1.1934092e-05 1.2034412e-05 1.20923905e-05 1.2206587e-05 1.0433261e-05 1.0640561e-05 1.0848684e-05 1.1057582e-05 1.1663912e-05 1.1789967e-05 1.0197093e-05 1.0414376e-05 1.12599355e-05 1.1397847e-05 1.088317e-05 1.1032817e-05 1.0536517e-05 1.0697635e-05 1.3641857e-05 1.3289713e-05 1.0693361e-05 1.0206265e-05 1.0271431e-05 1.03355305e-05 1.04281735e-05 1.1206616e-05 1.1332255e-05 1.1100823e-05 1.1242887e-05 1.0016055e-05 1.087675e-05 1.1033001e-05 1.0690619e-05 1.086029e-05 1.0544415e-05 1.0726528e-05 1.04397905e-05 1.0633159e-05 1.0167501e-05 1.0577887e-05 1.0391394e-05 1.2976462e-05 1.0509035e-05 1.370879e-05 1.05784275e-05 1.3844293e-05 1.2033505e-05 1.2203077e-05 1.2373236e-05 1.2543959e-05 1.27152225e-05 1.0155876e-05 1.3460848e-05 1.1620434e-05 1.1796187e-05 1.19724555e-05 1.2149217e-05 1.309534e-05 1.1225811e-05 1.1407577e-05 1.1589781e-05 1.2749299e-05 1.0851636e-05 1.1039164e-05 1.2424336e-05 1.0500077e-05 1.2122133e-05 1.0803905e-05 1.05286845e-05 1.1832772e-05 1.2070248e-05 1.3063659e-05 1.0780242e-05 1.09512885e-05 1.1124878e-05 1.1300894e-05 1.1479223e-05 1.1659761e-05 1.28870215e-05 1.0971378e-05 1.1150359e-05 1.1331551e-05 1.1514851e-05 1.1700162e-05 1.26645655e-05 1.0690181e-05 1.0876202e-05 1.1064218e-05 1.1254128e-05 1.2468576e-05 1.04374285e-05 1.0630086e-05 1.0824512e-05 1.2300299e-05 1.0215211e-05 1.041398e-05 1.2160871e-05 1.0025539e-05 1.2051272e-05 1.2871683e-05 1.2166921e-05 1.0089212e-05 1.0216925e-05 1.2251778e-05 1.2901031e-05 1.3030399e-05 1.316016e-05 1.3290304e-05 1.34208185e-05 1.3551692e-05 1.1901946e-05 1.2543626e-05 1.2676422e-05 1.280958e-05 1.2943088e-05 1.3076937e-05 1.1566675e-05 1.2199417e-05 1.2335582e-05 1.2472075e-05 1.2608884e-05 1.1247255e-05 1.1869541e-05 1.2008987e-05 1.2148725e-05 1.0945063e-05 1.1555214e-05 1.1697819e-05 1.0661548e-05 1.1257725e-05 1.0398226e-05 1.0772774e-05 1.1708549e-05 1.2243813e-05 1.2375786e-05 1.2509283e-05 1.2644256e-05 1.2780658e-05 1.2918443e-05 1.3057568e-05 1.1449039e-05 1.19620945e-05 1.2098788e-05 1.22369265e-05 1.2376463e-05 1.2517351e-05 1.2659544e-05 1.1209591e-05 1.1698388e-05 1.183972e-05 1.19824135e-05 1.2126419e-05 1.2271692e-05 1.0991503e-05 1.1453924e-05 1.1599772e-05 1.1746889e-05 1.1895229e-05 1.0796051e-05 1.1229943e-05 1.1380137e-05 1.1531505e-05 1.0624471e-05 1.102768e-05 1.1182e-05 1.0477917e-05 1.0848334e-05 1.0357438e-05 1.1218659e-05
        </DataArray>
        <DataArray type="Int32" Name="status" format="ascii">
          0 0 0 0 0 0 0 0 0 0 0 0 0 0 0 0 0 0 0 0 0 0 0 0 0 0 0 0 0 0 0 0 0 0 0 0 0 0 0 0 0 0 0 0 0 0 0 0 0 0 0 0 0 0 0 0 0 0 0 0 0 0 0 0 0 0 0 0 0 0 0 0 0 0 0 0 0 0 0 0 0 0 0 0 0 0 0 0 0 0 0 0 0 0 0 0 0 0 0 0 0 0 0 0 0 0 0 0 0 0 0 0 0 0 0 0 0 0 0 0 0 0 0 0 0 0 0 0 0 0 0 0 0 0 0 0 0 0 0 0 0 0 0 0 0 0 0 0 0 0 0 0 0 0 0 0 0 0 0 0 0 0 0 0 0 0 0 0 0 0 0 0 0 0 0 0 0 0 0 0 0 0 0 0 0 0 0 0 0 0 0 0 0 0 0 0 0 0 0 0 0 0 0 0 0 0 0 0 0 0 0 0 0 0 0 0 0 0 0 0 0 0 0 0 0 0 0 0 0 0 0 0 0 0 0 0 0 0 0 0 0 0 0 0 0 0 0 0 0 0 0 0 0 0 0 0 0 0 0 0 0 0 0 0 0 0 0 0 0 0 0 0 0 0 0 0 0 0 0 0 0 0 0 0 0 0 0 0 0 0 0 0 0 0 0 0 0 0 0 0 0 0 0 0 0 0 0 0 0 0 0 0 0 0 0 0 0 0 0 0 0 0 0 0 0 0 0 0 0 0 0 0 0 0 0 0 0 0 0 0 0 0 0 0 0 0 0 0 0 0 0 0 0 0 0 0 0 0 0 0 0 0 0 0 0 0 0 0 0 0 0 0 0 0 0 0 0 0 0 0 0 0 0 0 0 0 0 0 0 0 0 0 0 0 0 0 0 0 0 0 0 0 0 0 0 0 0 0 0 0 0 0 0 0 0 0 0 0 0 0 0 0 0 0 0 0 0 0 0 0 0 0 0 0 0 0 0 0 0 0 0 0 0 0 0 0 0 0 0 0 0 0 0 0 0 0 0 0 0 0 0 0 0 0 0 0 0 0 0 0 0 0 0 0 0 0 0 0 0 0 0 0 0 0 0 0 0 0 0 0 0 0 0 0 0 0 0 0 0 0 0 0 0 0 0 0 0 0 0 0 0 0 0 0 0 0 0 0 0 0 0 0 0 0 0 0 0 0 0 0 0 0 0 0 0 0 0 0 0 0 0 0 0 0 0 0 0 0 0 0 0 0 0 0 0 0 0 0 0 0 0 0 0 0 0 0 0 0 0 0 0 0 0 0 0 0 0 0 0 0 0 0 0 0 0 0 0 0 0 0 0 0 0 0 0 0 0 0 0 0 0 0 0 0 0 0 0 0 0 0 0 0 0 0 0 0 0 0 0 0 0 0 0 0 0 0 0 0 0 0 0 0 0 0 0 0 0 0 0 0 0 0 0 0 0 0 0 0 0 0 0 0 0 0 0 0 0 0 0 0 0 0 0 0 0 0 0 0 0 0 0 0 0 0 0 0 0 0 0 0 0 0 0 0 0 0 0 0 0 0 0 0 0 0 0 0 0 0 0 0 0 0 0 0 0 0 0 0 0 0 0 0 0 0 0 0 0 0 0 0 0 0 0 0 0 0 0 0 0 0 0 0 0 0 0 0 0 0 0 0 0 0 0 0 0 0 0 0 0 0 0 0 0 0 0 0 0 0 0 0 0 0 0 0 0 0 0 0 0 0 0 0 0 0 0 0 0 0 0 0 0 0 0 0 0 0 0 0 0 0 0 0 0 0 0 0 0 0 0 0 0 0 0 0 0 0 0 0 0 0 0 0 0 0 0 0 0 0 0 0 0 0 0 0 0 0 0 0 0 0 0 0 0 0 0 0 0 0 0 0 0 0 0 0 0 0 0 0 0 0 0 0 0 0 0 0 0 0 0 0 0 0 0 0 0 0 0 0 0 0 0 0 0 0 0 0 0 0 0 0 0 0 0 0 0 0 0 0 0 0 0 0 0 0 0 0 0 0 0 0 0 0 0 0 0 0 0 0 0 0 0 0 0 0 0 0 0 0 0 0 0 0 0 0 0 0 0 0 0 0 0 0 0 0 0 0 0 0 0 0 0 0 0 0 0 0 0 0 0 0 0 0 0 0 0 0 0 0 0 0 0 0 0 0 0 0 0 0 0 0 0 0 0 0 0 0 0 0 0 0 0 0 0 0 0 0 0 0 0 0 0 0 0 0 0 0 0 0 0 0 0 0 0 0 0 0 0 0 0 0 0 0 0 0 0 0 0 0 0 0 0 0 0 0 0 0 0 0 0 0 0 0 0 0 0 0 0 0 0 0 0 0 0 0 0 0 0 0 0 0 0 0 0 0 0 0 0 0 0 0 0 0 0 0 0 0 0 0 0 0 0 0 0 0 0 0 0 0 0 0 0 0 0 0 0 0 0 0 0 0 0 0 0 0 0 0 0 0 0 0 0 0 0 0 0 0 0 0 0 0 0 0 0 0 0 0 0 0 0 0 0 0 0 0 0 0 0 0 0 0 0 0 0 0 0 0 0 0 0 0 0 0 0 0 0 0 0 0 0 0 0 0 0 0 0 0 0 0 0 0 0 0 0 0 0 0 0 0 0 0 0 0 0 0 0 0 0 0 0 0 0 0 0 0 0 0 0 0 0 0 0 0 0 0 0 0 0 0 0 0 0 0 0 0 0 0 0 0 0 0 0 0 0 0 0 0 0 0 0 0 0 0 0 0 0 0 0 0 0 0 0 0 0 0 0 0 0 0 0 0 0 0 0 0 0 0 0 0 0 0 0 0 0 0 0 0 0 0 0 0 0 0 0 0 0 0 0 0 0 0 0 0 0 0 0 0 0 0 0 0 0 0 0 0 0 0 0 0 0 0 0 0 0 0 0 0 0 0 0 0 0 0 0 0 0 0 0 0 0 0 0 0 0 0 0 0 0 0 0 0 0 0 0 0 0 0 0 0 0 0 0 0 0 0 0 0 0 0 0 0 0 0 0 0 0 0 0 0 0 0 0 0 0 0 0 0 0 0 0 0 0 0 0 0 0 0 0 0 0 0 0 0 0 0 0 0 0 0 0 0 0 0 0 0 0 0 0 0 0 0 0 0 0 0 0 0 0 0 0 0 0 0 0 0 0 0 0 0 0 0 0 0 0 0 0 0 0 0 0 0 0 0 0 0 0 0 0 0 0 0 0 0 0 0 0 0 0 0 0 0 0 0 0 0 0 0 0 0 0 0 0 0 0 0 0 0 0 0 0 0 0 0 0 0 0 0 0 0 0 0 0 0 0 0 0 0 0 0 0 0 0 0 0 0 0 0 0 0 0 0 0 0 0 0 0 0 0 0 0 0 0 0 0 0 0 0 0 0 0 0 0 0 0 0 0 0 0 0 0 0 0 0 0 0 0 0 0 0 0 0 0 0 0 0 0 0 0 0 0 0 0 0 0 0 0 0 0 0 0 0 0 0 0 0 0 0 0 0 0 0 0 0 0 0 0 0 0 0 0 0 0 0 0 0 0 0 0 0 0 0 0 0 0 0 0 0 0 0 0 0 0 0 0 0 0 0 0 0 0 0 0 0 0 0 0 0 0 0 0 0 0 0 0 0 0 0 0 0 0 0 0 0 0 0 0 0 0 0 0 0 0 0 0 0 0 0 0 0 0 0 0 0 0 0 0 0 0 0 0 0 0 0 0 0 0 0 0 0 0 0 0 0 0 0 0 0 0 0 0 0 0 0 0 0 0 0 0 0 0 0 0 0 0 0 0 0 0 0 0 0 0 0 0 0 0 0 0 0 0 0 0 0 0 0 0 0 0 0 0 0 0 0 0 0 0 0 0 0 0 0 0 0 0 0 0 0 0 0 0 0 0 0 0 0 0 0 0 0 0 0 0 0 0 0 0 0 0 0 0 0 0 0 0 0 0 0 0 0 0 0 0 0 0 0 0 0 0 0 0 0 0 0 0 0 0 0 0 0 0 0 0 0 0 0 0 0 0 0 0 0 0 0 0 0 0 0 0 0 0 0 0 0 0 0 0 0 0 0 0 0 0 0 0 0 0 0 0 0 0 0 0 0 0 0 0 0 0 0 0 0 0 0 0 0 0 0 0 0 0 0 0 0 0 0 0 0 0 0 0 0 0 0 0 0 0 0 0 0 0 0 0 0 0 0 0 0 0 0 0 0 0 0 0 0 0 0 0 0 0 0 0 0 0 0 0 0 0 0 0 0 0 0 0 0 0 0 0 0 0 0 0 0 0 0 0 0 0 0 0 0 0 0 0 0 0 0 0 0 0 0 0 0 0 0 0 0 0 0 0 0 0 0 0 0 0 0 0 0 0 0
        </DataArray>
      </PointData>
    </Piece>
  </UnstructuredGrid>
</VTKFile>
