<?xml version="1.0"?>
<VTKFile type="UnstructuredGrid" version="1.0" byte_order="LittleEndian">
  <UnstructuredGrid>
    <Piece NumberOfPoints="4116" NumberOfCells="4116">
      <Points>
        <DataArray type="Float32" NumberOfComponents="3" format="ascii">
          -9.442402e-03 8.874976e-03 -1.212852e-03
          -9.443083e-03 8.873162e-03 -2.424922e-03
          -9.445167e-03 8.872464e-03 -2.727707e-03
          -9.445180e-03 8.872451e-03 -3.030737e-03
          -9.445194e-03 8.872438e-03 -3.333766e-03
          -9.445208e-03 8.872424e-03 -3.636796e-03
          -9.446480e-03 8.581839e-03 -3.636742e-03
          -9.445214e-03 8.293905e-03 -3.636794e-03
          -9.445217e-03 8.004646e-03 -3.636793e-03
          -9.449359e-03 6.285808e-03 -3.636682e-03
          -9.459955e-03 5.397787e-03 -3.939504e-03
          -9.453148e-03 4.552618e-03 -6.355026e-07
          -9.453876e-03 4.551809e-03 -3.034557e-04
          -9.453886e-03 4.551798e-03 -6.064837e-04
          -9.454620e-03 4.550978e-03 -9.093033e-04
          -9.454635e-03 4.550954e-03 -1.212331e-03
          -9.454770e-03 4.567467e-03 -3.333929e-03
          -9.451887e-03 4.284319e-03 -3.031010e-03
          -9.455202e-03 4.278157e-03 -3.333926e-03
          -9.462839e-03 4.246817e-03 -3.939509e-03
          -9.451904e-03 3.995133e-03 -2.727980e-03
          -9.451929e-03 3.995072e-03 -3.031011e-03
          -9.455244e-03 3.988907e-03 -3.333927e-03
          -9.462880e-03 3.957559e-03 -3.939510e-03
          -9.462902e-03 3.957501e-03 -4.242542e-03
          -9.465117e-03 3.710715e-03 -2.728130e-03
          -9.465141e-03 3.710651e-03 -3.031162e-03
          -9.465164e-03 3.710586e-03 -3.334193e-03
          -9.467293e-03 3.701788e-03 -3.637518e-03
          -9.462734e-03 3.398736e-03 -2.121317e-03
          -9.465242e-03 3.420307e-03 -3.637402e-03
          -9.467578e-03 3.405501e-03 -3.940592e-03
          -9.467594e-03 3.405439e-03 -4.243624e-03
          -9.465138e-03 3.135359e-03 -1.818675e-03
          -9.468873e-03 3.121940e-03 -3.333815e-03
          -9.464218e-03 3.135032e-03 -3.637343e-03
          -9.467397e-03 3.121884e-03 -3.940807e-03
          -9.464209e-03 2.849413e-03 -1.818652e-03
          -9.464272e-03 2.845768e-03 -3.637346e-03
          -9.467449e-03 2.832618e-03 -3.940810e-03
          -9.474134e-03 2.520493e-03 -3.940029e-03
          -9.470843e-03 2.249273e-03 -2.121496e-03
          -9.474202e-03 2.231207e-03 -3.940032e-03
          -9.473101e-03 1.961002e-03 -2.121547e-03
          -9.474271e-03 1.941920e-03 -3.940035e-03
          -9.474340e-03 1.652634e-03 -3.940037e-03
          -9.474344e-03 1.652556e-03 -4.243068e-03
          -9.474409e-03 1.363347e-03 -3.940040e-03
          -9.474411e-03 1.363266e-03 -4.243070e-03
          -9.474414e-03 1.363185e-03 -4.546101e-03
          -9.486685e-03 1.090665e-03 -2.728057e-03
          -9.491219e-03 1.109866e-03 -3.638334e-03
          -9.481445e-03 8.075204e-04 -2.121735e-03
          -9.482808e-03 7.866415e-04 -3.940298e-03
          -9.482895e-03 4.967311e-04 -3.940300e-03
          -9.489355e-03 2.084262e-04 -3.940498e-03
          -9.491309e-03 -8.059647e-05 -3.940557e-03
          -9.491375e-03 -3.699277e-04 -3.940557e-03
          -9.509182e-03 -6.230130e-04 -3.336188e-03
          -9.491442e-03 -6.592590e-04 -3.940558e-03
          -9.510792e-03 -9.065042e-04 -3.033478e-03
          -9.509254e-03 -9.123455e-04 -3.336188e-03
          -9.491508e-03 -9.485901e-04 -3.940558e-03
          -9.513779e-03 -1.198528e-03 -2.730256e-03
          -9.513763e-03 -1.198616e-03 -3.033291e-03
          -9.512222e-03 -1.204456e-03 -3.336002e-03
          -9.494338e-03 -1.238961e-03 -3.940551e-03
          -9.517401e-03 -1.507138e-03 -2.728521e-03
          -9.517382e-03 -1.507223e-03 -3.031556e-03
          -9.517364e-03 -1.507308e-03 -3.334591e-03
          -9.517982e-03 -1.508642e-03 -3.638507e-03
          -9.521026e-03 -1.790095e-03 -3.638351e-03
          -9.516992e-03 -1.802648e-03 -3.942172e-03
          -9.516969e-03 -1.802715e-03 -4.245203e-03
          -9.521084e-03 -2.079444e-03 -3.638349e-03
          -9.517050e-03 -2.091993e-03 -3.942170e-03
          -9.521030e-03 -2.363677e-03 -1.817916e-03
          -9.521143e-03 -2.368793e-03 -3.638347e-03
          -9.531506e-03 -5.590715e-03 -3.332230e-03
          -9.533087e-03 -5.878957e-03 -3.029187e-03
          -9.531509e-03 -5.880088e-03 -3.332224e-03
          -9.533118e-03 -6.168301e-03 -2.726145e-03
          -9.533090e-03 -6.168332e-03 -3.029182e-03
          -9.531512e-03 -6.169459e-03 -3.332219e-03
          -9.517986e-03 -8.219763e-03 -2.420862e-03
          -9.522877e-03 -9.652330e-03 -2.985539e-04
          -9.743617e-03 8.872121e-03 -1.212904e-03
          -9.746328e-03 8.869668e-03 -3.333636e-03
          -9.746340e-03 8.869654e-03 -3.636666e-03
          -9.751171e-03 6.281763e-03 -3.636485e-03
          -9.752733e-03 4.555994e-03 -3.333679e-03
          -9.752773e-03 4.266739e-03 -3.333680e-03
          -9.754759e-03 3.979944e-03 -3.333746e-03
          -9.765509e-03 3.699219e-03 -2.727697e-03
          -9.765530e-03 3.699161e-03 -3.030729e-03
          -9.765551e-03 3.699104e-03 -3.333760e-03
          -9.765848e-03 3.697550e-03 -3.636895e-03
          -9.766997e-03 3.405916e-03 -3.333614e-03
          -9.765083e-03 3.411298e-03 -3.636851e-03
          -9.763440e-03 3.129457e-03 -1.818391e-03
          -9.765134e-03 3.122031e-03 -3.636852e-03
          -9.762841e-03 2.842390e-03 -1.818376e-03
          -9.765275e-03 2.832510e-03 -3.636845e-03
          -9.770989e-03 1.940547e-03 -3.939944e-03
          -9.771055e-03 1.651259e-03 -3.939946e-03
          -9.788047e-03 1.096388e-03 -3.333997e-03
          -9.787355e-03 1.096979e-03 -3.637184e-03
          -9.788721e-03 8.078039e-04 -3.333984e-03
          -9.796450e-03 -6.360926e-04 -3.335317e-03
          -9.796876e-03 -9.254608e-04 -3.032284e-03
          -9.796865e-03 -9.255398e-04 -3.335319e-03
          -9.804445e-03 -1.215882e-03 -3.031972e-03
          -9.804431e-03 -1.215960e-03 -3.335007e-03
          -9.802787e-03 -1.222187e-03 -3.637696e-03
          -9.810109e-03 -1.513908e-03 -3.636914e-03
          -9.810164e-03 -1.803254e-03 -3.636912e-03
          -9.810219e-03 -2.092600e-03 -3.636910e-03
          -9.810274e-03 -2.381946e-03 -3.636908e-03
          -9.810322e-03 -3.845320e-03 -1.513628e-03
          -9.809017e-03 -7.927277e-03 -2.420975e-03
          -9.819103e-03 -9.362975e-03 -6.016007e-04
          -9.819086e-03 -9.652357e-03 -2.985549e-04
          -1.004904e-02 6.551829e-03 -5.792825e-07
          -1.004575e-02 6.287784e-03 -6.364281e-07
          -1.004575e-02 6.287777e-03 -3.036636e-04
          -1.004576e-02 6.287770e-03 -6.066908e-04
          -1.004577e-02 6.287763e-03 -9.097179e-04
          -1.004578e-02 6.287756e-03 -1.212745e-03
          -1.005415e-02 6.265898e-03 -1.818034e-03
          -1.004974e-02 6.282155e-03 -2.727329e-03
          -1.004975e-02 6.282129e-03 -3.030359e-03
          -1.004977e-02 6.282103e-03 -3.333390e-03
          -1.004979e-02 6.282077e-03 -3.636420e-03
          -1.004577e-02 5.998539e-03 -3.036623e-04
          -1.004578e-02 5.998531e-03 -6.066896e-04
          -1.004579e-02 5.998523e-03 -9.097168e-04
          -1.004580e-02 5.998515e-03 -1.212744e-03
          -1.005346e-02 5.977571e-03 -1.515093e-03
          -1.005418e-02 5.976653e-03 -1.818033e-03
          -1.004980e-02 5.992847e-03 -3.333389e-03
          -1.004981e-02 5.992818e-03 -3.636419e-03
          -1.005374e-02 5.688988e-03 -1.515076e-03
          -1.004984e-02 5.703559e-03 -3.636419e-03
          -1.005589e-02 5.401990e-03 -1.514932e-03
          -1.006325e-02 3.695192e-03 -2.727546e-03
          -1.006326e-02 3.695142e-03 -3.030577e-03
          -1.006328e-02 3.695092e-03 -3.333609e-03
          -1.006330e-02 3.695041e-03 -3.636640e-03
          -1.006330e-02 3.405930e-03 -2.727547e-03
          -1.006332e-02 3.405877e-03 -3.030578e-03
          -1.006333e-02 3.405824e-03 -3.333610e-03
          -1.006335e-02 3.405771e-03 -3.636642e-03
          -1.005939e-02 3.130025e-03 -3.030254e-04
          -1.005940e-02 3.130013e-03 -6.060556e-04
          -1.006086e-02 3.126179e-03 -1.515195e-03
          -1.006087e-02 3.126142e-03 -1.818226e-03
          -1.006337e-02 3.116612e-03 -3.030579e-03
          -1.006338e-02 3.116556e-03 -3.333611e-03
          -1.006340e-02 3.116500e-03 -3.636643e-03
          -1.006093e-02 2.836880e-03 -1.818226e-03
          -1.006343e-02 2.827287e-03 -3.333613e-03
          -1.006345e-02 2.827229e-03 -3.636645e-03
          -1.006350e-02 2.537952e-03 -3.636646e-03
          -1.006856e-02 2.514654e-03 -3.939644e-03
          -1.006909e-02 2.227825e-03 -3.636288e-03
          -1.006862e-02 2.225365e-03 -3.939646e-03
          -1.006914e-02 1.938603e-03 -3.333257e-03
          -1.006915e-02 1.938538e-03 -3.636290e-03
          -1.006868e-02 1.936075e-03 -3.939648e-03
          -1.007149e-02 1.691310e-03 -3.024433e-04
          -1.007150e-02 1.691295e-03 -6.054778e-04
          -1.007245e-02 1.686440e-03 -1.515185e-03
          -1.007246e-02 1.686390e-03 -1.818218e-03
          -1.006874e-02 1.646785e-03 -3.939649e-03
          -1.007253e-02 1.397108e-03 -1.818218e-03
          -1.007050e-02 1.359864e-03 -3.939703e-03
          -1.007474e-02 1.373759e-03 -4.849360e-03
          -1.008494e-02 1.097133e-03 -2.727909e-03
          -1.008495e-02 1.097063e-03 -3.030942e-03
          -1.008495e-02 1.096993e-03 -3.333975e-03
          -1.008496e-02 1.096923e-03 -3.637008e-03
          -1.008448e-02 1.085436e-03 -4.546548e-03
          -1.007752e-02 8.228976e-04 -1.211878e-03
          -1.008502e-02 8.077592e-04 -3.030942e-03
          -1.008502e-02 8.076887e-04 -3.333976e-03
          -1.008502e-02 8.076181e-04 -3.637009e-03
          -1.008537e-02 5.361028e-04 -3.017946e-04
          -1.008537e-02 5.360856e-04 -6.048333e-04
          -1.008526e-02 5.306576e-04 -1.515155e-03
          -1.008527e-02 5.306027e-04 -1.818189e-03
          -1.008508e-02 5.184549e-04 -3.030943e-03
          -1.008508e-02 5.183839e-04 -3.333977e-03
          -1.008508e-02 5.183129e-04 -3.637010e-03
          -1.008545e-02 2.467774e-04 -6.048311e-04
          -1.008534e-02 2.412933e-04 -1.818189e-03
          -1.008515e-02 2.290791e-04 -3.333977e-03
          -1.008515e-02 2.290077e-04 -3.637011e-03
          -1.009232e-02 -4.429198e-05 -6.044996e-04
          -1.008521e-02 -6.023774e-05 -3.333978e-03
          -1.009240e-02 -3.336200e-04 -6.044963e-04
          -1.008970e-02 -3.358951e-04 -1.211743e-03
          -1.008528e-02 -3.494965e-04 -3.030943e-03
          -1.008523e-02 -3.506344e-04 -3.334019e-03
          -1.009691e-02 -6.309744e-04 -1.817912e-03
          -1.009652e-02 -6.367072e-04 -2.424453e-03
          -1.008524e-02 -6.399409e-04 -3.030879e-03
          -1.009752e-02 -9.205903e-04 -1.817890e-03
          -1.009759e-02 -1.209929e-03 -1.817888e-03
          -1.010457e-02 -1.517262e-03 -3.333506e-03
          -1.010456e-02 -1.517328e-03 -3.636541e-03
          -1.010463e-02 -1.806607e-03 -3.333504e-03
          -1.010461e-02 -1.806671e-03 -3.636539e-03
          -1.010466e-02 -2.096013e-03 -3.636537e-03
          -1.010471e-02 -2.385356e-03 -3.636535e-03
          -1.010477e-02 -2.674652e-03 -3.333497e-03
          -1.010483e-02 -2.963959e-03 -3.030457e-03
          -1.009607e-02 -2.983394e-03 -3.333061e-03
          -1.010260e-02 -3.850644e-03 -1.513190e-03
          -1.010198e-02 -3.852570e-03 -1.816784e-03
          -1.010194e-02 -3.852690e-03 -2.119847e-03
          -1.010192e-02 -3.852727e-03 -2.422886e-03
          -1.010262e-02 -4.140022e-03 -1.513185e-03
          -1.010200e-02 -4.141946e-03 -1.816779e-03
          -1.010196e-02 -4.142064e-03 -2.119842e-03
          -1.010264e-02 -4.429401e-03 -1.513180e-03
          -1.010202e-02 -4.431323e-03 -1.816774e-03
          -1.010406e-02 -4.722246e-03 -1.512941e-03
          -1.010983e-02 -5.318544e-03 -4.847561e-03
          -1.010108e-02 -7.630967e-03 -2.726120e-03
          -1.010147e-02 -7.925417e-03 -2.421347e-03
          -1.010145e-02 -8.214791e-03 -2.118299e-03
          -1.010144e-02 -8.214803e-03 -2.421342e-03
          -1.010144e-02 -8.504168e-03 -1.815252e-03
          -1.010143e-02 -8.504179e-03 -2.118295e-03
          -1.011532e-02 -9.363001e-03 -2.985580e-04
          -1.011531e-02 -9.363014e-03 -6.016002e-04
          -1.011479e-02 -9.654091e-03 -2.985085e-04
          -1.033905e-02 8.870463e-03 -6.069057e-04
          -1.033906e-02 8.870458e-03 -9.099342e-04
          -1.033907e-02 8.870453e-03 -1.212963e-03
          -1.033996e-02 8.869871e-03 -1.515611e-03
          -1.033997e-02 8.869865e-03 -1.818639e-03
          -1.033998e-02 8.869860e-03 -2.121668e-03
          -1.034181e-02 8.867996e-03 -3.636588e-03
          -1.034692e-02 6.550635e-03 -5.115771e-07
          -1.034211e-02 6.287711e-03 -6.328014e-07
          -1.034212e-02 6.287704e-03 -3.036602e-04
          -1.034213e-02 6.287698e-03 -6.066877e-04
          -1.034213e-02 6.287691e-03 -9.097151e-04
          -1.034214e-02 6.287685e-03 -1.212743e-03
          -1.034608e-02 6.282117e-03 -2.424298e-03
          -1.034609e-02 6.282097e-03 -2.727328e-03
          -1.034611e-02 6.282074e-03 -3.030358e-03
          -1.034612e-02 6.282052e-03 -3.333388e-03
          -1.034614e-02 6.282030e-03 -3.636418e-03
          -1.034873e-02 6.275393e-03 -4.545489e-03
          -1.034984e-02 6.275093e-03 -4.848541e-03
          -1.034213e-02 5.998466e-03 -6.312898e-07
          -1.034214e-02 5.998459e-03 -3.036588e-04
          -1.034215e-02 5.998452e-03 -6.066863e-04
          -1.034216e-02 5.998445e-03 -9.097139e-04
          -1.034216e-02 5.998438e-03 -1.212741e-03
          -1.034611e-02 5.992841e-03 -2.727327e-03
          -1.034613e-02 5.992817e-03 -3.030357e-03
          -1.034614e-02 5.992792e-03 -3.333388e-03
          -1.034616e-02 5.992767e-03 -3.636418e-03
          -1.034215e-02 5.709222e-03 -6.297756e-07
          -1.034216e-02 5.709214e-03 -3.036574e-04
          -1.034217e-02 5.709206e-03 -6.066850e-04
          -1.034218e-02 5.709198e-03 -9.097126e-04
          -1.034218e-02 5.709190e-03 -1.212740e-03
          -1.034615e-02 5.703559e-03 -3.030357e-03
          -1.034617e-02 5.703532e-03 -3.333387e-03
          -1.034618e-02 5.703504e-03 -3.636417e-03
          -1.034220e-02 5.419952e-03 -9.097113e-04
          -1.034221e-02 5.419943e-03 -1.212739e-03
          -1.034619e-02 5.414271e-03 -3.333387e-03
          -1.034620e-02 5.414242e-03 -3.636417e-03
          -1.034623e-02 5.124978e-03 -3.636417e-03
          -1.035959e-02 3.695090e-03 -2.727542e-03
          -1.035960e-02 3.695047e-03 -3.030574e-03
          -1.035962e-02 3.695004e-03 -3.333605e-03
          -1.035964e-02 3.694960e-03 -3.636637e-03
          -1.035964e-02 3.405823e-03 -2.727543e-03
          -1.035965e-02 3.405777e-03 -3.030574e-03
          -1.035967e-02 3.405732e-03 -3.333606e-03
          -1.035968e-02 3.405686e-03 -3.636638e-03
          -1.035758e-02 3.123480e-03 -6.058911e-04
          -1.035969e-02 3.116555e-03 -2.727543e-03
          -1.035970e-02 3.116508e-03 -3.030575e-03
          -1.035971e-02 3.116460e-03 -3.333607e-03
          -1.035973e-02 3.116411e-03 -3.636639e-03
          -1.035973e-02 2.827288e-03 -2.727544e-03
          -1.035975e-02 2.827238e-03 -3.030576e-03
          -1.035976e-02 2.827187e-03 -3.333608e-03
          -1.035977e-02 2.827137e-03 -3.636640e-03
          -1.035980e-02 2.537962e-03 -3.030577e-03
          -1.035981e-02 2.537910e-03 -3.333609e-03
          -1.035982e-02 2.537857e-03 -3.636641e-03
          -1.035986e-02 2.248676e-03 -3.030577e-03
          -1.035987e-02 2.248622e-03 -3.333610e-03
          -1.036556e-02 1.934207e-03 -3.939524e-03
          -1.036949e-02 1.679169e-03 -1.818014e-03
          -1.036550e-02 1.649321e-03 -2.727186e-03
          -1.036561e-02 1.644915e-03 -3.939525e-03
          -1.037125e-02 1.663366e-03 -4.849362e-03
          -1.037022e-02 1.385522e-03 -2.727779e-03
          -1.036567e-02 1.355623e-03 -3.939527e-03
          -1.037136e-02 1.374131e-03 -4.849366e-03
          -1.038125e-02 1.096998e-03 -2.727901e-03
          -1.038125e-02 1.096938e-03 -3.030935e-03
          -1.038126e-02 1.096879e-03 -3.333968e-03
          -1.038126e-02 1.096819e-03 -3.637001e-03
          -1.037928e-02 1.085284e-03 -4.546509e-03
          -1.038131e-02 8.076932e-04 -2.727902e-03
          -1.038131e-02 8.076335e-04 -3.030935e-03
          -1.038132e-02 8.075736e-04 -3.333968e-03
          -1.038132e-02 8.075134e-04 -3.637002e-03
          -1.038093e-02 5.273634e-04 -6.046877e-04
          -1.038137e-02 5.183887e-04 -2.727902e-03
          -1.038137e-02 5.183287e-04 -3.030935e-03
          -1.038138e-02 5.182683e-04 -3.333969e-03
          -1.038138e-02 5.182078e-04 -3.637002e-03
          -1.038144e-02 2.290842e-04 -2.727902e-03
          -1.038144e-02 2.290238e-04 -3.030935e-03
          -1.038144e-02 2.289631e-04 -3.333969e-03
          -1.038143e-02 2.289022e-04 -3.637003e-03
          -1.038150e-02 -6.023231e-05 -2.727901e-03
          -1.038150e-02 -6.029263e-05 -3.030935e-03
          -1.038149e-02 -6.035324e-05 -3.333969e-03
          -1.038131e-02 -6.462068e-05 -3.637168e-03
          -1.038994e-02 -7.476033e-05 -3.940541e-03
          -1.038144e-02 -3.508780e-04 -2.727825e-03
          -1.038143e-02 -3.509378e-04 -3.030859e-03
          -1.038194e-02 -3.514212e-04 -3.333891e-03
          -1.040085e-02 -1.517255e-03 -2.727427e-03
          -1.040084e-02 -1.517311e-03 -3.030462e-03
          -1.040083e-02 -1.517367e-03 -3.333497e-03
          -1.040082e-02 -1.517424e-03 -3.636532e-03
          -1.040089e-02 -1.806655e-03 -3.030460e-03
          -1.040088e-02 -1.806709e-03 -3.333495e-03
          -1.040087e-02 -1.806763e-03 -3.636530e-03
          -1.040094e-02 -2.095998e-03 -3.030458e-03
          -1.040093e-02 -2.096050e-03 -3.333493e-03
          -1.040092e-02 -2.096103e-03 -3.636528e-03
          -1.040099e-02 -2.385342e-03 -3.030455e-03
          -1.040098e-02 -2.385392e-03 -3.333491e-03
          -1.040096e-02 -2.385442e-03 -3.636526e-03
          -1.040105e-02 -2.674647e-03 -2.727417e-03
          -1.040103e-02 -2.674695e-03 -3.030452e-03
          -1.040102e-02 -2.674743e-03 -3.333488e-03
          -1.040251e-02 -2.964535e-03 -2.424068e-03
          -1.040685e-02 -3.255673e-03 -2.120069e-03
          -1.040689e-02 -3.255631e-03 -2.423111e-03
          -1.041004e-02 -3.543119e-03 -9.058226e-04
          -1.041004e-02 -3.543137e-03 -1.208864e-03
          -1.040929e-02 -3.545985e-03 -2.119540e-03
          -1.040933e-02 -3.545944e-03 -2.422582e-03
          -1.040994e-02 -5.008519e-03 -3.635120e-03
          -1.041309e-02 -5.291507e-03 -9.052227e-04
          -1.039536e-02 -7.337569e-03 -2.725026e-03
          -1.039390e-02 -7.630101e-03 -2.726077e-03
          -1.041156e-02 -9.073653e-03 -2.985620e-04
          -1.041155e-02 -9.073664e-03 -6.016026e-04
          -1.041154e-02 -9.073678e-03 -9.046447e-04
          -1.041098e-02 -9.364888e-03 -2.985085e-04
          -1.041097e-02 -9.364898e-03 -6.015490e-04
          -1.063538e-02 8.870444e-03 -8.462954e-07
          -1.063539e-02 8.870439e-03 -3.038750e-04
          -1.063540e-02 8.870434e-03 -6.069036e-04
          -1.063540e-02 8.870429e-03 -9.099323e-04
          -1.063541e-02 8.870425e-03 -1.212961e-03
          -1.063677e-02 8.869494e-03 -1.515594e-03
          -1.063677e-02 8.869489e-03 -1.818622e-03
          -1.063678e-02 8.869484e-03 -2.121651e-03
          -1.063812e-02 8.868006e-03 -2.727498e-03
          -1.063813e-02 8.867995e-03 -3.030528e-03
          -1.063814e-02 8.867984e-03 -3.333558e-03
          -1.063815e-02 8.867973e-03 -3.636587e-03
          -1.063539e-02 8.581177e-03 -3.038741e-04
          -1.063539e-02 8.581172e-03 -6.069027e-04
          -1.063540e-02 8.581166e-03 -9.099314e-04
          -1.063541e-02 8.581161e-03 -1.212960e-03
          -1.063815e-02 8.578703e-03 -3.636587e-03
          -1.063614e-02 7.142701e-03 -1.212831e-03
          -1.063736e-02 7.141580e-03 -2.424534e-03
          -1.063611e-02 6.855197e-03 -1.212884e-03
          -1.063721e-02 6.854226e-03 -2.424548e-03
          -1.063942e-02 6.851501e-03 -3.030382e-03
          -1.063613e-02 6.565940e-03 -1.212882e-03
          -1.063722e-02 6.564964e-03 -2.424546e-03
          -1.063848e-02 6.287637e-03 -6.291746e-07
          -1.063849e-02 6.287631e-03 -3.036569e-04
          -1.063849e-02 6.287625e-03 -6.066846e-04
          -1.063850e-02 6.287619e-03 -9.097123e-04
          -1.063851e-02 6.287613e-03 -1.212740e-03
          -1.064243e-02 6.282056e-03 -2.424296e-03
          -1.064244e-02 6.282038e-03 -2.727326e-03
          -1.064246e-02 6.282020e-03 -3.030356e-03
          -1.064247e-02 6.282001e-03 -3.333386e-03
          -1.064248e-02 6.281982e-03 -3.636416e-03
          -1.064580e-02 6.275809e-03 -4.848529e-03
          -1.063850e-02 5.998386e-03 -6.275132e-07
          -1.063851e-02 5.998380e-03 -3.036553e-04
          -1.063851e-02 5.998373e-03 -6.066831e-04
          -1.063852e-02 5.998367e-03 -9.097109e-04
          -1.063853e-02 5.998361e-03 -1.212739e-03
          -1.064245e-02 5.992798e-03 -2.424295e-03
          -1.064247e-02 5.992778e-03 -2.727325e-03
          -1.064248e-02 5.992758e-03 -3.030355e-03
          -1.064249e-02 5.992737e-03 -3.333386e-03
          -1.064250e-02 5.992716e-03 -3.636416e-03
          -1.064528e-02 5.986531e-03 -4.545487e-03
          -1.063852e-02 5.709134e-03 -6.258484e-07
          -1.063853e-02 5.709128e-03 -3.036537e-04
          -1.063853e-02 5.709121e-03 -6.066816e-04
          -1.063854e-02 5.709114e-03 -9.097095e-04
          -1.063855e-02 5.709107e-03 -1.212737e-03
          -1.064248e-02 5.703539e-03 -2.424294e-03
          -1.064249e-02 5.703518e-03 -2.727324e-03
          -1.064250e-02 5.703495e-03 -3.030354e-03
          -1.064251e-02 5.703472e-03 -3.333385e-03
          -1.064253e-02 5.703449e-03 -3.636415e-03
          -1.063854e-02 5.419883e-03 -6.241823e-07
          -1.063855e-02 5.419876e-03 -3.036522e-04
          -1.063856e-02 5.419869e-03 -6.066801e-04
          -1.063856e-02 5.419861e-03 -9.097081e-04
          -1.063857e-02 5.419854e-03 -1.212736e-03
          -1.064251e-02 5.414257e-03 -2.727323e-03
          -1.064252e-02 5.414233e-03 -3.030354e-03
          -1.064254e-02 5.414208e-03 -3.333385e-03
          -1.064255e-02 5.414183e-03 -3.636415e-03
          -1.064255e-02 5.124969e-03 -3.030353e-03
          -1.064256e-02 5.124942e-03 -3.333384e-03
          -1.064257e-02 5.124915e-03 -3.636415e-03
          -1.064968e-02 5.124509e-03 -3.939563e-03
          -1.064969e-02 5.124485e-03 -4.242594e-03
          -1.065020e-02 5.122881e-03 -4.545638e-03
          -1.065593e-02 3.694987e-03 -2.727538e-03
          -1.065595e-02 3.694951e-03 -3.030570e-03
          -1.065596e-02 3.694915e-03 -3.333602e-03
          -1.065597e-02 3.694879e-03 -3.636633e-03
          -1.065598e-02 3.405715e-03 -2.727539e-03
          -1.065599e-02 3.405677e-03 -3.030570e-03
          -1.065600e-02 3.405639e-03 -3.333602e-03
          -1.065601e-02 3.405601e-03 -3.636634e-03
          -1.065615e-02 3.394460e-03 -3.939814e-03
          -1.065616e-02 3.394429e-03 -4.242846e-03
          -1.065602e-02 3.116443e-03 -2.727539e-03
          -1.065603e-02 3.116403e-03 -3.030571e-03
          -1.065604e-02 3.116363e-03 -3.333603e-03
          -1.065605e-02 3.116323e-03 -3.636635e-03
          -1.065825e-02 3.106833e-03 -3.939899e-03
          -1.065607e-02 2.827171e-03 -2.727539e-03
          -1.065608e-02 2.827129e-03 -3.030571e-03
          -1.065609e-02 2.827087e-03 -3.333604e-03
          -1.065610e-02 2.827045e-03 -3.636636e-03
          -1.065627e-02 2.537314e-03 -2.727530e-03
          -1.065628e-02 2.537271e-03 -3.030562e-03
          -1.065629e-02 2.537227e-03 -3.333594e-03
          -1.065630e-02 2.537183e-03 -3.636626e-03
          -1.066676e-02 1.960185e-03 -3.333949e-03
          -1.066746e-02 1.953495e-03 -3.637205e-03
          -1.066676e-02 1.950070e-03 -4.849255e-03
          -1.066182e-02 1.649189e-03 -2.727180e-03
          -1.066648e-02 1.674628e-03 -3.030805e-03
          -1.066684e-02 1.670974e-03 -3.333955e-03
          -1.066683e-02 1.660772e-03 -4.849257e-03
          -1.066653e-02 1.385387e-03 -2.727772e-03
          -1.066653e-02 1.385339e-03 -3.030805e-03
          -1.066690e-02 1.381683e-03 -3.333955e-03
          -1.066198e-02 1.355529e-03 -3.939520e-03
          -1.066689e-02 1.371474e-03 -4.849258e-03
          -1.067755e-02 1.096862e-03 -2.727894e-03
          -1.067755e-02 1.096813e-03 -3.030927e-03
          -1.067756e-02 1.096764e-03 -3.333961e-03
          -1.067756e-02 1.096715e-03 -3.636994e-03
          -1.067056e-02 1.085036e-03 -3.940326e-03
          -1.067057e-02 1.084994e-03 -4.243359e-03
          -1.067303e-02 1.085078e-03 -4.546447e-03
          -1.067761e-02 8.075568e-04 -2.727894e-03
          -1.067761e-02 8.075076e-04 -3.030927e-03
          -1.067761e-02 8.074583e-04 -3.333961e-03
          -1.067762e-02 8.074088e-04 -3.636994e-03
          -1.067551e-02 7.959806e-04 -3.940435e-03
          -1.067552e-02 7.959399e-04 -4.243469e-03
          -1.067694e-02 7.938042e-04 -4.546550e-03
          -1.067767e-02 5.182517e-04 -2.727894e-03
          -1.067767e-02 5.182021e-04 -3.030927e-03
          -1.067767e-02 5.181526e-04 -3.333961e-03
          -1.067767e-02 5.181027e-04 -3.636994e-03
          -1.067718e-02 5.067576e-04 -3.940472e-03
          -1.067718e-02 5.067177e-04 -4.243505e-03
          -1.067698e-02 5.045001e-04 -4.546550e-03
          -1.067772e-02 2.289465e-04 -2.727893e-03
          -1.067772e-02 2.288967e-04 -3.030927e-03
          -1.067772e-02 2.288468e-04 -3.333961e-03
          -1.067772e-02 2.287966e-04 -3.636995e-03
          -1.067723e-02 2.174519e-04 -3.940472e-03
          -1.067723e-02 2.174129e-04 -4.243505e-03
          -1.067703e-02 2.151961e-04 -4.546551e-03
          -1.067760e-02 -6.229403e-05 -2.727783e-03
          -1.067760e-02 -6.234384e-05 -3.030817e-03
          -1.067760e-02 -6.239370e-05 -3.333851e-03
          -1.067831e-02 -6.574956e-05 -3.637052e-03
          -1.068583e-02 -7.611632e-05 -3.940408e-03
          -1.068583e-02 -7.615568e-05 -4.243441e-03
          -1.068360e-02 -7.758995e-05 -4.546472e-03
          -1.068967e-02 -1.230914e-03 -3.637200e-03
          -1.069711e-02 -1.517380e-03 -2.727418e-03
          -1.069710e-02 -1.517426e-03 -3.030453e-03
          -1.069709e-02 -1.517473e-03 -3.333488e-03
          -1.069708e-02 -1.517520e-03 -3.636523e-03
          -1.068969e-02 -1.523744e-03 -4.243442e-03
          -1.068909e-02 -1.525874e-03 -4.546463e-03
          -1.069715e-02 -1.806721e-03 -2.727416e-03
          -1.069715e-02 -1.806766e-03 -3.030451e-03
          -1.069714e-02 -1.806811e-03 -3.333486e-03
          -1.069713e-02 -1.806856e-03 -3.636521e-03
          -1.069358e-02 -1.815711e-03 -4.243296e-03
          -1.069720e-02 -2.096062e-03 -2.727414e-03
          -1.069719e-02 -2.096106e-03 -3.030449e-03
          -1.069718e-02 -2.096149e-03 -3.333484e-03
          -1.069717e-02 -2.096192e-03 -3.636519e-03
          -1.069725e-02 -2.385404e-03 -2.727411e-03
          -1.069724e-02 -2.385445e-03 -3.030447e-03
          -1.069723e-02 -2.385487e-03 -3.333482e-03
          -1.069721e-02 -2.385529e-03 -3.636517e-03
          -1.069888e-02 -2.675350e-03 -2.424025e-03
          -1.069557e-02 -2.678563e-03 -3.030360e-03
          -1.069556e-02 -2.678603e-03 -3.333395e-03
          -1.070327e-02 -2.966442e-03 -2.423069e-03
          -1.070015e-02 -2.974085e-03 -3.332952e-03
          -1.070622e-02 -3.253893e-03 -1.208864e-03
          -1.070552e-02 -3.256684e-03 -2.422579e-03
          -1.070214e-02 -3.264676e-03 -3.333067e-03
          -1.070625e-02 -3.543254e-03 -1.208860e-03
          -1.070555e-02 -3.546039e-03 -2.422575e-03
          -1.070314e-02 -3.552064e-03 -3.029803e-03
          -1.070217e-02 -3.554028e-03 -3.333064e-03
          -1.069789e-02 -3.560282e-03 -4.848815e-03
          -1.070922e-02 -3.844723e-03 -2.991598e-04
          -1.070921e-02 -3.844737e-03 -6.021994e-04
          -1.070921e-02 -3.844750e-03 -9.052390e-04
          -1.070921e-02 -3.844764e-03 -1.208279e-03
          -1.070611e-02 -3.851100e-03 -3.029056e-03
          -1.070610e-02 -3.851132e-03 -3.332092e-03
          -1.070609e-02 -3.851165e-03 -3.635128e-03
          -1.070028e-02 -3.850250e-03 -4.545658e-03
          -1.070924e-02 -4.134092e-03 -2.991565e-04
          -1.070923e-02 -4.134105e-03 -6.021959e-04
          -1.070923e-02 -4.134117e-03 -9.052353e-04
          -1.070923e-02 -4.134130e-03 -1.208275e-03
          -1.070612e-02 -4.140486e-03 -3.332089e-03
          -1.070611e-02 -4.140516e-03 -3.635125e-03
          -1.070926e-02 -4.423461e-03 -2.991532e-04
          -1.070926e-02 -4.423473e-03 -6.021924e-04
          -1.070925e-02 -4.423484e-03 -9.052316e-04
          -1.070925e-02 -4.423496e-03 -1.208271e-03
          -1.070614e-02 -4.429839e-03 -3.332085e-03
          -1.070613e-02 -4.429868e-03 -3.635121e-03
          -1.070928e-02 -4.712829e-03 -2.991499e-04
          -1.070928e-02 -4.712840e-03 -6.021889e-04
          -1.070928e-02 -4.712852e-03 -9.052279e-04
          -1.070927e-02 -4.712863e-03 -1.208267e-03
          -1.070618e-02 -4.719167e-03 -3.029045e-03
          -1.070617e-02 -4.719193e-03 -3.332081e-03
          -1.070616e-02 -4.719219e-03 -3.635117e-03
          -1.070931e-02 -5.002197e-03 -2.991465e-04
          -1.070930e-02 -5.002208e-03 -6.021854e-04
          -1.070930e-02 -5.002218e-03 -9.052243e-04
          -1.070930e-02 -5.002229e-03 -1.208263e-03
          -1.070620e-02 -5.008522e-03 -3.029041e-03
          -1.070619e-02 -5.008546e-03 -3.332077e-03
          -1.070618e-02 -5.008570e-03 -3.635113e-03
          -1.070934e-02 -5.295027e-03 -2.990386e-04
          -1.070934e-02 -5.295037e-03 -6.020768e-04
          -1.070934e-02 -5.295048e-03 -9.051151e-04
          -1.069157e-02 -7.337620e-03 -2.725022e-03
          -1.069008e-02 -7.340796e-03 -3.029115e-03
          -1.069011e-02 -7.630148e-03 -2.726073e-03
          -1.069010e-02 -7.630162e-03 -3.029111e-03
          -1.070779e-02 -8.494956e-03 -1.207692e-03
          -1.070778e-02 -8.494971e-03 -1.510734e-03
          -1.070779e-02 -8.784309e-03 -2.985661e-04
          -1.070778e-02 -8.784320e-03 -6.016063e-04
          -1.070777e-02 -8.784331e-03 -9.046469e-04
          -1.070777e-02 -8.784345e-03 -1.207689e-03
          -1.070623e-02 -8.786977e-03 -3.027890e-03
          -1.070706e-02 -9.076005e-03 -9.045809e-04
          -1.094886e-02 6.275531e-03 -1.297079e-06
          -1.093743e-02 6.279606e-03 -3.035311e-04
          -1.093744e-02 6.279601e-03 -6.065592e-04
          -1.093744e-02 6.279595e-03 -9.095873e-04
          -1.093890e-02 6.282149e-03 -1.212417e-03
          -1.094239e-02 6.277268e-03 -2.424150e-03
          -1.094061e-02 6.275349e-03 -3.030270e-03
          -1.094062e-02 6.275333e-03 -3.333300e-03
          -1.094181e-02 6.277866e-03 -3.636281e-03
          -1.095189e-02 5.985761e-03 -1.288436e-06
          -1.093745e-02 5.990350e-03 -3.035295e-04
          -1.093746e-02 5.990344e-03 -6.065577e-04
          -1.093891e-02 5.992897e-03 -9.093879e-04
          -1.093892e-02 5.992891e-03 -1.212416e-03
          -1.094182e-02 5.988615e-03 -3.333250e-03
          -1.094183e-02 5.988597e-03 -3.636280e-03
          -1.093893e-02 5.703645e-03 -6.063581e-04
          -1.093893e-02 5.703639e-03 -9.093864e-04
          -1.093894e-02 5.703632e-03 -1.212415e-03
          -1.094184e-02 5.699347e-03 -3.333249e-03
          -1.094185e-02 5.699327e-03 -3.636280e-03
          -1.093896e-02 5.414374e-03 -1.212413e-03
          -1.094187e-02 5.410057e-03 -3.636279e-03
          -1.095170e-02 3.686109e-03 -2.727278e-03
          -1.095171e-02 3.686078e-03 -3.030310e-03
          -1.095172e-02 3.686047e-03 -3.333341e-03
          -1.095239e-02 3.684302e-03 -3.636435e-03
          -1.095174e-02 3.396834e-03 -2.727279e-03
          -1.095175e-02 3.396801e-03 -3.030310e-03
          -1.095242e-02 3.395055e-03 -3.333404e-03
          -1.095243e-02 3.395022e-03 -3.636435e-03
          -1.095246e-02 3.105776e-03 -3.333404e-03
          -1.095247e-02 3.105741e-03 -3.636436e-03
          -1.095265e-02 2.816146e-03 -3.636424e-03
          -1.095893e-02 1.934469e-03 -2.726992e-03
          -1.096075e-02 1.952878e-03 -3.333580e-03
          -1.095898e-02 1.645177e-03 -2.726992e-03
          -1.096080e-02 1.663584e-03 -3.333580e-03
          -1.095928e-02 1.352263e-03 -3.939303e-03
          -1.096988e-02 1.088774e-03 -2.727473e-03
          -1.096988e-02 1.088733e-03 -3.030506e-03
          -1.096988e-02 1.088691e-03 -3.333539e-03
          -1.097311e-02 1.088623e-03 -3.636532e-03
          -1.097255e-02 1.077212e-03 -4.849115e-03
          -1.096993e-02 7.994698e-04 -2.727472e-03
          -1.096993e-02 7.994277e-04 -3.030505e-03
          -1.097316e-02 7.993593e-04 -3.333499e-03
          -1.097316e-02 7.993171e-04 -3.636532e-03
          -1.097280e-02 7.903241e-04 -4.546068e-03
          -1.096998e-02 5.101651e-04 -2.727472e-03
          -1.097321e-02 5.100963e-04 -3.030465e-03
          -1.097321e-02 5.100539e-04 -3.333499e-03
          -1.097321e-02 5.100115e-04 -3.636532e-03
          -1.097284e-02 5.010201e-04 -4.546068e-03
          -1.097244e-02 2.187035e-04 -3.030431e-03
          -1.097244e-02 2.186608e-04 -3.333465e-03
          -1.097244e-02 2.186181e-04 -3.636498e-03
          -1.097297e-02 -7.221345e-05 -3.333290e-03
          -1.098741e-02 -1.522023e-03 -3.030121e-03
          -1.098741e-02 -1.522063e-03 -3.333155e-03
          -1.098708e-02 -1.524567e-03 -3.636424e-03
          -1.098746e-02 -1.811359e-03 -3.030119e-03
          -1.098712e-02 -1.813900e-03 -3.636422e-03
          -1.098716e-02 -2.103234e-03 -3.636420e-03
          -1.099461e-02 -3.549157e-03 -1.209547e-03
          -1.098632e-02 -7.630195e-03 -2.726069e-03
          -1.098631e-02 -7.630209e-03 -3.029107e-03
          -1.098630e-02 -7.630222e-03 -3.332146e-03
          -1.100402e-02 -7.916256e-03 -1.813781e-03
          -1.100401e-02 -7.916271e-03 -2.116824e-03
          -1.100403e-02 -8.205591e-03 -6.016126e-04
          -1.100402e-02 -8.205602e-03 -9.046528e-04
          -1.100402e-02 -8.205614e-03 -1.207693e-03
          -1.100401e-02 -8.205628e-03 -1.510735e-03
          -1.100400e-02 -8.205643e-03 -1.813778e-03
          -1.100401e-02 -8.494970e-03 -2.985701e-04
          -1.100401e-02 -8.494980e-03 -6.016101e-04
          -1.100400e-02 -8.494991e-03 -9.046502e-04
          -1.100400e-02 -8.495002e-03 -1.207691e-03
          -1.100399e-02 -8.495016e-03 -1.510732e-03
          -1.100246e-02 -8.497638e-03 -3.027892e-03
          -1.100245e-02 -8.497652e-03 -3.330930e-03
          -1.100320e-02 -8.786958e-03 -9.045762e-04
          -1.100320e-02 -8.786969e-03 -1.207616e-03
          -1.125247e-02 5.970978e-03 -8.476145e-07
          -1.124745e-02 4.528425e-03 -1.514676e-03
          -1.124746e-02 4.528410e-03 -1.817706e-03
          -1.124749e-02 4.239175e-03 -1.514674e-03
          -1.124750e-02 4.239158e-03 -1.817705e-03
          -1.124751e-02 4.239134e-03 -2.120736e-03
          -1.124752e-02 4.239110e-03 -2.423766e-03
          -1.124753e-02 3.949907e-03 -1.514673e-03
          -1.124753e-02 3.949890e-03 -1.817704e-03
          -1.124755e-02 3.949856e-03 -2.120735e-03
          -1.124756e-02 3.949839e-03 -2.423765e-03
          -1.124894e-02 3.946191e-03 -3.939029e-03
          -1.124895e-02 3.946168e-03 -4.242061e-03
          -1.125205e-02 3.682545e-03 -2.423759e-03
          -1.125585e-02 2.510328e-03 -1.514473e-03
          -1.125586e-02 2.510307e-03 -1.817505e-03
          -1.125587e-02 2.510285e-03 -2.120536e-03
          -1.125630e-02 2.507706e-03 -3.029776e-03
          -1.125590e-02 2.221037e-03 -1.514471e-03
          -1.125591e-02 2.221015e-03 -1.817503e-03
          -1.125592e-02 2.220992e-03 -2.120535e-03
          -1.125592e-02 2.220970e-03 -2.423567e-03
          -1.125611e-02 2.219844e-03 -2.726662e-03
          -1.125635e-02 2.218411e-03 -3.029775e-03
          -1.125596e-02 1.931746e-03 -1.514469e-03
          -1.125596e-02 1.931723e-03 -1.817502e-03
          -1.125597e-02 1.931699e-03 -2.120534e-03
          -1.125597e-02 1.931676e-03 -2.423567e-03
          -1.125616e-02 1.930550e-03 -2.726662e-03
          -1.125640e-02 1.929115e-03 -3.029775e-03
          -1.125682e-02 1.926520e-03 -3.939015e-03
          -1.125601e-02 1.642454e-03 -1.514467e-03
          -1.125601e-02 1.642430e-03 -1.817500e-03
          -1.125602e-02 1.642407e-03 -2.120533e-03
          -1.125602e-02 1.642383e-03 -2.423566e-03
          -1.125621e-02 1.641255e-03 -2.726661e-03
          -1.125687e-02 1.637222e-03 -3.939015e-03
          -1.125606e-02 1.353163e-03 -1.514465e-03
          -1.125607e-02 1.353138e-03 -1.817499e-03
          -1.125607e-02 1.353114e-03 -2.120532e-03
          -1.125607e-02 1.353089e-03 -2.423565e-03
          -1.125623e-02 1.351727e-03 -2.726796e-03
          -1.125624e-02 1.351691e-03 -3.029829e-03
          -1.125624e-02 1.351656e-03 -3.332861e-03
          -1.125692e-02 1.347925e-03 -3.939015e-03
          -1.125693e-02 1.347893e-03 -4.242049e-03
          -1.126723e-02 -9.172684e-05 -1.514133e-03
          -1.126723e-02 -9.175256e-05 -1.817167e-03
          -1.126723e-02 -9.177833e-05 -2.120201e-03
          -1.126723e-02 -9.180410e-05 -2.423235e-03
          -1.126728e-02 -3.810527e-04 -1.514130e-03
          -1.126728e-02 -3.810782e-04 -1.817165e-03
          -1.126728e-02 -3.811038e-04 -2.120199e-03
          -1.126728e-02 -3.811294e-04 -2.423234e-03
          -1.126733e-02 -6.703785e-04 -1.514128e-03
          -1.126733e-02 -6.704039e-04 -1.817163e-03
          -1.126733e-02 -6.704294e-04 -2.120198e-03
          -1.126733e-02 -6.704548e-04 -2.423232e-03
          -1.126738e-02 -9.597043e-04 -1.514125e-03
          -1.126738e-02 -9.597295e-04 -1.817160e-03
          -1.126738e-02 -9.597548e-04 -2.120196e-03
          -1.126738e-02 -9.597801e-04 -2.423231e-03
          -1.126699e-02 -9.652426e-04 -3.939003e-03
          -1.127743e-02 -2.699778e-03 -1.513647e-03
          -1.127743e-02 -2.699801e-03 -1.816683e-03
          -1.127746e-02 -2.989131e-03 -1.513643e-03
          -1.130019e-02 -6.469433e-03 -1.813797e-03
          -1.130018e-02 -6.469450e-03 -2.116840e-03
          -1.130017e-02 -6.469466e-03 -2.419884e-03
          -1.130020e-02 -6.758804e-03 -1.813793e-03
          -1.130019e-02 -6.758821e-03 -2.116836e-03
          -1.130018e-02 -6.758837e-03 -2.419879e-03
          -1.130022e-02 -7.048174e-03 -1.813788e-03
          -1.130021e-02 -7.048191e-03 -2.116832e-03
          -1.130020e-02 -7.048208e-03 -2.419875e-03
          -1.130024e-02 -7.337530e-03 -1.510741e-03
          -1.130023e-02 -7.337545e-03 -1.813784e-03
          -1.130022e-02 -7.337562e-03 -2.116827e-03
          -1.130021e-02 -7.337579e-03 -2.419871e-03
          -1.130026e-02 -7.626887e-03 -1.207696e-03
          -1.130026e-02 -7.626900e-03 -1.510737e-03
          -1.130025e-02 -7.626916e-03 -1.813780e-03
          -1.130024e-02 -7.626932e-03 -2.116823e-03
          -1.130023e-02 -7.626949e-03 -2.419866e-03
          -1.130026e-02 -7.916246e-03 -2.985762e-04
          -1.130025e-02 -7.916257e-03 -6.016162e-04
          -1.130025e-02 -7.916268e-03 -9.046562e-04
          -1.130024e-02 -7.916279e-03 -1.207696e-03
          -1.130024e-02 -7.916290e-03 -1.510737e-03
          -1.130023e-02 -7.916304e-03 -1.813778e-03
          -1.130022e-02 -7.916319e-03 -2.116821e-03
          -1.129871e-02 -7.918920e-03 -3.027897e-03
          -1.129869e-02 -7.918936e-03 -3.330936e-03
          -1.129868e-02 -7.918951e-03 -3.633974e-03
          -1.130024e-02 -8.205633e-03 -2.985739e-04
          -1.130023e-02 -8.205643e-03 -6.016138e-04
          -1.130023e-02 -8.205654e-03 -9.046536e-04
          -1.130022e-02 -8.205664e-03 -1.207694e-03
          -1.130022e-02 -8.205675e-03 -1.510734e-03
          -1.130021e-02 -8.205689e-03 -1.813775e-03
          -1.129870e-02 -8.208285e-03 -2.724854e-03
          -1.129869e-02 -8.208299e-03 -3.027893e-03
          -1.129868e-02 -8.208314e-03 -3.330932e-03
          -1.129867e-02 -8.208329e-03 -3.633970e-03
          -1.129750e-02 -8.209587e-03 -3.937421e-03
          -1.129930e-02 -8.498052e-03 -6.015278e-04
          -1.129930e-02 -8.498062e-03 -9.045675e-04
          -1.129929e-02 -8.498072e-03 -1.207607e-03
          -1.129929e-02 -8.498083e-03 -1.510647e-03
          -1.153753e-02 6.274080e-03 -2.424063e-03
          -1.154387e-02 3.949723e-03 -1.514669e-03
          -1.154388e-02 3.949708e-03 -1.817701e-03
          -1.154753e-02 3.684055e-03 -1.211536e-03
          -1.154838e-02 3.682460e-03 -2.423757e-03
          -1.154756e-02 3.394787e-03 -9.085050e-04
          -1.154756e-02 3.394778e-03 -1.211536e-03
          -1.155232e-02 1.642335e-03 -1.514463e-03
          -1.155236e-02 1.353040e-03 -1.514461e-03
          -1.155237e-02 1.353020e-03 -1.817494e-03
          -1.155237e-02 1.353000e-03 -2.120528e-03
          -1.155279e-02 1.350458e-03 -2.726737e-03
          -1.155280e-02 1.350429e-03 -3.029769e-03
          -1.156457e-02 1.082620e-03 -2.423342e-03
          -1.156475e-02 1.078223e-03 -3.635938e-03
          -1.159094e-02 -5.318829e-03 -4.847518e-03
          -1.159640e-02 -6.180035e-03 -2.985997e-04
          -1.159639e-02 -6.180051e-03 -6.016395e-04
          -1.159639e-02 -6.180066e-03 -9.046793e-04
          -1.159639e-02 -6.180082e-03 -1.207719e-03
          -1.159638e-02 -6.180096e-03 -1.510759e-03
          -1.159637e-02 -6.180109e-03 -1.813800e-03
          -1.159637e-02 -6.180124e-03 -2.116842e-03
          -1.159636e-02 -6.180140e-03 -2.419885e-03
          -1.159641e-02 -6.469416e-03 -2.985957e-04
          -1.159641e-02 -6.469431e-03 -6.016353e-04
          -1.159641e-02 -6.469446e-03 -9.046749e-04
          -1.159640e-02 -6.469461e-03 -1.207715e-03
          -1.159640e-02 -6.469473e-03 -1.510755e-03
          -1.159639e-02 -6.469485e-03 -1.813796e-03
          -1.159638e-02 -6.469499e-03 -2.116838e-03
          -1.159637e-02 -6.469515e-03 -2.419880e-03
          -1.159643e-02 -6.758792e-03 -2.985916e-04
          -1.159643e-02 -6.758806e-03 -6.016312e-04
          -1.159642e-02 -6.758820e-03 -9.046708e-04
          -1.159642e-02 -6.758832e-03 -1.207710e-03
          -1.159641e-02 -6.758844e-03 -1.510750e-03
          -1.159641e-02 -6.758856e-03 -1.813791e-03
          -1.159640e-02 -6.758870e-03 -2.116833e-03
          -1.159639e-02 -6.758885e-03 -2.419876e-03
          -1.159645e-02 -7.048167e-03 -2.985876e-04
          -1.159644e-02 -7.048180e-03 -6.016271e-04
          -1.159644e-02 -7.048192e-03 -9.046665e-04
          -1.159643e-02 -7.048203e-03 -1.207706e-03
          -1.159643e-02 -7.048214e-03 -1.510746e-03
          -1.159642e-02 -7.048226e-03 -1.813787e-03
          -1.159641e-02 -7.048241e-03 -2.116829e-03
          -1.159640e-02 -7.048256e-03 -2.419872e-03
          -1.159646e-02 -7.337543e-03 -2.985835e-04
          -1.159646e-02 -7.337553e-03 -6.016228e-04
          -1.159645e-02 -7.337563e-03 -9.046622e-04
          -1.159645e-02 -7.337574e-03 -1.207702e-03
          -1.159644e-02 -7.337585e-03 -1.510742e-03
          -1.159644e-02 -7.337597e-03 -1.813783e-03
          -1.159643e-02 -7.337612e-03 -2.116825e-03
          -1.159642e-02 -7.337627e-03 -2.419867e-03
          -1.159648e-02 -7.626916e-03 -2.985793e-04
          -1.159647e-02 -7.626925e-03 -6.016186e-04
          -1.159647e-02 -7.626935e-03 -9.046579e-04
          -1.159647e-02 -7.626944e-03 -1.207697e-03
          -1.159646e-02 -7.626955e-03 -1.510737e-03
          -1.159645e-02 -7.626967e-03 -1.813778e-03
          -1.159645e-02 -7.626982e-03 -2.116820e-03
          -1.159644e-02 -7.626997e-03 -2.419863e-03
          -1.159646e-02 -7.916301e-03 -2.985776e-04
          -1.159646e-02 -7.916311e-03 -6.016173e-04
          -1.159645e-02 -7.916321e-03 -9.046570e-04
          -1.159645e-02 -7.916331e-03 -1.207697e-03
          -1.159644e-02 -7.916342e-03 -1.510736e-03
          -1.159644e-02 -7.916353e-03 -1.813776e-03
          -1.159643e-02 -7.916366e-03 -2.116818e-03
          -1.159493e-02 -7.918951e-03 -2.724856e-03
          -1.159492e-02 -7.918965e-03 -3.027894e-03
          -1.159491e-02 -7.918979e-03 -3.330932e-03
          -1.159489e-02 -7.918994e-03 -3.633971e-03
          -1.159488e-02 -7.919008e-03 -3.937009e-03
          -1.159372e-02 -7.920266e-03 -4.240460e-03
          -1.159540e-02 -8.209149e-03 -2.984796e-04
          -1.159539e-02 -8.209159e-03 -6.015191e-04
          -1.159539e-02 -8.209169e-03 -9.045586e-04
          -1.159538e-02 -8.209179e-03 -1.207598e-03
          -1.159538e-02 -8.209189e-03 -1.510638e-03
          -1.159537e-02 -8.209199e-03 -1.813678e-03
          -1.183401e-02 6.273794e-03 -1.211934e-03
          -1.183404e-02 6.273746e-03 -2.424053e-03
          -1.183528e-02 6.271398e-03 -3.636079e-03
          -1.183851e-02 4.834108e-03 -1.211766e-03
          -1.183821e-02 4.545262e-03 -9.087810e-04
          -1.183854e-02 4.544832e-03 -1.211764e-03
          -1.183772e-02 4.256661e-03 -6.058239e-04
          -1.183824e-02 4.255985e-03 -9.087789e-04
          -1.184386e-02 3.683956e-03 -1.211533e-03
          -1.184510e-02 3.680773e-03 -2.423735e-03
          -1.184390e-02 3.394676e-03 -1.211533e-03
          -1.184393e-02 3.105396e-03 -1.211532e-03
          -1.184396e-02 2.816116e-03 -1.211531e-03
          -1.184732e-02 2.238762e-03 -9.083011e-04
          -1.184800e-02 2.237266e-03 -1.211536e-03
          -1.185163e-02 1.950270e-03 -9.082394e-04
          -1.185191e-02 1.949533e-03 -1.211427e-03
          -1.185199e-02 1.662382e-03 -6.049471e-04
          -1.185241e-02 1.661268e-03 -9.082163e-04
          -1.185268e-02 1.660531e-03 -1.211404e-03
          -1.185203e-02 1.373105e-03 -3.019100e-04
          -1.185204e-02 1.373084e-03 -6.049440e-04
          -1.185245e-02 1.371970e-03 -9.082133e-04
          -1.185273e-02 1.371233e-03 -1.211401e-03
          -1.186053e-02 1.079333e-03 -1.211098e-03
          -1.186061e-02 1.078954e-03 -2.423316e-03
          -1.185972e-02 1.074780e-03 -3.635878e-03
          -1.186876e-02 -7.719256e-05 -1.210836e-03
          -1.186876e-02 -3.656542e-04 -9.074242e-04
          -1.186880e-02 -3.665166e-04 -1.210833e-03
          -1.186784e-02 -6.550192e-04 -6.038729e-04
          -1.186881e-02 -6.549783e-04 -9.074210e-04
          -1.186885e-02 -6.558407e-04 -1.210829e-03
          -1.186879e-02 -9.430444e-04 -6.038350e-04
          -1.186885e-02 -9.443023e-04 -9.074179e-04
          -1.186889e-02 -9.451647e-04 -1.210826e-03
          -1.186853e-02 -9.493918e-04 -3.029690e-03
          -1.186890e-02 -1.233802e-03 -1.210521e-03
          -1.187559e-02 -1.526687e-03 -1.209292e-03
          -1.187563e-02 -1.816013e-03 -1.209290e-03
          -1.187567e-02 -2.105339e-03 -1.209288e-03
          -1.187571e-02 -2.394665e-03 -1.209286e-03
          -1.188031e-02 -3.850198e-03 -2.421980e-03
          -1.188709e-02 -5.318865e-03 -4.847509e-03
          -1.189047e-02 -5.601392e-03 -9.049634e-04
          -1.189047e-02 -5.601406e-03 -1.208002e-03
          -1.188711e-02 -5.608235e-03 -4.847504e-03
          -1.189258e-02 -5.890717e-03 -2.986054e-04
          -1.189258e-02 -5.890732e-03 -6.016452e-04
          -1.189257e-02 -5.890748e-03 -9.046850e-04
          -1.189257e-02 -5.890763e-03 -1.207725e-03
          -1.189257e-02 -5.890778e-03 -1.510764e-03
          -1.189256e-02 -5.890791e-03 -1.813804e-03
          -1.189256e-02 -5.890803e-03 -2.116844e-03
          -1.189255e-02 -5.890818e-03 -2.419886e-03
          -1.188713e-02 -5.897599e-03 -4.847499e-03
          -1.189260e-02 -6.180095e-03 -2.986014e-04
          -1.189259e-02 -6.180111e-03 -6.016411e-04
          -1.189259e-02 -6.180126e-03 -9.046808e-04
          -1.189259e-02 -6.180142e-03 -1.207720e-03
          -1.189258e-02 -6.180155e-03 -1.510760e-03
          -1.189258e-02 -6.180165e-03 -1.813800e-03
          -1.189257e-02 -6.180177e-03 -2.116840e-03
          -1.189256e-02 -6.180191e-03 -2.419881e-03
          -1.189262e-02 -6.469473e-03 -2.985974e-04
          -1.189261e-02 -6.469488e-03 -6.016370e-04
          -1.189261e-02 -6.469503e-03 -9.046767e-04
          -1.189260e-02 -6.469518e-03 -1.207716e-03
          -1.189260e-02 -6.469528e-03 -1.510756e-03
          -1.189259e-02 -6.469539e-03 -1.813796e-03
          -1.189259e-02 -6.469550e-03 -2.116836e-03
          -1.189258e-02 -6.469563e-03 -2.419877e-03
          -1.189263e-02 -6.758849e-03 -2.985933e-04
          -1.189263e-02 -6.758863e-03 -6.016329e-04
          -1.189262e-02 -6.758877e-03 -9.046725e-04
          -1.189262e-02 -6.758889e-03 -1.207712e-03
          -1.189261e-02 -6.758899e-03 -1.510752e-03
          -1.189261e-02 -6.758910e-03 -1.813791e-03
          -1.189260e-02 -6.758920e-03 -2.116831e-03
          -1.189260e-02 -6.758934e-03 -2.419873e-03
          -1.189265e-02 -7.048224e-03 -2.985893e-04
          -1.189264e-02 -7.048237e-03 -6.016288e-04
          -1.189264e-02 -7.048249e-03 -9.046682e-04
          -1.189264e-02 -7.048260e-03 -1.207708e-03
          -1.189263e-02 -7.048270e-03 -1.510747e-03
          -1.189263e-02 -7.048280e-03 -1.813787e-03
          -1.189262e-02 -7.048291e-03 -2.116827e-03
          -1.189261e-02 -7.048304e-03 -2.419868e-03
          -1.189266e-02 -7.337600e-03 -2.985852e-04
          -1.189266e-02 -7.337610e-03 -6.016246e-04
          -1.189266e-02 -7.337620e-03 -9.046639e-04
          -1.189265e-02 -7.337631e-03 -1.207703e-03
          -1.189265e-02 -7.337641e-03 -1.510743e-03
          -1.189264e-02 -7.337651e-03 -1.813783e-03
          -1.189264e-02 -7.337662e-03 -2.116823e-03
          -1.189263e-02 -7.337675e-03 -2.419864e-03
          -1.189268e-02 -7.626973e-03 -2.985810e-04
          -1.189268e-02 -7.626982e-03 -6.016203e-04
          -1.189267e-02 -7.626992e-03 -9.046596e-04
          -1.189267e-02 -7.627001e-03 -1.207699e-03
          -1.189266e-02 -7.627011e-03 -1.510739e-03
          -1.189266e-02 -7.627022e-03 -1.813778e-03
          -1.189265e-02 -7.627032e-03 -2.116818e-03
          -1.189264e-02 -7.627046e-03 -2.419860e-03
          -1.189157e-02 -7.919966e-03 -2.984791e-04
          -1.189157e-02 -7.919975e-03 -6.015185e-04
          -1.189156e-02 -7.919985e-03 -9.045578e-04
          -1.189156e-02 -7.919995e-03 -1.207597e-03
          -1.189156e-02 -7.920004e-03 -1.510636e-03
          -1.189155e-02 -7.920014e-03 -1.813676e-03
          -1.189155e-02 -7.920024e-03 -2.116716e-03
          -1.188771e-02 -7.920877e-03 -3.936872e-03
          -1.188770e-02 -7.920890e-03 -4.239911e-03
          -1.214122e-02 7.699752e-03 -1.007879e-06
          -1.214125e-02 7.410543e-03 -1.004188e-06
          -1.214174e-02 3.677832e-03 -1.211473e-03
          -1.214177e-02 3.388557e-03 -1.211471e-03
          -1.214619e-02 2.522693e-03 -1.211160e-03
          -1.215019e-02 2.234797e-03 -1.211061e-03
          -1.215028e-02 1.946846e-03 -9.077666e-04
          -1.215071e-02 1.945689e-03 -1.211045e-03
          -1.215033e-02 1.657571e-03 -6.047287e-04
          -1.215033e-02 1.657547e-03 -9.077635e-04
          -1.215076e-02 1.656389e-03 -1.211042e-03
          -1.215037e-02 1.368285e-03 -3.016925e-04
          -1.215038e-02 1.368272e-03 -6.047253e-04
          -1.215039e-02 1.368248e-03 -9.077603e-04
          -1.215082e-02 1.367090e-03 -1.211039e-03
          -1.216229e-02 -3.696494e-04 -9.072286e-04
          -1.216233e-02 -6.589757e-04 -9.072252e-04
          -1.216238e-02 -9.483019e-04 -9.072219e-04
          -1.218381e-02 -5.601484e-03 -1.208372e-03
          -1.218381e-02 -5.601499e-03 -1.511412e-03
          -1.218380e-02 -5.601513e-03 -1.814451e-03
          -1.218420e-02 -5.604530e-03 -2.117330e-03
          -1.218419e-02 -5.604543e-03 -2.420369e-03
          -1.218382e-02 -5.890872e-03 -1.511408e-03
          -1.218422e-02 -5.893888e-03 -1.814286e-03
          -1.218421e-02 -5.893900e-03 -2.117325e-03
          -1.218421e-02 -5.893913e-03 -2.420365e-03
          -1.218423e-02 -6.183258e-03 -1.814282e-03
          -1.218423e-02 -6.183270e-03 -2.117321e-03
          -1.218422e-02 -6.183282e-03 -2.420361e-03
          -1.218424e-02 -6.472640e-03 -2.117317e-03
          -1.218424e-02 -6.472652e-03 -2.420357e-03
          -1.218425e-02 -6.762022e-03 -2.420352e-03
          -1.218391e-02 -7.048313e-03 -2.992337e-04
          -1.218428e-02 -7.051380e-03 -2.117309e-03
          -1.218427e-02 -7.051391e-03 -2.420348e-03
          -1.218430e-02 -7.340740e-03 -1.814265e-03
          -1.218429e-02 -7.340750e-03 -2.117304e-03
          -1.218429e-02 -7.340761e-03 -2.420344e-03
          -1.218452e-02 -7.629685e-03 -6.017413e-04
          -1.218451e-02 -7.629695e-03 -9.047805e-04
          -1.218451e-02 -7.629704e-03 -1.207820e-03
          -1.218451e-02 -7.629714e-03 -1.510859e-03
          -1.218450e-02 -7.629723e-03 -1.813898e-03
          -1.218450e-02 -7.629733e-03 -2.116938e-03
          -1.218449e-02 -7.629743e-03 -2.419977e-03
          -1.244111e-02 7.981751e-03 -9.508428e-07
          -1.244169e-02 7.695162e-03 -7.999254e-07
          -1.243369e-02 6.538466e-03 -1.514907e-03
          -1.243370e-02 6.538458e-03 -1.817937e-03
          -1.243418e-02 6.537851e-03 -2.727041e-03
          -1.243421e-02 6.250460e-03 -1.211833e-03
          -1.243426e-02 6.250401e-03 -1.514861e-03
          -1.243420e-02 5.961259e-03 -9.088016e-04
          -1.243424e-02 5.961204e-03 -1.211830e-03
          -1.243429e-02 5.961145e-03 -1.514859e-03
          -1.243430e-02 5.961136e-03 -1.817889e-03
          -1.243438e-02 5.961031e-03 -2.120916e-03
          -1.243439e-02 5.961022e-03 -2.423946e-03
          -1.243476e-02 5.960568e-03 -2.726994e-03
          -1.243477e-02 5.960552e-03 -3.030024e-03
          -1.243422e-02 5.672012e-03 -6.057688e-04
          -1.243423e-02 5.672003e-03 -9.087988e-04
          -1.243427e-02 5.671948e-03 -1.211828e-03
          -1.243432e-02 5.671888e-03 -1.514856e-03
          -1.243440e-02 5.671783e-03 -1.817884e-03
          -1.243441e-02 5.671774e-03 -2.120914e-03
          -1.243442e-02 5.671765e-03 -2.423944e-03
          -1.243479e-02 5.671310e-03 -2.726991e-03
          -1.243480e-02 5.671293e-03 -3.030022e-03
          -1.243481e-02 5.671272e-03 -3.333053e-03
          -1.243481e-02 5.671251e-03 -3.636084e-03
          -1.243469e-02 5.670323e-03 -3.939142e-03
          -1.243470e-02 5.670302e-03 -4.242173e-03
          -1.243579e-02 5.384548e-03 -3.025089e-04
          -1.243591e-02 5.384401e-03 -6.055442e-04
          -1.243592e-02 5.384392e-03 -9.085743e-04
          -1.243595e-02 5.384353e-03 -1.211604e-03
          -1.243605e-02 5.384226e-03 -1.514631e-03
          -1.243609e-02 5.384171e-03 -1.817660e-03
          -1.243610e-02 5.384162e-03 -2.120690e-03
          -1.243611e-02 5.384152e-03 -2.423720e-03
          -1.243482e-02 5.382051e-03 -2.726989e-03
          -1.243483e-02 5.382031e-03 -3.030020e-03
          -1.243484e-02 5.382009e-03 -3.333051e-03
          -1.243484e-02 5.381988e-03 -3.636082e-03
          -1.243472e-02 5.381058e-03 -3.939140e-03
          -1.243503e-02 5.381497e-03 -4.242158e-03
          -1.243504e-02 5.381475e-03 -4.545189e-03
          -1.243760e-02 3.075795e-03 -2.726779e-03
          -1.245023e-02 2.515931e-03 -1.210399e-03
          -1.245013e-02 2.514110e-03 -2.119520e-03
          -1.244397e-02 2.495985e-03 -2.726458e-03
          -1.244398e-02 2.495956e-03 -3.029490e-03
          -1.244398e-02 2.495924e-03 -3.332523e-03
          -1.244399e-02 2.495893e-03 -3.635555e-03
          -1.244408e-02 2.495335e-03 -3.938618e-03
          -1.244409e-02 2.495304e-03 -4.241650e-03
          -1.245052e-02 2.226713e-03 -1.210390e-03
          -1.244354e-02 2.207771e-03 -2.423154e-03
          -1.244404e-02 2.206686e-03 -2.726456e-03
          -1.244404e-02 2.206656e-03 -3.029488e-03
          -1.244405e-02 2.206625e-03 -3.332521e-03
          -1.244410e-02 2.206330e-03 -3.635569e-03
          -1.244415e-02 2.206035e-03 -3.938616e-03
          -1.244415e-02 2.206004e-03 -4.241649e-03
          -1.244360e-02 1.918490e-03 -2.120117e-03
          -1.244360e-02 1.918472e-03 -2.423151e-03
          -1.244411e-02 1.917387e-03 -2.726454e-03
          -1.244411e-02 1.917357e-03 -3.029486e-03
          -1.244416e-02 1.917062e-03 -3.332534e-03
          -1.244416e-02 1.917030e-03 -3.635567e-03
          -1.244421e-02 1.916735e-03 -3.938615e-03
          -1.244421e-02 1.916704e-03 -4.241647e-03
          -1.244366e-02 1.629210e-03 -1.817080e-03
          -1.244366e-02 1.629191e-03 -2.120115e-03
          -1.244367e-02 1.629173e-03 -2.423149e-03
          -1.244417e-02 1.628087e-03 -2.726452e-03
          -1.244422e-02 1.627794e-03 -3.029500e-03
          -1.244422e-02 1.627762e-03 -3.332532e-03
          -1.244423e-02 1.627731e-03 -3.635565e-03
          -1.244427e-02 1.627435e-03 -3.938613e-03
          -1.244428e-02 1.627403e-03 -4.241647e-03
          -1.244428e-02 1.627371e-03 -4.544680e-03
          -1.244372e-02 1.339930e-03 -1.514043e-03
          -1.244373e-02 1.339911e-03 -1.817077e-03
          -1.244373e-02 1.339892e-03 -2.120112e-03
          -1.244374e-02 1.339874e-03 -2.423147e-03
          -1.244428e-02 1.338525e-03 -2.726465e-03
          -1.244428e-02 1.338495e-03 -3.029498e-03
          -1.244429e-02 1.338463e-03 -3.332531e-03
          -1.244429e-02 1.338431e-03 -3.635563e-03
          -1.244434e-02 1.338135e-03 -3.938612e-03
          -1.244434e-02 1.338102e-03 -4.241646e-03
          -1.244434e-02 1.338070e-03 -4.544679e-03
          -1.244487e-02 1.051107e-03 -1.210896e-03
          -1.244490e-02 1.050968e-03 -1.513963e-03
          -1.244491e-02 1.050949e-03 -1.816998e-03
          -1.244491e-02 1.050930e-03 -2.120032e-03
          -1.244495e-02 1.050747e-03 -2.423110e-03
          -1.244545e-02 1.049662e-03 -2.726413e-03
          -1.244546e-02 1.049631e-03 -3.029446e-03
          -1.244546e-02 1.049599e-03 -3.332479e-03
          -1.244546e-02 1.049567e-03 -3.635513e-03
          -1.244491e-02 1.048905e-03 -3.938611e-03
          -1.244491e-02 1.048872e-03 -4.241645e-03
          -1.244491e-02 1.048840e-03 -4.544678e-03
          -1.244492e-02 7.618715e-04 -9.078470e-04
          -1.244494e-02 7.618092e-04 -1.210893e-03
          -1.244497e-02 7.616694e-04 -1.513960e-03
          -1.244497e-02 7.616502e-04 -1.816995e-03
          -1.244501e-02 7.614673e-04 -2.120073e-03
          -1.244502e-02 7.614481e-04 -2.423108e-03
          -1.244552e-02 7.603623e-04 -2.726411e-03
          -1.244552e-02 7.603320e-04 -3.029444e-03
          -1.244552e-02 7.602995e-04 -3.332478e-03
          -1.244552e-02 7.602665e-04 -3.635512e-03
          -1.244497e-02 7.596048e-04 -3.938610e-03
          -1.244497e-02 7.595718e-04 -4.241644e-03
          -1.244548e-02 7.596095e-04 -4.544677e-03
          -1.244548e-02 7.595765e-04 -4.847712e-03
          -1.244522e-02 4.725805e-04 -6.047851e-04
          -1.244522e-02 4.725611e-04 -9.078203e-04
          -1.244524e-02 4.724986e-04 -1.210867e-03
          -1.244527e-02 4.723585e-04 -1.513933e-03
          -1.244531e-02 4.721754e-04 -1.817012e-03
          -1.244532e-02 4.721560e-04 -2.120047e-03
          -1.244532e-02 4.721366e-04 -2.423082e-03
          -1.244559e-02 4.710631e-04 -2.726409e-03
          -1.244559e-02 4.710323e-04 -3.029442e-03
          -1.244558e-02 4.709992e-04 -3.332477e-03
          -1.244558e-02 4.709661e-04 -3.635511e-03
          -1.244503e-02 4.703041e-04 -3.938609e-03
          -1.244554e-02 4.703417e-04 -4.241643e-03
          -1.244554e-02 4.703086e-04 -4.544677e-03
          -1.244554e-02 4.702755e-04 -4.847711e-03
          -1.244835e-02 1.834795e-04 -3.013351e-04
          -1.244852e-02 1.831104e-04 -6.044591e-04
          -1.244852e-02 1.830908e-04 -9.074945e-04
          -1.244854e-02 1.830280e-04 -1.210541e-03
          -1.244861e-02 1.827240e-04 -1.513651e-03
          -1.244861e-02 1.827043e-04 -1.816686e-03
          -1.244862e-02 1.826847e-04 -2.119722e-03
          -1.244862e-02 1.826650e-04 -2.422757e-03
          -1.244565e-02 1.817619e-04 -2.726406e-03
          -1.244565e-02 1.817303e-04 -3.029441e-03
          -1.244564e-02 1.816971e-04 -3.332475e-03
          -1.244564e-02 1.816638e-04 -3.635510e-03
          -1.244560e-02 1.810724e-04 -3.938608e-03
          -1.244560e-02 1.810391e-04 -4.241642e-03
          -1.244560e-02 1.810059e-04 -4.544676e-03
          -1.244559e-02 1.809726e-04 -4.847711e-03
          -1.245819e-02 -2.421795e-03 -2.726007e-03
          -1.245710e-02 -2.711992e-03 -2.422232e-03
          -1.245715e-02 -2.713475e-03 -2.725839e-03
          -1.245715e-02 -2.713504e-03 -3.028874e-03
          -1.245714e-02 -2.713534e-03 -3.331910e-03
          -1.245707e-02 -2.713790e-03 -3.634983e-03
          -1.245700e-02 -2.714046e-03 -3.938057e-03
          -1.245699e-02 -2.714076e-03 -4.241093e-03
          -1.245714e-02 -3.001332e-03 -2.119189e-03
          -1.245714e-02 -3.001349e-03 -2.422227e-03
          -1.245719e-02 -3.002832e-03 -2.725834e-03
          -1.245718e-02 -3.002860e-03 -3.028870e-03
          -1.245711e-02 -3.003116e-03 -3.331944e-03
          -1.245711e-02 -3.003145e-03 -3.634979e-03
          -1.245704e-02 -3.003401e-03 -3.938053e-03
          -1.245718e-02 -3.290674e-03 -1.816146e-03
          -1.245718e-02 -3.290691e-03 -2.119184e-03
          -1.245718e-02 -3.290707e-03 -2.422222e-03
          -1.245723e-02 -3.292190e-03 -2.725830e-03
          -1.245716e-02 -3.292430e-03 -3.028901e-03
          -1.245715e-02 -3.292472e-03 -3.331939e-03
          -1.245714e-02 -3.292501e-03 -3.634975e-03
          -1.245708e-02 -3.292755e-03 -3.938049e-03
          -1.245722e-02 -3.580016e-03 -1.513102e-03
          -1.245722e-02 -3.580032e-03 -1.816141e-03
          -1.245722e-02 -3.580049e-03 -2.119179e-03
          -1.245721e-02 -3.580065e-03 -2.422218e-03
          -1.245726e-02 -3.581547e-03 -2.725825e-03
          -1.245720e-02 -3.581800e-03 -3.028899e-03
          -1.245719e-02 -3.581828e-03 -3.331935e-03
          -1.245718e-02 -3.581856e-03 -3.634971e-03
          -1.245805e-02 -3.869757e-03 -1.209853e-03
          -1.245784e-02 -3.870016e-03 -1.512970e-03
          -1.245784e-02 -3.870032e-03 -1.816008e-03
          -1.245784e-02 -3.870048e-03 -2.119047e-03
          -1.245784e-02 -3.870064e-03 -2.422086e-03
          -1.245786e-02 -3.871662e-03 -2.725757e-03
          -1.245785e-02 -3.871688e-03 -3.028793e-03
          -1.245784e-02 -3.871715e-03 -3.331830e-03
          -1.245793e-02 -4.159284e-03 -1.209866e-03
          -1.245790e-02 -4.159397e-03 -1.512963e-03
          -1.245790e-02 -4.159413e-03 -1.816002e-03
          -1.245789e-02 -4.159428e-03 -2.119040e-03
          -1.245787e-02 -4.159547e-03 -2.422141e-03
          -1.245792e-02 -4.161028e-03 -2.725748e-03
          -1.245791e-02 -4.161053e-03 -3.028785e-03
          -1.245790e-02 -4.161080e-03 -3.331821e-03
          -1.245797e-02 -4.448622e-03 -9.068193e-04
          -1.245796e-02 -4.448644e-03 -1.209862e-03
          -1.245794e-02 -4.448756e-03 -1.512958e-03
          -1.245793e-02 -4.448772e-03 -1.815997e-03
          -1.245791e-02 -4.448890e-03 -2.119098e-03
          -1.245790e-02 -4.448905e-03 -2.422136e-03
          -1.245795e-02 -4.450385e-03 -2.725744e-03
          -1.245795e-02 -4.450410e-03 -3.028780e-03
          -1.245794e-02 -4.450433e-03 -3.331818e-03
          -1.245880e-02 -4.739024e-03 -6.036448e-04
          -1.245880e-02 -4.739039e-03 -9.066835e-04
          -1.245879e-02 -4.739060e-03 -1.209726e-03
          -1.245876e-02 -4.739172e-03 -1.512823e-03
          -1.245874e-02 -4.739290e-03 -1.815923e-03
          -1.245873e-02 -4.739305e-03 -2.118962e-03
          -1.245873e-02 -4.739320e-03 -2.422001e-03
          -1.245799e-02 -4.739743e-03 -2.725740e-03
          -1.245798e-02 -4.739764e-03 -3.028777e-03
          -1.245797e-02 -4.739785e-03 -3.331814e-03
          -1.246043e-02 -5.030577e-03 -3.001344e-04
          -1.246045e-02 -5.031067e-03 -6.033588e-04
          -1.246044e-02 -5.031082e-03 -9.063976e-04
          -1.246044e-02 -5.031097e-03 -1.209436e-03
          -1.246040e-02 -5.031269e-03 -1.512570e-03
          -1.246039e-02 -5.031284e-03 -1.815609e-03
          -1.246039e-02 -5.031299e-03 -2.118648e-03
          -1.246039e-02 -5.031314e-03 -2.421686e-03
          -1.245802e-02 -5.029093e-03 -2.725736e-03
          -1.245801e-02 -5.029113e-03 -3.028773e-03
          -1.245801e-02 -5.029133e-03 -3.331811e-03
          -1.245800e-02 -5.029154e-03 -3.634848e-03
          -1.245784e-02 -5.029481e-03 -3.937988e-03
          -1.273809e-02 8.269695e-03 -9.393129e-07
          -1.273870e-02 7.983224e-03 -7.817674e-07
          -1.272766e-02 7.422092e-03 -9.086709e-04
          -1.272767e-02 7.422086e-03 -1.211700e-03
          -1.272768e-02 7.422080e-03 -1.514729e-03
          -1.272768e-02 7.422074e-03 -1.817758e-03
          -1.272769e-02 7.422068e-03 -2.120787e-03
          -1.273089e-02 6.537533e-03 -1.514887e-03
          -1.273092e-02 6.248286e-03 -1.211854e-03
          -1.273092e-02 6.248278e-03 -1.514884e-03
          -1.273093e-02 6.248269e-03 -1.817914e-03
          -1.273094e-02 6.248260e-03 -2.120944e-03
          -1.273094e-02 6.248251e-03 -2.423974e-03
          -1.273137e-02 6.247734e-03 -2.727024e-03
          -1.273138e-02 6.247721e-03 -3.030054e-03
          -1.273094e-02 5.959041e-03 -9.088214e-04
          -1.273095e-02 5.959032e-03 -1.211851e-03
          -1.273095e-02 5.959023e-03 -1.514881e-03
          -1.273096e-02 5.959014e-03 -1.817911e-03
          -1.273097e-02 5.959005e-03 -2.120941e-03
          -1.273098e-02 5.958995e-03 -2.423971e-03
          -1.273140e-02 5.958478e-03 -2.727021e-03
          -1.273141e-02 5.958465e-03 -3.030052e-03
          -1.273142e-02 5.958449e-03 -3.333083e-03
          -1.273143e-02 5.958428e-03 -3.636114e-03
          -1.273256e-02 5.671623e-03 -6.055551e-04
          -1.273268e-02 5.671476e-03 -9.085905e-04
          -1.273268e-02 5.671467e-03 -1.211620e-03
          -1.273269e-02 5.671458e-03 -1.514650e-03
          -1.273270e-02 5.671448e-03 -1.817680e-03
          -1.273271e-02 5.671439e-03 -2.120711e-03
          -1.273271e-02 5.671430e-03 -2.423740e-03
          -1.273143e-02 5.669219e-03 -2.727019e-03
          -1.273144e-02 5.669206e-03 -3.030049e-03
          -1.273145e-02 5.669186e-03 -3.333081e-03
          -1.273146e-02 5.669164e-03 -3.636112e-03
          -1.273146e-02 5.669143e-03 -3.939143e-03
          -1.273147e-02 5.669122e-03 -4.242174e-03
          -1.273457e-02 5.384898e-03 -3.022101e-04
          -1.273483e-02 5.384586e-03 -6.052520e-04
          -1.273495e-02 5.384439e-03 -9.082873e-04
          -1.273496e-02 5.384430e-03 -1.211317e-03
          -1.273497e-02 5.384420e-03 -1.514347e-03
          -1.273497e-02 5.384411e-03 -1.817378e-03
          -1.273498e-02 5.384401e-03 -2.120408e-03
          -1.273146e-02 5.379955e-03 -2.727016e-03
          -1.273147e-02 5.379938e-03 -3.030047e-03
          -1.273148e-02 5.379917e-03 -3.333079e-03
          -1.273149e-02 5.379896e-03 -3.636110e-03
          -1.273150e-02 5.379874e-03 -3.939141e-03
          -1.273150e-02 5.379852e-03 -4.242172e-03
          -1.273151e-02 5.379830e-03 -4.545203e-03
          -1.273152e-02 5.379808e-03 -4.848235e-03
          -1.273444e-02 5.096868e-03 -3.022348e-04
          -1.273584e-02 5.094177e-03 -2.726733e-03
          -1.273449e-02 4.807607e-03 -3.022312e-04
          -1.273589e-02 4.804911e-03 -2.726732e-03
          -1.273454e-02 4.518347e-03 -3.022277e-04
          -1.273594e-02 4.515644e-03 -2.726730e-03
          -1.273459e-02 4.229086e-03 -3.022241e-04
          -1.273599e-02 4.226377e-03 -2.726729e-03
          -1.273464e-02 3.939826e-03 -3.022206e-04
          -1.273604e-02 3.937111e-03 -2.726727e-03
          -1.273469e-02 3.650565e-03 -3.022170e-04
          -1.273609e-02 3.647845e-03 -2.726726e-03
          -1.273474e-02 3.361305e-03 -3.022134e-04
          -1.273614e-02 3.358578e-03 -2.726725e-03
          -1.273670e-02 3.074408e-03 -3.019158e-04
          -1.273899e-02 2.788020e-03 -3.016351e-04
          -1.274058e-02 2.783528e-03 -2.726441e-03
          -1.274058e-02 2.783506e-03 -3.029474e-03
          -1.274059e-02 2.783477e-03 -3.332506e-03
          -1.274059e-02 2.783446e-03 -3.635539e-03
          -1.274060e-02 2.783416e-03 -3.938571e-03
          -1.274046e-02 2.499024e-03 -3.015299e-04
          -1.274736e-02 2.514508e-03 -9.072816e-04
          -1.274737e-02 2.514492e-03 -1.210314e-03
          -1.274737e-02 2.514476e-03 -1.513347e-03
          -1.274738e-02 2.514460e-03 -1.816379e-03
          -1.274739e-02 2.514444e-03 -2.119412e-03
          -1.274062e-02 2.494245e-03 -2.726439e-03
          -1.274063e-02 2.494222e-03 -3.029472e-03
          -1.274063e-02 2.494193e-03 -3.332505e-03
          -1.274064e-02 2.494162e-03 -3.635537e-03
          -1.274064e-02 2.494131e-03 -3.938569e-03
          -1.274065e-02 2.494100e-03 -4.241602e-03
          -1.274053e-02 2.209727e-03 -3.015248e-04
          -1.274743e-02 2.225212e-03 -9.072769e-04
          -1.274744e-02 2.225195e-03 -1.210310e-03
          -1.274744e-02 2.225179e-03 -1.513342e-03
          -1.274745e-02 2.225163e-03 -1.816375e-03
          -1.274746e-02 2.225146e-03 -2.119408e-03
          -1.274013e-02 2.206153e-03 -2.423103e-03
          -1.274069e-02 2.204945e-03 -2.726437e-03
          -1.274070e-02 2.204923e-03 -3.029470e-03
          -1.274070e-02 2.204893e-03 -3.332502e-03
          -1.274070e-02 2.204862e-03 -3.635535e-03
          -1.274071e-02 2.204831e-03 -3.938567e-03
          -1.274071e-02 2.204799e-03 -4.241600e-03
          -1.274060e-02 1.920431e-03 -3.015198e-04
          -1.274019e-02 1.916872e-03 -2.120066e-03
          -1.274020e-02 1.916853e-03 -2.423100e-03
          -1.274076e-02 1.915646e-03 -2.726435e-03
          -1.274076e-02 1.915623e-03 -3.029467e-03
          -1.274077e-02 1.915593e-03 -3.332500e-03
          -1.274077e-02 1.915562e-03 -3.635533e-03
          -1.274077e-02 1.915530e-03 -3.938566e-03
          -1.274078e-02 1.915499e-03 -4.241599e-03
          -1.274067e-02 1.631135e-03 -3.015147e-04
          -1.274025e-02 1.627591e-03 -1.817029e-03
          -1.274026e-02 1.627572e-03 -2.120063e-03
          -1.274026e-02 1.627554e-03 -2.423098e-03
          -1.274082e-02 1.626346e-03 -2.726432e-03
          -1.274083e-02 1.626323e-03 -3.029465e-03
          -1.274083e-02 1.626293e-03 -3.332498e-03
          -1.274084e-02 1.626262e-03 -3.635531e-03
          -1.274084e-02 1.626230e-03 -3.938564e-03
          -1.274084e-02 1.626198e-03 -4.241597e-03
          -1.274074e-02 1.341839e-03 -3.015096e-04
          -1.274032e-02 1.338311e-03 -1.513991e-03
          -1.274032e-02 1.338292e-03 -1.817026e-03
          -1.274033e-02 1.338273e-03 -2.120061e-03
          -1.274033e-02 1.338254e-03 -2.423095e-03
          -1.274089e-02 1.337046e-03 -2.726430e-03
          -1.274089e-02 1.337023e-03 -3.029463e-03
          -1.274090e-02 1.336993e-03 -3.332496e-03
          -1.274090e-02 1.336961e-03 -3.635529e-03
          -1.274090e-02 1.336929e-03 -3.938563e-03
          -1.274090e-02 1.336897e-03 -4.241597e-03
          -1.274090e-02 1.336864e-03 -4.544630e-03
          -1.274081e-02 1.052543e-03 -3.015046e-04
          -1.274038e-02 1.049031e-03 -1.210953e-03
          -1.274038e-02 1.049012e-03 -1.513988e-03
          -1.274039e-02 1.048993e-03 -1.817023e-03
          -1.274039e-02 1.048974e-03 -2.120058e-03
          -1.274040e-02 1.048955e-03 -2.423093e-03
          -1.274096e-02 1.047747e-03 -2.726428e-03
          -1.274096e-02 1.047723e-03 -3.029461e-03
          -1.274096e-02 1.047693e-03 -3.332494e-03
          -1.274097e-02 1.047661e-03 -3.635528e-03
          -1.274097e-02 1.047628e-03 -3.938562e-03
          -1.274096e-02 1.047595e-03 -4.241596e-03
          -1.274096e-02 1.047563e-03 -4.544630e-03
          -1.274088e-02 7.632465e-04 -3.014995e-04
          -1.274081e-02 7.597324e-04 -9.078778e-04
          -1.274082e-02 7.597131e-04 -1.210913e-03
          -1.274082e-02 7.596937e-04 -1.513948e-03
          -1.274083e-02 7.596744e-04 -1.816983e-03
          -1.274083e-02 7.596550e-04 -2.120018e-03
          -1.274084e-02 7.596357e-04 -2.423053e-03
          -1.274103e-02 7.584471e-04 -2.726425e-03
          -1.274103e-02 7.584235e-04 -3.029458e-03
          -1.274103e-02 7.583929e-04 -3.332492e-03
          -1.274103e-02 7.583600e-04 -3.635527e-03
          -1.274103e-02 7.583271e-04 -3.938561e-03
          -1.274103e-02 7.582941e-04 -4.241595e-03
          -1.274103e-02 7.582612e-04 -4.544629e-03
          -1.274102e-02 7.582283e-04 -4.847664e-03
          -1.274095e-02 4.739478e-04 -3.014946e-04
          -1.274396e-02 4.706039e-04 -6.044347e-04
          -1.274411e-02 4.702613e-04 -9.075518e-04
          -1.274412e-02 4.702418e-04 -1.210587e-03
          -1.274412e-02 4.702222e-04 -1.513622e-03
          -1.274413e-02 4.702027e-04 -1.816658e-03
          -1.274413e-02 4.701831e-04 -2.119693e-03
          -1.274414e-02 4.701636e-04 -2.422728e-03
          -1.274109e-02 4.691456e-04 -2.726422e-03
          -1.274109e-02 4.691215e-04 -3.029456e-03
          -1.274109e-02 4.690901e-04 -3.332491e-03
          -1.274109e-02 4.690570e-04 -3.635525e-03
          -1.274109e-02 4.690240e-04 -3.938560e-03
          -1.274108e-02 4.689909e-04 -4.241594e-03
          -1.274108e-02 4.689578e-04 -4.544628e-03
          -1.274108e-02 4.689247e-04 -4.847663e-03
          -1.274612e-02 1.819268e-04 -3.009635e-04
          -1.274647e-02 1.811712e-04 -6.041854e-04
          -1.274663e-02 1.808284e-04 -9.073027e-04
          -1.274663e-02 1.808086e-04 -1.210338e-03
          -1.274664e-02 1.807889e-04 -1.513373e-03
          -1.274664e-02 1.807691e-04 -1.816409e-03
          -1.274665e-02 1.807494e-04 -2.119444e-03
          -1.274665e-02 1.807296e-04 -2.422480e-03
          -1.274114e-02 1.798409e-04 -2.726420e-03
          -1.274114e-02 1.798158e-04 -3.029454e-03
          -1.274114e-02 1.797842e-04 -3.332489e-03
          -1.274114e-02 1.797510e-04 -3.635524e-03
          -1.274114e-02 1.797177e-04 -3.938558e-03
          -1.274114e-02 1.796845e-04 -4.241593e-03
          -1.274113e-02 1.796512e-04 -4.544627e-03
          -1.274113e-02 1.796180e-04 -4.847662e-03
          -1.274688e-02 -1.067350e-04 -3.013057e-04
          -1.274677e-02 -1.102233e-04 -2.726142e-03
          -1.274695e-02 -3.960659e-04 -3.013006e-04
          -1.274683e-02 -3.995547e-04 -2.726139e-03
          -1.274702e-02 -6.853968e-04 -3.012955e-04
          -1.274689e-02 -6.888861e-04 -2.726136e-03
          -1.274708e-02 -9.747277e-04 -3.012904e-04
          -1.274695e-02 -9.782175e-04 -2.726133e-03
          -1.274715e-02 -1.264059e-03 -3.012852e-04
          -1.274701e-02 -1.267549e-03 -2.726131e-03
          -1.274721e-02 -1.553390e-03 -3.012801e-04
          -1.274708e-02 -1.556880e-03 -2.726128e-03
          -1.274816e-02 -1.842580e-03 -3.011291e-04
          -1.274898e-02 -1.843968e-03 -2.726069e-03
          -1.275116e-02 -2.131444e-03 -3.006413e-04
          -1.275327e-02 -2.420849e-03 -3.002870e-04
          -1.275281e-02 -2.425607e-03 -2.725845e-03
          -1.275281e-02 -2.425631e-03 -3.028880e-03
          -1.275280e-02 -2.425659e-03 -3.331916e-03
          -1.275280e-02 -2.425690e-03 -3.634952e-03
          -1.275279e-02 -2.425720e-03 -3.937988e-03
          -1.275278e-02 -2.425751e-03 -4.241024e-03
          -1.275392e-02 -2.711031e-03 -3.002039e-04
          -1.275280e-02 -2.713318e-03 -2.422175e-03
          -1.275286e-02 -2.714952e-03 -2.725841e-03
          -1.275285e-02 -2.714975e-03 -3.028877e-03
          -1.275284e-02 -2.715003e-03 -3.331913e-03
          -1.275284e-02 -2.715033e-03 -3.634949e-03
          -1.275283e-02 -2.715063e-03 -3.937984e-03
          -1.275396e-02 -3.000394e-03 -3.001986e-04
          -1.275284e-02 -3.002660e-03 -2.119131e-03
          -1.275283e-02 -3.002677e-03 -2.422170e-03
          -1.275289e-02 -3.004310e-03 -2.725837e-03
          -1.275289e-02 -3.004332e-03 -3.028872e-03
          -1.275288e-02 -3.004360e-03 -3.331908e-03
          -1.275287e-02 -3.004389e-03 -3.634944e-03
          -1.275288e-02 -3.292002e-03 -1.816088e-03
          -1.275287e-02 -3.292019e-03 -2.119127e-03
          -1.275287e-02 -3.292035e-03 -2.422165e-03
          -1.275293e-02 -3.293668e-03 -2.725832e-03
          -1.275293e-02 -3.293689e-03 -3.028868e-03
          -1.275292e-02 -3.293717e-03 -3.331904e-03
          -1.275291e-02 -3.293746e-03 -3.634940e-03
          -1.275292e-02 -3.581344e-03 -1.513045e-03
          -1.275292e-02 -3.581361e-03 -1.816083e-03
          -1.275291e-02 -3.581377e-03 -2.119122e-03
          -1.275291e-02 -3.581394e-03 -2.422161e-03
          -1.275297e-02 -3.583026e-03 -2.725828e-03
          -1.275296e-02 -3.583047e-03 -3.028863e-03
          -1.275296e-02 -3.583074e-03 -3.331900e-03
          -1.275296e-02 -3.870704e-03 -1.513040e-03
          -1.275295e-02 -3.870720e-03 -1.816079e-03
          -1.275295e-02 -3.870736e-03 -2.119117e-03
          -1.275295e-02 -3.870753e-03 -2.422156e-03
          -1.275301e-02 -3.872384e-03 -2.725823e-03
          -1.275300e-02 -3.872404e-03 -3.028859e-03
          -1.275299e-02 -3.872431e-03 -3.331895e-03
          -1.275300e-02 -4.160047e-03 -1.209996e-03
          -1.275299e-02 -4.160063e-03 -1.513035e-03
          -1.275299e-02 -4.160079e-03 -1.816074e-03
          -1.275299e-02 -4.160095e-03 -2.119113e-03
          -1.275299e-02 -4.160111e-03 -2.422151e-03
          -1.275304e-02 -4.161742e-03 -2.725818e-03
          -1.275304e-02 -4.161762e-03 -3.028855e-03
          -1.275303e-02 -4.161787e-03 -3.331891e-03
          -1.275387e-02 -4.450500e-03 -9.068155e-04
          -1.275386e-02 -4.450515e-03 -1.209854e-03
          -1.275386e-02 -4.450531e-03 -1.512893e-03
          -1.275386e-02 -4.450547e-03 -1.815932e-03
          -1.275393e-02 -4.450665e-03 -2.118958e-03
          -1.275393e-02 -4.450681e-03 -2.421996e-03
          -1.275308e-02 -4.451100e-03 -2.725814e-03
          -1.275308e-02 -4.451119e-03 -3.028850e-03
          -1.275307e-02 -4.451141e-03 -3.331887e-03
          -1.275581e-02 -4.741943e-03 -6.032670e-04
          -1.275583e-02 -4.742433e-03 -9.064913e-04
          -1.275583e-02 -4.742449e-03 -1.209530e-03
          -1.275582e-02 -4.742464e-03 -1.512569e-03
          -1.275582e-02 -4.742479e-03 -1.815608e-03
          -1.275582e-02 -4.742494e-03 -2.118647e-03
          -1.275581e-02 -4.742510e-03 -2.421685e-03
          -1.275312e-02 -4.740453e-03 -2.725810e-03
          -1.275311e-02 -4.740469e-03 -3.028846e-03
          -1.275310e-02 -4.740489e-03 -3.331884e-03
          -1.275652e-02 -5.031247e-03 -2.997213e-04
          -1.275656e-02 -5.032247e-03 -6.031442e-04
          -1.275657e-02 -5.032738e-03 -9.063686e-04
          -1.275657e-02 -5.032753e-03 -1.209407e-03
          -1.275657e-02 -5.032768e-03 -1.512446e-03
          -1.275656e-02 -5.032783e-03 -1.815485e-03
          -1.275656e-02 -5.032798e-03 -2.118524e-03
          -1.275656e-02 -5.032813e-03 -2.421563e-03
          -1.275315e-02 -5.029800e-03 -2.725806e-03
          -1.275314e-02 -5.029815e-03 -3.028843e-03
          -1.275313e-02 -5.029835e-03 -3.331881e-03
          -1.275312e-02 -5.029855e-03 -3.634919e-03
          -1.275739e-02 -5.321150e-03 -3.003290e-04
          -1.275624e-02 -5.323120e-03 -2.725491e-03
          -1.275626e-02 -5.612484e-03 -2.725487e-03
          -1.303445e-02 8.559030e-03 -9.329460e-07
          -1.303506e-02 8.272556e-03 -7.753928e-07
          -1.302401e-02 7.422034e-03 -1.211698e-03
          -1.302402e-02 7.422028e-03 -1.514728e-03
          -1.302403e-02 7.422022e-03 -1.817757e-03
          -1.302403e-02 7.422016e-03 -2.120786e-03
          -1.302404e-02 7.132778e-03 -1.211695e-03
          -1.302405e-02 7.132772e-03 -1.514724e-03
          -1.302406e-02 7.132766e-03 -1.817753e-03
          -1.302685e-02 5.959494e-03 -3.027397e-04
          -1.302688e-02 5.670229e-03 -3.027361e-04
          -1.302777e-02 5.669148e-03 -2.727016e-03
          -1.302778e-02 5.669137e-03 -3.030047e-03
          -1.302779e-02 5.669122e-03 -3.333079e-03
          -1.302780e-02 5.379877e-03 -2.727013e-03
          -1.302781e-02 5.379864e-03 -3.030045e-03
          -1.302782e-02 5.379848e-03 -3.333077e-03
          -1.302782e-02 5.379828e-03 -3.636108e-03
          -1.302783e-02 5.379808e-03 -3.939140e-03
          -1.303157e-02 5.095358e-03 -3.021862e-04
          -1.303162e-02 4.806096e-03 -3.021826e-04
          -1.303340e-02 4.823881e-03 -2.423563e-03
          -1.303223e-02 4.804830e-03 -2.726729e-03
          -1.303167e-02 4.516834e-03 -3.021790e-04
          -1.303228e-02 4.515562e-03 -2.726728e-03
          -1.303172e-02 4.227572e-03 -3.021755e-04
          -1.303233e-02 4.226294e-03 -2.726726e-03
          -1.303233e-02 4.226279e-03 -3.029758e-03
          -1.303177e-02 3.938310e-03 -3.021719e-04
          -1.303238e-02 3.937026e-03 -2.726725e-03
          -1.303238e-02 3.937011e-03 -3.029757e-03
          -1.303181e-02 3.649048e-03 -3.021683e-04
          -1.303096e-02 3.650587e-03 -6.052490e-04
          -1.303242e-02 3.647758e-03 -2.726723e-03
          -1.303243e-02 3.647742e-03 -3.029756e-03
          -1.303386e-02 3.362254e-03 -3.018578e-04
          -1.303573e-02 2.785921e-03 -3.015761e-04
          -1.303689e-02 2.783428e-03 -2.726438e-03
          -1.303690e-02 2.783411e-03 -3.029471e-03
          -1.303577e-02 2.496640e-03 -3.015727e-04
          -1.304368e-02 2.514386e-03 -1.210311e-03
          -1.304369e-02 2.514371e-03 -1.513344e-03
          -1.304370e-02 2.514355e-03 -1.816376e-03
          -1.304370e-02 2.514340e-03 -2.119409e-03
          -1.303694e-02 2.494143e-03 -2.726436e-03
          -1.303694e-02 2.494126e-03 -3.029469e-03
          -1.303584e-02 2.207342e-03 -3.015677e-04
          -1.304375e-02 2.225089e-03 -1.210306e-03
          -1.304376e-02 2.225073e-03 -1.513339e-03
          -1.304376e-02 2.225057e-03 -1.816372e-03
          -1.304377e-02 2.225041e-03 -2.119405e-03
          -1.303644e-02 2.206049e-03 -2.423100e-03
          -1.303700e-02 2.204843e-03 -2.726434e-03
          -1.303701e-02 2.204825e-03 -3.029466e-03
          -1.303591e-02 1.918045e-03 -3.015627e-04
          -1.304382e-02 1.935791e-03 -1.210302e-03
          -1.304382e-02 1.935775e-03 -1.513335e-03
          -1.304383e-02 1.935759e-03 -1.816368e-03
          -1.303650e-02 1.916766e-03 -2.120063e-03
          -1.303651e-02 1.916748e-03 -2.423097e-03
          -1.303707e-02 1.915542e-03 -2.726431e-03
          -1.303707e-02 1.915524e-03 -3.029464e-03
          -1.303598e-02 1.628748e-03 -3.015577e-04
          -1.304389e-02 1.646477e-03 -1.513330e-03
          -1.303656e-02 1.627484e-03 -1.817025e-03
          -1.303657e-02 1.627466e-03 -2.120060e-03
          -1.303657e-02 1.627448e-03 -2.423094e-03
          -1.303713e-02 1.626242e-03 -2.726429e-03
          -1.303714e-02 1.626224e-03 -3.029462e-03
          -1.303714e-02 1.626202e-03 -3.332495e-03
          -1.303604e-02 1.339450e-03 -3.015527e-04
          -1.303662e-02 1.338202e-03 -1.513987e-03
          -1.303663e-02 1.338184e-03 -1.817022e-03
          -1.303663e-02 1.338166e-03 -2.120057e-03
          -1.303664e-02 1.338147e-03 -2.423092e-03
          -1.303720e-02 1.336941e-03 -2.726426e-03
          -1.303720e-02 1.336923e-03 -3.029459e-03
          -1.303720e-02 1.336901e-03 -3.332492e-03
          -1.303611e-02 1.050153e-03 -3.015477e-04
          -1.303726e-02 1.048890e-03 -1.210893e-03
          -1.303726e-02 1.048872e-03 -1.513927e-03
          -1.303727e-02 1.048854e-03 -1.816962e-03
          -1.303727e-02 1.048835e-03 -2.119997e-03
          -1.303728e-02 1.048817e-03 -2.423032e-03
          -1.303726e-02 1.047641e-03 -2.726424e-03
          -1.303727e-02 1.047622e-03 -3.029457e-03
          -1.303727e-02 1.047600e-03 -3.332490e-03
          -1.303727e-02 1.047571e-03 -3.635524e-03
          -1.303617e-02 7.608529e-04 -3.015429e-04
          -1.304040e-02 7.597463e-04 -9.074533e-04
          -1.304055e-02 7.594178e-04 -1.210567e-03
          -1.304056e-02 7.593993e-04 -1.513602e-03
          -1.304056e-02 7.593808e-04 -1.816637e-03
          -1.304057e-02 7.593623e-04 -2.119672e-03
          -1.304057e-02 7.593437e-04 -2.422706e-03
          -1.303732e-02 7.583381e-04 -2.726421e-03
          -1.303732e-02 7.583195e-04 -3.029454e-03
          -1.303733e-02 7.582971e-04 -3.332488e-03
          -1.303733e-02 7.582675e-04 -3.635522e-03
          -1.303732e-02 7.582364e-04 -3.938557e-03
          -1.303623e-02 4.715492e-04 -3.015384e-04
          -1.304237e-02 4.710643e-04 -6.040061e-04
          -1.304272e-02 4.703228e-04 -9.072243e-04
          -1.304287e-02 4.699942e-04 -1.210338e-03
          -1.304287e-02 4.699755e-04 -1.513373e-03
          -1.304288e-02 4.699568e-04 -1.816408e-03
          -1.304288e-02 4.699381e-04 -2.119443e-03
          -1.304289e-02 4.699194e-04 -2.422478e-03
          -1.303738e-02 4.690327e-04 -2.726418e-03
          -1.303738e-02 4.690135e-04 -3.029451e-03
          -1.303738e-02 4.689902e-04 -3.332486e-03
          -1.303738e-02 4.689604e-04 -3.635521e-03
          -1.303737e-02 4.689291e-04 -3.938555e-03
          -1.303737e-02 4.688978e-04 -4.241590e-03
          -1.304235e-02 1.819242e-04 -3.009296e-04
          -1.304242e-02 1.817593e-04 -6.040018e-04
          -1.304277e-02 1.810176e-04 -9.072201e-04
          -1.304292e-02 1.806889e-04 -1.210334e-03
          -1.304292e-02 1.806700e-04 -1.513369e-03
          -1.304293e-02 1.806511e-04 -1.816404e-03
          -1.304293e-02 1.806323e-04 -2.119439e-03
          -1.304294e-02 1.806134e-04 -2.422475e-03
          -1.303743e-02 1.797262e-04 -2.726414e-03
          -1.303743e-02 1.797059e-04 -3.029449e-03
          -1.303743e-02 1.796824e-04 -3.332484e-03
          -1.303742e-02 1.796525e-04 -3.635519e-03
          -1.303742e-02 1.796210e-04 -3.938553e-03
          -1.303742e-02 1.795895e-04 -4.241588e-03
          -1.303742e-02 1.795580e-04 -4.544622e-03
          -1.303742e-02 1.795265e-04 -4.847657e-03
          -1.304296e-02 -1.085802e-04 -3.012262e-04
          -1.304321e-02 -1.065145e-04 -6.043539e-04
          -1.304305e-02 -1.103378e-04 -2.726137e-03
          -1.304305e-02 -1.103580e-04 -3.029172e-03
          -1.304302e-02 -3.979095e-04 -3.012211e-04
          -1.304328e-02 -3.958438e-04 -6.043490e-04
          -1.304311e-02 -3.996677e-04 -2.726134e-03
          -1.304311e-02 -3.996878e-04 -3.029169e-03
          -1.304309e-02 -6.872388e-04 -3.012161e-04
          -1.304334e-02 -6.851732e-04 -6.043441e-04
          -1.304317e-02 -6.889976e-04 -2.726131e-03
          -1.304317e-02 -6.890177e-04 -3.029166e-03
          -1.304315e-02 -9.765681e-04 -3.012111e-04
          -1.304340e-02 -9.745026e-04 -6.043393e-04
          -1.304323e-02 -9.783275e-04 -2.726129e-03
          -1.304323e-02 -9.783474e-04 -3.029163e-03
          -1.304322e-02 -1.265897e-03 -3.012060e-04
          -1.304347e-02 -1.263832e-03 -6.043344e-04
          -1.304329e-02 -1.267657e-03 -2.726126e-03
          -1.304329e-02 -1.267677e-03 -3.029161e-03
          -1.304423e-02 -1.555077e-03 -3.010451e-04
          -1.304448e-02 -1.553012e-03 -6.041736e-04
          -1.304735e-02 -1.843919e-03 -3.005372e-04
          -1.304890e-02 -2.133002e-03 -3.002862e-04
          -1.304902e-02 -2.136399e-03 -3.028878e-03
          -1.304902e-02 -2.136421e-03 -3.331914e-03
          -1.304895e-02 -2.422322e-03 -3.002824e-04
          -1.304907e-02 -2.425700e-03 -2.725841e-03
          -1.304907e-02 -2.425719e-03 -3.028876e-03
          -1.304899e-02 -2.711668e-03 -3.002779e-04
          -1.304911e-02 -2.715043e-03 -2.725837e-03
          -1.304911e-02 -2.715062e-03 -3.028872e-03
          -1.304915e-02 -3.004400e-03 -2.725833e-03
          -1.305215e-02 -4.453328e-03 -1.209513e-03
          -1.305278e-02 -4.743476e-03 -1.209410e-03
          -1.333083e-02 8.848425e-03 -9.233204e-07
          -1.333144e-02 8.561951e-03 -7.657595e-07
          -1.332037e-02 7.421975e-03 -1.514726e-03
          -1.332037e-02 7.421970e-03 -1.817755e-03
          -1.332038e-02 7.421964e-03 -2.120785e-03
          -1.332040e-02 7.132717e-03 -1.514723e-03
          -1.332040e-02 7.132712e-03 -1.817752e-03
          -1.332043e-02 6.843460e-03 -1.514719e-03
          -1.332414e-02 5.379800e-03 -2.727011e-03
          -1.332974e-02 4.823799e-03 -2.423561e-03
          -1.332978e-02 4.534543e-03 -2.120528e-03
          -1.332979e-02 4.534530e-03 -2.423559e-03
          -1.332983e-02 4.245261e-03 -2.423558e-03
          -1.332821e-02 3.938348e-03 -3.021527e-04
          -1.332879e-02 3.379860e-03 -2.120208e-03
          -1.332880e-02 3.379846e-03 -2.423240e-03
          -1.334000e-02 2.514266e-03 -1.513340e-03
          -1.334001e-02 2.514251e-03 -1.816373e-03
          -1.334002e-02 2.514236e-03 -2.119406e-03
          -1.334007e-02 2.224967e-03 -1.513336e-03
          -1.334008e-02 2.224952e-03 -1.816369e-03
          -1.334008e-02 2.224937e-03 -2.119401e-03
          -1.334013e-02 1.935668e-03 -1.513331e-03
          -1.334014e-02 1.935653e-03 -1.816364e-03
          -1.334020e-02 1.646369e-03 -1.513327e-03
          -1.333246e-02 7.607282e-04 -3.015407e-04
          -1.333247e-02 7.607163e-04 -6.045739e-04
          -1.333361e-02 7.582259e-04 -2.726416e-03
          -1.333251e-02 4.714222e-04 -3.015363e-04
          -1.333366e-02 4.689188e-04 -2.726413e-03
          -1.333366e-02 4.689015e-04 -3.029446e-03
          -1.333366e-02 4.688831e-04 -3.332481e-03
          -1.333921e-02 1.805511e-04 -1.513365e-03
          -1.333371e-02 1.796115e-04 -2.726409e-03
          -1.333371e-02 1.795929e-04 -3.029444e-03
          -1.333371e-02 1.795744e-04 -3.332479e-03
          -1.333371e-02 1.795525e-04 -3.635514e-03
          -1.333924e-02 -1.087081e-04 -3.012242e-04
          -1.333925e-02 -1.087204e-04 -6.042577e-04
          -1.335077e-02 -9.650710e-05 -2.422751e-03
          -1.333934e-02 -1.104522e-04 -2.726132e-03
          -1.333934e-02 -1.104707e-04 -3.029166e-03
          -1.333931e-02 -3.980358e-04 -3.012193e-04
          -1.333931e-02 -3.980482e-04 -6.042530e-04
          -1.333939e-02 -3.997807e-04 -2.726129e-03
          -1.333937e-02 -6.873634e-04 -3.012143e-04
          -1.333937e-02 -6.873760e-04 -6.042482e-04
          -1.333945e-02 -6.891092e-04 -2.726126e-03
          -1.333943e-02 -9.766911e-04 -3.012094e-04
          -1.333943e-02 -9.767037e-04 -6.042434e-04
          -1.333951e-02 -9.784376e-04 -2.726124e-03
          -1.334062e-02 -1.265840e-03 -3.010183e-04
          -1.334063e-02 -1.265853e-03 -6.040525e-04
          -1.362718e-02 9.137707e-03 -9.202111e-07
          -1.362779e-02 8.851231e-03 -7.626426e-07
          -1.362787e-02 8.562281e-03 -7.434591e-07
          -1.361671e-02 7.421917e-03 -1.817754e-03
          -1.361672e-02 7.421912e-03 -2.120784e-03
          -1.361674e-02 7.132657e-03 -1.817751e-03
          -1.362608e-02 4.823718e-03 -2.423558e-03
          -1.362693e-02 4.818730e-03 -4.848095e-03
          -1.362612e-02 4.534459e-03 -2.120525e-03
          -1.362612e-02 4.534447e-03 -2.423556e-03
          -1.362611e-02 4.245294e-03 -1.817479e-03
          -1.362612e-02 4.245282e-03 -2.120511e-03
          -1.362612e-02 4.245270e-03 -2.423543e-03
          -1.362554e-02 3.957276e-03 -1.817314e-03
          -1.362555e-02 3.957264e-03 -2.120346e-03
          -1.362556e-02 3.957251e-03 -2.423378e-03
          -1.362507e-02 3.669053e-03 -1.817175e-03
          -1.362507e-02 3.669040e-03 -2.120207e-03
          -1.362508e-02 3.669027e-03 -2.423239e-03
          -1.362625e-02 3.666612e-03 -2.726584e-03
          -1.362626e-02 3.666599e-03 -3.029616e-03
          -1.362626e-02 3.666586e-03 -3.332649e-03
          -1.362510e-02 3.379774e-03 -1.817173e-03
          -1.362511e-02 3.379760e-03 -2.120205e-03
          -1.362512e-02 3.379747e-03 -2.423237e-03
          -1.362629e-02 3.377319e-03 -3.029614e-03
          -1.362514e-02 3.090495e-03 -1.817171e-03
          -1.362514e-02 3.090481e-03 -2.120203e-03
          -1.362515e-02 3.090467e-03 -2.423235e-03
          -1.362517e-02 2.801215e-03 -1.817169e-03
          -1.362518e-02 2.801201e-03 -2.120201e-03
          -1.362518e-02 2.801187e-03 -2.423234e-03
          -1.363452e-02 2.510109e-03 -1.513419e-03
          -1.363633e-02 2.514146e-03 -1.816370e-03
          -1.363633e-02 2.514132e-03 -2.119402e-03
          -1.363639e-02 2.224846e-03 -1.816365e-03
          -1.363640e-02 2.224832e-03 -2.119398e-03
          -1.363645e-02 1.935546e-03 -1.816361e-03
          -1.364705e-02 -9.662304e-05 -2.422745e-03
          -1.364652e-02 -3.856908e-04 -2.119734e-03
          -1.364710e-02 -3.859501e-04 -2.422743e-03
          -1.364716e-02 -6.752596e-04 -2.119704e-03
          -1.364716e-02 -6.752772e-04 -2.422740e-03
          -1.364723e-02 -9.638902e-04 -2.119439e-03
          -1.364723e-02 -9.639080e-04 -2.422476e-03
          -1.364734e-02 -1.251566e-03 -1.815787e-03
          -1.364734e-02 -1.251583e-03 -2.118824e-03
          -1.364734e-02 -1.251601e-03 -2.421861e-03
          -1.364741e-02 -1.540154e-03 -1.815511e-03
          -1.364741e-02 -1.540172e-03 -2.118547e-03
          -1.364741e-02 -1.540190e-03 -2.421584e-03
          -1.364745e-02 -1.829471e-03 -1.815508e-03
          -1.364745e-02 -1.829489e-03 -2.118545e-03
          -1.364745e-02 -1.829507e-03 -2.421582e-03
          -1.364749e-02 -2.118788e-03 -1.815506e-03
          -1.364749e-02 -2.118807e-03 -2.118543e-03
          -1.364749e-02 -2.118825e-03 -2.421580e-03
          -1.364754e-02 -2.408106e-03 -1.815503e-03
          -1.364754e-02 -2.408124e-03 -2.118540e-03
          -1.364754e-02 -2.408142e-03 -2.421578e-03
          -1.390944e-02 1.001545e-02 -2.424141e-03
          -1.392355e-02 9.427108e-03 -9.105847e-07
          -1.392417e-02 9.140630e-03 -7.530085e-07
          -1.392421e-02 8.851504e-03 -7.435996e-07
          -1.391361e-02 7.418519e-03 -1.817783e-03
          -1.391306e-02 7.421860e-03 -2.120782e-03
          -1.392242e-02 4.823636e-03 -2.423555e-03
          -1.392326e-02 4.818664e-03 -4.848094e-03
          -1.392237e-02 4.534549e-03 -2.120500e-03
          -1.392238e-02 4.534538e-03 -2.423531e-03
          -1.392253e-02 4.242993e-03 -1.817203e-03
          -1.392183e-02 4.246475e-03 -2.120342e-03
          -1.392183e-02 4.246463e-03 -2.423373e-03
          -1.392209e-02 3.954689e-03 -1.817075e-03
          -1.392136e-02 3.958223e-03 -2.120206e-03
          -1.392137e-02 3.958211e-03 -2.423238e-03
          -1.392254e-02 3.955798e-03 -2.726583e-03
          -1.392255e-02 3.955786e-03 -3.029615e-03
          -1.392255e-02 3.955775e-03 -3.332647e-03
          -1.392255e-02 3.955764e-03 -3.635680e-03
          -1.392212e-02 3.665408e-03 -1.817073e-03
          -1.392140e-02 3.668942e-03 -2.120204e-03
          -1.392140e-02 3.668930e-03 -2.423236e-03
          -1.392257e-02 3.666516e-03 -2.726581e-03
          -1.392258e-02 3.666504e-03 -3.029613e-03
          -1.392258e-02 3.666493e-03 -3.332646e-03
          -1.392143e-02 3.379661e-03 -2.120202e-03
          -1.392144e-02 3.379648e-03 -2.423234e-03
          -1.392261e-02 3.377234e-03 -2.726579e-03
          -1.392261e-02 3.377223e-03 -3.029611e-03
          -1.392146e-02 3.090380e-03 -2.120200e-03
          -1.392147e-02 3.090367e-03 -2.423232e-03
          -1.392264e-02 3.087953e-03 -2.726577e-03
          -1.392149e-02 2.801099e-03 -2.120198e-03
          -1.392150e-02 2.801085e-03 -2.423230e-03
          -1.393084e-02 2.509991e-03 -1.816448e-03
          -1.393265e-02 2.514028e-03 -2.119399e-03
          -1.393090e-02 2.220690e-03 -1.816444e-03
          -1.393271e-02 2.224727e-03 -2.119395e-03
          -1.393097e-02 1.931388e-03 -1.816439e-03
          -1.393378e-02 -9.276458e-05 -2.120156e-03
          -1.394333e-02 -9.673898e-05 -2.422740e-03
          -1.394280e-02 -3.858061e-04 -2.119729e-03
          -1.394338e-02 -3.860645e-04 -2.422738e-03
          -1.394213e-02 -3.908763e-04 -4.847794e-03
          -1.394346e-02 -6.745753e-04 -2.119399e-03
          -1.394346e-02 -6.745920e-04 -2.422435e-03
          -1.394356e-02 -9.623346e-04 -2.118810e-03
          -1.394356e-02 -9.623515e-04 -2.421846e-03
          -1.394362e-02 -1.250955e-03 -2.118546e-03
          -1.394363e-02 -1.250972e-03 -2.421582e-03
          -1.394352e-02 -1.254042e-03 -2.725766e-03
          -1.394352e-02 -1.254057e-03 -3.028801e-03
          -1.394352e-02 -1.254072e-03 -3.331836e-03
          -1.394352e-02 -1.254087e-03 -3.634871e-03
          -1.394367e-02 -1.540271e-03 -2.118543e-03
          -1.394367e-02 -1.540288e-03 -2.421580e-03
          -1.394357e-02 -1.543358e-03 -2.725764e-03
          -1.394357e-02 -1.543373e-03 -3.028799e-03
          -1.394356e-02 -1.543388e-03 -3.331834e-03
          -1.394371e-02 -1.829587e-03 -2.118541e-03
          -1.394371e-02 -1.829604e-03 -2.421578e-03
          -1.394361e-02 -1.832674e-03 -2.725762e-03
          -1.394361e-02 -1.832689e-03 -3.028797e-03
          -1.394375e-02 -2.118903e-03 -2.118539e-03
          -1.394375e-02 -2.118920e-03 -2.421576e-03
          -1.394365e-02 -2.121990e-03 -2.725760e-03
          -1.394379e-02 -2.408219e-03 -2.118537e-03
          -1.394379e-02 -2.408236e-03 -2.421574e-03
          -1.395021e-02 -2.706396e-03 -2.117703e-03
          -1.420578e-02 1.001542e-02 -2.424140e-03
          -1.421992e-02 9.716454e-03 -9.042164e-07
          -1.420540e-02 9.726542e-03 -2.424231e-03
          -1.422053e-02 9.429973e-03 -7.466325e-07
          -1.420497e-02 9.437708e-03 -2.424335e-03
          -1.420603e-02 9.436391e-03 -3.939293e-03
          -1.422054e-02 9.140730e-03 -7.437402e-07
          -1.420492e-02 9.148487e-03 -2.424346e-03
          -1.420583e-02 9.147594e-03 -3.636255e-03
          -1.420493e-02 8.859212e-03 -2.424344e-03
          -1.420996e-02 7.418462e-03 -2.120811e-03
          -1.421865e-02 4.823781e-03 -2.423523e-03
          -1.421982e-02 4.817591e-03 -4.848052e-03
          -1.421875e-02 4.532542e-03 -2.120241e-03
          -1.421809e-02 4.535732e-03 -2.423362e-03
          -1.421832e-02 4.244208e-03 -2.120115e-03
          -1.421766e-02 4.247398e-03 -2.423237e-03
          -1.421883e-02 4.244986e-03 -2.726581e-03
          -1.421884e-02 4.244976e-03 -3.029614e-03
          -1.421884e-02 4.244966e-03 -3.332646e-03
          -1.421885e-02 4.244956e-03 -3.635679e-03
          -1.421885e-02 4.244946e-03 -3.938711e-03
          -1.421835e-02 3.954926e-03 -2.120113e-03
          -1.421769e-02 3.958115e-03 -2.423235e-03
          -1.421886e-02 3.955703e-03 -2.726580e-03
          -1.421887e-02 3.955693e-03 -3.029612e-03
          -1.421887e-02 3.955683e-03 -3.332645e-03
          -1.421888e-02 3.955673e-03 -3.635677e-03
          -1.421838e-02 3.665643e-03 -2.120111e-03
          -1.421772e-02 3.668832e-03 -2.423233e-03
          -1.421889e-02 3.666420e-03 -2.726578e-03
          -1.421890e-02 3.666410e-03 -3.029610e-03
          -1.421890e-02 3.666400e-03 -3.332643e-03
          -1.421841e-02 3.376361e-03 -2.120109e-03
          -1.421776e-02 3.379549e-03 -2.423231e-03
          -1.421893e-02 3.377137e-03 -2.726576e-03
          -1.421893e-02 3.377127e-03 -3.029608e-03
          -1.421844e-02 3.087078e-03 -2.120107e-03
          -1.421779e-02 3.090266e-03 -2.423229e-03
          -1.421896e-02 3.087854e-03 -2.726574e-03
          -1.421847e-02 2.797796e-03 -2.120105e-03
          -1.421782e-02 2.800984e-03 -2.423227e-03
          -1.422734e-02 2.510268e-03 -2.119470e-03
          -1.422740e-02 2.220966e-03 -2.119465e-03
          -1.423961e-02 -9.685491e-05 -2.422735e-03
          -1.422971e-02 -9.817242e-05 -4.848053e-03
          -1.423838e-02 -3.882896e-04 -2.119378e-03
          -1.423969e-02 -3.853468e-04 -2.422420e-03
          -1.423854e-02 -6.760013e-04 -2.118761e-03
          -1.423979e-02 -6.730367e-04 -2.421805e-03
          -1.423748e-02 -6.782326e-04 -3.028868e-03
          -1.423748e-02 -6.782459e-04 -3.331903e-03
          -1.423748e-02 -6.782592e-04 -3.634938e-03
          -1.423748e-02 -6.782726e-04 -3.937972e-03
          -1.423749e-02 -6.782152e-04 -4.241011e-03
          -1.423860e-02 -9.647221e-04 -2.118535e-03
          -1.423985e-02 -9.617577e-04 -2.421580e-03
          -1.423975e-02 -9.648261e-04 -2.725763e-03
          -1.423975e-02 -9.648394e-04 -3.028798e-03
          -1.423975e-02 -9.648527e-04 -3.331833e-03
          -1.423975e-02 -9.648660e-04 -3.634868e-03
          -1.423975e-02 -9.648793e-04 -3.937903e-03
          -1.423864e-02 -1.254036e-03 -2.118533e-03
          -1.423989e-02 -1.251072e-03 -2.421578e-03
          -1.423979e-02 -1.254141e-03 -2.725762e-03
          -1.423979e-02 -1.254154e-03 -3.028796e-03
          -1.423979e-02 -1.254167e-03 -3.331832e-03
          -1.423979e-02 -1.254180e-03 -3.634866e-03
          -1.423868e-02 -1.543351e-03 -2.118531e-03
          -1.423993e-02 -1.540387e-03 -2.421576e-03
          -1.423983e-02 -1.543455e-03 -2.725760e-03
          -1.423983e-02 -1.543469e-03 -3.028794e-03
          -1.423983e-02 -1.543482e-03 -3.331830e-03
          -1.423872e-02 -1.832665e-03 -2.118529e-03
          -1.423997e-02 -1.829701e-03 -2.421574e-03
          -1.423987e-02 -1.832770e-03 -2.725758e-03
          -1.423987e-02 -1.832783e-03 -3.028793e-03
          -1.423876e-02 -2.121980e-03 -2.118527e-03
          -1.424001e-02 -2.119016e-03 -2.421572e-03
          -1.423991e-02 -2.122085e-03 -2.725756e-03
          -1.423880e-02 -2.411294e-03 -2.118525e-03
          -1.424005e-02 -2.408331e-03 -2.421570e-03
          -1.450305e-02 1.001419e-02 -2.424179e-03
          -1.451968e-02 9.718928e-03 -7.627729e-07
          -1.450262e-02 9.725378e-03 -2.424281e-03
          -1.450251e-02 9.725356e-03 -2.727176e-03
          -1.450251e-02 9.725351e-03 -3.030206e-03
          -1.450252e-02 9.725345e-03 -3.333237e-03
          -1.450252e-02 9.725340e-03 -3.636267e-03
          -1.450253e-02 9.725334e-03 -3.939297e-03
          -1.450253e-02 9.725328e-03 -4.242327e-03
          -1.450262e-02 9.436148e-03 -2.424284e-03
          -1.450237e-02 9.436440e-03 -2.727168e-03
          -1.450238e-02 9.436434e-03 -3.030199e-03
          -1.450238e-02 9.436428e-03 -3.333229e-03
          -1.450238e-02 9.436423e-03 -3.636259e-03
          -1.450239e-02 9.436417e-03 -3.939290e-03
          -1.450239e-02 9.147185e-03 -2.727165e-03
          -1.450239e-02 9.147180e-03 -3.030195e-03
          -1.450240e-02 9.147174e-03 -3.333226e-03
          -1.450240e-02 9.147168e-03 -3.636256e-03
          -1.451485e-02 4.821805e-03 -2.423291e-03
          -1.451433e-02 4.816258e-03 -4.544839e-03
          -1.451448e-02 4.533406e-03 -2.423174e-03
          -1.451510e-02 4.533505e-03 -2.726576e-03
          -1.451511e-02 4.533492e-03 -3.029609e-03
          -1.451512e-02 4.533479e-03 -3.332643e-03
          -1.451512e-02 4.533466e-03 -3.635676e-03
          -1.451513e-02 4.533453e-03 -3.938710e-03
          -1.451514e-02 4.533439e-03 -4.241743e-03
          -1.451453e-02 4.244138e-03 -2.423171e-03
          -1.451515e-02 4.244237e-03 -2.726572e-03
          -1.451516e-02 4.244224e-03 -3.029606e-03
          -1.451517e-02 4.244211e-03 -3.332639e-03
          -1.451517e-02 4.244197e-03 -3.635673e-03
          -1.451518e-02 4.244184e-03 -3.938706e-03
          -1.451457e-02 3.954871e-03 -2.423167e-03
          -1.451520e-02 3.954970e-03 -2.726568e-03
          -1.451521e-02 3.954956e-03 -3.029602e-03
          -1.451521e-02 3.954943e-03 -3.332636e-03
          -1.451522e-02 3.954929e-03 -3.635669e-03
          -1.451462e-02 3.665603e-03 -2.423163e-03
          -1.451525e-02 3.665702e-03 -2.726565e-03
          -1.451526e-02 3.665688e-03 -3.029598e-03
          -1.451526e-02 3.665675e-03 -3.332632e-03
          -1.451467e-02 3.376335e-03 -2.423159e-03
          -1.451530e-02 3.376434e-03 -2.726561e-03
          -1.451530e-02 3.376420e-03 -3.029595e-03
          -1.451472e-02 3.087068e-03 -2.423156e-03
          -1.451535e-02 3.087166e-03 -2.726558e-03
          -1.451477e-02 2.797800e-03 -2.423152e-03
          -1.453453e-02 -9.889358e-05 -2.422410e-03
          -1.452850e-02 -9.914423e-05 -4.847704e-03
          -1.453465e-02 -3.865844e-04 -2.421794e-03
          -1.453368e-02 -3.890360e-04 -2.725812e-03
          -1.453368e-02 -3.890547e-04 -3.028850e-03
          -1.453368e-02 -3.890734e-04 -3.331887e-03
          -1.453368e-02 -3.890920e-04 -3.634924e-03
          -1.453368e-02 -3.891107e-04 -3.937962e-03
          -1.453369e-02 -3.891294e-04 -4.240999e-03
          -1.453373e-02 -3.887944e-04 -4.544055e-03
          -1.453473e-02 -6.754082e-04 -2.421605e-03
          -1.453558e-02 -6.761083e-04 -2.725753e-03
          -1.453558e-02 -6.761270e-04 -3.028790e-03
          -1.453559e-02 -6.761458e-04 -3.331828e-03
          -1.453559e-02 -6.761646e-04 -3.634865e-03
          -1.453559e-02 -6.761833e-04 -3.937903e-03
          -1.453559e-02 -6.762021e-04 -4.240940e-03
          -1.453480e-02 -9.647239e-04 -2.421601e-03
          -1.453565e-02 -9.654241e-04 -2.725749e-03
          -1.453565e-02 -9.654429e-04 -3.028787e-03
          -1.453565e-02 -9.654618e-04 -3.331824e-03
          -1.453565e-02 -9.654807e-04 -3.634862e-03
          -1.453565e-02 -9.654995e-04 -3.937899e-03
          -1.453486e-02 -1.254040e-03 -2.421597e-03
          -1.453571e-02 -1.254740e-03 -2.725746e-03
          -1.453571e-02 -1.254759e-03 -3.028783e-03
          -1.453571e-02 -1.254778e-03 -3.331821e-03
          -1.453571e-02 -1.254797e-03 -3.634858e-03
          -1.453492e-02 -1.543355e-03 -2.421594e-03
          -1.453577e-02 -1.544056e-03 -2.725742e-03
          -1.453577e-02 -1.544075e-03 -3.028780e-03
          -1.453578e-02 -1.544094e-03 -3.331817e-03
          -1.453499e-02 -1.832671e-03 -2.421590e-03
          -1.453584e-02 -1.833371e-03 -2.725738e-03
          -1.453584e-02 -1.833391e-03 -3.028776e-03
          -1.453505e-02 -2.121987e-03 -2.421586e-03
          -1.453590e-02 -2.122687e-03 -2.725735e-03
          -1.453511e-02 -2.411303e-03 -2.421582e-03
          -1.481556e-02 9.716433e-03 -9.736094e-07
          -2.549376e-02 6.228498e-03 -1.009639e-06
          -9.449425e-03 8.863316e-03 -1.212778e-03
          -9.450929e-03 8.862126e-03 -2.424646e-03
          -9.451386e-03 8.861727e-03 -2.727634e-03
          -9.451868e-03 8.861297e-03 -3.030630e-03
          -9.452349e-03 8.860866e-03 -3.333626e-03
          -9.452831e-03 8.860436e-03 -3.636622e-03
          -9.452888e-03 8.572699e-03 -3.636604e-03
          -9.452946e-03 8.284962e-03 -3.636585e-03
          -9.453003e-03 7.997225e-03 -3.636566e-03
          -9.455068e-03 6.271995e-03 -3.636452e-03
          -9.458017e-03 5.408327e-03 -3.939509e-03
          -9.451618e-03 4.563560e-03 -7.217527e-07
          -9.451957e-03 4.563198e-03 -3.036620e-04
          -9.452295e-03 4.562837e-03 -6.066023e-04
          -9.452899e-03 4.561955e-03 -9.095188e-04
          -9.453520e-03 4.561039e-03 -1.212434e-03
          -9.459725e-03 4.549138e-03 -3.333550e-03
          -9.460109e-03 4.263776e-03 -3.030545e-03
          -9.461036e-03 4.261763e-03 -3.333592e-03
          -9.462796e-03 4.257876e-03 -3.939695e-03
          -9.460478e-03 3.978683e-03 -2.727523e-03
          -9.461412e-03 3.976535e-03 -3.030578e-03
          -9.462347e-03 3.974387e-03 -3.333633e-03
          -9.464137e-03 3.970240e-03 -3.939753e-03
          -9.464946e-03 3.968330e-03 -4.242823e-03
          -9.462164e-03 3.691379e-03 -2.727569e-03
          -9.463070e-03 3.689095e-03 -3.030631e-03
          -9.463975e-03 3.686811e-03 -3.333694e-03
          -9.464879e-03 3.684528e-03 -3.636757e-03
          -9.462500e-03 3.408955e-03 -2.121474e-03
          -9.466641e-03 3.396699e-03 -3.636837e-03
          -9.467360e-03 3.394485e-03 -3.939903e-03
          -9.468001e-03 3.392392e-03 -4.242968e-03
          -9.463578e-03 3.124270e-03 -1.818412e-03
          -9.467608e-03 3.111422e-03 -3.333840e-03
          -9.468401e-03 3.108870e-03 -3.636917e-03
          -9.469031e-03 3.106552e-03 -3.939982e-03
          -9.465785e-03 2.837133e-03 -1.818454e-03
          -9.470161e-03 2.821040e-03 -3.636997e-03
          -9.470701e-03 2.818619e-03 -3.940061e-03
          -9.472497e-03 2.530552e-03 -3.940145e-03
          -9.471492e-03 2.259415e-03 -2.121693e-03
          -9.474784e-03 2.241986e-03 -3.940248e-03
          -9.474244e-03 1.971693e-03 -2.121782e-03
          -9.477069e-03 1.953420e-03 -3.940351e-03
          -9.479353e-03 1.664853e-03 -3.940454e-03
          -9.479601e-03 1.662198e-03 -4.243491e-03
          -9.481635e-03 1.376285e-03 -3.940557e-03
          -9.481856e-03 1.373530e-03 -4.243590e-03
          -9.482076e-03 1.370775e-03 -4.546624e-03
          -9.482913e-03 1.099999e-03 -2.728226e-03
          -9.483746e-03 1.090182e-03 -3.637567e-03
          -9.485584e-03 8.178478e-04 -2.122046e-03
          -9.486234e-03 7.980683e-04 -3.940694e-03
          -9.488533e-03 5.088944e-04 -3.940759e-03
          -9.490830e-03 2.197205e-04 -3.940823e-03
          -9.493097e-03 -6.979564e-05 -3.940872e-03
          -9.495320e-03 -3.598991e-04 -3.940892e-03
          -9.498338e-03 -6.438958e-04 -3.334725e-03
          -9.497540e-03 -6.500020e-04 -3.940912e-03
          -9.501228e-03 -9.308367e-04 -3.031604e-03
          -9.500751e-03 -9.340473e-04 -3.334741e-03
          -9.499759e-03 -9.401041e-04 -3.940933e-03
          -9.504312e-03 -1.217872e-03 -2.728471e-03
          -9.503735e-03 -1.221039e-03 -3.031613e-03
          -9.503156e-03 -1.224206e-03 -3.334756e-03
          -9.501973e-03 -1.230212e-03 -3.940952e-03
          -9.506487e-03 -1.508849e-03 -2.728375e-03
          -9.505830e-03 -1.511907e-03 -3.031526e-03
          -9.505172e-03 -1.514966e-03 -3.334678e-03
          -9.504513e-03 -1.518024e-03 -3.637829e-03
          -9.506425e-03 -1.808709e-03 -3.637753e-03
          -9.505698e-03 -1.811283e-03 -3.940832e-03
          -9.504975e-03 -1.813638e-03 -4.243861e-03
          -9.508335e-03 -2.099392e-03 -3.637678e-03
          -9.507548e-03 -2.101829e-03 -3.940769e-03
          -9.515190e-03 -2.374306e-03 -1.818222e-03
          -9.510244e-03 -2.390074e-03 -3.637603e-03
          -9.521368e-03 -5.592339e-03 -3.332629e-03
          -9.522355e-03 -5.882563e-03 -3.029207e-03
          -9.521423e-03 -5.883736e-03 -3.332451e-03
          -9.523342e-03 -6.172983e-03 -2.725796e-03
          -9.522410e-03 -6.174058e-03 -3.029034e-03
          -9.521478e-03 -6.175134e-03 -3.332272e-03
          -9.522234e-03 -8.210148e-03 -2.421676e-03
          -9.520978e-03 -9.662789e-03 -2.984473e-04
          -9.748044e-03 8.862492e-03 -1.212734e-03
          -9.750436e-03 8.860341e-03 -3.333600e-03
          -9.750853e-03 8.859922e-03 -3.636604e-03
          -9.753328e-03 6.270395e-03 -3.636393e-03
          -9.758054e-03 4.546370e-03 -3.333443e-03
          -9.759313e-03 4.258803e-03 -3.333474e-03
          -9.760573e-03 3.971235e-03 -3.333506e-03
          -9.760625e-03 3.687400e-03 -2.727426e-03
          -9.761368e-03 3.685442e-03 -3.030490e-03
          -9.762111e-03 3.683483e-03 -3.333554e-03
          -9.762853e-03 3.681525e-03 -3.636618e-03
          -9.763812e-03 3.395625e-03 -3.333612e-03
          -9.764506e-03 3.393557e-03 -3.636683e-03
          -9.762140e-03 3.118718e-03 -1.818267e-03
          -9.766159e-03 3.105588e-03 -3.636747e-03
          -9.764177e-03 2.831307e-03 -1.818289e-03
          -9.767811e-03 2.817618e-03 -3.636812e-03
          -9.774153e-03 1.950033e-03 -3.940108e-03
          -9.776257e-03 1.661376e-03 -3.940188e-03
          -9.780151e-03 1.088965e-03 -3.334131e-03
          -9.780371e-03 1.086195e-03 -3.637252e-03
          -9.782461e-03 7.997750e-04 -3.334173e-03
          -9.793745e-03 -6.482560e-04 -3.334292e-03
          -9.796336e-03 -9.356107e-04 -3.031136e-03
          -9.795944e-03 -9.383238e-04 -3.334296e-03
          -9.798612e-03 -1.225721e-03 -3.031132e-03
          -9.798137e-03 -1.228399e-03 -3.334298e-03
          -9.797661e-03 -1.231077e-03 -3.637465e-03
          -9.799454e-03 -1.521603e-03 -3.637399e-03
          -9.801226e-03 -1.812157e-03 -3.637329e-03
          -9.802998e-03 -2.102710e-03 -3.637259e-03
          -9.804770e-03 -2.393262e-03 -3.637190e-03
          -9.816286e-03 -3.836934e-03 -1.513686e-03
          -9.817175e-03 -7.919983e-03 -2.421692e-03
          -9.815927e-03 -9.372478e-03 -6.017752e-04
          -9.815624e-03 -9.663107e-03 -2.984734e-04
          -1.004544e-02 6.562903e-03 -6.798696e-07
          -1.004583e-02 6.275785e-03 -6.499883e-07
          -1.004608e-02 6.275554e-03 -3.035768e-04
          -1.004634e-02 6.275323e-03 -6.065036e-04
          -1.004660e-02 6.275092e-03 -9.094304e-04
          -1.004685e-02 6.274861e-03 -1.212357e-03
          -1.004781e-02 6.273652e-03 -1.818312e-03
          -1.004939e-02 6.271572e-03 -2.727282e-03
          -1.005001e-02 6.270686e-03 -3.030302e-03
          -1.005063e-02 6.269800e-03 -3.333321e-03
          -1.005126e-02 6.268914e-03 -3.636341e-03
          -1.004667e-02 5.988538e-03 -3.035412e-04
          -1.004695e-02 5.988276e-03 -6.064703e-04
          -1.004722e-02 5.988013e-03 -9.093994e-04
          -1.004750e-02 5.987751e-03 -1.212329e-03
          -1.004797e-02 5.987114e-03 -1.515306e-03
          -1.004848e-02 5.986424e-03 -1.818291e-03
          -1.005135e-02 5.982191e-03 -3.333317e-03
          -1.005198e-02 5.981216e-03 -3.636339e-03
          -1.004863e-02 5.699946e-03 -1.515281e-03
          -1.005271e-02 5.693518e-03 -3.636337e-03
          -1.004929e-02 5.412778e-03 -1.515256e-03
          -1.005857e-02 3.684067e-03 -2.727308e-03
          -1.005921e-02 3.682352e-03 -3.030373e-03
          -1.005984e-02 3.680637e-03 -3.333439e-03
          -1.006048e-02 3.678922e-03 -3.636504e-03
          -1.006025e-02 3.396268e-03 -2.727343e-03
          -1.006084e-02 3.394458e-03 -3.030414e-03
          -1.006144e-02 3.392649e-03 -3.333486e-03
          -1.006203e-02 3.390839e-03 -3.636557e-03
          -1.005810e-02 3.119103e-03 -3.030335e-04
          -1.005834e-02 3.118722e-03 -6.060557e-04
          -1.005975e-02 3.115364e-03 -1.515094e-03
          -1.006034e-02 3.113841e-03 -1.818134e-03
          -1.006248e-02 3.106564e-03 -3.030456e-03
          -1.006303e-02 3.104659e-03 -3.333533e-03
          -1.006359e-02 3.102755e-03 -3.636611e-03
          -1.006221e-02 2.826180e-03 -1.818146e-03
          -1.006463e-02 2.816670e-03 -3.333580e-03
          -1.006514e-02 2.814670e-03 -3.636664e-03
          -1.006679e-02 2.526466e-03 -3.636719e-03
          -1.006710e-02 2.524562e-03 -3.939792e-03
          -1.006881e-02 2.237831e-03 -3.636781e-03
          -1.006909e-02 2.235847e-03 -3.939856e-03
          -1.007046e-02 1.951432e-03 -3.333741e-03
          -1.007083e-02 1.949196e-03 -3.636844e-03
          -1.007107e-02 1.947131e-03 -3.939920e-03
          -1.006939e-02 1.681016e-03 -3.025680e-04
          -1.006957e-02 1.680499e-03 -6.057341e-04
          -1.007059e-02 1.676031e-03 -1.515076e-03
          -1.007100e-02 1.674016e-03 -1.818204e-03
          -1.007306e-02 1.658415e-03 -3.939984e-03
          -1.007333e-02 1.385616e-03 -1.818218e-03
          -1.007505e-02 1.369699e-03 -3.940048e-03
          -1.007550e-02 1.363304e-03 -4.849224e-03
          -1.007633e-02 1.090057e-03 -2.727643e-03
          -1.007652e-02 1.087647e-03 -3.030765e-03
          -1.007671e-02 1.085237e-03 -3.333887e-03
          -1.007690e-02 1.082827e-03 -3.637009e-03
          -1.007720e-02 1.076367e-03 -4.546210e-03
          -1.007782e-02 8.122346e-04 -1.211895e-03
          -1.007873e-02 7.984577e-04 -3.030790e-03
          -1.007885e-02 7.960347e-04 -3.333917e-03
          -1.007896e-02 7.936118e-04 -3.637044e-03
          -1.008009e-02 5.265989e-04 -3.021597e-04
          -1.008018e-02 5.259944e-04 -6.054735e-04
          -1.008060e-02 5.209862e-04 -1.515052e-03
          -1.008078e-02 5.187454e-04 -1.818232e-03
          -1.008095e-02 5.092684e-04 -3.030815e-03
          -1.008098e-02 5.068323e-04 -3.333947e-03
          -1.008102e-02 5.043960e-04 -3.637079e-03
          -1.008292e-02 2.366636e-04 -6.054089e-04
          -1.008322e-02 2.293830e-04 -1.818220e-03
          -1.008312e-02 2.176297e-04 -3.333977e-03
          -1.008307e-02 2.151801e-04 -3.637114e-03
          -1.008565e-02 -5.290668e-05 -6.053335e-04
          -1.008522e-02 -7.187296e-05 -3.333995e-03
          -1.008834e-02 -3.429451e-04 -6.052381e-04
          -1.008821e-02 -3.458109e-04 -1.211750e-03
          -1.008745e-02 -3.594579e-04 -3.030841e-03
          -1.008726e-02 -3.618806e-04 -3.333991e-03
          -1.009054e-02 -6.402137e-04 -1.818137e-03
          -1.009044e-02 -6.448739e-04 -2.424524e-03
          -1.008956e-02 -6.494933e-04 -3.030831e-03
          -1.009279e-02 -9.305706e-04 -1.818067e-03
          -1.009504e-02 -1.220933e-03 -1.817996e-03
          -1.009511e-02 -1.522412e-03 -3.333910e-03
          -1.009466e-02 -1.524674e-03 -3.637086e-03
          -1.009682e-02 -1.812943e-03 -3.333838e-03
          -1.009631e-02 -1.815123e-03 -3.637020e-03
          -1.009797e-02 -2.105572e-03 -3.636955e-03
          -1.009962e-02 -2.396020e-03 -3.636889e-03
          -1.010167e-02 -2.684801e-03 -3.333597e-03
          -1.010354e-02 -2.973982e-03 -3.030270e-03
          -1.010287e-02 -2.975813e-03 -3.333478e-03
          -1.011003e-02 -3.840476e-03 -1.513519e-03
          -1.010953e-02 -3.841752e-03 -1.816819e-03
          -1.010904e-02 -3.843028e-03 -2.120119e-03
          -1.010854e-02 -3.844303e-03 -2.423419e-03
          -1.011069e-02 -4.132125e-03 -1.513365e-03
          -1.011021e-02 -4.133318e-03 -1.816663e-03
          -1.010972e-02 -4.134511e-03 -2.119962e-03
          -1.011136e-02 -4.423773e-03 -1.513211e-03
          -1.011088e-02 -4.424883e-03 -1.816508e-03
          -1.011203e-02 -4.715421e-03 -1.513057e-03
          -1.010674e-02 -5.308837e-03 -4.848315e-03
          -1.011190e-02 -7.630481e-03 -2.724933e-03
          -1.011188e-02 -7.920771e-03 -2.421631e-03
          -1.011165e-02 -8.211187e-03 -2.118286e-03
          -1.011149e-02 -8.211459e-03 -2.421544e-03
          -1.011142e-02 -8.501640e-03 -1.814952e-03
          -1.011126e-02 -8.501894e-03 -2.118204e-03
          -1.011092e-02 -9.372810e-03 -2.985517e-04
          -1.011078e-02 -9.373011e-03 -6.017862e-04
          -1.011049e-02 -9.663625e-03 -2.985045e-04
          -1.034340e-02 8.861214e-03 -6.066932e-04
          -1.034361e-02 8.861039e-03 -9.096642e-04
          -1.034383e-02 8.860864e-03 -1.212635e-03
          -1.034405e-02 8.860689e-03 -1.515606e-03
          -1.034426e-02 8.860514e-03 -1.818577e-03
          -1.034448e-02 8.860339e-03 -2.121548e-03
          -1.034604e-02 8.858662e-03 -3.636553e-03
          -1.034387e-02 6.560851e-03 -5.741472e-07
          -1.034429e-02 6.273551e-03 -5.387960e-07
          -1.034452e-02 6.273338e-03 -3.034737e-04
          -1.034476e-02 6.273125e-03 -6.064087e-04
          -1.034500e-02 6.272912e-03 -9.093436e-04
          -1.034524e-02 6.272699e-03 -1.212279e-03
          -1.034694e-02 6.270516e-03 -2.424212e-03
          -1.034745e-02 6.269796e-03 -2.727224e-03
          -1.034799e-02 6.269022e-03 -3.030246e-03
          -1.034853e-02 6.268248e-03 -3.333268e-03
          -1.034908e-02 6.267473e-03 -3.636290e-03
          -1.035064e-02 6.265422e-03 -4.545452e-03
          -1.035115e-02 6.264751e-03 -4.848511e-03
          -1.034487e-02 5.986361e-03 -4.964094e-07
          -1.034513e-02 5.986122e-03 -3.034338e-04
          -1.034538e-02 5.985884e-03 -6.063712e-04
          -1.034563e-02 5.985645e-03 -9.093087e-04
          -1.034588e-02 5.985407e-03 -1.212246e-03
          -1.034815e-02 5.982218e-03 -2.727209e-03
          -1.034869e-02 5.981364e-03 -3.030234e-03
          -1.034924e-02 5.980510e-03 -3.333259e-03
          -1.034978e-02 5.979656e-03 -3.636284e-03
          -1.034546e-02 5.699169e-03 -4.540134e-07
          -1.034573e-02 5.698906e-03 -3.033939e-04
          -1.034600e-02 5.698642e-03 -6.063338e-04
          -1.034626e-02 5.698378e-03 -9.092737e-04
          -1.034653e-02 5.698114e-03 -1.212214e-03
          -1.034939e-02 5.693705e-03 -3.030222e-03
          -1.034994e-02 5.692771e-03 -3.333250e-03
          -1.035049e-02 5.691837e-03 -3.636278e-03
          -1.034690e-02 5.411111e-03 -9.092388e-04
          -1.034718e-02 5.410822e-03 -1.212181e-03
          -1.035065e-02 5.405033e-03 -3.333241e-03
          -1.035120e-02 5.404019e-03 -3.636272e-03
          -1.035195e-02 5.116193e-03 -3.636268e-03
          -1.035634e-02 3.680944e-03 -2.727198e-03
          -1.035689e-02 3.679445e-03 -3.030265e-03
          -1.035744e-02 3.677947e-03 -3.333332e-03
          -1.035799e-02 3.676448e-03 -3.636399e-03
          -1.035791e-02 3.392999e-03 -2.727225e-03
          -1.035842e-02 3.391418e-03 -3.030297e-03
          -1.035894e-02 3.389837e-03 -3.333369e-03
          -1.035945e-02 3.388255e-03 -3.636441e-03
          -1.035672e-02 3.113080e-03 -6.058939e-04
          -1.035948e-02 3.105054e-03 -2.727251e-03
          -1.035996e-02 3.103390e-03 -3.030328e-03
          -1.036043e-02 3.101726e-03 -3.333406e-03
          -1.036091e-02 3.100062e-03 -3.636484e-03
          -1.036105e-02 2.817108e-03 -2.727277e-03
          -1.036149e-02 2.815362e-03 -3.030360e-03
          -1.036192e-02 2.813615e-03 -3.333443e-03
          -1.036236e-02 2.811869e-03 -3.636527e-03
          -1.036312e-02 2.527214e-03 -3.030392e-03
          -1.036352e-02 2.525389e-03 -3.333481e-03
          -1.036391e-02 2.523563e-03 -3.636570e-03
          -1.036510e-02 2.238634e-03 -3.030426e-03
          -1.036546e-02 2.236748e-03 -3.333521e-03
          -1.036795e-02 1.944372e-03 -3.939749e-03
          -1.036812e-02 1.668545e-03 -1.818009e-03
          -1.036878e-02 1.663476e-03 -2.727385e-03
          -1.036984e-02 1.655605e-03 -3.939799e-03
          -1.037042e-02 1.650309e-03 -4.849034e-03
          -1.037079e-02 1.374954e-03 -2.727412e-03
          -1.037173e-02 1.366837e-03 -3.939850e-03
          -1.037235e-02 1.361331e-03 -4.849092e-03
          -1.037289e-02 1.085903e-03 -2.727425e-03
          -1.037306e-02 1.083814e-03 -3.030545e-03
          -1.037324e-02 1.081724e-03 -3.333666e-03
          -1.037341e-02 1.079635e-03 -3.636786e-03
          -1.037384e-02 1.074072e-03 -4.546044e-03
          -1.037500e-02 7.967092e-04 -2.727435e-03
          -1.037511e-02 7.946085e-04 -3.030560e-03
          -1.037521e-02 7.925078e-04 -3.333686e-03
          -1.037531e-02 7.904072e-04 -3.636811e-03
          -1.037643e-02 5.184032e-04 -6.052659e-04
          -1.037711e-02 5.075155e-04 -2.727444e-03
          -1.037715e-02 5.054033e-04 -3.030575e-03
          -1.037718e-02 5.032911e-04 -3.333706e-03
          -1.037721e-02 5.011788e-04 -3.636837e-03
          -1.037922e-02 2.183216e-04 -2.727454e-03
          -1.037919e-02 2.161980e-04 -3.030590e-03
          -1.037915e-02 2.140743e-04 -3.333726e-03
          -1.037911e-02 2.119504e-04 -3.636862e-03
          -1.038130e-02 -7.117185e-05 -2.727451e-03
          -1.038120e-02 -7.329716e-05 -3.030592e-03
          -1.038110e-02 -7.542241e-05 -3.333734e-03
          -1.038099e-02 -7.754761e-05 -3.636876e-03
          -1.038085e-02 -7.940826e-05 -3.939980e-03
          -1.038331e-02 -3.611729e-04 -2.727428e-03
          -1.038316e-02 -3.632755e-04 -3.030576e-03
          -1.038300e-02 -3.653782e-04 -3.333724e-03
          -1.039105e-02 -1.521717e-03 -2.727281e-03
          -1.039067e-02 -1.523685e-03 -3.030454e-03
          -1.039030e-02 -1.525652e-03 -3.333628e-03
          -1.038992e-02 -1.527620e-03 -3.636801e-03
          -1.039231e-02 -1.814180e-03 -3.030381e-03
          -1.039189e-02 -1.816076e-03 -3.333560e-03
          -1.039146e-02 -1.817973e-03 -3.636739e-03
          -1.039394e-02 -2.104675e-03 -3.030307e-03
          -1.039347e-02 -2.106500e-03 -3.333492e-03
          -1.039301e-02 -2.108326e-03 -3.636677e-03
          -1.039557e-02 -2.395169e-03 -3.030234e-03
          -1.039506e-02 -2.396923e-03 -3.333425e-03
          -1.039455e-02 -2.398678e-03 -3.636615e-03
          -1.039748e-02 -2.684245e-03 -2.726941e-03
          -1.039694e-02 -2.685925e-03 -3.030137e-03
          -1.039640e-02 -2.687604e-03 -3.333333e-03
          -1.039939e-02 -2.974207e-03 -2.423564e-03
          -1.040119e-02 -3.263975e-03 -2.120119e-03
          -1.040064e-02 -3.265384e-03 -2.423431e-03
          -1.040341e-02 -3.551046e-03 -9.067858e-04
          -1.040324e-02 -3.551706e-03 -1.210194e-03
          -1.040225e-02 -3.554791e-03 -2.120011e-03
          -1.040170e-02 -3.556201e-03 -2.423323e-03
          -1.040324e-02 -5.015957e-03 -3.635553e-03
          -1.040740e-02 -5.299942e-03 -9.060561e-04
          -1.040656e-02 -7.340616e-03 -2.724961e-03
          -1.040669e-02 -7.631282e-03 -2.724865e-03
          -1.040618e-02 -9.082687e-03 -2.986299e-04
          -1.040605e-02 -9.082895e-03 -6.018597e-04
          -1.040591e-02 -9.083103e-03 -9.050895e-04
          -1.040579e-02 -9.373442e-03 -2.985851e-04
          -1.040566e-02 -9.373634e-03 -6.018092e-04
          -1.064069e-02 8.860651e-03 -6.768451e-07
          -1.064089e-02 8.860489e-03 -3.036526e-04
          -1.064109e-02 8.860328e-03 -6.066284e-04
          -1.064129e-02 8.860166e-03 -9.096042e-04
          -1.064148e-02 8.860005e-03 -1.212580e-03
          -1.064168e-02 8.859843e-03 -1.515556e-03
          -1.064188e-02 8.859682e-03 -1.818532e-03
          -1.064208e-02 8.859520e-03 -2.121507e-03
          -1.064256e-02 8.859047e-03 -2.727486e-03
          -1.064288e-02 8.858686e-03 -3.030498e-03
          -1.064319e-02 8.858324e-03 -3.333511e-03
          -1.064351e-02 8.857962e-03 -3.636523e-03
          -1.064079e-02 8.572665e-03 -3.036290e-04
          -1.064100e-02 8.572486e-03 -6.066039e-04
          -1.064121e-02 8.572308e-03 -9.095787e-04
          -1.064143e-02 8.572129e-03 -1.212554e-03
          -1.064359e-02 8.569874e-03 -3.636499e-03
          -1.064245e-02 7.133317e-03 -1.212321e-03
          -1.064375e-02 7.131837e-03 -2.424261e-03
          -1.064279e-02 6.845700e-03 -1.212280e-03
          -1.064415e-02 6.844089e-03 -2.424221e-03
          -1.064498e-02 6.842995e-03 -3.030253e-03
          -1.064313e-02 6.558082e-03 -1.212238e-03
          -1.064455e-02 6.556341e-03 -2.424182e-03
          -1.064275e-02 6.271316e-03 -4.275652e-07
          -1.064297e-02 6.271121e-03 -3.033706e-04
          -1.064318e-02 6.270925e-03 -6.063137e-04
          -1.064340e-02 6.270730e-03 -9.092567e-04
          -1.064362e-02 6.270535e-03 -1.212200e-03
          -1.064509e-02 6.268637e-03 -2.424150e-03
          -1.064552e-02 6.268019e-03 -2.727166e-03
          -1.064598e-02 6.267357e-03 -3.030190e-03
          -1.064644e-02 6.266694e-03 -3.333215e-03
          -1.064689e-02 6.266032e-03 -3.636239e-03
          -1.064857e-02 6.263864e-03 -4.848474e-03
          -1.064335e-02 5.983919e-03 -3.806024e-07
          -1.064358e-02 5.983705e-03 -3.033264e-04
          -1.064381e-02 5.983490e-03 -6.062721e-04
          -1.064404e-02 5.983276e-03 -9.092179e-04
          -1.064427e-02 5.983061e-03 -1.212164e-03
          -1.064577e-02 5.980978e-03 -2.424127e-03
          -1.064621e-02 5.980295e-03 -2.727146e-03
          -1.064667e-02 5.979561e-03 -3.030174e-03
          -1.064713e-02 5.978828e-03 -3.333202e-03
          -1.064759e-02 5.978094e-03 -3.636230e-03
          -1.064877e-02 5.976207e-03 -4.545397e-03
          -1.064396e-02 5.696522e-03 -3.336298e-07
          -1.064420e-02 5.696288e-03 -3.032821e-04
          -1.064444e-02 5.696054e-03 -6.062305e-04
          -1.064468e-02 5.695820e-03 -9.091790e-04
          -1.064492e-02 5.695587e-03 -1.212127e-03
          -1.064646e-02 5.693318e-03 -2.424104e-03
          -1.064690e-02 5.692570e-03 -2.727126e-03
          -1.064736e-02 5.691765e-03 -3.030157e-03
          -1.064782e-02 5.690960e-03 -3.333188e-03
          -1.064828e-02 5.690156e-03 -3.636220e-03
          -1.064456e-02 5.409125e-03 -2.866474e-07
          -1.064482e-02 5.408872e-03 -3.032378e-04
          -1.064507e-02 5.408618e-03 -6.061890e-04
          -1.064532e-02 5.408365e-03 -9.091401e-04
          -1.064558e-02 5.408112e-03 -1.212091e-03
          -1.064759e-02 5.404845e-03 -2.727106e-03
          -1.064805e-02 5.403969e-03 -3.030140e-03
          -1.064851e-02 5.403093e-03 -3.333175e-03
          -1.064898e-02 5.402217e-03 -3.636210e-03
          -1.064877e-02 5.116165e-03 -3.030125e-03
          -1.064924e-02 5.115219e-03 -3.333163e-03
          -1.064970e-02 5.114272e-03 -3.636202e-03
          -1.065007e-02 5.113376e-03 -3.939250e-03
          -1.065037e-02 5.112512e-03 -4.242304e-03
          -1.065068e-02 5.111647e-03 -4.545359e-03
          -1.065411e-02 3.677819e-03 -2.727089e-03
          -1.065457e-02 3.676537e-03 -3.030157e-03
          -1.065504e-02 3.675255e-03 -3.333225e-03
          -1.065551e-02 3.673973e-03 -3.636293e-03
          -1.065557e-02 3.389728e-03 -2.727106e-03
          -1.065600e-02 3.388376e-03 -3.030179e-03
          -1.065643e-02 3.387024e-03 -3.333252e-03
          -1.065687e-02 3.385671e-03 -3.636325e-03
          -1.065723e-02 3.384446e-03 -3.939408e-03
          -1.065756e-02 3.383297e-03 -4.242498e-03
          -1.065704e-02 3.101637e-03 -2.727123e-03
          -1.065743e-02 3.100215e-03 -3.030201e-03
          -1.065783e-02 3.098792e-03 -3.333279e-03
          -1.065823e-02 3.097369e-03 -3.636358e-03
          -1.065852e-02 3.096082e-03 -3.939440e-03
          -1.065850e-02 2.813545e-03 -2.727140e-03
          -1.065886e-02 2.812052e-03 -3.030223e-03
          -1.065922e-02 2.810559e-03 -3.333307e-03
          -1.065958e-02 2.809067e-03 -3.636390e-03
          -1.066005e-02 2.525337e-03 -2.727156e-03
          -1.066038e-02 2.523777e-03 -3.030244e-03
          -1.066071e-02 2.522218e-03 -3.333333e-03
          -1.066104e-02 2.520659e-03 -3.636422e-03
          -1.066433e-02 1.944780e-03 -3.333382e-03
          -1.066460e-02 1.943126e-03 -3.636483e-03
          -1.066536e-02 1.937328e-03 -4.848848e-03
          -1.066566e-02 1.659464e-03 -2.727193e-03
          -1.066590e-02 1.657763e-03 -3.030300e-03
          -1.066614e-02 1.656061e-03 -3.333407e-03
          -1.066728e-02 1.648344e-03 -4.848904e-03
          -1.066753e-02 1.370839e-03 -2.727205e-03
          -1.066774e-02 1.369090e-03 -3.030318e-03
          -1.066795e-02 1.367340e-03 -3.333431e-03
          -1.066841e-02 1.363974e-03 -3.939651e-03
          -1.066920e-02 1.359359e-03 -4.848960e-03
          -1.066945e-02 1.081748e-03 -2.727207e-03
          -1.066960e-02 1.079980e-03 -3.030325e-03
          -1.066976e-02 1.078211e-03 -3.333444e-03
          -1.066992e-02 1.076443e-03 -3.636563e-03
          -1.067010e-02 1.074827e-03 -3.939672e-03
          -1.067029e-02 1.073301e-03 -4.242775e-03
          -1.067048e-02 1.071777e-03 -4.545878e-03
          -1.067138e-02 7.925372e-04 -2.727206e-03
          -1.067148e-02 7.907588e-04 -3.030330e-03
          -1.067157e-02 7.889805e-04 -3.333454e-03
          -1.067167e-02 7.872022e-04 -3.636578e-03
          -1.067176e-02 7.856014e-04 -3.939689e-03
          -1.067186e-02 7.841071e-04 -4.242792e-03
          -1.067197e-02 7.826131e-04 -4.545894e-03
          -1.067331e-02 5.033259e-04 -2.727205e-03
          -1.067335e-02 5.015377e-04 -3.030335e-03
          -1.067338e-02 4.997495e-04 -3.333464e-03
          -1.067341e-02 4.979613e-04 -3.636594e-03
          -1.067343e-02 4.963760e-04 -3.939706e-03
          -1.067344e-02 4.949125e-04 -4.242808e-03
          -1.067345e-02 4.934491e-04 -4.545909e-03
          -1.067524e-02 2.141144e-04 -2.727205e-03
          -1.067521e-02 2.123165e-04 -3.030339e-03
          -1.067519e-02 2.105185e-04 -3.333474e-03
          -1.067516e-02 2.087203e-04 -3.636609e-03
          -1.067510e-02 2.071506e-04 -3.939723e-03
          -1.067501e-02 2.057178e-04 -4.242824e-03
          -1.067493e-02 2.042851e-04 -4.545925e-03
          -1.067714e-02 -7.537195e-05 -2.727193e-03
          -1.067706e-02 -7.717174e-05 -3.030333e-03
          -1.067698e-02 -7.897151e-05 -3.333474e-03
          -1.067689e-02 -8.077126e-05 -3.636615e-03
          -1.067677e-02 -8.233966e-05 -3.939730e-03
          -1.067663e-02 -8.376970e-05 -4.242830e-03
          -1.067649e-02 -8.520002e-05 -4.545930e-03
          -1.068375e-02 -1.240323e-03 -3.636572e-03
          -1.068607e-02 -1.525544e-03 -2.727003e-03
          -1.068578e-02 -1.527217e-03 -3.030174e-03
          -1.068548e-02 -1.528891e-03 -3.333345e-03
          -1.068519e-02 -1.530565e-03 -3.636516e-03
          -1.068473e-02 -1.533583e-03 -4.242749e-03
          -1.068451e-02 -1.535053e-03 -4.545853e-03
          -1.068762e-02 -1.815981e-03 -2.726930e-03
          -1.068728e-02 -1.817595e-03 -3.030106e-03
          -1.068695e-02 -1.819208e-03 -3.333281e-03
          -1.068662e-02 -1.820822e-03 -3.636457e-03
          -1.068606e-02 -1.823647e-03 -4.242704e-03
          -1.068916e-02 -2.106419e-03 -2.726857e-03
          -1.068879e-02 -2.107972e-03 -3.030037e-03
          -1.068842e-02 -2.109525e-03 -3.333218e-03
          -1.068805e-02 -2.111079e-03 -3.636399e-03
          -1.069070e-02 -2.396855e-03 -2.726783e-03
          -1.069029e-02 -2.398348e-03 -3.029969e-03
          -1.068989e-02 -2.399842e-03 -3.333155e-03
          -1.068948e-02 -2.401335e-03 -3.636340e-03
          -1.069243e-02 -2.686304e-03 -2.423472e-03
          -1.069157e-02 -2.688975e-03 -3.029878e-03
          -1.069113e-02 -2.690406e-03 -3.333069e-03
          -1.069365e-02 -2.977410e-03 -2.423343e-03
          -1.069221e-02 -2.981162e-03 -3.332965e-03
          -1.069594e-02 -3.264416e-03 -1.210182e-03
          -1.069480e-02 -3.268400e-03 -2.423222e-03
          -1.069328e-02 -3.271917e-03 -3.332862e-03
          -1.069704e-02 -3.555362e-03 -1.210056e-03
          -1.069583e-02 -3.559157e-03 -2.423117e-03
          -1.069483e-02 -3.561439e-03 -3.029555e-03
          -1.069436e-02 -3.562671e-03 -3.332759e-03
          -1.069221e-02 -3.568550e-03 -4.848494e-03
          -1.069840e-02 -3.844961e-03 -2.999232e-04
          -1.069829e-02 -3.845427e-03 -6.032604e-04
          -1.069818e-02 -3.845893e-03 -9.065975e-04
          -1.069807e-02 -3.846359e-03 -1.209935e-03
          -1.069586e-02 -3.852270e-03 -3.029443e-03
          -1.069538e-02 -3.853435e-03 -3.332652e-03
          -1.069490e-02 -3.854600e-03 -3.635860e-03
          -1.069362e-02 -3.858039e-03 -4.545272e-03
          -1.069909e-02 -4.136316e-03 -2.998133e-04
          -1.069898e-02 -4.136755e-03 -6.031443e-04
          -1.069887e-02 -4.137194e-03 -9.064753e-04
          -1.069875e-02 -4.137633e-03 -1.209806e-03
          -1.069610e-02 -4.144247e-03 -3.332524e-03
          -1.069562e-02 -4.145332e-03 -3.635735e-03
          -1.069979e-02 -4.427672e-03 -2.997034e-04
          -1.069967e-02 -4.428083e-03 -6.030283e-04
          -1.069955e-02 -4.428495e-03 -9.063531e-04
          -1.069943e-02 -4.428906e-03 -1.209678e-03
          -1.069682e-02 -4.435059e-03 -3.332397e-03
          -1.069635e-02 -4.436064e-03 -3.635610e-03
          -1.070048e-02 -4.719027e-03 -2.995936e-04
          -1.070036e-02 -4.719411e-03 -6.029123e-04
          -1.070024e-02 -4.719795e-03 -9.062310e-04
          -1.070011e-02 -4.720179e-03 -1.209550e-03
          -1.069799e-02 -4.724946e-03 -3.029054e-03
          -1.069753e-02 -4.725871e-03 -3.332269e-03
          -1.069708e-02 -4.726796e-03 -3.635485e-03
          -1.070118e-02 -5.010381e-03 -2.994838e-04
          -1.070105e-02 -5.010738e-03 -6.027963e-04
          -1.070092e-02 -5.011095e-03 -9.061088e-04
          -1.070079e-02 -5.011451e-03 -1.209421e-03
          -1.069870e-02 -5.015837e-03 -3.028924e-03
          -1.069825e-02 -5.016682e-03 -3.332142e-03
          -1.069780e-02 -5.017528e-03 -3.635360e-03
          -1.070150e-02 -5.301749e-03 -2.994025e-04
          -1.070138e-02 -5.302090e-03 -6.026995e-04
          -1.070125e-02 -5.302430e-03 -9.059964e-04
          -1.070128e-02 -7.341557e-03 -2.724883e-03
          -1.070100e-02 -7.341917e-03 -3.028059e-03
          -1.070148e-02 -7.632083e-03 -2.724796e-03
          -1.070123e-02 -7.632392e-03 -3.027972e-03
          -1.070132e-02 -8.502664e-03 -1.208437e-03
          -1.070119e-02 -8.502891e-03 -1.511667e-03
          -1.070137e-02 -8.792681e-03 -2.987032e-04
          -1.070124e-02 -8.792893e-03 -6.019281e-04
          -1.070111e-02 -8.793105e-03 -9.051530e-04
          -1.070098e-02 -8.793317e-03 -1.208378e-03
          -1.069991e-02 -8.794754e-03 -3.027671e-03
          -1.070077e-02 -9.083772e-03 -9.050996e-04
          -1.094110e-02 6.269155e-03 -3.152158e-07
          -1.094130e-02 6.268977e-03 -3.032672e-04
          -1.094150e-02 6.268799e-03 -6.062191e-04
          -1.094170e-02 6.268621e-03 -9.091711e-04
          -1.094190e-02 6.268443e-03 -1.212123e-03
          -1.094315e-02 6.266815e-03 -2.424093e-03
          -1.094389e-02 6.265732e-03 -3.030138e-03
          -1.094427e-02 6.265173e-03 -3.333165e-03
          -1.094464e-02 6.264614e-03 -3.636192e-03
          -1.094172e-02 5.981563e-03 -2.640229e-07
          -1.094192e-02 5.981371e-03 -3.032189e-04
          -1.094213e-02 5.981178e-03 -6.061738e-04
          -1.094234e-02 5.980985e-03 -9.091288e-04
          -1.094255e-02 5.980793e-03 -1.212084e-03
          -1.094494e-02 5.977183e-03 -3.333148e-03
          -1.094532e-02 5.976561e-03 -3.636178e-03
          -1.094277e-02 5.693556e-03 -6.061286e-04
          -1.094298e-02 5.693349e-03 -9.090865e-04
          -1.094320e-02 5.693141e-03 -1.212044e-03
          -1.094562e-02 5.689193e-03 -3.333130e-03
          -1.094600e-02 5.688507e-03 -3.636164e-03
          -1.094385e-02 5.405490e-03 -1.212005e-03
          -1.094668e-02 5.400454e-03 -3.636150e-03
          -1.095179e-02 3.674804e-03 -2.726987e-03
          -1.095218e-02 3.673725e-03 -3.030055e-03
          -1.095257e-02 3.672645e-03 -3.333123e-03
          -1.095295e-02 3.671566e-03 -3.636191e-03
          -1.095315e-02 3.386581e-03 -2.726995e-03
          -1.095351e-02 3.385442e-03 -3.030068e-03
          -1.095386e-02 3.384303e-03 -3.333141e-03
          -1.095422e-02 3.383165e-03 -3.636214e-03
          -1.095516e-02 3.095961e-03 -3.333159e-03
          -1.095548e-02 3.094762e-03 -3.636237e-03
          -1.095675e-02 2.806360e-03 -3.636259e-03
          -1.096076e-02 1.944347e-03 -2.727016e-03
          -1.096122e-02 1.941577e-03 -3.333213e-03
          -1.096249e-02 1.655621e-03 -2.727014e-03
          -1.096290e-02 1.652780e-03 -3.333223e-03
          -1.096503e-02 1.361187e-03 -3.939458e-03
          -1.096597e-02 1.077774e-03 -2.727004e-03
          -1.096611e-02 1.076302e-03 -3.030120e-03
          -1.096625e-02 1.074831e-03 -3.333235e-03
          -1.096639e-02 1.073360e-03 -3.636351e-03
          -1.096726e-02 1.068246e-03 -4.848832e-03
          -1.096774e-02 7.885525e-04 -2.726994e-03
          -1.096782e-02 7.870726e-04 -3.030115e-03
          -1.096791e-02 7.855927e-04 -3.333237e-03
          -1.096799e-02 7.841129e-04 -3.636358e-03
          -1.096837e-02 7.803207e-04 -4.545716e-03
          -1.096950e-02 4.993314e-04 -2.726984e-03
          -1.096953e-02 4.978430e-04 -3.030111e-03
          -1.096957e-02 4.963546e-04 -3.333238e-03
          -1.096960e-02 4.948661e-04 -3.636365e-03
          -1.096970e-02 4.911370e-04 -4.545720e-03
          -1.097124e-02 2.086133e-04 -3.030107e-03
          -1.097122e-02 2.071164e-04 -3.333239e-03
          -1.097120e-02 2.056194e-04 -3.636372e-03
          -1.097286e-02 -8.236489e-05 -3.333231e-03
          -1.098094e-02 -1.530596e-03 -3.029913e-03
          -1.098071e-02 -1.531999e-03 -3.333079e-03
          -1.098049e-02 -1.533401e-03 -3.636245e-03
          -1.098232e-02 -1.820856e-03 -3.029849e-03
          -1.098181e-02 -1.823562e-03 -3.636191e-03
          -1.098314e-02 -2.113721e-03 -3.636136e-03
          -1.099099e-02 -3.558753e-03 -1.209935e-03
          -1.099626e-02 -7.632892e-03 -2.724729e-03
          -1.099607e-02 -7.633145e-03 -3.027898e-03
          -1.099588e-02 -7.633398e-03 -3.331067e-03
          -1.099645e-02 -7.922707e-03 -1.815005e-03
          -1.099632e-02 -7.922945e-03 -2.118235e-03
          -1.099667e-02 -8.212381e-03 -6.020368e-04
          -1.099654e-02 -8.212606e-03 -9.052620e-04
          -1.099642e-02 -8.212831e-03 -1.208487e-03
          -1.099629e-02 -8.213056e-03 -1.511712e-03
          -1.099616e-02 -8.213281e-03 -1.814938e-03
          -1.099648e-02 -8.502794e-03 -2.987717e-04
          -1.099636e-02 -8.503006e-03 -6.019915e-04
          -1.099624e-02 -8.503218e-03 -9.052112e-04
          -1.099612e-02 -8.503431e-03 -1.208431e-03
          -1.099599e-02 -8.503643e-03 -1.511651e-03
          -1.099510e-02 -8.504868e-03 -3.027694e-03
          -1.099481e-02 -8.505174e-03 -3.330883e-03
          -1.099593e-02 -8.793830e-03 -9.051604e-04
          -1.099581e-02 -8.794030e-03 -1.208375e-03
          -1.123972e-02 5.979484e-03 -1.449484e-07
          -1.124477e-02 4.538958e-03 -1.514818e-03
          -1.124506e-02 4.538410e-03 -1.817842e-03
          -1.124581e-02 4.250993e-03 -1.514779e-03
          -1.124609e-02 4.250412e-03 -1.817811e-03
          -1.124638e-02 4.249830e-03 -2.120842e-03
          -1.124666e-02 4.249249e-03 -2.423873e-03
          -1.124685e-02 3.963028e-03 -1.514741e-03
          -1.124713e-02 3.962414e-03 -1.817780e-03
          -1.124742e-02 3.961799e-03 -2.120818e-03
          -1.124770e-02 3.961185e-03 -2.423857e-03
          -1.124938e-02 3.956972e-03 -3.939174e-03
          -1.124970e-02 3.956222e-03 -4.242270e-03
          -1.124890e-02 3.672992e-03 -2.423849e-03
          -1.125338e-02 2.522114e-03 -1.514614e-03
          -1.125362e-02 2.521346e-03 -1.817687e-03
          -1.125386e-02 2.520579e-03 -2.120759e-03
          -1.125454e-02 2.517644e-03 -3.029995e-03
          -1.125507e-02 2.233405e-03 -1.514564e-03
          -1.125529e-02 2.232610e-03 -1.817647e-03
          -1.125551e-02 2.231816e-03 -2.120731e-03
          -1.125572e-02 2.231022e-03 -2.423814e-03
          -1.125593e-02 2.229956e-03 -2.726901e-03
          -1.125614e-02 2.228800e-03 -3.029989e-03
          -1.125676e-02 1.944695e-03 -1.514514e-03
          -1.125696e-02 1.943874e-03 -1.817608e-03
          -1.125716e-02 1.943052e-03 -2.120702e-03
          -1.125735e-02 1.942231e-03 -2.423797e-03
          -1.125755e-02 1.941138e-03 -2.726890e-03
          -1.125774e-02 1.939955e-03 -3.029982e-03
          -1.125829e-02 1.936502e-03 -3.939265e-03
          -1.125845e-02 1.655985e-03 -1.514463e-03
          -1.125863e-02 1.655136e-03 -1.817569e-03
          -1.125880e-02 1.654288e-03 -2.120674e-03
          -1.125898e-02 1.653440e-03 -2.423779e-03
          -1.125916e-02 1.652320e-03 -2.726878e-03
          -1.125989e-02 1.647573e-03 -3.939276e-03
          -1.126014e-02 1.367274e-03 -1.514413e-03
          -1.126029e-02 1.366399e-03 -1.817529e-03
          -1.126045e-02 1.365523e-03 -2.120646e-03
          -1.126061e-02 1.364648e-03 -2.423762e-03
          -1.126077e-02 1.363502e-03 -2.726867e-03
          -1.126094e-02 1.362265e-03 -3.029968e-03
          -1.126110e-02 1.361029e-03 -3.333070e-03
          -1.126148e-02 1.358644e-03 -3.939286e-03
          -1.126173e-02 1.357549e-03 -4.242408e-03
          -1.126879e-02 -7.875288e-05 -1.514198e-03
          -1.126883e-02 -7.967486e-05 -1.817346e-03
          -1.126888e-02 -8.059678e-05 -2.120495e-03
          -1.126892e-02 -8.151866e-05 -2.423643e-03
          -1.127045e-02 -3.686341e-04 -1.514120e-03
          -1.127047e-02 -3.695485e-04 -1.817279e-03
          -1.127048e-02 -3.704629e-04 -2.120438e-03
          -1.127050e-02 -3.713773e-04 -2.423596e-03
          -1.127211e-02 -6.585151e-04 -1.514042e-03
          -1.127210e-02 -6.594221e-04 -1.817211e-03
          -1.127208e-02 -6.603290e-04 -2.120381e-03
          -1.127207e-02 -6.612359e-04 -2.423550e-03
          -1.127377e-02 -9.483960e-04 -1.513963e-03
          -1.127373e-02 -9.492954e-04 -1.817143e-03
          -1.127369e-02 -9.501948e-04 -2.120324e-03
          -1.127365e-02 -9.510943e-04 -2.423504e-03
          -1.127308e-02 -9.571903e-04 -3.939230e-03
          -1.128225e-02 -2.689877e-03 -1.513440e-03
          -1.128211e-02 -2.690679e-03 -1.816659e-03
          -1.128326e-02 -2.980658e-03 -1.513324e-03
          -1.129041e-02 -6.471253e-03 -1.815260e-03
          -1.129024e-02 -6.471546e-03 -2.118520e-03
          -1.129007e-02 -6.471838e-03 -2.421781e-03
          -1.129068e-02 -6.761662e-03 -1.815183e-03
          -1.129052e-02 -6.761955e-03 -2.118444e-03
          -1.129035e-02 -6.762248e-03 -2.421705e-03
          -1.129096e-02 -7.052071e-03 -1.815107e-03
          -1.129079e-02 -7.052364e-03 -2.118368e-03
          -1.129063e-02 -7.052657e-03 -2.421629e-03
          -1.129140e-02 -7.342188e-03 -1.511770e-03
          -1.129124e-02 -7.342481e-03 -1.815031e-03
          -1.129107e-02 -7.342774e-03 -2.118292e-03
          -1.129091e-02 -7.343067e-03 -2.421552e-03
          -1.129183e-02 -7.632320e-03 -1.208443e-03
          -1.129168e-02 -7.632597e-03 -1.511694e-03
          -1.129151e-02 -7.632890e-03 -1.814955e-03
          -1.129135e-02 -7.633183e-03 -2.118215e-03
          -1.129118e-02 -7.633476e-03 -2.421476e-03
          -1.129179e-02 -7.922444e-03 -2.988729e-04
          -1.129167e-02 -7.922665e-03 -6.020926e-04
          -1.129155e-02 -7.922885e-03 -9.053123e-04
          -1.129144e-02 -7.923105e-03 -1.208532e-03
          -1.129132e-02 -7.923326e-03 -1.511752e-03
          -1.129120e-02 -7.923546e-03 -1.814971e-03
          -1.129108e-02 -7.923767e-03 -2.118191e-03
          -1.129044e-02 -7.924610e-03 -3.027784e-03
          -1.129016e-02 -7.924934e-03 -3.330967e-03
          -1.128988e-02 -7.925259e-03 -3.634149e-03
          -1.129152e-02 -8.213023e-03 -2.988354e-04
          -1.129140e-02 -8.213232e-03 -6.020498e-04
          -1.129129e-02 -8.213441e-03 -9.052641e-04
          -1.129117e-02 -8.213651e-03 -1.208478e-03
          -1.129106e-02 -8.213860e-03 -1.511693e-03
          -1.129094e-02 -8.214069e-03 -1.814907e-03
          -1.129049e-02 -8.214766e-03 -2.724527e-03
          -1.129022e-02 -8.215067e-03 -3.027711e-03
          -1.128995e-02 -8.215368e-03 -3.330894e-03
          -1.128969e-02 -8.215670e-03 -3.634077e-03
          -1.128942e-02 -8.215971e-03 -3.937261e-03
          -1.129113e-02 -8.503800e-03 -6.020070e-04
          -1.129102e-02 -8.503999e-03 -9.052160e-04
          -1.129091e-02 -8.504197e-03 -1.208425e-03
          -1.129080e-02 -8.504395e-03 -1.511634e-03
          -1.153852e-02 6.263638e-03 -2.424013e-03
          -1.154437e-02 3.960227e-03 -1.514657e-03
          -1.154461e-02 3.959708e-03 -1.817704e-03
          -1.154527e-02 3.672522e-03 -1.211578e-03
          -1.154622e-02 3.670381e-03 -2.423785e-03
          -1.154629e-02 3.384553e-03 -9.085201e-04
          -1.154648e-02 3.384270e-03 -1.211550e-03
          -1.155513e-02 1.652341e-03 -1.514345e-03
          -1.155670e-02 1.363523e-03 -1.514284e-03
          -1.155684e-02 1.362795e-03 -1.817405e-03
          -1.155698e-02 1.362067e-03 -2.120525e-03
          -1.155726e-02 1.360369e-03 -2.726743e-03
          -1.155741e-02 1.359317e-03 -3.029834e-03
          -1.155866e-02 1.072220e-03 -2.423619e-03
          -1.155910e-02 1.068051e-03 -3.636015e-03
          -1.158162e-02 -5.313915e-03 -4.847558e-03
          -1.158529e-02 -6.180134e-03 -2.992641e-04
          -1.158522e-02 -6.180411e-03 -6.024657e-04
          -1.158515e-02 -6.180688e-03 -9.056672e-04
          -1.158507e-02 -6.180965e-03 -1.208869e-03
          -1.158494e-02 -6.181245e-03 -1.512100e-03
          -1.158480e-02 -6.181525e-03 -1.815337e-03
          -1.158466e-02 -6.181805e-03 -2.118573e-03
          -1.158451e-02 -6.182085e-03 -2.421809e-03
          -1.158556e-02 -6.470873e-03 -2.991953e-04
          -1.158549e-02 -6.471139e-03 -6.023891e-04
          -1.158543e-02 -6.471405e-03 -9.055829e-04
          -1.158536e-02 -6.471670e-03 -1.208777e-03
          -1.158523e-02 -6.471927e-03 -1.512009e-03
          -1.158509e-02 -6.472181e-03 -1.815248e-03
          -1.158495e-02 -6.472436e-03 -2.118487e-03
          -1.158481e-02 -6.472691e-03 -2.421726e-03
          -1.158585e-02 -6.761358e-03 -2.991231e-04
          -1.158578e-02 -6.761599e-03 -6.023156e-04
          -1.158571e-02 -6.761841e-03 -9.055082e-04
          -1.158563e-02 -6.762083e-03 -1.208701e-03
          -1.158550e-02 -6.762336e-03 -1.511933e-03
          -1.158536e-02 -6.762591e-03 -1.815172e-03
          -1.158522e-02 -6.762846e-03 -2.118411e-03
          -1.158508e-02 -6.763101e-03 -2.421649e-03
          -1.158614e-02 -7.051842e-03 -2.990509e-04
          -1.158606e-02 -7.052060e-03 -6.022422e-04
          -1.158599e-02 -7.052278e-03 -9.054335e-04
          -1.158591e-02 -7.052495e-03 -1.208625e-03
          -1.158578e-02 -7.052745e-03 -1.511857e-03
          -1.158564e-02 -7.053000e-03 -1.815096e-03
          -1.158550e-02 -7.053255e-03 -2.118335e-03
          -1.158536e-02 -7.053510e-03 -2.421573e-03
          -1.158642e-02 -7.342326e-03 -2.989788e-04
          -1.158635e-02 -7.342520e-03 -6.021688e-04
          -1.158627e-02 -7.342714e-03 -9.053587e-04
          -1.158619e-02 -7.342908e-03 -1.208549e-03
          -1.158606e-02 -7.343155e-03 -1.511781e-03
          -1.158592e-02 -7.343410e-03 -1.815020e-03
          -1.158578e-02 -7.343665e-03 -2.118258e-03
          -1.158564e-02 -7.343919e-03 -2.421497e-03
          -1.158671e-02 -7.632811e-03 -2.989066e-04
          -1.158663e-02 -7.632981e-03 -6.020953e-04
          -1.158655e-02 -7.633150e-03 -9.052840e-04
          -1.158647e-02 -7.633320e-03 -1.208473e-03
          -1.158633e-02 -7.633564e-03 -1.511705e-03
          -1.158619e-02 -7.633819e-03 -1.814943e-03
          -1.158605e-02 -7.634074e-03 -2.118182e-03
          -1.158591e-02 -7.634328e-03 -2.421421e-03
          -1.158647e-02 -7.923370e-03 -2.988942e-04
          -1.158637e-02 -7.923573e-03 -6.021030e-04
          -1.158626e-02 -7.923776e-03 -9.053117e-04
          -1.158615e-02 -7.923979e-03 -1.208520e-03
          -1.158605e-02 -7.924182e-03 -1.511729e-03
          -1.158594e-02 -7.924385e-03 -1.814938e-03
          -1.158583e-02 -7.924588e-03 -2.118147e-03
          -1.158552e-02 -7.925060e-03 -2.724541e-03
          -1.158527e-02 -7.925353e-03 -3.027719e-03
          -1.158503e-02 -7.925645e-03 -3.330897e-03
          -1.158478e-02 -7.925937e-03 -3.634075e-03
          -1.158454e-02 -7.926230e-03 -3.937253e-03
          -1.158429e-02 -7.926522e-03 -4.240432e-03
          -1.158623e-02 -8.213890e-03 -2.988592e-04
          -1.158613e-02 -8.214083e-03 -6.020627e-04
          -1.158603e-02 -8.214277e-03 -9.052663e-04
          -1.158593e-02 -8.214471e-03 -1.208470e-03
          -1.158583e-02 -8.214664e-03 -1.511673e-03
          -1.158572e-02 -8.214858e-03 -1.814877e-03
          -1.183535e-02 6.263112e-03 -1.211918e-03
          -1.183613e-02 6.262100e-03 -2.423976e-03
          -1.183707e-02 6.260660e-03 -3.636082e-03
          -1.183873e-02 4.822462e-03 -1.211693e-03
          -1.183954e-02 4.534460e-03 -9.086245e-04
          -1.183971e-02 4.534250e-03 -1.211636e-03
          -1.184035e-02 4.246466e-03 -6.055514e-04
          -1.184053e-02 4.246252e-03 -9.085650e-04
          -1.184274e-02 3.669515e-03 -1.211485e-03
          -1.184354e-02 3.667769e-03 -2.423722e-03
          -1.184384e-02 3.381155e-03 -1.211458e-03
          -1.184494e-02 3.092794e-03 -1.211431e-03
          -1.184603e-02 2.804432e-03 -1.211405e-03
          -1.184854e-02 2.227377e-03 -9.082107e-04
          -1.184870e-02 2.227038e-03 -1.211282e-03
          -1.185002e-02 1.938478e-03 -9.081233e-04
          -1.185018e-02 1.938133e-03 -1.211200e-03
          -1.185135e-02 1.649928e-03 -6.049534e-04
          -1.185151e-02 1.649578e-03 -9.080358e-04
          -1.185167e-02 1.649227e-03 -1.211118e-03
          -1.185267e-02 1.361389e-03 -3.017731e-04
          -1.185283e-02 1.361033e-03 -6.048607e-04
          -1.185299e-02 1.360677e-03 -9.079483e-04
          -1.185315e-02 1.360321e-03 -1.211036e-03
          -1.185462e-02 1.071230e-03 -1.210986e-03
          -1.185505e-02 1.068910e-03 -2.423497e-03
          -1.185543e-02 1.065478e-03 -3.635855e-03
          -1.186047e-02 -8.559258e-05 -1.210795e-03
          -1.186180e-02 -3.749886e-04 -9.075422e-04
          -1.186188e-02 -3.754197e-04 -1.210701e-03
          -1.186314e-02 -6.643844e-04 -6.042809e-04
          -1.186322e-02 -6.648156e-04 -9.074439e-04
          -1.186330e-02 -6.652468e-04 -1.210607e-03
          -1.186456e-02 -9.542111e-04 -6.041783e-04
          -1.186464e-02 -9.546424e-04 -9.073455e-04
          -1.186471e-02 -9.550736e-04 -1.210513e-03
          -1.186455e-02 -9.591304e-04 -3.029458e-03
          -1.186612e-02 -1.244902e-03 -1.210419e-03
          -1.186739e-02 -1.534877e-03 -1.210349e-03
          -1.186864e-02 -1.824859e-03 -1.210279e-03
          -1.186990e-02 -2.114841e-03 -1.210209e-03
          -1.187115e-02 -2.404821e-03 -1.210139e-03
          -1.187516e-02 -3.858965e-03 -2.422464e-03
          -1.187662e-02 -5.314866e-03 -4.847417e-03
          -1.187921e-02 -5.600377e-03 -9.058542e-04
          -1.187913e-02 -5.600657e-03 -1.209065e-03
          -1.187691e-02 -5.605258e-03 -4.847325e-03
          -1.187964e-02 -5.890528e-03 -2.993639e-04
          -1.187956e-02 -5.890806e-03 -6.025685e-04
          -1.187949e-02 -5.891084e-03 -9.057731e-04
          -1.187942e-02 -5.891362e-03 -1.208978e-03
          -1.187931e-02 -5.891633e-03 -1.512190e-03
          -1.187919e-02 -5.891902e-03 -1.815404e-03
          -1.187908e-02 -5.892172e-03 -2.118619e-03
          -1.187896e-02 -5.892442e-03 -2.421833e-03
          -1.187720e-02 -5.895650e-03 -4.847233e-03
          -1.187991e-02 -6.181239e-03 -2.992951e-04
          -1.187984e-02 -6.181515e-03 -6.024935e-04
          -1.187978e-02 -6.181790e-03 -9.056919e-04
          -1.187971e-02 -6.182066e-03 -1.208890e-03
          -1.187960e-02 -6.182309e-03 -1.512104e-03
          -1.187948e-02 -6.182546e-03 -1.815319e-03
          -1.187937e-02 -6.182784e-03 -2.118535e-03
          -1.187925e-02 -6.183022e-03 -2.421750e-03
          -1.188020e-02 -6.471873e-03 -2.992252e-04
          -1.188013e-02 -6.472139e-03 -6.024190e-04
          -1.188006e-02 -6.472405e-03 -9.056129e-04
          -1.187999e-02 -6.472670e-03 -1.208807e-03
          -1.187988e-02 -6.472893e-03 -1.512020e-03
          -1.187977e-02 -6.473110e-03 -1.815237e-03
          -1.187965e-02 -6.473327e-03 -2.118454e-03
          -1.187954e-02 -6.473544e-03 -2.421670e-03
          -1.188048e-02 -6.762358e-03 -2.991530e-04
          -1.188041e-02 -6.762600e-03 -6.023456e-04
          -1.188034e-02 -6.762841e-03 -9.055381e-04
          -1.188027e-02 -6.763083e-03 -1.208731e-03
          -1.188016e-02 -6.763303e-03 -1.511944e-03
          -1.188004e-02 -6.763520e-03 -1.815161e-03
          -1.187993e-02 -6.763737e-03 -2.118377e-03
          -1.187982e-02 -6.763953e-03 -2.421594e-03
          -1.188077e-02 -7.052842e-03 -2.990809e-04
          -1.188070e-02 -7.053060e-03 -6.022721e-04
          -1.188062e-02 -7.053278e-03 -9.054634e-04
          -1.188054e-02 -7.053495e-03 -1.208655e-03
          -1.188044e-02 -7.053712e-03 -1.511868e-03
          -1.188032e-02 -7.053929e-03 -1.815084e-03
          -1.188021e-02 -7.054146e-03 -2.118301e-03
          -1.188009e-02 -7.054363e-03 -2.421518e-03
          -1.188106e-02 -7.343327e-03 -2.990087e-04
          -1.188098e-02 -7.343520e-03 -6.021987e-04
          -1.188090e-02 -7.343714e-03 -9.053887e-04
          -1.188082e-02 -7.343908e-03 -1.208579e-03
          -1.188071e-02 -7.344122e-03 -1.511792e-03
          -1.188060e-02 -7.344339e-03 -1.815008e-03
          -1.188048e-02 -7.344555e-03 -2.118225e-03
          -1.188037e-02 -7.344772e-03 -2.421441e-03
          -1.188134e-02 -7.633811e-03 -2.989366e-04
          -1.188126e-02 -7.633981e-03 -6.021252e-04
          -1.188118e-02 -7.634150e-03 -9.053139e-04
          -1.188110e-02 -7.634320e-03 -1.208503e-03
          -1.188099e-02 -7.634531e-03 -1.511715e-03
          -1.188087e-02 -7.634748e-03 -1.814932e-03
          -1.188076e-02 -7.634964e-03 -2.118149e-03
          -1.188065e-02 -7.635181e-03 -2.421365e-03
          -1.188115e-02 -7.924296e-03 -2.989156e-04
          -1.188106e-02 -7.924482e-03 -6.021134e-04
          -1.188097e-02 -7.924667e-03 -9.053112e-04
          -1.188087e-02 -7.924852e-03 -1.208509e-03
          -1.188078e-02 -7.925038e-03 -1.511707e-03
          -1.188068e-02 -7.925223e-03 -1.814905e-03
          -1.188059e-02 -7.925409e-03 -2.118102e-03
          -1.187948e-02 -7.926876e-03 -3.937176e-03
          -1.187927e-02 -7.927136e-03 -4.240350e-03
          -1.212987e-02 7.702939e-03 -1.504450e-07
          -1.213048e-02 7.414693e-03 -9.405479e-08
          -1.214016e-02 3.666561e-03 -1.211419e-03
          -1.214115e-02 3.378114e-03 -1.211387e-03
          -1.214421e-02 2.512632e-03 -1.211281e-03
          -1.214558e-02 2.223613e-03 -1.211198e-03
          -1.214680e-02 1.934919e-03 -9.080382e-04
          -1.214695e-02 1.934594e-03 -1.211115e-03
          -1.214802e-02 1.646234e-03 -6.048706e-04
          -1.214816e-02 1.645904e-03 -9.079516e-04
          -1.214831e-02 1.645575e-03 -1.211033e-03
          -1.214925e-02 1.357556e-03 -3.016955e-04
          -1.214939e-02 1.357222e-03 -6.047802e-04
          -1.214953e-02 1.356888e-03 -9.078650e-04
          -1.214967e-02 1.356555e-03 -1.210950e-03
          -1.215753e-02 -3.786842e-04 -9.074482e-04
          -1.215881e-02 -6.684791e-04 -9.073560e-04
          -1.216008e-02 -9.582739e-04 -9.072638e-04
          -1.217381e-02 -5.602012e-03 -1.209059e-03
          -1.217373e-02 -5.602271e-03 -1.512256e-03
          -1.217365e-02 -5.602530e-03 -1.815454e-03
          -1.217356e-02 -5.602788e-03 -2.118651e-03
          -1.217348e-02 -5.603047e-03 -2.421848e-03
          -1.217402e-02 -5.892794e-03 -1.512179e-03
          -1.217393e-02 -5.893030e-03 -1.815377e-03
          -1.217385e-02 -5.893266e-03 -2.118574e-03
          -1.217376e-02 -5.893502e-03 -2.421771e-03
          -1.217422e-02 -6.183529e-03 -1.815300e-03
          -1.217413e-02 -6.183743e-03 -2.118497e-03
          -1.217404e-02 -6.183957e-03 -2.421694e-03
          -1.217441e-02 -6.474197e-03 -2.118420e-03
          -1.217432e-02 -6.474395e-03 -2.421617e-03
          -1.217460e-02 -6.764798e-03 -2.421541e-03
          -1.217546e-02 -7.053812e-03 -2.991096e-04
          -1.217497e-02 -7.055012e-03 -2.118269e-03
          -1.217488e-02 -7.055201e-03 -2.421465e-03
          -1.217534e-02 -7.345233e-03 -1.814997e-03
          -1.217525e-02 -7.345419e-03 -2.118193e-03
          -1.217516e-02 -7.345605e-03 -2.421390e-03
          -1.217596e-02 -7.634944e-03 -6.021541e-04
          -1.217588e-02 -7.635113e-03 -9.053422e-04
          -1.217580e-02 -7.635282e-03 -1.208530e-03
          -1.217571e-02 -7.635462e-03 -1.511725e-03
          -1.217562e-02 -7.635644e-03 -1.814922e-03
          -1.217553e-02 -7.635826e-03 -2.118118e-03
          -1.217544e-02 -7.636008e-03 -2.421314e-03
          -1.242720e-02 7.990218e-03 -1.282447e-07
          -1.242737e-02 7.701863e-03 -8.658720e-08
          -1.243007e-02 6.548047e-03 -1.514904e-03
          -1.243020e-02 6.547902e-03 -1.817920e-03
          -1.243061e-02 6.547338e-03 -2.726981e-03
          -1.243049e-02 6.259879e-03 -1.211835e-03
          -1.243062e-02 6.259727e-03 -1.514853e-03
          -1.243090e-02 5.971715e-03 -9.087645e-04
          -1.243103e-02 5.971562e-03 -1.211783e-03
          -1.243117e-02 5.971403e-03 -1.514802e-03
          -1.243130e-02 5.971242e-03 -1.817823e-03
          -1.243143e-02 5.971081e-03 -2.120843e-03
          -1.243157e-02 5.970920e-03 -2.423863e-03
          -1.243172e-02 5.970614e-03 -2.726897e-03
          -1.243188e-02 5.970258e-03 -3.029935e-03
          -1.243131e-02 5.683569e-03 -6.056889e-04
          -1.243144e-02 5.683407e-03 -9.087097e-04
          -1.243158e-02 5.683244e-03 -1.211731e-03
          -1.243171e-02 5.683077e-03 -1.514752e-03
          -1.243185e-02 5.682910e-03 -1.817775e-03
          -1.243199e-02 5.682742e-03 -2.120797e-03
          -1.243212e-02 5.682575e-03 -2.423819e-03
          -1.243228e-02 5.682251e-03 -2.726855e-03
          -1.243244e-02 5.681874e-03 -3.029896e-03
          -1.243260e-02 5.681497e-03 -3.332937e-03
          -1.243276e-02 5.681120e-03 -3.635977e-03
          -1.243292e-02 5.680738e-03 -3.939019e-03
          -1.243309e-02 5.680353e-03 -4.242061e-03
          -1.243171e-02 5.395442e-03 -3.026078e-04
          -1.243185e-02 5.395270e-03 -6.056312e-04
          -1.243198e-02 5.395099e-03 -9.086547e-04
          -1.243212e-02 5.394927e-03 -1.211678e-03
          -1.243226e-02 5.394753e-03 -1.514702e-03
          -1.243240e-02 5.394579e-03 -1.817726e-03
          -1.243254e-02 5.394404e-03 -2.120751e-03
          -1.243268e-02 5.394230e-03 -2.423775e-03
          -1.243283e-02 5.393888e-03 -2.726813e-03
          -1.243299e-02 5.393490e-03 -3.029856e-03
          -1.243315e-02 5.393092e-03 -3.332900e-03
          -1.243331e-02 5.392695e-03 -3.635943e-03
          -1.243348e-02 5.392294e-03 -3.938987e-03
          -1.243363e-02 5.391892e-03 -4.242031e-03
          -1.243379e-02 5.391490e-03 -4.545074e-03
          -1.243980e-02 3.085657e-03 -2.726619e-03
          -1.244101e-02 2.510120e-03 -1.211215e-03
          -1.244144e-02 2.509220e-03 -2.120431e-03
          -1.244169e-02 2.508404e-03 -2.726572e-03
          -1.244179e-02 2.507814e-03 -3.029640e-03
          -1.244189e-02 2.507225e-03 -3.332707e-03
          -1.244199e-02 2.506635e-03 -3.635775e-03
          -1.244209e-02 2.506046e-03 -3.938843e-03
          -1.244218e-02 2.505457e-03 -4.241911e-03
          -1.244228e-02 2.221020e-03 -1.211145e-03
          -1.244282e-02 2.219784e-03 -2.423461e-03
          -1.244291e-02 2.219262e-03 -2.726534e-03
          -1.244300e-02 2.218669e-03 -3.029606e-03
          -1.244308e-02 2.218075e-03 -3.332678e-03
          -1.244317e-02 2.217482e-03 -3.635749e-03
          -1.244325e-02 2.216889e-03 -3.938822e-03
          -1.244333e-02 2.216295e-03 -4.241895e-03
          -1.244392e-02 1.930965e-03 -2.120332e-03
          -1.244405e-02 1.930647e-03 -2.423418e-03
          -1.244414e-02 1.930120e-03 -2.726496e-03
          -1.244420e-02 1.929523e-03 -3.029572e-03
          -1.244427e-02 1.928926e-03 -3.332648e-03
          -1.244434e-02 1.928329e-03 -3.635724e-03
          -1.244441e-02 1.927731e-03 -3.938800e-03
          -1.244447e-02 1.927133e-03 -4.241878e-03
          -1.244504e-02 1.642165e-03 -1.817189e-03
          -1.244516e-02 1.641838e-03 -2.120282e-03
          -1.244528e-02 1.641510e-03 -2.423375e-03
          -1.244536e-02 1.640978e-03 -2.726458e-03
          -1.244541e-02 1.640377e-03 -3.029538e-03
          -1.244547e-02 1.639776e-03 -3.332618e-03
          -1.244552e-02 1.639175e-03 -3.635698e-03
          -1.244557e-02 1.638573e-03 -3.938779e-03
          -1.244561e-02 1.637970e-03 -4.241862e-03
          -1.244566e-02 1.637367e-03 -4.544945e-03
          -1.244618e-02 1.353383e-03 -1.514031e-03
          -1.244629e-02 1.353046e-03 -1.817132e-03
          -1.244640e-02 1.352710e-03 -2.120232e-03
          -1.244652e-02 1.352373e-03 -2.423332e-03
          -1.244658e-02 1.351836e-03 -2.726420e-03
          -1.244662e-02 1.351231e-03 -3.029504e-03
          -1.244666e-02 1.350626e-03 -3.332588e-03
          -1.244670e-02 1.350022e-03 -3.635672e-03
          -1.244673e-02 1.349415e-03 -3.938758e-03
          -1.244676e-02 1.348808e-03 -4.241846e-03
          -1.244678e-02 1.348200e-03 -4.544933e-03
          -1.244732e-02 1.064611e-03 -1.210865e-03
          -1.244743e-02 1.064268e-03 -1.513971e-03
          -1.244754e-02 1.063924e-03 -1.817077e-03
          -1.244764e-02 1.063579e-03 -2.120183e-03
          -1.244775e-02 1.063235e-03 -2.423290e-03
          -1.244780e-02 1.062692e-03 -2.726383e-03
          -1.244782e-02 1.062083e-03 -3.029471e-03
          -1.244784e-02 1.061474e-03 -3.332560e-03
          -1.244787e-02 1.060865e-03 -3.635649e-03
          -1.244788e-02 1.060254e-03 -3.938739e-03
          -1.244789e-02 1.059643e-03 -4.241831e-03
          -1.244790e-02 1.059031e-03 -4.544923e-03
          -1.244847e-02 7.758478e-04 -9.076912e-04
          -1.244858e-02 7.755021e-04 -1.210800e-03
          -1.244868e-02 7.751511e-04 -1.513911e-03
          -1.244878e-02 7.747994e-04 -1.817023e-03
          -1.244888e-02 7.744476e-04 -2.120135e-03
          -1.244898e-02 7.740959e-04 -2.423247e-03
          -1.244901e-02 7.735482e-04 -2.726345e-03
          -1.244902e-02 7.729346e-04 -3.029439e-03
          -1.244902e-02 7.723210e-04 -3.332533e-03
          -1.244903e-02 7.717073e-04 -3.635626e-03
          -1.244903e-02 7.710926e-04 -3.938721e-03
          -1.244903e-02 7.704772e-04 -4.241817e-03
          -1.244902e-02 7.698619e-04 -4.544913e-03
          -1.244902e-02 7.692465e-04 -4.848009e-03
          -1.244963e-02 4.871023e-04 -6.045032e-04
          -1.244973e-02 4.867474e-04 -9.076187e-04
          -1.244983e-02 4.863925e-04 -1.210734e-03
          -1.244993e-02 4.860340e-04 -1.513852e-03
          -1.245002e-02 4.856750e-04 -1.816969e-03
          -1.245012e-02 4.853160e-04 -2.120087e-03
          -1.245022e-02 4.849570e-04 -2.423205e-03
          -1.245023e-02 4.844040e-04 -2.726308e-03
          -1.245022e-02 4.837859e-04 -3.029407e-03
          -1.245021e-02 4.831677e-04 -3.332505e-03
          -1.245019e-02 4.825494e-04 -3.635604e-03
          -1.245018e-02 4.819307e-04 -3.938703e-03
          -1.245016e-02 4.813116e-04 -4.241803e-03
          -1.245014e-02 4.806925e-04 -4.544903e-03
          -1.245012e-02 4.800734e-04 -4.848003e-03
          -1.245081e-02 1.983750e-04 -3.013011e-04
          -1.245090e-02 1.980109e-04 -6.044237e-04
          -1.245099e-02 1.976468e-04 -9.075463e-04
          -1.245109e-02 1.972827e-04 -1.210669e-03
          -1.245118e-02 1.969167e-04 -1.513792e-03
          -1.245127e-02 1.965505e-04 -1.816916e-03
          -1.245136e-02 1.961842e-04 -2.120039e-03
          -1.245145e-02 1.958180e-04 -2.423162e-03
          -1.245145e-02 1.952598e-04 -2.726271e-03
          -1.245142e-02 1.946370e-04 -3.029374e-03
          -1.245139e-02 1.940142e-04 -3.332478e-03
          -1.245136e-02 1.933914e-04 -3.635581e-03
          -1.245133e-02 1.927686e-04 -3.938685e-03
          -1.245129e-02 1.921458e-04 -4.241789e-03
          -1.245126e-02 1.915230e-04 -4.544893e-03
          -1.245123e-02 1.909002e-04 -4.847997e-03
          -1.246139e-02 -2.412133e-03 -2.725823e-03
          -1.246236e-02 -2.701646e-03 -2.422613e-03
          -1.246225e-02 -2.702155e-03 -2.725755e-03
          -1.246210e-02 -2.702711e-03 -3.028885e-03
          -1.246195e-02 -2.703267e-03 -3.332016e-03
          -1.246181e-02 -2.703823e-03 -3.635147e-03
          -1.246166e-02 -2.704378e-03 -3.938278e-03
          -1.246151e-02 -2.704932e-03 -4.241409e-03
          -1.246307e-02 -2.991520e-03 -2.119354e-03
          -1.246305e-02 -2.991877e-03 -2.422530e-03
          -1.246293e-02 -2.992368e-03 -2.725674e-03
          -1.246278e-02 -2.992905e-03 -3.028809e-03
          -1.246263e-02 -2.993441e-03 -3.331943e-03
          -1.246248e-02 -2.993978e-03 -3.635078e-03
          -1.246233e-02 -2.994511e-03 -3.938213e-03
          -1.246380e-02 -3.281421e-03 -1.816092e-03
          -1.246377e-02 -3.281765e-03 -2.119269e-03
          -1.246374e-02 -3.282109e-03 -2.422446e-03
          -1.246362e-02 -3.282582e-03 -2.725594e-03
          -1.246347e-02 -3.283099e-03 -3.028732e-03
          -1.246331e-02 -3.283616e-03 -3.331870e-03
          -1.246316e-02 -3.284133e-03 -3.635009e-03
          -1.246301e-02 -3.284645e-03 -3.938148e-03
          -1.246453e-02 -3.571349e-03 -1.512826e-03
          -1.246450e-02 -3.571679e-03 -1.816004e-03
          -1.246447e-02 -3.572010e-03 -2.119183e-03
          -1.246443e-02 -3.572340e-03 -2.422362e-03
          -1.246431e-02 -3.572795e-03 -2.725513e-03
          -1.246415e-02 -3.573292e-03 -3.028655e-03
          -1.246400e-02 -3.573790e-03 -3.331797e-03
          -1.246384e-02 -3.574287e-03 -3.634939e-03
          -1.246528e-02 -3.861302e-03 -1.209556e-03
          -1.246524e-02 -3.861620e-03 -1.512736e-03
          -1.246520e-02 -3.861937e-03 -1.815917e-03
          -1.246516e-02 -3.862254e-03 -2.119098e-03
          -1.246513e-02 -3.862571e-03 -2.422278e-03
          -1.246500e-02 -3.863008e-03 -2.725433e-03
          -1.246484e-02 -3.863486e-03 -3.028579e-03
          -1.246468e-02 -3.863963e-03 -3.331725e-03
          -1.246599e-02 -4.151578e-03 -1.209466e-03
          -1.246595e-02 -4.151885e-03 -1.512648e-03
          -1.246590e-02 -4.152190e-03 -1.815830e-03
          -1.246586e-02 -4.152496e-03 -2.119012e-03
          -1.246582e-02 -4.152802e-03 -2.422195e-03
          -1.246568e-02 -4.153219e-03 -2.725353e-03
          -1.246552e-02 -4.153674e-03 -3.028503e-03
          -1.246536e-02 -4.154129e-03 -3.331653e-03
          -1.246675e-02 -4.441557e-03 -9.061931e-04
          -1.246670e-02 -4.441855e-03 -1.209376e-03
          -1.246665e-02 -4.442150e-03 -1.512560e-03
          -1.246661e-02 -4.442444e-03 -1.815743e-03
          -1.246656e-02 -4.442738e-03 -2.118927e-03
          -1.246651e-02 -4.443032e-03 -2.422111e-03
          -1.246637e-02 -4.443430e-03 -2.725273e-03
          -1.246620e-02 -4.443862e-03 -3.028427e-03
          -1.246603e-02 -4.444295e-03 -3.331582e-03
          -1.246752e-02 -4.731562e-03 -6.029164e-04
          -1.246747e-02 -4.731847e-03 -9.061013e-04
          -1.246741e-02 -4.732132e-03 -1.209286e-03
          -1.246736e-02 -4.732415e-03 -1.512471e-03
          -1.246731e-02 -4.732698e-03 -1.815657e-03
          -1.246725e-02 -4.732980e-03 -2.118842e-03
          -1.246720e-02 -4.733263e-03 -2.422027e-03
          -1.246706e-02 -4.733640e-03 -2.725193e-03
          -1.246688e-02 -4.734050e-03 -3.028351e-03
          -1.246671e-02 -4.734460e-03 -3.331510e-03
          -1.246830e-02 -5.021593e-03 -2.996362e-04
          -1.246824e-02 -5.021865e-03 -6.028229e-04
          -1.246819e-02 -5.022136e-03 -9.060096e-04
          -1.246813e-02 -5.022408e-03 -1.209196e-03
          -1.246807e-02 -5.022679e-03 -1.512383e-03
          -1.246801e-02 -5.022951e-03 -1.815570e-03
          -1.246795e-02 -5.023222e-03 -2.118757e-03
          -1.246789e-02 -5.023493e-03 -2.421943e-03
          -1.246774e-02 -5.023851e-03 -2.725113e-03
          -1.246757e-02 -5.024238e-03 -3.028276e-03
          -1.246739e-02 -5.024625e-03 -3.331439e-03
          -1.246722e-02 -5.025013e-03 -3.634602e-03
          -1.246704e-02 -5.025399e-03 -3.937765e-03
          -1.272424e-02 8.277739e-03 -1.250823e-07
          -1.272441e-02 7.989339e-03 -8.195540e-08
          -1.272540e-02 7.412258e-03 -9.090088e-04
          -1.272550e-02 7.412148e-03 -1.212020e-03
          -1.272561e-02 7.412038e-03 -1.515030e-03
          -1.272571e-02 7.411929e-03 -1.818041e-03
          -1.272582e-02 7.411819e-03 -2.121052e-03
          -1.272723e-02 6.546886e-03 -1.514870e-03
          -1.272765e-02 6.258640e-03 -1.211798e-03
          -1.272777e-02 6.258502e-03 -1.514817e-03
          -1.272788e-02 6.258364e-03 -1.817836e-03
          -1.272800e-02 6.258226e-03 -2.120855e-03
          -1.272812e-02 6.258089e-03 -2.423874e-03
          -1.272826e-02 6.257819e-03 -2.726908e-03
          -1.272841e-02 6.257505e-03 -3.029946e-03
          -1.272806e-02 5.970407e-03 -9.087217e-04
          -1.272819e-02 5.970263e-03 -1.211743e-03
          -1.272831e-02 5.970118e-03 -1.514764e-03
          -1.272843e-02 5.969973e-03 -1.817785e-03
          -1.272855e-02 5.969828e-03 -2.120806e-03
          -1.272867e-02 5.969684e-03 -2.423827e-03
          -1.272881e-02 5.969399e-03 -2.726863e-03
          -1.272896e-02 5.969067e-03 -3.029904e-03
          -1.272911e-02 5.968736e-03 -3.332946e-03
          -1.272926e-02 5.968404e-03 -3.635987e-03
          -1.272847e-02 5.682189e-03 -6.056412e-04
          -1.272860e-02 5.682037e-03 -9.086642e-04
          -1.272872e-02 5.681885e-03 -1.211687e-03
          -1.272885e-02 5.681733e-03 -1.514710e-03
          -1.272897e-02 5.681582e-03 -1.817733e-03
          -1.272909e-02 5.681430e-03 -2.120757e-03
          -1.272922e-02 5.681278e-03 -2.423780e-03
          -1.272936e-02 5.680979e-03 -2.726818e-03
          -1.272951e-02 5.680629e-03 -3.029862e-03
          -1.272966e-02 5.680280e-03 -3.332906e-03
          -1.272981e-02 5.679931e-03 -3.635949e-03
          -1.272996e-02 5.679582e-03 -3.938993e-03
          -1.273011e-02 5.679233e-03 -4.242037e-03
          -1.272888e-02 5.393984e-03 -3.025566e-04
          -1.272900e-02 5.393825e-03 -6.055817e-04
          -1.272913e-02 5.393667e-03 -9.086068e-04
          -1.272926e-02 5.393508e-03 -1.211632e-03
          -1.272939e-02 5.393349e-03 -1.514657e-03
          -1.272951e-02 5.393190e-03 -1.817682e-03
          -1.272964e-02 5.393032e-03 -2.120707e-03
          -1.272991e-02 5.392559e-03 -2.726773e-03
          -1.273006e-02 5.392192e-03 -3.029819e-03
          -1.273021e-02 5.391826e-03 -3.332866e-03
          -1.273036e-02 5.391459e-03 -3.635912e-03
          -1.273050e-02 5.391092e-03 -3.938958e-03
          -1.273065e-02 5.390726e-03 -4.242005e-03
          -1.273080e-02 5.390359e-03 -4.545051e-03
          -1.273095e-02 5.389993e-03 -4.848097e-03
          -1.272943e-02 5.105615e-03 -3.024951e-04
          -1.273049e-02 5.104121e-03 -2.726730e-03
          -1.273030e-02 4.817126e-03 -3.024347e-04
          -1.273135e-02 4.815527e-03 -2.726707e-03
          -1.273116e-02 4.528636e-03 -3.023743e-04
          -1.273221e-02 4.526933e-03 -2.726683e-03
          -1.273202e-02 4.240146e-03 -3.023139e-04
          -1.273307e-02 4.238338e-03 -2.726660e-03
          -1.273288e-02 3.951656e-03 -3.022535e-04
          -1.273393e-02 3.949743e-03 -2.726637e-03
          -1.273374e-02 3.663166e-03 -3.021931e-04
          -1.273479e-02 3.661148e-03 -2.726613e-03
          -1.273460e-02 3.374676e-03 -3.021327e-04
          -1.273565e-02 3.372553e-03 -2.726590e-03
          -1.273546e-02 3.086185e-03 -3.020723e-04
          -1.273632e-02 2.797695e-03 -3.020119e-04
          -1.273737e-02 2.795363e-03 -2.726543e-03
          -1.273747e-02 2.794845e-03 -3.029608e-03
          -1.273758e-02 2.794326e-03 -3.332673e-03
          -1.273768e-02 2.793808e-03 -3.635739e-03
          -1.273778e-02 2.793290e-03 -3.938804e-03
          -1.273727e-02 2.509050e-03 -3.019453e-04
          -1.273753e-02 2.508491e-03 -9.080883e-04
          -1.273767e-02 2.508211e-03 -1.211160e-03
          -1.273780e-02 2.507931e-03 -1.514231e-03
          -1.273793e-02 2.507651e-03 -1.817303e-03
          -1.273807e-02 2.507372e-03 -2.120374e-03
          -1.273831e-02 2.506623e-03 -2.726515e-03
          -1.273840e-02 2.506091e-03 -3.029582e-03
          -1.273849e-02 2.505558e-03 -3.332651e-03
          -1.273859e-02 2.505026e-03 -3.635719e-03
          -1.273868e-02 2.504493e-03 -3.938787e-03
          -1.273878e-02 2.503961e-03 -4.241855e-03
          -1.273848e-02 2.219936e-03 -3.018598e-04
          -1.273873e-02 2.219362e-03 -9.080139e-04
          -1.273886e-02 2.219075e-03 -1.211091e-03
          -1.273899e-02 2.218788e-03 -1.514168e-03
          -1.273911e-02 2.218502e-03 -1.817245e-03
          -1.273924e-02 2.218215e-03 -2.120322e-03
          -1.273937e-02 2.217928e-03 -2.423399e-03
          -1.273946e-02 2.217454e-03 -2.726473e-03
          -1.273954e-02 2.216917e-03 -3.029545e-03
          -1.273962e-02 2.216380e-03 -3.332618e-03
          -1.273970e-02 2.215843e-03 -3.635691e-03
          -1.273978e-02 2.215306e-03 -3.938763e-03
          -1.273986e-02 2.214769e-03 -4.241836e-03
          -1.273968e-02 1.930822e-03 -3.017743e-04
          -1.274042e-02 1.929057e-03 -2.120270e-03
          -1.274054e-02 1.928763e-03 -2.423353e-03
          -1.274062e-02 1.928284e-03 -2.726431e-03
          -1.274068e-02 1.927743e-03 -3.029508e-03
          -1.274074e-02 1.927201e-03 -3.332585e-03
          -1.274081e-02 1.926660e-03 -3.635663e-03
          -1.274087e-02 1.926119e-03 -3.938740e-03
          -1.274094e-02 1.925577e-03 -4.241817e-03
          -1.274089e-02 1.641708e-03 -3.016889e-04
          -1.274147e-02 1.640201e-03 -1.817130e-03
          -1.274159e-02 1.639900e-03 -2.120218e-03
          -1.274171e-02 1.639599e-03 -2.423306e-03
          -1.274177e-02 1.639114e-03 -2.726390e-03
          -1.274182e-02 1.638568e-03 -3.029471e-03
          -1.274187e-02 1.638023e-03 -3.332553e-03
          -1.274192e-02 1.637477e-03 -3.635634e-03
          -1.274197e-02 1.636931e-03 -3.938716e-03
          -1.274202e-02 1.636385e-03 -4.241798e-03
          -1.274210e-02 1.352594e-03 -3.016034e-04
          -1.274254e-02 1.351359e-03 -1.513978e-03
          -1.274265e-02 1.351051e-03 -1.817072e-03
          -1.274276e-02 1.350742e-03 -2.120166e-03
          -1.274287e-02 1.350434e-03 -2.423260e-03
          -1.274293e-02 1.349944e-03 -2.726348e-03
          -1.274296e-02 1.349394e-03 -3.029434e-03
          -1.274300e-02 1.348844e-03 -3.332520e-03
          -1.274303e-02 1.348294e-03 -3.635606e-03
          -1.274306e-02 1.347743e-03 -3.938693e-03
          -1.274310e-02 1.347193e-03 -4.241779e-03
          -1.274313e-02 1.346643e-03 -4.544865e-03
          -1.274330e-02 1.063479e-03 -3.015179e-04
          -1.274362e-02 1.062532e-03 -1.210816e-03
          -1.274372e-02 1.062216e-03 -1.513915e-03
          -1.274383e-02 1.061900e-03 -1.817015e-03
          -1.274394e-02 1.061585e-03 -2.120114e-03
          -1.274404e-02 1.061269e-03 -2.423213e-03
          -1.274408e-02 1.060774e-03 -2.726306e-03
          -1.274410e-02 1.060220e-03 -3.029397e-03
          -1.274412e-02 1.059665e-03 -3.332488e-03
          -1.274414e-02 1.059110e-03 -3.635578e-03
          -1.274416e-02 1.058556e-03 -3.938669e-03
          -1.274418e-02 1.058001e-03 -4.241760e-03
          -1.274420e-02 1.057446e-03 -4.544850e-03
          -1.274451e-02 7.743646e-04 -3.014325e-04
          -1.274471e-02 7.737188e-04 -9.076422e-04
          -1.274481e-02 7.733958e-04 -1.210747e-03
          -1.274491e-02 7.730729e-04 -1.513852e-03
          -1.274501e-02 7.727500e-04 -1.816957e-03
          -1.274511e-02 7.724271e-04 -2.120062e-03
          -1.274521e-02 7.721041e-04 -2.423167e-03
          -1.274524e-02 7.716045e-04 -2.726264e-03
          -1.274524e-02 7.710453e-04 -3.029360e-03
          -1.274524e-02 7.704862e-04 -3.332455e-03
          -1.274525e-02 7.699270e-04 -3.635550e-03
          -1.274525e-02 7.693679e-04 -3.938645e-03
          -1.274526e-02 7.688087e-04 -4.241741e-03
          -1.274526e-02 7.682495e-04 -4.544836e-03
          -1.274527e-02 7.676903e-04 -4.847931e-03
          -1.274572e-02 4.852499e-04 -3.013470e-04
          -1.274581e-02 4.849198e-04 -6.044575e-04
          -1.274590e-02 4.845896e-04 -9.075679e-04
          -1.274600e-02 4.842595e-04 -1.210678e-03
          -1.274609e-02 4.839294e-04 -1.513789e-03
          -1.274619e-02 4.835993e-04 -1.816899e-03
          -1.274628e-02 4.832692e-04 -2.120010e-03
          -1.274637e-02 4.829391e-04 -2.423120e-03
          -1.274639e-02 4.824343e-04 -2.726223e-03
          -1.274638e-02 4.818707e-04 -3.029322e-03
          -1.274637e-02 4.813071e-04 -3.332422e-03
          -1.274636e-02 4.807435e-04 -3.635522e-03
          -1.274635e-02 4.801799e-04 -3.938622e-03
          -1.274634e-02 4.796163e-04 -4.241722e-03
          -1.274633e-02 4.790526e-04 -4.544821e-03
          -1.274631e-02 4.784890e-04 -4.847921e-03
          -1.274692e-02 1.961350e-04 -3.012616e-04
          -1.274701e-02 1.957977e-04 -6.043776e-04
          -1.274710e-02 1.954604e-04 -9.074936e-04
          -1.274719e-02 1.951231e-04 -1.210610e-03
          -1.274728e-02 1.947858e-04 -1.513726e-03
          -1.274736e-02 1.944486e-04 -1.816842e-03
          -1.274745e-02 1.941113e-04 -2.119958e-03
          -1.274754e-02 1.937740e-04 -2.423074e-03
          -1.274754e-02 1.932641e-04 -2.726181e-03
          -1.274752e-02 1.926961e-04 -3.029285e-03
          -1.274749e-02 1.921280e-04 -3.332390e-03
          -1.274747e-02 1.915599e-04 -3.635494e-03
          -1.274744e-02 1.909919e-04 -3.938598e-03
          -1.274742e-02 1.904238e-04 -4.241703e-03
          -1.274739e-02 1.898557e-04 -4.544807e-03
          -1.274736e-02 1.892875e-04 -4.847911e-03
          -1.274810e-02 -9.321814e-05 -3.011754e-04
          -1.274865e-02 -9.612731e-05 -2.726137e-03
          -1.274922e-02 -3.829164e-04 -3.010884e-04
          -1.274969e-02 -3.858321e-04 -2.726088e-03
          -1.275035e-02 -6.726146e-04 -3.010013e-04
          -1.275074e-02 -6.755368e-04 -2.726040e-03
          -1.275147e-02 -9.623124e-04 -3.009142e-04
          -1.275178e-02 -9.652413e-04 -2.725991e-03
          -1.275260e-02 -1.252010e-03 -3.008272e-04
          -1.275282e-02 -1.254946e-03 -2.725943e-03
          -1.275372e-02 -1.541708e-03 -3.007401e-04
          -1.275386e-02 -1.544650e-03 -2.725895e-03
          -1.275485e-02 -1.831405e-03 -3.006531e-04
          -1.275490e-02 -1.834354e-03 -2.725846e-03
          -1.275597e-02 -2.121102e-03 -3.005661e-04
          -1.275710e-02 -2.410799e-03 -3.004790e-04
          -1.275698e-02 -2.413762e-03 -2.725750e-03
          -1.275686e-02 -2.414284e-03 -3.028875e-03
          -1.275674e-02 -2.414807e-03 -3.332000e-03
          -1.275662e-02 -2.415330e-03 -3.635126e-03
          -1.275650e-02 -2.415852e-03 -3.938251e-03
          -1.275638e-02 -2.416375e-03 -4.241377e-03
          -1.275797e-02 -2.700824e-03 -3.003891e-04
          -1.275789e-02 -2.703269e-03 -2.422546e-03
          -1.275779e-02 -2.703738e-03 -2.725683e-03
          -1.275767e-02 -2.704247e-03 -3.028812e-03
          -1.275754e-02 -2.704756e-03 -3.331941e-03
          -1.275741e-02 -2.705265e-03 -3.635069e-03
          -1.275728e-02 -2.705774e-03 -3.938198e-03
          -1.275866e-02 -2.991084e-03 -3.002969e-04
          -1.275856e-02 -2.993115e-03 -2.119297e-03
          -1.275855e-02 -2.993453e-03 -2.422464e-03
          -1.275845e-02 -2.993904e-03 -2.725605e-03
          -1.275831e-02 -2.994394e-03 -3.028738e-03
          -1.275818e-02 -2.994883e-03 -3.331870e-03
          -1.275805e-02 -2.995373e-03 -3.635003e-03
          -1.275925e-02 -3.282981e-03 -1.816046e-03
          -1.275922e-02 -3.283309e-03 -2.119214e-03
          -1.275920e-02 -3.283637e-03 -2.422382e-03
          -1.275910e-02 -3.284071e-03 -2.725527e-03
          -1.275896e-02 -3.284540e-03 -3.028663e-03
          -1.275883e-02 -3.285010e-03 -3.331800e-03
          -1.275869e-02 -3.285480e-03 -3.634937e-03
          -1.275994e-02 -3.572869e-03 -1.512791e-03
          -1.275991e-02 -3.573186e-03 -1.815961e-03
          -1.275989e-02 -3.573503e-03 -2.119131e-03
          -1.275986e-02 -3.573820e-03 -2.422300e-03
          -1.275975e-02 -3.574237e-03 -2.725448e-03
          -1.275961e-02 -3.574687e-03 -3.028589e-03
          -1.275947e-02 -3.575137e-03 -3.331730e-03
          -1.276061e-02 -3.863085e-03 -1.512705e-03
          -1.276058e-02 -3.863392e-03 -1.815876e-03
          -1.276055e-02 -3.863698e-03 -2.119047e-03
          -1.276051e-02 -3.864004e-03 -2.422218e-03
          -1.276040e-02 -3.864403e-03 -2.725370e-03
          -1.276026e-02 -3.864834e-03 -3.028514e-03
          -1.276012e-02 -3.865264e-03 -3.331659e-03
          -1.276131e-02 -4.153006e-03 -1.209446e-03
          -1.276128e-02 -4.153301e-03 -1.512619e-03
          -1.276124e-02 -4.153596e-03 -1.815791e-03
          -1.276121e-02 -4.153892e-03 -2.118964e-03
          -1.276117e-02 -4.154187e-03 -2.422136e-03
          -1.276105e-02 -4.154569e-03 -2.725291e-03
          -1.276091e-02 -4.154980e-03 -3.028440e-03
          -1.276076e-02 -4.155391e-03 -3.331589e-03
          -1.276203e-02 -4.442947e-03 -9.061845e-04
          -1.276199e-02 -4.443232e-03 -1.209359e-03
          -1.276195e-02 -4.443517e-03 -1.512532e-03
          -1.276191e-02 -4.443801e-03 -1.815707e-03
          -1.276187e-02 -4.444086e-03 -2.118881e-03
          -1.276183e-02 -4.444370e-03 -2.422055e-03
          -1.276170e-02 -4.444735e-03 -2.725213e-03
          -1.276155e-02 -4.445126e-03 -3.028365e-03
          -1.276140e-02 -4.445518e-03 -3.331518e-03
          -1.276275e-02 -4.732911e-03 -6.029198e-04
          -1.276271e-02 -4.733185e-03 -9.060953e-04
          -1.276266e-02 -4.733458e-03 -1.209271e-03
          -1.276262e-02 -4.733732e-03 -1.512446e-03
          -1.276257e-02 -4.734006e-03 -1.815622e-03
          -1.276253e-02 -4.734280e-03 -2.118797e-03
          -1.276248e-02 -4.734554e-03 -2.421973e-03
          -1.276235e-02 -4.734901e-03 -2.725134e-03
          -1.276220e-02 -4.735273e-03 -3.028291e-03
          -1.276205e-02 -4.735645e-03 -3.331448e-03
          -1.276349e-02 -5.022895e-03 -2.996523e-04
          -1.276344e-02 -5.023158e-03 -6.028292e-04
          -1.276339e-02 -5.023421e-03 -9.060062e-04
          -1.276334e-02 -5.023684e-03 -1.209183e-03
          -1.276329e-02 -5.023947e-03 -1.512360e-03
          -1.276324e-02 -5.024210e-03 -1.815537e-03
          -1.276319e-02 -5.024473e-03 -2.118714e-03
          -1.276314e-02 -5.024736e-03 -2.421891e-03
          -1.276301e-02 -5.025066e-03 -2.725056e-03
          -1.276285e-02 -5.025419e-03 -3.028217e-03
          -1.276269e-02 -5.025771e-03 -3.331378e-03
          -1.276253e-02 -5.026123e-03 -3.634538e-03
          -1.276389e-02 -5.313235e-03 -2.995769e-04
          -1.276339e-02 -5.315312e-03 -2.724985e-03
          -1.276368e-02 -5.605581e-03 -2.724917e-03
          -1.302128e-02 8.565355e-03 -1.254408e-07
          -1.302144e-02 8.276910e-03 -8.087343e-08
          -1.302266e-02 7.411190e-03 -1.211985e-03
          -1.302276e-02 7.411087e-03 -1.514999e-03
          -1.302286e-02 7.410984e-03 -1.818013e-03
          -1.302296e-02 7.410880e-03 -2.121027e-03
          -1.302319e-02 7.122749e-03 -1.211928e-03
          -1.302329e-02 7.122640e-03 -1.514943e-03
          -1.302339e-02 7.122531e-03 -1.817959e-03
          -1.302499e-02 5.969385e-03 -3.026308e-04
          -1.302551e-02 5.680961e-03 -3.025684e-04
          -1.302644e-02 5.679716e-03 -2.726781e-03
          -1.302658e-02 5.679399e-03 -3.029827e-03
          -1.302672e-02 5.679082e-03 -3.332874e-03
          -1.302698e-02 5.391238e-03 -2.726733e-03
          -1.302712e-02 5.390904e-03 -3.029782e-03
          -1.302726e-02 5.390570e-03 -3.332831e-03
          -1.302739e-02 5.390237e-03 -3.635880e-03
          -1.302753e-02 5.389903e-03 -3.938929e-03
          -1.302659e-02 5.104104e-03 -3.024437e-04
          -1.302740e-02 4.815566e-03 -3.023829e-04
          -1.302823e-02 4.814419e-03 -2.423614e-03
          -1.302836e-02 4.814105e-03 -2.726662e-03
          -1.302821e-02 4.527027e-03 -3.023220e-04
          -1.302917e-02 4.525467e-03 -2.726638e-03
          -1.302901e-02 4.238489e-03 -3.022612e-04
          -1.302998e-02 4.236828e-03 -2.726613e-03
          -1.303011e-02 4.236435e-03 -3.029670e-03
          -1.302982e-02 3.949950e-03 -3.022003e-04
          -1.303079e-02 3.948190e-03 -2.726588e-03
          -1.303091e-02 3.947783e-03 -3.029646e-03
          -1.303063e-02 3.661411e-03 -3.021395e-04
          -1.303075e-02 3.661198e-03 -6.051916e-04
          -1.303160e-02 3.659551e-03 -2.726563e-03
          -1.303172e-02 3.659130e-03 -3.029623e-03
          -1.303144e-02 3.372873e-03 -3.020786e-04
          -1.303306e-02 2.795795e-03 -3.019569e-04
          -1.303403e-02 2.793634e-03 -2.726488e-03
          -1.303413e-02 2.793170e-03 -3.029553e-03
          -1.303395e-02 2.507102e-03 -3.018904e-04
          -1.303432e-02 2.506320e-03 -1.211104e-03
          -1.303444e-02 2.506059e-03 -1.514175e-03
          -1.303457e-02 2.505798e-03 -1.817246e-03
          -1.303469e-02 2.505537e-03 -2.120317e-03
          -1.303491e-02 2.504853e-03 -2.726457e-03
          -1.303501e-02 2.504377e-03 -3.029526e-03
          -1.303508e-02 2.217954e-03 -3.018068e-04
          -1.303544e-02 2.217152e-03 -1.211034e-03
          -1.303556e-02 2.216885e-03 -1.514110e-03
          -1.303568e-02 2.216618e-03 -1.817186e-03
          -1.303580e-02 2.216351e-03 -2.120262e-03
          -1.303592e-02 2.216084e-03 -2.423338e-03
          -1.303601e-02 2.215657e-03 -2.726412e-03
          -1.303608e-02 2.215175e-03 -3.029484e-03
          -1.303622e-02 1.928805e-03 -3.017233e-04
          -1.303656e-02 1.927985e-03 -1.210965e-03
          -1.303668e-02 1.927712e-03 -1.514046e-03
          -1.303679e-02 1.927439e-03 -1.817126e-03
          -1.303691e-02 1.927165e-03 -2.120207e-03
          -1.303702e-02 1.926892e-03 -2.423288e-03
          -1.303710e-02 1.926460e-03 -2.726366e-03
          -1.303716e-02 1.925974e-03 -3.029443e-03
          -1.303736e-02 1.639656e-03 -3.016397e-04
          -1.303780e-02 1.638538e-03 -1.513981e-03
          -1.303791e-02 1.638259e-03 -1.817067e-03
          -1.303802e-02 1.637980e-03 -2.120152e-03
          -1.303812e-02 1.637700e-03 -2.423237e-03
          -1.303819e-02 1.637263e-03 -2.726320e-03
          -1.303824e-02 1.636772e-03 -3.029402e-03
          -1.303829e-02 1.636282e-03 -3.332484e-03
          -1.303849e-02 1.350507e-03 -3.015561e-04
          -1.303891e-02 1.349365e-03 -1.513917e-03
          -1.303902e-02 1.349079e-03 -1.817007e-03
          -1.303912e-02 1.348794e-03 -2.120097e-03
          -1.303923e-02 1.348508e-03 -2.423187e-03
          -1.303928e-02 1.348066e-03 -2.726274e-03
          -1.303932e-02 1.347570e-03 -3.029361e-03
          -1.303935e-02 1.347075e-03 -3.332448e-03
          -1.303963e-02 1.061358e-03 -3.014726e-04
          -1.303993e-02 1.060483e-03 -1.210757e-03
          -1.304003e-02 1.060191e-03 -1.513852e-03
          -1.304013e-02 1.059899e-03 -1.816947e-03
          -1.304023e-02 1.059608e-03 -2.120042e-03
          -1.304033e-02 1.059316e-03 -2.423137e-03
          -1.304037e-02 1.058869e-03 -2.726229e-03
          -1.304039e-02 1.058369e-03 -3.029320e-03
          -1.304041e-02 1.057869e-03 -3.332411e-03
          -1.304043e-02 1.057369e-03 -3.635502e-03
          -1.304076e-02 7.722083e-04 -3.013890e-04
          -1.304095e-02 7.716128e-04 -9.075882e-04
          -1.304105e-02 7.713150e-04 -1.210688e-03
          -1.304115e-02 7.710173e-04 -1.513787e-03
          -1.304124e-02 7.707195e-04 -1.816887e-03
          -1.304134e-02 7.704218e-04 -2.119987e-03
          -1.304143e-02 7.701240e-04 -2.423086e-03
          -1.304146e-02 7.696715e-04 -2.726183e-03
          -1.304147e-02 7.691669e-04 -3.029279e-03
          -1.304148e-02 7.686622e-04 -3.332375e-03
          -1.304148e-02 7.681575e-04 -3.635470e-03
          -1.304149e-02 7.676528e-04 -3.938566e-03
          -1.304190e-02 4.830588e-04 -3.013054e-04
          -1.304199e-02 4.827549e-04 -6.044098e-04
          -1.304208e-02 4.824510e-04 -9.075141e-04
          -1.304217e-02 4.821472e-04 -1.210618e-03
          -1.304226e-02 4.818433e-04 -1.513723e-03
          -1.304235e-02 4.815395e-04 -1.816827e-03
          -1.304244e-02 4.812356e-04 -2.119931e-03
          -1.304253e-02 4.809317e-04 -2.423036e-03
          -1.304255e-02 4.804742e-04 -2.726137e-03
          -1.304255e-02 4.799648e-04 -3.029237e-03
          -1.304254e-02 4.794555e-04 -3.332338e-03
          -1.304253e-02 4.789461e-04 -3.635438e-03
          -1.304253e-02 4.784367e-04 -3.938539e-03
          -1.304252e-02 4.779273e-04 -4.241639e-03
          -1.304303e-02 1.939092e-04 -3.012219e-04
          -1.304312e-02 1.935992e-04 -6.043309e-04
          -1.304321e-02 1.932892e-04 -9.074400e-04
          -1.304329e-02 1.929792e-04 -1.210549e-03
          -1.304338e-02 1.926693e-04 -1.513658e-03
          -1.304346e-02 1.923593e-04 -1.816767e-03
          -1.304355e-02 1.920493e-04 -2.119876e-03
          -1.304364e-02 1.917394e-04 -2.422985e-03
          -1.304364e-02 1.912768e-04 -2.726091e-03
          -1.304362e-02 1.907627e-04 -3.029196e-03
          -1.304360e-02 1.902487e-04 -3.332301e-03
          -1.304358e-02 1.897346e-04 -3.635406e-03
          -1.304356e-02 1.892205e-04 -3.938511e-03
          -1.304354e-02 1.887064e-04 -4.241616e-03
          -1.304352e-02 1.881923e-04 -4.544721e-03
          -1.304350e-02 1.876782e-04 -4.847826e-03
          -1.304414e-02 -9.544543e-05 -3.011381e-04
          -1.304422e-02 -9.576020e-05 -6.042520e-04
          -1.304469e-02 -9.811327e-05 -2.726045e-03
          -1.304466e-02 -9.862840e-05 -3.029154e-03
          -1.304521e-02 -3.850928e-04 -3.010539e-04
          -1.304528e-02 -3.854098e-04 -6.041729e-04
          -1.304568e-02 -3.877728e-04 -2.725999e-03
          -1.304563e-02 -3.882830e-04 -3.029109e-03
          -1.304627e-02 -6.747400e-04 -3.009697e-04
          -1.304633e-02 -6.750592e-04 -6.040937e-04
          -1.304666e-02 -6.774323e-04 -2.725953e-03
          -1.304661e-02 -6.779375e-04 -3.029065e-03
          -1.304734e-02 -9.643870e-04 -3.008854e-04
          -1.304739e-02 -9.647083e-04 -6.040146e-04
          -1.304765e-02 -9.670915e-04 -2.725907e-03
          -1.304759e-02 -9.675918e-04 -3.029021e-03
          -1.304840e-02 -1.254034e-03 -3.008012e-04
          -1.304844e-02 -1.254357e-03 -6.039354e-04
          -1.304863e-02 -1.256751e-03 -2.725861e-03
          -1.304857e-02 -1.257246e-03 -3.028977e-03
          -1.304947e-02 -1.543681e-03 -3.007171e-04
          -1.304950e-02 -1.544006e-03 -6.038563e-04
          -1.305053e-02 -1.833327e-03 -3.006329e-04
          -1.305160e-02 -2.122973e-03 -3.005487e-04
          -1.305150e-02 -2.126208e-03 -3.028844e-03
          -1.305141e-02 -2.126689e-03 -3.331966e-03
          -1.305266e-02 -2.412619e-03 -3.004645e-04
          -1.305258e-02 -2.415386e-03 -2.725677e-03
          -1.305248e-02 -2.415861e-03 -3.028800e-03
          -1.305348e-02 -2.702591e-03 -3.003777e-04
          -1.305334e-02 -2.705318e-03 -2.725612e-03
          -1.305324e-02 -2.705781e-03 -3.028739e-03
          -1.305396e-02 -2.995438e-03 -2.725536e-03
          -1.305728e-02 -4.444615e-03 -1.209340e-03
          -1.305792e-02 -4.734787e-03 -1.209255e-03
          -1.331831e-02 8.853061e-03 -1.286769e-07
          -1.331847e-02 8.564572e-03 -8.266891e-08
          -1.331991e-02 7.410135e-03 -1.514967e-03
          -1.332000e-02 7.410038e-03 -1.817985e-03
          -1.332009e-02 7.409942e-03 -2.121002e-03
          -1.332044e-02 7.121625e-03 -1.514910e-03
          -1.332053e-02 7.121524e-03 -1.817929e-03
          -1.332097e-02 6.833116e-03 -1.514852e-03
          -1.332406e-02 5.389916e-03 -2.726693e-03
          -1.332526e-02 4.812965e-03 -2.423568e-03
          -1.332591e-02 4.524455e-03 -2.120500e-03
          -1.332602e-02 4.524295e-03 -2.423539e-03
          -1.332678e-02 4.235624e-03 -2.423510e-03
          -1.332677e-02 3.948244e-03 -3.021471e-04
          -1.332896e-02 3.369821e-03 -2.120367e-03
          -1.332907e-02 3.369612e-03 -2.423424e-03
          -1.333108e-02 2.504186e-03 -1.514119e-03
          -1.333120e-02 2.503943e-03 -1.817189e-03
          -1.333131e-02 2.503701e-03 -2.120260e-03
          -1.333213e-02 2.214982e-03 -1.514053e-03
          -1.333225e-02 2.214735e-03 -1.817127e-03
          -1.333236e-02 2.214487e-03 -2.120202e-03
          -1.333318e-02 1.925778e-03 -1.513987e-03
          -1.333329e-02 1.925526e-03 -1.817065e-03
          -1.333423e-02 1.636574e-03 -1.513921e-03
          -1.333702e-02 7.700517e-04 -3.013456e-04
          -1.333711e-02 7.697791e-04 -6.044398e-04
          -1.333769e-02 7.677384e-04 -2.726101e-03
          -1.333808e-02 4.808674e-04 -3.012639e-04
          -1.333871e-02 4.785138e-04 -2.726051e-03
          -1.333871e-02 4.780587e-04 -3.029152e-03
          -1.333871e-02 4.776036e-04 -3.332253e-03
          -1.333948e-02 1.905525e-04 -1.513591e-03
          -1.333974e-02 1.892892e-04 -2.726002e-03
          -1.333972e-02 1.888292e-04 -3.029107e-03
          -1.333971e-02 1.883691e-04 -3.332213e-03
          -1.333970e-02 1.879090e-04 -3.635318e-03
          -1.334019e-02 -9.767234e-05 -3.011008e-04
          -1.334026e-02 -9.795937e-05 -6.042072e-04
          -1.334072e-02 -9.968148e-05 -2.422846e-03
          -1.334073e-02 -1.000989e-04 -2.725954e-03
          -1.334070e-02 -1.005604e-04 -3.029063e-03
          -1.334119e-02 -3.872688e-04 -3.010194e-04
          -1.334126e-02 -3.875587e-04 -6.041309e-04
          -1.334166e-02 -3.897132e-04 -2.725910e-03
          -1.334220e-02 -6.768651e-04 -3.009380e-04
          -1.334226e-02 -6.771579e-04 -6.040545e-04
          -1.334259e-02 -6.793274e-04 -2.725867e-03
          -1.334320e-02 -9.664612e-04 -3.008567e-04
          -1.334325e-02 -9.667569e-04 -6.039782e-04
          -1.334352e-02 -9.689414e-04 -2.725823e-03
          -1.334421e-02 -1.256057e-03 -3.007753e-04
          -1.334425e-02 -1.256356e-03 -6.039019e-04
          -1.361535e-02 9.140855e-03 -1.347914e-07
          -1.361551e-02 8.852322e-03 -8.734257e-08
          -1.361567e-02 8.563788e-03 -3.989274e-08
          -1.361715e-02 7.409093e-03 -1.817957e-03
          -1.361723e-02 7.409003e-03 -2.120977e-03
          -1.361767e-02 7.120517e-03 -1.817898e-03
          -1.362228e-02 4.811511e-03 -2.423521e-03
          -1.362316e-02 4.809225e-03 -4.847986e-03
          -1.362289e-02 4.522940e-03 -2.120452e-03
          -1.362299e-02 4.522795e-03 -2.423491e-03
          -1.362350e-02 4.234391e-03 -1.817374e-03
          -1.362360e-02 4.234235e-03 -2.120417e-03
          -1.362370e-02 4.234079e-03 -2.423461e-03
          -1.362421e-02 3.945698e-03 -1.817335e-03
          -1.362431e-02 3.945531e-03 -2.120383e-03
          -1.362442e-02 3.945363e-03 -2.423431e-03
          -1.362492e-02 3.657005e-03 -1.817296e-03
          -1.362503e-02 3.656825e-03 -2.120348e-03
          -1.362513e-02 3.656646e-03 -2.423401e-03
          -1.362523e-02 3.656356e-03 -2.726462e-03
          -1.362532e-02 3.656027e-03 -3.029525e-03
          -1.362542e-02 3.655699e-03 -3.332589e-03
          -1.362563e-02 3.368311e-03 -1.817256e-03
          -1.362574e-02 3.368121e-03 -2.120314e-03
          -1.362584e-02 3.367930e-03 -2.423371e-03
          -1.362603e-02 3.367292e-03 -3.029498e-03
          -1.362634e-02 3.079618e-03 -1.817217e-03
          -1.362645e-02 3.079416e-03 -2.120279e-03
          -1.362655e-02 3.079213e-03 -2.423341e-03
          -1.362705e-02 2.790924e-03 -1.817178e-03
          -1.362716e-02 2.790710e-03 -2.120245e-03
          -1.362726e-02 2.790497e-03 -2.423311e-03
          -1.362772e-02 2.502313e-03 -1.514062e-03
          -1.362783e-02 2.502089e-03 -1.817133e-03
          -1.362794e-02 2.501866e-03 -2.120203e-03
          -1.362881e-02 2.212851e-03 -1.817068e-03
          -1.362891e-02 2.212623e-03 -2.120142e-03
          -1.362979e-02 1.923612e-03 -1.817004e-03
          -1.363675e-02 -1.017140e-04 -2.422757e-03
          -1.363757e-02 -3.910216e-04 -2.119609e-03
          -1.363764e-02 -3.912845e-04 -2.422713e-03
          -1.363846e-02 -6.805885e-04 -2.119560e-03
          -1.363852e-02 -6.808549e-04 -2.422669e-03
          -1.363935e-02 -9.701552e-04 -2.119511e-03
          -1.363940e-02 -9.704252e-04 -2.422625e-03
          -1.364021e-02 -1.259448e-03 -1.816344e-03
          -1.364024e-02 -1.259722e-03 -2.119463e-03
          -1.364028e-02 -1.259995e-03 -2.422582e-03
          -1.364111e-02 -1.549011e-03 -1.816290e-03
          -1.364114e-02 -1.549288e-03 -2.119414e-03
          -1.364117e-02 -1.549565e-03 -2.422538e-03
          -1.364201e-02 -1.838574e-03 -1.816236e-03
          -1.364203e-02 -1.838854e-03 -2.119365e-03
          -1.364205e-02 -1.839135e-03 -2.422494e-03
          -1.364290e-02 -2.128136e-03 -1.816183e-03
          -1.364292e-02 -2.128421e-03 -2.119317e-03
          -1.364293e-02 -2.128705e-03 -2.422450e-03
          -1.364380e-02 -2.417699e-03 -1.816129e-03
          -1.364381e-02 -2.417987e-03 -2.119268e-03
          -1.364381e-02 -2.418275e-03 -2.422407e-03
          -1.391243e-02 1.000558e-02 -2.424311e-03
          -1.391239e-02 9.428740e-03 -1.437850e-07
          -1.391255e-02 9.140161e-03 -9.489510e-08
          -1.391271e-02 8.851582e-03 -4.600420e-08
          -1.391429e-02 7.408147e-03 -1.817928e-03
          -1.391436e-02 7.408064e-03 -2.120952e-03
          -1.391930e-02 4.810057e-03 -2.423474e-03
          -1.392010e-02 4.808059e-03 -4.847960e-03
          -1.391988e-02 4.521424e-03 -2.120403e-03
          -1.391996e-02 4.521295e-03 -2.423443e-03
          -1.392045e-02 4.232814e-03 -1.817323e-03
          -1.392054e-02 4.232673e-03 -2.120368e-03
          -1.392062e-02 4.232533e-03 -2.423412e-03
          -1.392110e-02 3.944074e-03 -1.817283e-03
          -1.392120e-02 3.943923e-03 -2.120332e-03
          -1.392129e-02 3.943771e-03 -2.423380e-03
          -1.392138e-02 3.943528e-03 -2.726441e-03
          -1.392147e-02 3.943253e-03 -3.029505e-03
          -1.392157e-02 3.942979e-03 -3.332569e-03
          -1.392166e-02 3.942704e-03 -3.635633e-03
          -1.392176e-02 3.655334e-03 -1.817243e-03
          -1.392186e-02 3.655171e-03 -2.120296e-03
          -1.392195e-02 3.655009e-03 -2.423349e-03
          -1.392204e-02 3.654757e-03 -2.726411e-03
          -1.392213e-02 3.654476e-03 -3.029476e-03
          -1.392222e-02 3.654195e-03 -3.332541e-03
          -1.392251e-02 3.366420e-03 -2.120261e-03
          -1.392261e-02 3.366247e-03 -2.423318e-03
          -1.392270e-02 3.365987e-03 -2.726382e-03
          -1.392279e-02 3.365699e-03 -3.029447e-03
          -1.392317e-02 3.077669e-03 -2.120225e-03
          -1.392327e-02 3.077485e-03 -2.423287e-03
          -1.392336e-02 3.077217e-03 -2.726352e-03
          -1.392383e-02 2.788918e-03 -2.120189e-03
          -1.392393e-02 2.788722e-03 -2.423255e-03
          -1.392446e-02 2.500235e-03 -1.817076e-03
          -1.392456e-02 2.500030e-03 -2.120146e-03
          -1.392538e-02 2.210967e-03 -1.817009e-03
          -1.392547e-02 2.210759e-03 -2.120082e-03
          -1.392629e-02 1.921699e-03 -1.816943e-03
          -1.393271e-02 -1.035145e-04 -2.119576e-03
          -1.393279e-02 -1.037461e-04 -2.422667e-03
          -1.393355e-02 -3.930348e-04 -2.119529e-03
          -1.393361e-02 -3.932706e-04 -2.422626e-03
          -1.393351e-02 -3.960566e-04 -4.847509e-03
          -1.393438e-02 -6.825549e-04 -2.119483e-03
          -1.393444e-02 -6.827950e-04 -2.422585e-03
          -1.393522e-02 -9.720748e-04 -2.119437e-03
          -1.393526e-02 -9.723191e-04 -2.422543e-03
          -1.393605e-02 -1.261595e-03 -2.119391e-03
          -1.393609e-02 -1.261843e-03 -2.422502e-03
          -1.393608e-02 -1.262164e-03 -2.725615e-03
          -1.393605e-02 -1.262508e-03 -3.028728e-03
          -1.393602e-02 -1.262853e-03 -3.331842e-03
          -1.393599e-02 -1.263198e-03 -3.634955e-03
          -1.393688e-02 -1.551114e-03 -2.119345e-03
          -1.393691e-02 -1.551367e-03 -2.422461e-03
          -1.393690e-02 -1.551687e-03 -2.725576e-03
          -1.393687e-02 -1.552029e-03 -3.028690e-03
          -1.393683e-02 -1.552372e-03 -3.331804e-03
          -1.393772e-02 -1.840634e-03 -2.119299e-03
          -1.393774e-02 -1.840891e-03 -2.422420e-03
          -1.393772e-02 -1.841210e-03 -2.725536e-03
          -1.393768e-02 -1.841550e-03 -3.028652e-03
          -1.393855e-02 -2.130153e-03 -2.119253e-03
          -1.393856e-02 -2.130415e-03 -2.422378e-03
          -1.393854e-02 -2.130733e-03 -2.725497e-03
          -1.393938e-02 -2.419673e-03 -2.119206e-03
          -1.393939e-02 -2.419938e-03 -2.422337e-03
          -1.394003e-02 -2.709480e-03 -2.119143e-03
          -1.420957e-02 1.000506e-02 -2.424289e-03
          -1.420944e-02 9.716714e-03 -1.556583e-07
          -1.420976e-02 9.716394e-03 -2.424254e-03
          -1.420960e-02 9.428090e-03 -1.053272e-07
          -1.420994e-02 9.427730e-03 -2.424220e-03
          -1.421031e-02 9.427283e-03 -3.939362e-03
          -1.420975e-02 9.139466e-03 -5.499504e-08
          -1.421013e-02 9.139067e-03 -2.424186e-03
          -1.421042e-02 9.138700e-03 -3.636301e-03
          -1.421032e-02 8.850404e-03 -2.424152e-03
          -1.421150e-02 7.407125e-03 -2.120927e-03
          -1.421632e-02 4.808602e-03 -2.423428e-03
          -1.421704e-02 4.806893e-03 -4.847935e-03
          -1.421686e-02 4.519908e-03 -2.120355e-03
          -1.421693e-02 4.519795e-03 -2.423395e-03
          -1.421747e-02 4.231111e-03 -2.120318e-03
          -1.421755e-02 4.230987e-03 -2.423363e-03
          -1.421763e-02 4.230786e-03 -2.726423e-03
          -1.421772e-02 4.230560e-03 -3.029488e-03
          -1.421780e-02 4.230334e-03 -3.332553e-03
          -1.421789e-02 4.230108e-03 -3.635619e-03
          -1.421798e-02 4.229882e-03 -3.938684e-03
          -1.421808e-02 3.942314e-03 -2.120281e-03
          -1.421816e-02 3.942179e-03 -2.423330e-03
          -1.421824e-02 3.941973e-03 -2.726392e-03
          -1.421833e-02 3.941743e-03 -3.029457e-03
          -1.421841e-02 3.941512e-03 -3.332523e-03
          -1.421850e-02 3.941282e-03 -3.635589e-03
          -1.421868e-02 3.653517e-03 -2.120244e-03
          -1.421877e-02 3.653371e-03 -2.423298e-03
          -1.421885e-02 3.653159e-03 -2.726361e-03
          -1.421893e-02 3.652925e-03 -3.029427e-03
          -1.421902e-02 3.652690e-03 -3.332494e-03
          -1.421929e-02 3.364720e-03 -2.120208e-03
          -1.421938e-02 3.364564e-03 -2.423265e-03
          -1.421946e-02 3.364345e-03 -2.726330e-03
          -1.421954e-02 3.364106e-03 -3.029396e-03
          -1.421990e-02 3.075922e-03 -2.120171e-03
          -1.421999e-02 3.075756e-03 -2.423232e-03
          -1.422007e-02 3.075532e-03 -2.726299e-03
          -1.422051e-02 2.787125e-03 -2.120134e-03
          -1.422060e-02 2.786948e-03 -2.423200e-03
          -1.422118e-02 2.498194e-03 -2.120089e-03
          -1.422203e-02 2.208895e-03 -2.120022e-03
          -1.422882e-02 -1.057780e-04 -2.422577e-03
          -1.422880e-02 -1.081592e-04 -4.847454e-03
          -1.422952e-02 -3.950476e-04 -2.119450e-03
          -1.422959e-02 -3.952564e-04 -2.422539e-03
          -1.423030e-02 -6.845209e-04 -2.119406e-03
          -1.423035e-02 -6.847347e-04 -2.422500e-03
          -1.423035e-02 -6.853088e-04 -3.028719e-03
          -1.423034e-02 -6.856064e-04 -3.331830e-03
          -1.423033e-02 -6.859041e-04 -3.634942e-03
          -1.423032e-02 -6.862017e-04 -3.938053e-03
          -1.423032e-02 -6.864994e-04 -4.241165e-03
          -1.423108e-02 -9.739941e-04 -2.119363e-03
          -1.423112e-02 -9.742128e-04 -2.422461e-03
          -1.423113e-02 -9.744893e-04 -2.725570e-03
          -1.423111e-02 -9.747855e-04 -3.028682e-03
          -1.423110e-02 -9.750816e-04 -3.331794e-03
          -1.423109e-02 -9.753777e-04 -3.634906e-03
          -1.423108e-02 -9.756739e-04 -3.938019e-03
          -1.423185e-02 -1.263467e-03 -2.119319e-03
          -1.423189e-02 -1.263691e-03 -2.422423e-03
          -1.423189e-02 -1.263967e-03 -2.725533e-03
          -1.423188e-02 -1.264262e-03 -3.028646e-03
          -1.423186e-02 -1.264557e-03 -3.331758e-03
          -1.423185e-02 -1.264851e-03 -3.634871e-03
          -1.423263e-02 -1.552940e-03 -2.119276e-03
          -1.423266e-02 -1.553169e-03 -2.422384e-03
          -1.423266e-02 -1.553446e-03 -2.725496e-03
          -1.423264e-02 -1.553739e-03 -3.028609e-03
          -1.423262e-02 -1.554032e-03 -3.331723e-03
          -1.423341e-02 -1.842413e-03 -2.119232e-03
          -1.423343e-02 -1.842647e-03 -2.422345e-03
          -1.423342e-02 -1.842923e-03 -2.725459e-03
          -1.423340e-02 -1.843215e-03 -3.028573e-03
          -1.423418e-02 -2.131886e-03 -2.119188e-03
          -1.423420e-02 -2.132124e-03 -2.422307e-03
          -1.423418e-02 -2.132401e-03 -2.725422e-03
          -1.423496e-02 -2.421358e-03 -2.119145e-03
          -1.423497e-02 -2.421602e-03 -2.422268e-03
          -1.450672e-02 1.000452e-02 -2.424272e-03
          -1.450664e-02 9.716109e-03 -1.188723e-07
          -1.450691e-02 9.715817e-03 -2.424237e-03
          -1.450696e-02 9.715752e-03 -2.727264e-03
          -1.450702e-02 9.715677e-03 -3.030294e-03
          -1.450708e-02 9.715603e-03 -3.333325e-03
          -1.450714e-02 9.715528e-03 -3.636355e-03
          -1.450721e-02 9.715454e-03 -3.939386e-03
          -1.450727e-02 9.715379e-03 -4.242416e-03
          -1.450709e-02 9.427110e-03 -2.424203e-03
          -1.450715e-02 9.427043e-03 -2.727230e-03
          -1.450721e-02 9.426967e-03 -3.030261e-03
          -1.450727e-02 9.426892e-03 -3.333292e-03
          -1.450733e-02 9.426816e-03 -3.636322e-03
          -1.450739e-02 9.426740e-03 -3.939353e-03
          -1.450733e-02 9.138336e-03 -2.727196e-03
          -1.450740e-02 9.138259e-03 -3.030227e-03
          -1.450746e-02 9.138182e-03 -3.333258e-03
          -1.450752e-02 9.138104e-03 -3.636289e-03
          -1.451335e-02 4.807130e-03 -2.423390e-03
          -1.451390e-02 4.805905e-03 -4.544844e-03
          -1.451391e-02 4.518279e-03 -2.423355e-03
          -1.451398e-02 4.518119e-03 -2.726415e-03
          -1.451406e-02 4.517939e-03 -3.029481e-03
          -1.451414e-02 4.517758e-03 -3.332548e-03
          -1.451422e-02 4.517578e-03 -3.635614e-03
          -1.451430e-02 4.517398e-03 -3.938680e-03
          -1.451438e-02 4.517218e-03 -4.241746e-03
          -1.451447e-02 4.229428e-03 -2.423320e-03
          -1.451454e-02 4.229264e-03 -2.726381e-03
          -1.451462e-02 4.229082e-03 -3.029448e-03
          -1.451470e-02 4.228899e-03 -3.332515e-03
          -1.451478e-02 4.228717e-03 -3.635581e-03
          -1.451485e-02 4.228534e-03 -3.938648e-03
          -1.451503e-02 3.940578e-03 -2.423285e-03
          -1.451510e-02 3.940410e-03 -2.726348e-03
          -1.451518e-02 3.940225e-03 -3.029415e-03
          -1.451526e-02 3.940040e-03 -3.332482e-03
          -1.451533e-02 3.939856e-03 -3.635549e-03
          -1.451559e-02 3.651727e-03 -2.423250e-03
          -1.451566e-02 3.651555e-03 -2.726314e-03
          -1.451574e-02 3.651368e-03 -3.029382e-03
          -1.451581e-02 3.651181e-03 -3.332449e-03
          -1.451614e-02 3.362877e-03 -2.423215e-03
          -1.451622e-02 3.362700e-03 -2.726281e-03
          -1.451630e-02 3.362511e-03 -3.029348e-03
          -1.451670e-02 3.074026e-03 -2.423180e-03
          -1.451678e-02 3.073845e-03 -2.726247e-03
          -1.451726e-02 2.785175e-03 -2.423146e-03
          -1.452483e-02 -1.078185e-04 -2.422500e-03
          -1.452489e-02 -1.097660e-04 -4.847368e-03
          -1.452555e-02 -3.972493e-04 -2.422462e-03
          -1.452556e-02 -3.974788e-04 -2.725565e-03
          -1.452557e-02 -3.977239e-04 -3.028675e-03
          -1.452557e-02 -3.979690e-04 -3.331785e-03
          -1.452557e-02 -3.982141e-04 -3.634895e-03
          -1.452558e-02 -3.984592e-04 -3.938005e-03
          -1.452558e-02 -3.987043e-04 -4.241115e-03
          -1.452559e-02 -3.989494e-04 -4.544225e-03
          -1.452626e-02 -6.866800e-04 -2.422424e-03
          -1.452628e-02 -6.869105e-04 -2.725529e-03
          -1.452628e-02 -6.871552e-04 -3.028639e-03
          -1.452628e-02 -6.873998e-04 -3.331750e-03
          -1.452628e-02 -6.876444e-04 -3.634860e-03
          -1.452628e-02 -6.878891e-04 -3.937970e-03
          -1.452629e-02 -6.881337e-04 -4.241081e-03
          -1.452697e-02 -9.761106e-04 -2.422387e-03
          -1.452699e-02 -9.763421e-04 -2.725493e-03
          -1.452699e-02 -9.765863e-04 -3.028604e-03
          -1.452699e-02 -9.768304e-04 -3.331715e-03
          -1.452699e-02 -9.770746e-04 -3.634825e-03
          -1.452699e-02 -9.773188e-04 -3.937936e-03
          -1.452769e-02 -1.265541e-03 -2.422349e-03
          -1.452770e-02 -1.265774e-03 -2.725457e-03
          -1.452770e-02 -1.266017e-03 -3.028568e-03
          -1.452770e-02 -1.266261e-03 -3.331679e-03
          -1.452770e-02 -1.266505e-03 -3.634790e-03
          -1.452840e-02 -1.554972e-03 -2.422312e-03
          -1.452841e-02 -1.555205e-03 -2.725421e-03
          -1.452841e-02 -1.555448e-03 -3.028532e-03
          -1.452841e-02 -1.555692e-03 -3.331644e-03
          -1.452912e-02 -1.844402e-03 -2.422274e-03
          -1.452912e-02 -1.844636e-03 -2.725385e-03
          -1.452912e-02 -1.844879e-03 -3.028497e-03
          -1.452983e-02 -2.133832e-03 -2.422237e-03
          -1.452983e-02 -2.134068e-03 -2.725349e-03
          -1.453054e-02 -2.423262e-03 -2.422199e-03
          -1.480369e-02 9.715546e-03 -1.003533e-07
          -2.548258e-02 6.228626e-03 -6.275157e-08
        </DataArray>
      </Points>
      <Cells>
        <DataArray type="Int32" Name="connectivity" format="ascii">
          0 1 2 3 4 5 6 7 8 9 10 11 12 13 14 15 16 17 18 19 20 21 22 23 24 25 26 27 28 29 30 31 32 33 34 35 36 37 38 39 40 41 42 43 44 45 46 47 48 49 50 51 52 53 54 55 56 57 58 59 60 61 62 63 64 65 66 67 68 69 70 71 72 73 74 75 76 77 78 79 80 81 82 83 84 85 86 87 88 89 90 91 92 93 94 95 96 97 98 99 100 101 102 103 104 105 106 107 108 109 110 111 112 113 114 115 116 117 118 119 120 121 122 123 124 125 126 127 128 129 130 131 132 133 134 135 136 137 138 139 140 141 142 143 144 145 146 147 148 149 150 151 152 153 154 155 156 157 158 159 160 161 162 163 164 165 166 167 168 169 170 171 172 173 174 175 176 177 178 179 180 181 182 183 184 185 186 187 188 189 190 191 192 193 194 195 196 197 198 199 200 201 202 203 204 205 206 207 208 209 210 211 212 213 214 215 216 217 218 219 220 221 222 223 224 225 226 227 228 229 230 231 232 233 234 235 236 237 238 239 240 241 242 243 244 245 246 247 248 249 250 251 252 253 254 255 256 257 258 259 260 261 262 263 264 265 266 267 268 269 270 271 272 273 274 275 276 277 278 279 280 281 282 283 284 285 286 287 288 289 290 291 292 293 294 295 296 297 298 299 300 301 302 303 304 305 306 307 308 309 310 311 312 313 314 315 316 317 318 319 320 321 322 323 324 325 326 327 328 329 330 331 332 333 334 335 336 337 338 339 340 341 342 343 344 345 346 347 348 349 350 351 352 353 354 355 356 357 358 359 360 361 362 363 364 365 366 367 368 369 370 371 372 373 374 375 376 377 378 379 380 381 382 383 384 385 386 387 388 389 390 391 392 393 394 395 396 397 398 399 400 401 402 403 404 405 406 407 408 409 410 411 412 413 414 415 416 417 418 419 420 421 422 423 424 425 426 427 428 429 430 431 432 433 434 435 436 437 438 439 440 441 442 443 444 445 446 447 448 449 450 451 452 453 454 455 456 457 458 459 460 461 462 463 464 465 466 467 468 469 470 471 472 473 474 475 476 477 478 479 480 481 482 483 484 485 486 487 488 489 490 491 492 493 494 495 496 497 498 499 500 501 502 503 504 505 506 507 508 509 510 511 512 513 514 515 516 517 518 519 520 521 522 523 524 525 526 527 528 529 530 531 532 533 534 535 536 537 538 539 540 541 542 543 544 545 546 547 548 549 550 551 552 553 554 555 556 557 558 559 560 561 562 563 564 565 566 567 568 569 570 571 572 573 574 575 576 577 578 579 580 581 582 583 584 585 586 587 588 589 590 591 592 593 594 595 596 597 598 599 600 601 602 603 604 605 606 607 608 609 610 611 612 613 614 615 616 617 618 619 620 621 622 623 624 625 626 627 628 629 630 631 632 633 634 635 636 637 638 639 640 641 642 643 644 645 646 647 648 649 650 651 652 653 654 655 656 657 658 659 660 661 662 663 664 665 666 667 668 669 670 671 672 673 674 675 676 677 678 679 680 681 682 683 684 685 686 687 688 689 690 691 692 693 694 695 696 697 698 699 700 701 702 703 704 705 706 707 708 709 710 711 712 713 714 715 716 717 718 719 720 721 722 723 724 725 726 727 728 729 730 731 732 733 734 735 736 737 738 739 740 741 742 743 744 745 746 747 748 749 750 751 752 753 754 755 756 757 758 759 760 761 762 763 764 765 766 767 768 769 770 771 772 773 774 775 776 777 778 779 780 781 782 783 784 785 786 787 788 789 790 791 792 793 794 795 796 797 798 799 800 801 802 803 804 805 806 807 808 809 810 811 812 813 814 815 816 817 818 819 820 821 822 823 824 825 826 827 828 829 830 831 832 833 834 835 836 837 838 839 840 841 842 843 844 845 846 847 848 849 850 851 852 853 854 855 856 857 858 859 860 861 862 863 864 865 866 867 868 869 870 871 872 873 874 875 876 877 878 879 880 881 882 883 884 885 886 887 888 889 890 891 892 893 894 895 896 897 898 899 900 901 902 903 904 905 906 907 908 909 910 911 912 913 914 915 916 917 918 919 920 921 922 923 924 925 926 927 928 929 930 931 932 933 934 935 936 937 938 939 940 941 942 943 944 945 946 947 948 949 950 951 952 953 954 955 956 957 958 959 960 961 962 963 964 965 966 967 968 969 970 971 972 973 974 975 976 977 978 979 980 981 982 983 984 985 986 987 988 989 990 991 992 993 994 995 996 997 998 999 1000 1001 1002 1003 1004 1005 1006 1007 1008 1009 1010 1011 1012 1013 1014 1015 1016 1017 1018 1019 1020 1021 1022 1023 1024 1025 1026 1027 1028 1029 1030 1031 1032 1033 1034 1035 1036 1037 1038 1039 1040 1041 1042 1043 1044 1045 1046 1047 1048 1049 1050 1051 1052 1053 1054 1055 1056 1057 1058 1059 1060 1061 1062 1063 1064 1065 1066 1067 1068 1069 1070 1071 1072 1073 1074 1075 1076 1077 1078 1079 1080 1081 1082 1083 1084 1085 1086 1087 1088 1089 1090 1091 1092 1093 1094 1095 1096 1097 1098 1099 1100 1101 1102 1103 1104 1105 1106 1107 1108 1109 1110 1111 1112 1113 1114 1115 1116 1117 1118 1119 1120 1121 1122 1123 1124 1125 1126 1127 1128 1129 1130 1131 1132 1133 1134 1135 1136 1137 1138 1139 1140 1141 1142 1143 1144 1145 1146 1147 1148 1149 1150 1151 1152 1153 1154 1155 1156 1157 1158 1159 1160 1161 1162 1163 1164 1165 1166 1167 1168 1169 1170 1171 1172 1173 1174 1175 1176 1177 1178 1179 1180 1181 1182 1183 1184 1185 1186 1187 1188 1189 1190 1191 1192 1193 1194 1195 1196 1197 1198 1199 1200 1201 1202 1203 1204 1205 1206 1207 1208 1209 1210 1211 1212 1213 1214 1215 1216 1217 1218 1219 1220 1221 1222 1223 1224 1225 1226 1227 1228 1229 1230 1231 1232 1233 1234 1235 1236 1237 1238 1239 1240 1241 1242 1243 1244 1245 1246 1247 1248 1249 1250 1251 1252 1253 1254 1255 1256 1257 1258 1259 1260 1261 1262 1263 1264 1265 1266 1267 1268 1269 1270 1271 1272 1273 1274 1275 1276 1277 1278 1279 1280 1281 1282 1283 1284 1285 1286 1287 1288 1289 1290 1291 1292 1293 1294 1295 1296 1297 1298 1299 1300 1301 1302 1303 1304 1305 1306 1307 1308 1309 1310 1311 1312 1313 1314 1315 1316 1317 1318 1319 1320 1321 1322 1323 1324 1325 1326 1327 1328 1329 1330 1331 1332 1333 1334 1335 1336 1337 1338 1339 1340 1341 1342 1343 1344 1345 1346 1347 1348 1349 1350 1351 1352 1353 1354 1355 1356 1357 1358 1359 1360 1361 1362 1363 1364 1365 1366 1367 1368 1369 1370 1371 1372 1373 1374 1375 1376 1377 1378 1379 1380 1381 1382 1383 1384 1385 1386 1387 1388 1389 1390 1391 1392 1393 1394 1395 1396 1397 1398 1399 1400 1401 1402 1403 1404 1405 1406 1407 1408 1409 1410 1411 1412 1413 1414 1415 1416 1417 1418 1419 1420 1421 1422 1423 1424 1425 1426 1427 1428 1429 1430 1431 1432 1433 1434 1435 1436 1437 1438 1439 1440 1441 1442 1443 1444 1445 1446 1447 1448 1449 1450 1451 1452 1453 1454 1455 1456 1457 1458 1459 1460 1461 1462 1463 1464 1465 1466 1467 1468 1469 1470 1471 1472 1473 1474 1475 1476 1477 1478 1479 1480 1481 1482 1483 1484 1485 1486 1487 1488 1489 1490 1491 1492 1493 1494 1495 1496 1497 1498 1499 1500 1501 1502 1503 1504 1505 1506 1507 1508 1509 1510 1511 1512 1513 1514 1515 1516 1517 1518 1519 1520 1521 1522 1523 1524 1525 1526 1527 1528 1529 1530 1531 1532 1533 1534 1535 1536 1537 1538 1539 1540 1541 1542 1543 1544 1545 1546 1547 1548 1549 1550 1551 1552 1553 1554 1555 1556 1557 1558 1559 1560 1561 1562 1563 1564 1565 1566 1567 1568 1569 1570 1571 1572 1573 1574 1575 1576 1577 1578 1579 1580 1581 1582 1583 1584 1585 1586 1587 1588 1589 1590 1591 1592 1593 1594 1595 1596 1597 1598 1599 1600 1601 1602 1603 1604 1605 1606 1607 1608 1609 1610 1611 1612 1613 1614 1615 1616 1617 1618 1619 1620 1621 1622 1623 1624 1625 1626 1627 1628 1629 1630 1631 1632 1633 1634 1635 1636 1637 1638 1639 1640 1641 1642 1643 1644 1645 1646 1647 1648 1649 1650 1651 1652 1653 1654 1655 1656 1657 1658 1659 1660 1661 1662 1663 1664 1665 1666 1667 1668 1669 1670 1671 1672 1673 1674 1675 1676 1677 1678 1679 1680 1681 1682 1683 1684 1685 1686 1687 1688 1689 1690 1691 1692 1693 1694 1695 1696 1697 1698 1699 1700 1701 1702 1703 1704 1705 1706 1707 1708 1709 1710 1711 1712 1713 1714 1715 1716 1717 1718 1719 1720 1721 1722 1723 1724 1725 1726 1727 1728 1729 1730 1731 1732 1733 1734 1735 1736 1737 1738 1739 1740 1741 1742 1743 1744 1745 1746 1747 1748 1749 1750 1751 1752 1753 1754 1755 1756 1757 1758 1759 1760 1761 1762 1763 1764 1765 1766 1767 1768 1769 1770 1771 1772 1773 1774 1775 1776 1777 1778 1779 1780 1781 1782 1783 1784 1785 1786 1787 1788 1789 1790 1791 1792 1793 1794 1795 1796 1797 1798 1799 1800 1801 1802 1803 1804 1805 1806 1807 1808 1809 1810 1811 1812 1813 1814 1815 1816 1817 1818 1819 1820 1821 1822 1823 1824 1825 1826 1827 1828 1829 1830 1831 1832 1833 1834 1835 1836 1837 1838 1839 1840 1841 1842 1843 1844 1845 1846 1847 1848 1849 1850 1851 1852 1853 1854 1855 1856 1857 1858 1859 1860 1861 1862 1863 1864 1865 1866 1867 1868 1869 1870 1871 1872 1873 1874 1875 1876 1877 1878 1879 1880 1881 1882 1883 1884 1885 1886 1887 1888 1889 1890 1891 1892 1893 1894 1895 1896 1897 1898 1899 1900 1901 1902 1903 1904 1905 1906 1907 1908 1909 1910 1911 1912 1913 1914 1915 1916 1917 1918 1919 1920 1921 1922 1923 1924 1925 1926 1927 1928 1929 1930 1931 1932 1933 1934 1935 1936 1937 1938 1939 1940 1941 1942 1943 1944 1945 1946 1947 1948 1949 1950 1951 1952 1953 1954 1955 1956 1957 1958 1959 1960 1961 1962 1963 1964 1965 1966 1967 1968 1969 1970 1971 1972 1973 1974 1975 1976 1977 1978 1979 1980 1981 1982 1983 1984 1985 1986 1987 1988 1989 1990 1991 1992 1993 1994 1995 1996 1997 1998 1999 2000 2001 2002 2003 2004 2005 2006 2007 2008 2009 2010 2011 2012 2013 2014 2015 2016 2017 2018 2019 2020 2021 2022 2023 2024 2025 2026 2027 2028 2029 2030 2031 2032 2033 2034 2035 2036 2037 2038 2039 2040 2041 2042 2043 2044 2045 2046 2047 2048 2049 2050 2051 2052 2053 2054 2055 2056 2057 2058 2059 2060 2061 2062 2063 2064 2065 2066 2067 2068 2069 2070 2071 2072 2073 2074 2075 2076 2077 2078 2079 2080 2081 2082 2083 2084 2085 2086 2087 2088 2089 2090 2091 2092 2093 2094 2095 2096 2097 2098 2099 2100 2101 2102 2103 2104 2105 2106 2107 2108 2109 2110 2111 2112 2113 2114 2115 2116 2117 2118 2119 2120 2121 2122 2123 2124 2125 2126 2127 2128 2129 2130 2131 2132 2133 2134 2135 2136 2137 2138 2139 2140 2141 2142 2143 2144 2145 2146 2147 2148 2149 2150 2151 2152 2153 2154 2155 2156 2157 2158 2159 2160 2161 2162 2163 2164 2165 2166 2167 2168 2169 2170 2171 2172 2173 2174 2175 2176 2177 2178 2179 2180 2181 2182 2183 2184 2185 2186 2187 2188 2189 2190 2191 2192 2193 2194 2195 2196 2197 2198 2199 2200 2201 2202 2203 2204 2205 2206 2207 2208 2209 2210 2211 2212 2213 2214 2215 2216 2217 2218 2219 2220 2221 2222 2223 2224 2225 2226 2227 2228 2229 2230 2231 2232 2233 2234 2235 2236 2237 2238 2239 2240 2241 2242 2243 2244 2245 2246 2247 2248 2249 2250 2251 2252 2253 2254 2255 2256 2257 2258 2259 2260 2261 2262 2263 2264 2265 2266 2267 2268 2269 2270 2271 2272 2273 2274 2275 2276 2277 2278 2279 2280 2281 2282 2283 2284 2285 2286 2287 2288 2289 2290 2291 2292 2293 2294 2295 2296 2297 2298 2299 2300 2301 2302 2303 2304 2305 2306 2307 2308 2309 2310 2311 2312 2313 2314 2315 2316 2317 2318 2319 2320 2321 2322 2323 2324 2325 2326 2327 2328 2329 2330 2331 2332 2333 2334 2335 2336 2337 2338 2339 2340 2341 2342 2343 2344 2345 2346 2347 2348 2349 2350 2351 2352 2353 2354 2355 2356 2357 2358 2359 2360 2361 2362 2363 2364 2365 2366 2367 2368 2369 2370 2371 2372 2373 2374 2375 2376 2377 2378 2379 2380 2381 2382 2383 2384 2385 2386 2387 2388 2389 2390 2391 2392 2393 2394 2395 2396 2397 2398 2399 2400 2401 2402 2403 2404 2405 2406 2407 2408 2409 2410 2411 2412 2413 2414 2415 2416 2417 2418 2419 2420 2421 2422 2423 2424 2425 2426 2427 2428 2429 2430 2431 2432 2433 2434 2435 2436 2437 2438 2439 2440 2441 2442 2443 2444 2445 2446 2447 2448 2449 2450 2451 2452 2453 2454 2455 2456 2457 2458 2459 2460 2461 2462 2463 2464 2465 2466 2467 2468 2469 2470 2471 2472 2473 2474 2475 2476 2477 2478 2479 2480 2481 2482 2483 2484 2485 2486 2487 2488 2489 2490 2491 2492 2493 2494 2495 2496 2497 2498 2499 2500 2501 2502 2503 2504 2505 2506 2507 2508 2509 2510 2511 2512 2513 2514 2515 2516 2517 2518 2519 2520 2521 2522 2523 2524 2525 2526 2527 2528 2529 2530 2531 2532 2533 2534 2535 2536 2537 2538 2539 2540 2541 2542 2543 2544 2545 2546 2547 2548 2549 2550 2551 2552 2553 2554 2555 2556 2557 2558 2559 2560 2561 2562 2563 2564 2565 2566 2567 2568 2569 2570 2571 2572 2573 2574 2575 2576 2577 2578 2579 2580 2581 2582 2583 2584 2585 2586 2587 2588 2589 2590 2591 2592 2593 2594 2595 2596 2597 2598 2599 2600 2601 2602 2603 2604 2605 2606 2607 2608 2609 2610 2611 2612 2613 2614 2615 2616 2617 2618 2619 2620 2621 2622 2623 2624 2625 2626 2627 2628 2629 2630 2631 2632 2633 2634 2635 2636 2637 2638 2639 2640 2641 2642 2643 2644 2645 2646 2647 2648 2649 2650 2651 2652 2653 2654 2655 2656 2657 2658 2659 2660 2661 2662 2663 2664 2665 2666 2667 2668 2669 2670 2671 2672 2673 2674 2675 2676 2677 2678 2679 2680 2681 2682 2683 2684 2685 2686 2687 2688 2689 2690 2691 2692 2693 2694 2695 2696 2697 2698 2699 2700 2701 2702 2703 2704 2705 2706 2707 2708 2709 2710 2711 2712 2713 2714 2715 2716 2717 2718 2719 2720 2721 2722 2723 2724 2725 2726 2727 2728 2729 2730 2731 2732 2733 2734 2735 2736 2737 2738 2739 2740 2741 2742 2743 2744 2745 2746 2747 2748 2749 2750 2751 2752 2753 2754 2755 2756 2757 2758 2759 2760 2761 2762 2763 2764 2765 2766 2767 2768 2769 2770 2771 2772 2773 2774 2775 2776 2777 2778 2779 2780 2781 2782 2783 2784 2785 2786 2787 2788 2789 2790 2791 2792 2793 2794 2795 2796 2797 2798 2799 2800 2801 2802 2803 2804 2805 2806 2807 2808 2809 2810 2811 2812 2813 2814 2815 2816 2817 2818 2819 2820 2821 2822 2823 2824 2825 2826 2827 2828 2829 2830 2831 2832 2833 2834 2835 2836 2837 2838 2839 2840 2841 2842 2843 2844 2845 2846 2847 2848 2849 2850 2851 2852 2853 2854 2855 2856 2857 2858 2859 2860 2861 2862 2863 2864 2865 2866 2867 2868 2869 2870 2871 2872 2873 2874 2875 2876 2877 2878 2879 2880 2881 2882 2883 2884 2885 2886 2887 2888 2889 2890 2891 2892 2893 2894 2895 2896 2897 2898 2899 2900 2901 2902 2903 2904 2905 2906 2907 2908 2909 2910 2911 2912 2913 2914 2915 2916 2917 2918 2919 2920 2921 2922 2923 2924 2925 2926 2927 2928 2929 2930 2931 2932 2933 2934 2935 2936 2937 2938 2939 2940 2941 2942 2943 2944 2945 2946 2947 2948 2949 2950 2951 2952 2953 2954 2955 2956 2957 2958 2959 2960 2961 2962 2963 2964 2965 2966 2967 2968 2969 2970 2971 2972 2973 2974 2975 2976 2977 2978 2979 2980 2981 2982 2983 2984 2985 2986 2987 2988 2989 2990 2991 2992 2993 2994 2995 2996 2997 2998 2999 3000 3001 3002 3003 3004 3005 3006 3007 3008 3009 3010 3011 3012 3013 3014 3015 3016 3017 3018 3019 3020 3021 3022 3023 3024 3025 3026 3027 3028 3029 3030 3031 3032 3033 3034 3035 3036 3037 3038 3039 3040 3041 3042 3043 3044 3045 3046 3047 3048 3049 3050 3051 3052 3053 3054 3055 3056 3057 3058 3059 3060 3061 3062 3063 3064 3065 3066 3067 3068 3069 3070 3071 3072 3073 3074 3075 3076 3077 3078 3079 3080 3081 3082 3083 3084 3085 3086 3087 3088 3089 3090 3091 3092 3093 3094 3095 3096 3097 3098 3099 3100 3101 3102 3103 3104 3105 3106 3107 3108 3109 3110 3111 3112 3113 3114 3115 3116 3117 3118 3119 3120 3121 3122 3123 3124 3125 3126 3127 3128 3129 3130 3131 3132 3133 3134 3135 3136 3137 3138 3139 3140 3141 3142 3143 3144 3145 3146 3147 3148 3149 3150 3151 3152 3153 3154 3155 3156 3157 3158 3159 3160 3161 3162 3163 3164 3165 3166 3167 3168 3169 3170 3171 3172 3173 3174 3175 3176 3177 3178 3179 3180 3181 3182 3183 3184 3185 3186 3187 3188 3189 3190 3191 3192 3193 3194 3195 3196 3197 3198 3199 3200 3201 3202 3203 3204 3205 3206 3207 3208 3209 3210 3211 3212 3213 3214 3215 3216 3217 3218 3219 3220 3221 3222 3223 3224 3225 3226 3227 3228 3229 3230 3231 3232 3233 3234 3235 3236 3237 3238 3239 3240 3241 3242 3243 3244 3245 3246 3247 3248 3249 3250 3251 3252 3253 3254 3255 3256 3257 3258 3259 3260 3261 3262 3263 3264 3265 3266 3267 3268 3269 3270 3271 3272 3273 3274 3275 3276 3277 3278 3279 3280 3281 3282 3283 3284 3285 3286 3287 3288 3289 3290 3291 3292 3293 3294 3295 3296 3297 3298 3299 3300 3301 3302 3303 3304 3305 3306 3307 3308 3309 3310 3311 3312 3313 3314 3315 3316 3317 3318 3319 3320 3321 3322 3323 3324 3325 3326 3327 3328 3329 3330 3331 3332 3333 3334 3335 3336 3337 3338 3339 3340 3341 3342 3343 3344 3345 3346 3347 3348 3349 3350 3351 3352 3353 3354 3355 3356 3357 3358 3359 3360 3361 3362 3363 3364 3365 3366 3367 3368 3369 3370 3371 3372 3373 3374 3375 3376 3377 3378 3379 3380 3381 3382 3383 3384 3385 3386 3387 3388 3389 3390 3391 3392 3393 3394 3395 3396 3397 3398 3399 3400 3401 3402 3403 3404 3405 3406 3407 3408 3409 3410 3411 3412 3413 3414 3415 3416 3417 3418 3419 3420 3421 3422 3423 3424 3425 3426 3427 3428 3429 3430 3431 3432 3433 3434 3435 3436 3437 3438 3439 3440 3441 3442 3443 3444 3445 3446 3447 3448 3449 3450 3451 3452 3453 3454 3455 3456 3457 3458 3459 3460 3461 3462 3463 3464 3465 3466 3467 3468 3469 3470 3471 3472 3473 3474 3475 3476 3477 3478 3479 3480 3481 3482 3483 3484 3485 3486 3487 3488 3489 3490 3491 3492 3493 3494 3495 3496 3497 3498 3499 3500 3501 3502 3503 3504 3505 3506 3507 3508 3509 3510 3511 3512 3513 3514 3515 3516 3517 3518 3519 3520 3521 3522 3523 3524 3525 3526 3527 3528 3529 3530 3531 3532 3533 3534 3535 3536 3537 3538 3539 3540 3541 3542 3543 3544 3545 3546 3547 3548 3549 3550 3551 3552 3553 3554 3555 3556 3557 3558 3559 3560 3561 3562 3563 3564 3565 3566 3567 3568 3569 3570 3571 3572 3573 3574 3575 3576 3577 3578 3579 3580 3581 3582 3583 3584 3585 3586 3587 3588 3589 3590 3591 3592 3593 3594 3595 3596 3597 3598 3599 3600 3601 3602 3603 3604 3605 3606 3607 3608 3609 3610 3611 3612 3613 3614 3615 3616 3617 3618 3619 3620 3621 3622 3623 3624 3625 3626 3627 3628 3629 3630 3631 3632 3633 3634 3635 3636 3637 3638 3639 3640 3641 3642 3643 3644 3645 3646 3647 3648 3649 3650 3651 3652 3653 3654 3655 3656 3657 3658 3659 3660 3661 3662 3663 3664 3665 3666 3667 3668 3669 3670 3671 3672 3673 3674 3675 3676 3677 3678 3679 3680 3681 3682 3683 3684 3685 3686 3687 3688 3689 3690 3691 3692 3693 3694 3695 3696 3697 3698 3699 3700 3701 3702 3703 3704 3705 3706 3707 3708 3709 3710 3711 3712 3713 3714 3715 3716 3717 3718 3719 3720 3721 3722 3723 3724 3725 3726 3727 3728 3729 3730 3731 3732 3733 3734 3735 3736 3737 3738 3739 3740 3741 3742 3743 3744 3745 3746 3747 3748 3749 3750 3751 3752 3753 3754 3755 3756 3757 3758 3759 3760 3761 3762 3763 3764 3765 3766 3767 3768 3769 3770 3771 3772 3773 3774 3775 3776 3777 3778 3779 3780 3781 3782 3783 3784 3785 3786 3787 3788 3789 3790 3791 3792 3793 3794 3795 3796 3797 3798 3799 3800 3801 3802 3803 3804 3805 3806 3807 3808 3809 3810 3811 3812 3813 3814 3815 3816 3817 3818 3819 3820 3821 3822 3823 3824 3825 3826 3827 3828 3829 3830 3831 3832 3833 3834 3835 3836 3837 3838 3839 3840 3841 3842 3843 3844 3845 3846 3847 3848 3849 3850 3851 3852 3853 3854 3855 3856 3857 3858 3859 3860 3861 3862 3863 3864 3865 3866 3867 3868 3869 3870 3871 3872 3873 3874 3875 3876 3877 3878 3879 3880 3881 3882 3883 3884 3885 3886 3887 3888 3889 3890 3891 3892 3893 3894 3895 3896 3897 3898 3899 3900 3901 3902 3903 3904 3905 3906 3907 3908 3909 3910 3911 3912 3913 3914 3915 3916 3917 3918 3919 3920 3921 3922 3923 3924 3925 3926 3927 3928 3929 3930 3931 3932 3933 3934 3935 3936 3937 3938 3939 3940 3941 3942 3943 3944 3945 3946 3947 3948 3949 3950 3951 3952 3953 3954 3955 3956 3957 3958 3959 3960 3961 3962 3963 3964 3965 3966 3967 3968 3969 3970 3971 3972 3973 3974 3975 3976 3977 3978 3979 3980 3981 3982 3983 3984 3985 3986 3987 3988 3989 3990 3991 3992 3993 3994 3995 3996 3997 3998 3999 4000 4001 4002 4003 4004 4005 4006 4007 4008 4009 4010 4011 4012 4013 4014 4015 4016 4017 4018 4019 4020 4021 4022 4023 4024 4025 4026 4027 4028 4029 4030 4031 4032 4033 4034 4035 4036 4037 4038 4039 4040 4041 4042 4043 4044 4045 4046 4047 4048 4049 4050 4051 4052 4053 4054 4055 4056 4057 4058 4059 4060 4061 4062 4063 4064 4065 4066 4067 4068 4069 4070 4071 4072 4073 4074 4075 4076 4077 4078 4079 4080 4081 4082 4083 4084 4085 4086 4087 4088 4089 4090 4091 4092 4093 4094 4095 4096 4097 4098 4099 4100 4101 4102 4103 4104 4105 4106 4107 4108 4109 4110 4111 4112 4113 4114 4115
        </DataArray>
        <DataArray type="Int32" Name="offsets" format="ascii">
          1 2 3 4 5 6 7 8 9 10 11 12 13 14 15 16 17 18 19 20 21 22 23 24 25 26 27 28 29 30 31 32 33 34 35 36 37 38 39 40 41 42 43 44 45 46 47 48 49 50 51 52 53 54 55 56 57 58 59 60 61 62 63 64 65 66 67 68 69 70 71 72 73 74 75 76 77 78 79 80 81 82 83 84 85 86 87 88 89 90 91 92 93 94 95 96 97 98 99 100 101 102 103 104 105 106 107 108 109 110 111 112 113 114 115 116 117 118 119 120 121 122 123 124 125 126 127 128 129 130 131 132 133 134 135 136 137 138 139 140 141 142 143 144 145 146 147 148 149 150 151 152 153 154 155 156 157 158 159 160 161 162 163 164 165 166 167 168 169 170 171 172 173 174 175 176 177 178 179 180 181 182 183 184 185 186 187 188 189 190 191 192 193 194 195 196 197 198 199 200 201 202 203 204 205 206 207 208 209 210 211 212 213 214 215 216 217 218 219 220 221 222 223 224 225 226 227 228 229 230 231 232 233 234 235 236 237 238 239 240 241 242 243 244 245 246 247 248 249 250 251 252 253 254 255 256 257 258 259 260 261 262 263 264 265 266 267 268 269 270 271 272 273 274 275 276 277 278 279 280 281 282 283 284 285 286 287 288 289 290 291 292 293 294 295 296 297 298 299 300 301 302 303 304 305 306 307 308 309 310 311 312 313 314 315 316 317 318 319 320 321 322 323 324 325 326 327 328 329 330 331 332 333 334 335 336 337 338 339 340 341 342 343 344 345 346 347 348 349 350 351 352 353 354 355 356 357 358 359 360 361 362 363 364 365 366 367 368 369 370 371 372 373 374 375 376 377 378 379 380 381 382 383 384 385 386 387 388 389 390 391 392 393 394 395 396 397 398 399 400 401 402 403 404 405 406 407 408 409 410 411 412 413 414 415 416 417 418 419 420 421 422 423 424 425 426 427 428 429 430 431 432 433 434 435 436 437 438 439 440 441 442 443 444 445 446 447 448 449 450 451 452 453 454 455 456 457 458 459 460 461 462 463 464 465 466 467 468 469 470 471 472 473 474 475 476 477 478 479 480 481 482 483 484 485 486 487 488 489 490 491 492 493 494 495 496 497 498 499 500 501 502 503 504 505 506 507 508 509 510 511 512 513 514 515 516 517 518 519 520 521 522 523 524 525 526 527 528 529 530 531 532 533 534 535 536 537 538 539 540 541 542 543 544 545 546 547 548 549 550 551 552 553 554 555 556 557 558 559 560 561 562 563 564 565 566 567 568 569 570 571 572 573 574 575 576 577 578 579 580 581 582 583 584 585 586 587 588 589 590 591 592 593 594 595 596 597 598 599 600 601 602 603 604 605 606 607 608 609 610 611 612 613 614 615 616 617 618 619 620 621 622 623 624 625 626 627 628 629 630 631 632 633 634 635 636 637 638 639 640 641 642 643 644 645 646 647 648 649 650 651 652 653 654 655 656 657 658 659 660 661 662 663 664 665 666 667 668 669 670 671 672 673 674 675 676 677 678 679 680 681 682 683 684 685 686 687 688 689 690 691 692 693 694 695 696 697 698 699 700 701 702 703 704 705 706 707 708 709 710 711 712 713 714 715 716 717 718 719 720 721 722 723 724 725 726 727 728 729 730 731 732 733 734 735 736 737 738 739 740 741 742 743 744 745 746 747 748 749 750 751 752 753 754 755 756 757 758 759 760 761 762 763 764 765 766 767 768 769 770 771 772 773 774 775 776 777 778 779 780 781 782 783 784 785 786 787 788 789 790 791 792 793 794 795 796 797 798 799 800 801 802 803 804 805 806 807 808 809 810 811 812 813 814 815 816 817 818 819 820 821 822 823 824 825 826 827 828 829 830 831 832 833 834 835 836 837 838 839 840 841 842 843 844 845 846 847 848 849 850 851 852 853 854 855 856 857 858 859 860 861 862 863 864 865 866 867 868 869 870 871 872 873 874 875 876 877 878 879 880 881 882 883 884 885 886 887 888 889 890 891 892 893 894 895 896 897 898 899 900 901 902 903 904 905 906 907 908 909 910 911 912 913 914 915 916 917 918 919 920 921 922 923 924 925 926 927 928 929 930 931 932 933 934 935 936 937 938 939 940 941 942 943 944 945 946 947 948 949 950 951 952 953 954 955 956 957 958 959 960 961 962 963 964 965 966 967 968 969 970 971 972 973 974 975 976 977 978 979 980 981 982 983 984 985 986 987 988 989 990 991 992 993 994 995 996 997 998 999 1000 1001 1002 1003 1004 1005 1006 1007 1008 1009 1010 1011 1012 1013 1014 1015 1016 1017 1018 1019 1020 1021 1022 1023 1024 1025 1026 1027 1028 1029 1030 1031 1032 1033 1034 1035 1036 1037 1038 1039 1040 1041 1042 1043 1044 1045 1046 1047 1048 1049 1050 1051 1052 1053 1054 1055 1056 1057 1058 1059 1060 1061 1062 1063 1064 1065 1066 1067 1068 1069 1070 1071 1072 1073 1074 1075 1076 1077 1078 1079 1080 1081 1082 1083 1084 1085 1086 1087 1088 1089 1090 1091 1092 1093 1094 1095 1096 1097 1098 1099 1100 1101 1102 1103 1104 1105 1106 1107 1108 1109 1110 1111 1112 1113 1114 1115 1116 1117 1118 1119 1120 1121 1122 1123 1124 1125 1126 1127 1128 1129 1130 1131 1132 1133 1134 1135 1136 1137 1138 1139 1140 1141 1142 1143 1144 1145 1146 1147 1148 1149 1150 1151 1152 1153 1154 1155 1156 1157 1158 1159 1160 1161 1162 1163 1164 1165 1166 1167 1168 1169 1170 1171 1172 1173 1174 1175 1176 1177 1178 1179 1180 1181 1182 1183 1184 1185 1186 1187 1188 1189 1190 1191 1192 1193 1194 1195 1196 1197 1198 1199 1200 1201 1202 1203 1204 1205 1206 1207 1208 1209 1210 1211 1212 1213 1214 1215 1216 1217 1218 1219 1220 1221 1222 1223 1224 1225 1226 1227 1228 1229 1230 1231 1232 1233 1234 1235 1236 1237 1238 1239 1240 1241 1242 1243 1244 1245 1246 1247 1248 1249 1250 1251 1252 1253 1254 1255 1256 1257 1258 1259 1260 1261 1262 1263 1264 1265 1266 1267 1268 1269 1270 1271 1272 1273 1274 1275 1276 1277 1278 1279 1280 1281 1282 1283 1284 1285 1286 1287 1288 1289 1290 1291 1292 1293 1294 1295 1296 1297 1298 1299 1300 1301 1302 1303 1304 1305 1306 1307 1308 1309 1310 1311 1312 1313 1314 1315 1316 1317 1318 1319 1320 1321 1322 1323 1324 1325 1326 1327 1328 1329 1330 1331 1332 1333 1334 1335 1336 1337 1338 1339 1340 1341 1342 1343 1344 1345 1346 1347 1348 1349 1350 1351 1352 1353 1354 1355 1356 1357 1358 1359 1360 1361 1362 1363 1364 1365 1366 1367 1368 1369 1370 1371 1372 1373 1374 1375 1376 1377 1378 1379 1380 1381 1382 1383 1384 1385 1386 1387 1388 1389 1390 1391 1392 1393 1394 1395 1396 1397 1398 1399 1400 1401 1402 1403 1404 1405 1406 1407 1408 1409 1410 1411 1412 1413 1414 1415 1416 1417 1418 1419 1420 1421 1422 1423 1424 1425 1426 1427 1428 1429 1430 1431 1432 1433 1434 1435 1436 1437 1438 1439 1440 1441 1442 1443 1444 1445 1446 1447 1448 1449 1450 1451 1452 1453 1454 1455 1456 1457 1458 1459 1460 1461 1462 1463 1464 1465 1466 1467 1468 1469 1470 1471 1472 1473 1474 1475 1476 1477 1478 1479 1480 1481 1482 1483 1484 1485 1486 1487 1488 1489 1490 1491 1492 1493 1494 1495 1496 1497 1498 1499 1500 1501 1502 1503 1504 1505 1506 1507 1508 1509 1510 1511 1512 1513 1514 1515 1516 1517 1518 1519 1520 1521 1522 1523 1524 1525 1526 1527 1528 1529 1530 1531 1532 1533 1534 1535 1536 1537 1538 1539 1540 1541 1542 1543 1544 1545 1546 1547 1548 1549 1550 1551 1552 1553 1554 1555 1556 1557 1558 1559 1560 1561 1562 1563 1564 1565 1566 1567 1568 1569 1570 1571 1572 1573 1574 1575 1576 1577 1578 1579 1580 1581 1582 1583 1584 1585 1586 1587 1588 1589 1590 1591 1592 1593 1594 1595 1596 1597 1598 1599 1600 1601 1602 1603 1604 1605 1606 1607 1608 1609 1610 1611 1612 1613 1614 1615 1616 1617 1618 1619 1620 1621 1622 1623 1624 1625 1626 1627 1628 1629 1630 1631 1632 1633 1634 1635 1636 1637 1638 1639 1640 1641 1642 1643 1644 1645 1646 1647 1648 1649 1650 1651 1652 1653 1654 1655 1656 1657 1658 1659 1660 1661 1662 1663 1664 1665 1666 1667 1668 1669 1670 1671 1672 1673 1674 1675 1676 1677 1678 1679 1680 1681 1682 1683 1684 1685 1686 1687 1688 1689 1690 1691 1692 1693 1694 1695 1696 1697 1698 1699 1700 1701 1702 1703 1704 1705 1706 1707 1708 1709 1710 1711 1712 1713 1714 1715 1716 1717 1718 1719 1720 1721 1722 1723 1724 1725 1726 1727 1728 1729 1730 1731 1732 1733 1734 1735 1736 1737 1738 1739 1740 1741 1742 1743 1744 1745 1746 1747 1748 1749 1750 1751 1752 1753 1754 1755 1756 1757 1758 1759 1760 1761 1762 1763 1764 1765 1766 1767 1768 1769 1770 1771 1772 1773 1774 1775 1776 1777 1778 1779 1780 1781 1782 1783 1784 1785 1786 1787 1788 1789 1790 1791 1792 1793 1794 1795 1796 1797 1798 1799 1800 1801 1802 1803 1804 1805 1806 1807 1808 1809 1810 1811 1812 1813 1814 1815 1816 1817 1818 1819 1820 1821 1822 1823 1824 1825 1826 1827 1828 1829 1830 1831 1832 1833 1834 1835 1836 1837 1838 1839 1840 1841 1842 1843 1844 1845 1846 1847 1848 1849 1850 1851 1852 1853 1854 1855 1856 1857 1858 1859 1860 1861 1862 1863 1864 1865 1866 1867 1868 1869 1870 1871 1872 1873 1874 1875 1876 1877 1878 1879 1880 1881 1882 1883 1884 1885 1886 1887 1888 1889 1890 1891 1892 1893 1894 1895 1896 1897 1898 1899 1900 1901 1902 1903 1904 1905 1906 1907 1908 1909 1910 1911 1912 1913 1914 1915 1916 1917 1918 1919 1920 1921 1922 1923 1924 1925 1926 1927 1928 1929 1930 1931 1932 1933 1934 1935 1936 1937 1938 1939 1940 1941 1942 1943 1944 1945 1946 1947 1948 1949 1950 1951 1952 1953 1954 1955 1956 1957 1958 1959 1960 1961 1962 1963 1964 1965 1966 1967 1968 1969 1970 1971 1972 1973 1974 1975 1976 1977 1978 1979 1980 1981 1982 1983 1984 1985 1986 1987 1988 1989 1990 1991 1992 1993 1994 1995 1996 1997 1998 1999 2000 2001 2002 2003 2004 2005 2006 2007 2008 2009 2010 2011 2012 2013 2014 2015 2016 2017 2018 2019 2020 2021 2022 2023 2024 2025 2026 2027 2028 2029 2030 2031 2032 2033 2034 2035 2036 2037 2038 2039 2040 2041 2042 2043 2044 2045 2046 2047 2048 2049 2050 2051 2052 2053 2054 2055 2056 2057 2058 2059 2060 2061 2062 2063 2064 2065 2066 2067 2068 2069 2070 2071 2072 2073 2074 2075 2076 2077 2078 2079 2080 2081 2082 2083 2084 2085 2086 2087 2088 2089 2090 2091 2092 2093 2094 2095 2096 2097 2098 2099 2100 2101 2102 2103 2104 2105 2106 2107 2108 2109 2110 2111 2112 2113 2114 2115 2116 2117 2118 2119 2120 2121 2122 2123 2124 2125 2126 2127 2128 2129 2130 2131 2132 2133 2134 2135 2136 2137 2138 2139 2140 2141 2142 2143 2144 2145 2146 2147 2148 2149 2150 2151 2152 2153 2154 2155 2156 2157 2158 2159 2160 2161 2162 2163 2164 2165 2166 2167 2168 2169 2170 2171 2172 2173 2174 2175 2176 2177 2178 2179 2180 2181 2182 2183 2184 2185 2186 2187 2188 2189 2190 2191 2192 2193 2194 2195 2196 2197 2198 2199 2200 2201 2202 2203 2204 2205 2206 2207 2208 2209 2210 2211 2212 2213 2214 2215 2216 2217 2218 2219 2220 2221 2222 2223 2224 2225 2226 2227 2228 2229 2230 2231 2232 2233 2234 2235 2236 2237 2238 2239 2240 2241 2242 2243 2244 2245 2246 2247 2248 2249 2250 2251 2252 2253 2254 2255 2256 2257 2258 2259 2260 2261 2262 2263 2264 2265 2266 2267 2268 2269 2270 2271 2272 2273 2274 2275 2276 2277 2278 2279 2280 2281 2282 2283 2284 2285 2286 2287 2288 2289 2290 2291 2292 2293 2294 2295 2296 2297 2298 2299 2300 2301 2302 2303 2304 2305 2306 2307 2308 2309 2310 2311 2312 2313 2314 2315 2316 2317 2318 2319 2320 2321 2322 2323 2324 2325 2326 2327 2328 2329 2330 2331 2332 2333 2334 2335 2336 2337 2338 2339 2340 2341 2342 2343 2344 2345 2346 2347 2348 2349 2350 2351 2352 2353 2354 2355 2356 2357 2358 2359 2360 2361 2362 2363 2364 2365 2366 2367 2368 2369 2370 2371 2372 2373 2374 2375 2376 2377 2378 2379 2380 2381 2382 2383 2384 2385 2386 2387 2388 2389 2390 2391 2392 2393 2394 2395 2396 2397 2398 2399 2400 2401 2402 2403 2404 2405 2406 2407 2408 2409 2410 2411 2412 2413 2414 2415 2416 2417 2418 2419 2420 2421 2422 2423 2424 2425 2426 2427 2428 2429 2430 2431 2432 2433 2434 2435 2436 2437 2438 2439 2440 2441 2442 2443 2444 2445 2446 2447 2448 2449 2450 2451 2452 2453 2454 2455 2456 2457 2458 2459 2460 2461 2462 2463 2464 2465 2466 2467 2468 2469 2470 2471 2472 2473 2474 2475 2476 2477 2478 2479 2480 2481 2482 2483 2484 2485 2486 2487 2488 2489 2490 2491 2492 2493 2494 2495 2496 2497 2498 2499 2500 2501 2502 2503 2504 2505 2506 2507 2508 2509 2510 2511 2512 2513 2514 2515 2516 2517 2518 2519 2520 2521 2522 2523 2524 2525 2526 2527 2528 2529 2530 2531 2532 2533 2534 2535 2536 2537 2538 2539 2540 2541 2542 2543 2544 2545 2546 2547 2548 2549 2550 2551 2552 2553 2554 2555 2556 2557 2558 2559 2560 2561 2562 2563 2564 2565 2566 2567 2568 2569 2570 2571 2572 2573 2574 2575 2576 2577 2578 2579 2580 2581 2582 2583 2584 2585 2586 2587 2588 2589 2590 2591 2592 2593 2594 2595 2596 2597 2598 2599 2600 2601 2602 2603 2604 2605 2606 2607 2608 2609 2610 2611 2612 2613 2614 2615 2616 2617 2618 2619 2620 2621 2622 2623 2624 2625 2626 2627 2628 2629 2630 2631 2632 2633 2634 2635 2636 2637 2638 2639 2640 2641 2642 2643 2644 2645 2646 2647 2648 2649 2650 2651 2652 2653 2654 2655 2656 2657 2658 2659 2660 2661 2662 2663 2664 2665 2666 2667 2668 2669 2670 2671 2672 2673 2674 2675 2676 2677 2678 2679 2680 2681 2682 2683 2684 2685 2686 2687 2688 2689 2690 2691 2692 2693 2694 2695 2696 2697 2698 2699 2700 2701 2702 2703 2704 2705 2706 2707 2708 2709 2710 2711 2712 2713 2714 2715 2716 2717 2718 2719 2720 2721 2722 2723 2724 2725 2726 2727 2728 2729 2730 2731 2732 2733 2734 2735 2736 2737 2738 2739 2740 2741 2742 2743 2744 2745 2746 2747 2748 2749 2750 2751 2752 2753 2754 2755 2756 2757 2758 2759 2760 2761 2762 2763 2764 2765 2766 2767 2768 2769 2770 2771 2772 2773 2774 2775 2776 2777 2778 2779 2780 2781 2782 2783 2784 2785 2786 2787 2788 2789 2790 2791 2792 2793 2794 2795 2796 2797 2798 2799 2800 2801 2802 2803 2804 2805 2806 2807 2808 2809 2810 2811 2812 2813 2814 2815 2816 2817 2818 2819 2820 2821 2822 2823 2824 2825 2826 2827 2828 2829 2830 2831 2832 2833 2834 2835 2836 2837 2838 2839 2840 2841 2842 2843 2844 2845 2846 2847 2848 2849 2850 2851 2852 2853 2854 2855 2856 2857 2858 2859 2860 2861 2862 2863 2864 2865 2866 2867 2868 2869 2870 2871 2872 2873 2874 2875 2876 2877 2878 2879 2880 2881 2882 2883 2884 2885 2886 2887 2888 2889 2890 2891 2892 2893 2894 2895 2896 2897 2898 2899 2900 2901 2902 2903 2904 2905 2906 2907 2908 2909 2910 2911 2912 2913 2914 2915 2916 2917 2918 2919 2920 2921 2922 2923 2924 2925 2926 2927 2928 2929 2930 2931 2932 2933 2934 2935 2936 2937 2938 2939 2940 2941 2942 2943 2944 2945 2946 2947 2948 2949 2950 2951 2952 2953 2954 2955 2956 2957 2958 2959 2960 2961 2962 2963 2964 2965 2966 2967 2968 2969 2970 2971 2972 2973 2974 2975 2976 2977 2978 2979 2980 2981 2982 2983 2984 2985 2986 2987 2988 2989 2990 2991 2992 2993 2994 2995 2996 2997 2998 2999 3000 3001 3002 3003 3004 3005 3006 3007 3008 3009 3010 3011 3012 3013 3014 3015 3016 3017 3018 3019 3020 3021 3022 3023 3024 3025 3026 3027 3028 3029 3030 3031 3032 3033 3034 3035 3036 3037 3038 3039 3040 3041 3042 3043 3044 3045 3046 3047 3048 3049 3050 3051 3052 3053 3054 3055 3056 3057 3058 3059 3060 3061 3062 3063 3064 3065 3066 3067 3068 3069 3070 3071 3072 3073 3074 3075 3076 3077 3078 3079 3080 3081 3082 3083 3084 3085 3086 3087 3088 3089 3090 3091 3092 3093 3094 3095 3096 3097 3098 3099 3100 3101 3102 3103 3104 3105 3106 3107 3108 3109 3110 3111 3112 3113 3114 3115 3116 3117 3118 3119 3120 3121 3122 3123 3124 3125 3126 3127 3128 3129 3130 3131 3132 3133 3134 3135 3136 3137 3138 3139 3140 3141 3142 3143 3144 3145 3146 3147 3148 3149 3150 3151 3152 3153 3154 3155 3156 3157 3158 3159 3160 3161 3162 3163 3164 3165 3166 3167 3168 3169 3170 3171 3172 3173 3174 3175 3176 3177 3178 3179 3180 3181 3182 3183 3184 3185 3186 3187 3188 3189 3190 3191 3192 3193 3194 3195 3196 3197 3198 3199 3200 3201 3202 3203 3204 3205 3206 3207 3208 3209 3210 3211 3212 3213 3214 3215 3216 3217 3218 3219 3220 3221 3222 3223 3224 3225 3226 3227 3228 3229 3230 3231 3232 3233 3234 3235 3236 3237 3238 3239 3240 3241 3242 3243 3244 3245 3246 3247 3248 3249 3250 3251 3252 3253 3254 3255 3256 3257 3258 3259 3260 3261 3262 3263 3264 3265 3266 3267 3268 3269 3270 3271 3272 3273 3274 3275 3276 3277 3278 3279 3280 3281 3282 3283 3284 3285 3286 3287 3288 3289 3290 3291 3292 3293 3294 3295 3296 3297 3298 3299 3300 3301 3302 3303 3304 3305 3306 3307 3308 3309 3310 3311 3312 3313 3314 3315 3316 3317 3318 3319 3320 3321 3322 3323 3324 3325 3326 3327 3328 3329 3330 3331 3332 3333 3334 3335 3336 3337 3338 3339 3340 3341 3342 3343 3344 3345 3346 3347 3348 3349 3350 3351 3352 3353 3354 3355 3356 3357 3358 3359 3360 3361 3362 3363 3364 3365 3366 3367 3368 3369 3370 3371 3372 3373 3374 3375 3376 3377 3378 3379 3380 3381 3382 3383 3384 3385 3386 3387 3388 3389 3390 3391 3392 3393 3394 3395 3396 3397 3398 3399 3400 3401 3402 3403 3404 3405 3406 3407 3408 3409 3410 3411 3412 3413 3414 3415 3416 3417 3418 3419 3420 3421 3422 3423 3424 3425 3426 3427 3428 3429 3430 3431 3432 3433 3434 3435 3436 3437 3438 3439 3440 3441 3442 3443 3444 3445 3446 3447 3448 3449 3450 3451 3452 3453 3454 3455 3456 3457 3458 3459 3460 3461 3462 3463 3464 3465 3466 3467 3468 3469 3470 3471 3472 3473 3474 3475 3476 3477 3478 3479 3480 3481 3482 3483 3484 3485 3486 3487 3488 3489 3490 3491 3492 3493 3494 3495 3496 3497 3498 3499 3500 3501 3502 3503 3504 3505 3506 3507 3508 3509 3510 3511 3512 3513 3514 3515 3516 3517 3518 3519 3520 3521 3522 3523 3524 3525 3526 3527 3528 3529 3530 3531 3532 3533 3534 3535 3536 3537 3538 3539 3540 3541 3542 3543 3544 3545 3546 3547 3548 3549 3550 3551 3552 3553 3554 3555 3556 3557 3558 3559 3560 3561 3562 3563 3564 3565 3566 3567 3568 3569 3570 3571 3572 3573 3574 3575 3576 3577 3578 3579 3580 3581 3582 3583 3584 3585 3586 3587 3588 3589 3590 3591 3592 3593 3594 3595 3596 3597 3598 3599 3600 3601 3602 3603 3604 3605 3606 3607 3608 3609 3610 3611 3612 3613 3614 3615 3616 3617 3618 3619 3620 3621 3622 3623 3624 3625 3626 3627 3628 3629 3630 3631 3632 3633 3634 3635 3636 3637 3638 3639 3640 3641 3642 3643 3644 3645 3646 3647 3648 3649 3650 3651 3652 3653 3654 3655 3656 3657 3658 3659 3660 3661 3662 3663 3664 3665 3666 3667 3668 3669 3670 3671 3672 3673 3674 3675 3676 3677 3678 3679 3680 3681 3682 3683 3684 3685 3686 3687 3688 3689 3690 3691 3692 3693 3694 3695 3696 3697 3698 3699 3700 3701 3702 3703 3704 3705 3706 3707 3708 3709 3710 3711 3712 3713 3714 3715 3716 3717 3718 3719 3720 3721 3722 3723 3724 3725 3726 3727 3728 3729 3730 3731 3732 3733 3734 3735 3736 3737 3738 3739 3740 3741 3742 3743 3744 3745 3746 3747 3748 3749 3750 3751 3752 3753 3754 3755 3756 3757 3758 3759 3760 3761 3762 3763 3764 3765 3766 3767 3768 3769 3770 3771 3772 3773 3774 3775 3776 3777 3778 3779 3780 3781 3782 3783 3784 3785 3786 3787 3788 3789 3790 3791 3792 3793 3794 3795 3796 3797 3798 3799 3800 3801 3802 3803 3804 3805 3806 3807 3808 3809 3810 3811 3812 3813 3814 3815 3816 3817 3818 3819 3820 3821 3822 3823 3824 3825 3826 3827 3828 3829 3830 3831 3832 3833 3834 3835 3836 3837 3838 3839 3840 3841 3842 3843 3844 3845 3846 3847 3848 3849 3850 3851 3852 3853 3854 3855 3856 3857 3858 3859 3860 3861 3862 3863 3864 3865 3866 3867 3868 3869 3870 3871 3872 3873 3874 3875 3876 3877 3878 3879 3880 3881 3882 3883 3884 3885 3886 3887 3888 3889 3890 3891 3892 3893 3894 3895 3896 3897 3898 3899 3900 3901 3902 3903 3904 3905 3906 3907 3908 3909 3910 3911 3912 3913 3914 3915 3916 3917 3918 3919 3920 3921 3922 3923 3924 3925 3926 3927 3928 3929 3930 3931 3932 3933 3934 3935 3936 3937 3938 3939 3940 3941 3942 3943 3944 3945 3946 3947 3948 3949 3950 3951 3952 3953 3954 3955 3956 3957 3958 3959 3960 3961 3962 3963 3964 3965 3966 3967 3968 3969 3970 3971 3972 3973 3974 3975 3976 3977 3978 3979 3980 3981 3982 3983 3984 3985 3986 3987 3988 3989 3990 3991 3992 3993 3994 3995 3996 3997 3998 3999 4000 4001 4002 4003 4004 4005 4006 4007 4008 4009 4010 4011 4012 4013 4014 4015 4016 4017 4018 4019 4020 4021 4022 4023 4024 4025 4026 4027 4028 4029 4030 4031 4032 4033 4034 4035 4036 4037 4038 4039 4040 4041 4042 4043 4044 4045 4046 4047 4048 4049 4050 4051 4052 4053 4054 4055 4056 4057 4058 4059 4060 4061 4062 4063 4064 4065 4066 4067 4068 4069 4070 4071 4072 4073 4074 4075 4076 4077 4078 4079 4080 4081 4082 4083 4084 4085 4086 4087 4088 4089 4090 4091 4092 4093 4094 4095 4096 4097 4098 4099 4100 4101 4102 4103 4104 4105 4106 4107 4108 4109 4110 4111 4112 4113 4114 4115 4116
        </DataArray>
        <DataArray type="UInt8" Name="types" format="ascii">
          1 1 1 1 1 1 1 1 1 1 1 1 1 1 1 1 1 1 1 1 1 1 1 1 1 1 1 1 1 1 1 1 1 1 1 1 1 1 1 1 1 1 1 1 1 1 1 1 1 1 1 1 1 1 1 1 1 1 1 1 1 1 1 1 1 1 1 1 1 1 1 1 1 1 1 1 1 1 1 1 1 1 1 1 1 1 1 1 1 1 1 1 1 1 1 1 1 1 1 1 1 1 1 1 1 1 1 1 1 1 1 1 1 1 1 1 1 1 1 1 1 1 1 1 1 1 1 1 1 1 1 1 1 1 1 1 1 1 1 1 1 1 1 1 1 1 1 1 1 1 1 1 1 1 1 1 1 1 1 1 1 1 1 1 1 1 1 1 1 1 1 1 1 1 1 1 1 1 1 1 1 1 1 1 1 1 1 1 1 1 1 1 1 1 1 1 1 1 1 1 1 1 1 1 1 1 1 1 1 1 1 1 1 1 1 1 1 1 1 1 1 1 1 1 1 1 1 1 1 1 1 1 1 1 1 1 1 1 1 1 1 1 1 1 1 1 1 1 1 1 1 1 1 1 1 1 1 1 1 1 1 1 1 1 1 1 1 1 1 1 1 1 1 1 1 1 1 1 1 1 1 1 1 1 1 1 1 1 1 1 1 1 1 1 1 1 1 1 1 1 1 1 1 1 1 1 1 1 1 1 1 1 1 1 1 1 1 1 1 1 1 1 1 1 1 1 1 1 1 1 1 1 1 1 1 1 1 1 1 1 1 1 1 1 1 1 1 1 1 1 1 1 1 1 1 1 1 1 1 1 1 1 1 1 1 1 1 1 1 1 1 1 1 1 1 1 1 1 1 1 1 1 1 1 1 1 1 1 1 1 1 1 1 1 1 1 1 1 1 1 1 1 1 1 1 1 1 1 1 1 1 1 1 1 1 1 1 1 1 1 1 1 1 1 1 1 1 1 1 1 1 1 1 1 1 1 1 1 1 1 1 1 1 1 1 1 1 1 1 1 1 1 1 1 1 1 1 1 1 1 1 1 1 1 1 1 1 1 1 1 1 1 1 1 1 1 1 1 1 1 1 1 1 1 1 1 1 1 1 1 1 1 1 1 1 1 1 1 1 1 1 1 1 1 1 1 1 1 1 1 1 1 1 1 1 1 1 1 1 1 1 1 1 1 1 1 1 1 1 1 1 1 1 1 1 1 1 1 1 1 1 1 1 1 1 1 1 1 1 1 1 1 1 1 1 1 1 1 1 1 1 1 1 1 1 1 1 1 1 1 1 1 1 1 1 1 1 1 1 1 1 1 1 1 1 1 1 1 1 1 1 1 1 1 1 1 1 1 1 1 1 1 1 1 1 1 1 1 1 1 1 1 1 1 1 1 1 1 1 1 1 1 1 1 1 1 1 1 1 1 1 1 1 1 1 1 1 1 1 1 1 1 1 1 1 1 1 1 1 1 1 1 1 1 1 1 1 1 1 1 1 1 1 1 1 1 1 1 1 1 1 1 1 1 1 1 1 1 1 1 1 1 1 1 1 1 1 1 1 1 1 1 1 1 1 1 1 1 1 1 1 1 1 1 1 1 1 1 1 1 1 1 1 1 1 1 1 1 1 1 1 1 1 1 1 1 1 1 1 1 1 1 1 1 1 1 1 1 1 1 1 1 1 1 1 1 1 1 1 1 1 1 1 1 1 1 1 1 1 1 1 1 1 1 1 1 1 1 1 1 1 1 1 1 1 1 1 1 1 1 1 1 1 1 1 1 1 1 1 1 1 1 1 1 1 1 1 1 1 1 1 1 1 1 1 1 1 1 1 1 1 1 1 1 1 1 1 1 1 1 1 1 1 1 1 1 1 1 1 1 1 1 1 1 1 1 1 1 1 1 1 1 1 1 1 1 1 1 1 1 1 1 1 1 1 1 1 1 1 1 1 1 1 1 1 1 1 1 1 1 1 1 1 1 1 1 1 1 1 1 1 1 1 1 1 1 1 1 1 1 1 1 1 1 1 1 1 1 1 1 1 1 1 1 1 1 1 1 1 1 1 1 1 1 1 1 1 1 1 1 1 1 1 1 1 1 1 1 1 1 1 1 1 1 1 1 1 1 1 1 1 1 1 1 1 1 1 1 1 1 1 1 1 1 1 1 1 1 1 1 1 1 1 1 1 1 1 1 1 1 1 1 1 1 1 1 1 1 1 1 1 1 1 1 1 1 1 1 1 1 1 1 1 1 1 1 1 1 1 1 1 1 1 1 1 1 1 1 1 1 1 1 1 1 1 1 1 1 1 1 1 1 1 1 1 1 1 1 1 1 1 1 1 1 1 1 1 1 1 1 1 1 1 1 1 1 1 1 1 1 1 1 1 1 1 1 1 1 1 1 1 1 1 1 1 1 1 1 1 1 1 1 1 1 1 1 1 1 1 1 1 1 1 1 1 1 1 1 1 1 1 1 1 1 1 1 1 1 1 1 1 1 1 1 1 1 1 1 1 1 1 1 1 1 1 1 1 1 1 1 1 1 1 1 1 1 1 1 1 1 1 1 1 1 1 1 1 1 1 1 1 1 1 1 1 1 1 1 1 1 1 1 1 1 1 1 1 1 1 1 1 1 1 1 1 1 1 1 1 1 1 1 1 1 1 1 1 1 1 1 1 1 1 1 1 1 1 1 1 1 1 1 1 1 1 1 1 1 1 1 1 1 1 1 1 1 1 1 1 1 1 1 1 1 1 1 1 1 1 1 1 1 1 1 1 1 1 1 1 1 1 1 1 1 1 1 1 1 1 1 1 1 1 1 1 1 1 1 1 1 1 1 1 1 1 1 1 1 1 1 1 1 1 1 1 1 1 1 1 1 1 1 1 1 1 1 1 1 1 1 1 1 1 1 1 1 1 1 1 1 1 1 1 1 1 1 1 1 1 1 1 1 1 1 1 1 1 1 1 1 1 1 1 1 1 1 1 1 1 1 1 1 1 1 1 1 1 1 1 1 1 1 1 1 1 1 1 1 1 1 1 1 1 1 1 1 1 1 1 1 1 1 1 1 1 1 1 1 1 1 1 1 1 1 1 1 1 1 1 1 1 1 1 1 1 1 1 1 1 1 1 1 1 1 1 1 1 1 1 1 1 1 1 1 1 1 1 1 1 1 1 1 1 1 1 1 1 1 1 1 1 1 1 1 1 1 1 1 1 1 1 1 1 1 1 1 1 1 1 1 1 1 1 1 1 1 1 1 1 1 1 1 1 1 1 1 1 1 1 1 1 1 1 1 1 1 1 1 1 1 1 1 1 1 1 1 1 1 1 1 1 1 1 1 1 1 1 1 1 1 1 1 1 1 1 1 1 1 1 1 1 1 1 1 1 1 1 1 1 1 1 1 1 1 1 1 1 1 1 1 1 1 1 1 1 1 1 1 1 1 1 1 1 1 1 1 1 1 1 1 1 1 1 1 1 1 1 1 1 1 1 1 1 1 1 1 1 1 1 1 1 1 1 1 1 1 1 1 1 1 1 1 1 1 1 1 1 1 1 1 1 1 1 1 1 1 1 1 1 1 1 1 1 1 1 1 1 1 1 1 1 1 1 1 1 1 1 1 1 1 1 1 1 1 1 1 1 1 1 1 1 1 1 1 1 1 1 1 1 1 1 1 1 1 1 1 1 1 1 1 1 1 1 1 1 1 1 1 1 1 1 1 1 1 1 1 1 1 1 1 1 1 1 1 1 1 1 1 1 1 1 1 1 1 1 1 1 1 1 1 1 1 1 1 1 1 1 1 1 1 1 1 1 1 1 1 1 1 1 1 1 1 1 1 1 1 1 1 1 1 1 1 1 1 1 1 1 1 1 1 1 1 1 1 1 1 1 1 1 1 1 1 1 1 1 1 1 1 1 1 1 1 1 1 1 1 1 1 1 1 1 1 1 1 1 1 1 1 1 1 1 1 1 1 1 1 1 1 1 1 1 1 1 1 1 1 1 1 1 1 1 1 1 1 1 1 1 1 1 1 1 1 1 1 1 1 1 1 1 1 1 1 1 1 1 1 1 1 1 1 1 1 1 1 1 1 1 1 1 1 1 1 1 1 1 1 1 1 1 1 1 1 1 1 1 1 1 1 1 1 1 1 1 1 1 1 1 1 1 1 1 1 1 1 1 1 1 1 1 1 1 1 1 1 1 1 1 1 1 1 1 1 1 1 1 1 1 1 1 1 1 1 1 1 1 1 1 1 1 1 1 1 1 1 1 1 1 1 1 1 1 1 1 1 1 1 1 1 1 1 1 1 1 1 1 1 1 1 1 1 1 1 1 1 1 1 1 1 1 1 1 1 1 1 1 1 1 1 1 1 1 1 1 1 1 1 1 1 1 1 1 1 1 1 1 1 1 1 1 1 1 1 1 1 1 1 1 1 1 1 1 1 1 1 1 1 1 1 1 1 1 1 1 1 1 1 1 1 1 1 1 1 1 1 1 1 1 1 1 1 1 1 1 1 1 1 1 1 1 1 1 1 1 1 1 1 1 1 1 1 1 1 1 1 1 1 1 1 1 1 1 1 1 1 1 1 1 1 1 1 1 1 1 1 1 1 1 1 1 1 1 1 1 1 1 1 1 1 1 1 1 1 1 1 1 1 1 1 1 1 1 1 1 1 1 1 1 1 1 1 1 1 1 1 1 1 1 1 1 1 1 1 1 1 1 1 1 1 1 1 1 1 1 1 1 1 1 1 1 1 1 1 1 1 1 1 1 1 1 1 1 1 1 1 1 1 1 1 1 1 1 1 1 1 1 1 1 1 1 1 1 1 1 1 1 1 1 1 1 1 1 1 1 1 1 1 1 1 1 1 1 1 1 1 1 1 1 1 1 1 1 1 1 1 1 1 1 1 1 1 1 1 1 1 1 1 1 1 1 1 1 1 1 1 1 1 1 1 1 1 1 1 1 1 1 1 1 1 1 1 1 1 1 1 1 1 1 1 1 1 1 1 1 1 1 1 1 1 1 1 1 1 1 1 1 1 1 1 1 1 1 1 1 1 1 1 1 1 1 1 1 1 1 1 1 1 1 1 1 1 1 1 1 1 1 1 1 1 1 1 1 1 1 1 1 1 1 1 1 1 1 1 1 1 1 1 1 1 1 1 1 1 1 1 1 1 1 1 1 1 1 1 1 1 1 1 1 1 1 1 1 1 1 1 1 1 1 1 1 1 1 1 1 1 1 1 1 1 1 1 1 1 1 1 1 1 1 1 1 1 1 1 1 1 1 1 1 1 1 1 1 1 1 1 1 1 1 1 1 1 1 1 1 1 1 1 1 1 1 1 1 1 1 1 1 1 1 1 1 1 1 1 1 1 1 1 1 1 1 1 1 1 1 1 1 1 1 1 1 1 1 1 1 1 1 1 1 1 1 1 1 1 1 1 1 1 1 1 1 1 1 1 1 1 1 1 1 1 1 1 1 1 1 1 1 1 1 1 1 1 1 1 1 1 1 1 1 1 1 1 1 1 1 1 1 1 1 1 1 1 1 1 1 1 1 1 1 1 1 1 1 1 1 1 1 1 1 1 1 1 1 1 1 1 1 1 1 1 1 1 1 1 1 1 1 1 1 1 1 1 1 1 1 1 1 1 1 1 1 1 1 1 1 1 1 1 1 1 1 1 1 1 1 1 1 1 1 1 1 1 1 1 1 1 1 1 1 1 1 1 1 1 1 1 1 1 1 1 1 1 1 1 1 1 1 1 1 1 1 1 1 1 1 1 1 1 1 1 1 1 1 1 1 1 1 1 1 1 1 1 1 1 1 1 1 1 1 1 1 1 1 1 1 1 1 1 1 1 1 1 1 1 1 1 1 1 1 1 1 1 1 1 1 1 1 1 1 1 1 1 1 1 1 1 1 1 1 1 1 1 1 1 1 1 1 1 1 1 1 1 1 1 1 1 1 1 1 1 1 1 1 1 1 1 1 1 1 1 1 1 1 1 1 1 1 1 1 1 1 1 1 1 1 1 1 1 1 1 1 1 1 1 1 1 1 1 1 1 1 1 1 1 1 1 1 1 1 1 1 1 1 1 1 1 1 1 1 1 1 1 1 1 1 1 1 1 1 1 1 1 1 1 1 1 1 1 1 1 1 1 1 1 1 1 1 1 1 1 1 1 1 1 1 1 1 1 1 1 1 1 1 1 1 1 1 1 1 1 1 1 1 1 1 1 1 1 1 1 1 1 1 1 1 1 1 1 1 1 1 1 1 1 1 1 1 1 1 1 1 1 1 1 1 1 1 1 1 1 1 1 1 1 1 1 1 1 1 1 1 1 1 1 1 1 1 1 1 1 1 1 1 1 1 1 1 1 1 1 1 1 1 1 1 1 1 1 1 1 1 1 1 1 1 1 1 1 1 1 1 1 1 1 1 1 1 1 1 1 1 1 1 1 1 1 1 1 1 1 1 1 1 1 1 1 1 1 1 1 1 1 1 1 1 1 1 1 1 1 1 1 1 1 1 1 1 1 1 1 1 1 1 1 1 1 1 1 1 1 1 1 1 1 1 1 1 1 1 1 1 1 1 1 1 1 1 1 1 1 1 1 1 1 1 1 1 1 1 1 1 1 1 1 1 1 1 1 1 1 1 1 1 1 1 1 1 1 1 1 1 1 1 1 1 1 1 1 1 1 1 1 1 1 1 1 1 1 1 1 1 1 1 1 1 1 1 1 1 1 1 1 1 1 1 1 1 1 1 1 1 1 1 1 1 1 1 1 1 1 1 1 1 1 1 1 1 1 1 1 1 1 1 1 1 1 1 1 1 1 1 1 1 1 1 1 1 1 1 1 1 1 1 1 1 1 1 1 1 1 1 1 1 1 1 1 1 1 1 1 1 1 1 1 1 1 1 1 1 1 1 1 1 1 1 1 1 1 1 1 1 1 1 1 1 1 1 1 1 1 1 1 1 1 1 1 1 1 1 1 1 1 1 1 1 1 1 1 1 1 1 1 1 1 1 1 1 1 1 1 1 1 1 1 1 1 1 1 1 1 1 1 1 1 1 1 1 1 1 1 1 1 1 1 1 1 1 1 1 1 1 1 1 1 1 1 1 1 1 1 1 1 1 1 1 1 1 1 1 1 1 1 1 1 1 1 1 1 1 1 1 1 1 1 1 1 1 1 1 1 1 1 1 1 1 1 1 1 1 1 1 1 1 1 1 1 1 1 1 1 1 1 1 1 1 1 1 1 1 1 1 1 1 1 1 1 1 1 1 1 1 1 1 1 1 1 1 1 1 1 1 1 1 1 1 1 1 1 1 1 1 1 1 1 1 1 1 1 1 1 1 1 1 1 1 1 1 1 1 1 1 1 1 1 1 1 1 1 1 1 1 1 1 1 1 1 1 1 1 1 1 1 1 1 1 1 1 1 1 1 1 1 1 1 1 1 1 1 1 1 1 1 1 1 1 1 1 1 1 1 1 1 1 1 1 1 1 1 1 1 1 1 1 1 1 1 1 1 1 1 1 1 1 1 1 1 1 1 1 1 1 1 1 1 1 1 1 1 1 1 1 1 1 1 1 1 1 1 1 1 1 1 1 1 1 1 1 1 1 1 1 1 1 1 1 1 1 1 1 1 1 1 1 1 1 1 1 1 1 1 1 1 1 1 1 1 1 1 1 1 1 1 1 1 1 1 1 1 1 1 1 1 1 1 1 1 1 1 1 1 1 1 1 1 1 1 1 1 1 1 1 1 1 1 1 1 1 1 1 1 1 1 1 1 1 1 1 1 1 1 1 1 1 1 1 1 1 1 1 1 1 1 1 1 1 1 1 1 1 1 1 1 1 1 1 1 1 1 1 1 1 1 1 1 1 1 1 1 1 1 1 1 1 1 1 1 1 1 1 1 1 1 1 1 1 1 1 1 1 1 1 1 1 1 1 1 1 1 1 1 1 1 1 1 1 1 1 1 1 1 1 1 1 1 1 1 1 1 1 1 1 1 1 1 1 1 1 1 1 1 1 1 1 1 1 1 1 1 1 1 1 1 1 1 1 1 1 1 1 1 1 1 1 1 1 1 1 1 1 1 1 1 1 1 1 1 1 1 1 1 1 1 1 1 1 1 1 1 1 1 1 1 1 1 1 1 1 1 1 1 1 1 1 1 1 1 1 1 1 1 1 1 1 1 1 1 1 1 1 1 1 1 1 1 1 1 1 1 1 1 1 1 1 1 1 1 1 1 1 1 1 1 1 1 1 1 1 1 1 1 1 1 1 1 1 1 1 1 1 1 1 1 1 1 1 1 1 1 1 1 1 1 1 1 1 1 1 1 1 1 1 1 1 1 1 1 1 1 1 1 1 1 1 1 1 1 1 1 1 1 1 1 1 1 1 1 1 1 1 1 1 1 1 1 1 1 1 1 1 1 1 1 1 1 1 1 1 1 1 1 1 1 1 1 1 1 1 1 1 1 1 1 1 1 1 1 1 1 1 1 1 1 1 1 1 1 1 1 1 1 1 1 1 1 1 1 1 1 1 1 1 1 1 1 1 1 1 1 1 1 1 1 1 1 1 1 1 1 1 1 1 1 1 1 1 1 1 1 1 1 1 1 1 1 1 1 1 1 1 1 1 1 1 1 1 1 1 1 1 1 1 1 1 1 1 1 1 1 1 1 1 1 1 1 1 1 1 1 1 1 1 1 1 1 1 1 1 1 1 1 1 1 1 1 1 1 1 1 1 1 1 1 1 1 1 1 1 1 1 1 1 1 1 1 1 1 1 1 1 1 1 1 1 1 1 1 1 1 1 1 1 1 1 1 1 1 1 1 1 1 1 1 1 1 1 1 1 1 1 1 1 1 1 1 1 1 1 1 1 1 1 1 1 1 1 1 1 1 1 1 1 1 1 1 1 1 1 1 1 1 1 1 1 1 1 1 1 1 1 1 1 1 1 1 1 1 1 1 1 1 1 1 1 1 1 1 1 1 1 1 1 1 1 1 1 1 1 1 1 1 1 1 1 1 1 1 1 1 1 1 1 1 1 1 1 1 1 1 1 1 1 1 1 1 1 1 1 1 1 1 1 1 1 1 1 1 1 1 1 1 1 1 1 1 1 1 1 1 1 1 1 1 1 1 1 1 1 1 1 1 1 1 1 1 1 1 1 1 1 1 1 1 1 1 1 1 1 1 1 1 1 1 1 1 1 1 1 1 1 1 1 1 1 1 1 1 1 1 1 1 1 1 1 1 1 1 1 1 1 1 1 1 1 1 1 1 1 1 1 1 1 1 1 1 1 1 1 1
        </DataArray>
      </Cells>
      <PointData>
        <DataArray type="Int32" Name="ParticleID" format="ascii">
          1670 1674 1675 1676 1677 1678 1712 1746 1780 1984 2087 2176 2177 2178 2179 2180 2187 2220 2221 2223 2253 2254 2255 2257 2258 2287 2288 2289 2290 2319 2324 2325 2326 2352 2357 2358 2359 2386 2392 2393 2427 2455 2461 2489 2495 2529 2530 2563 2564 2565 2593 2596 2625 2631 2665 2699 2733 2767 2799 2801 2832 2833 2835 2865 2866 2867 2869 2899 2900 2901 2902 2936 2937 2938 2970 2971 2998 3004 3377 3410 3411 3443 3444 3445 3680 3843 7110 7117 7118 7424 7627 7661 7695 7727 7728 7729 7730 7763 7764 7792 7798 7826 7832 7935 7969 8035 8036 8069 8239 8272 8273 8306 8307 8308 8342 8376 8410 8444 8607 9086 9250 9283 12818 12852 12853 12854 12855 12856 12858 12861 12862 12863 12864 12887 12888 12889 12890 12891 12892 12897 12898 12925 12932 12959 13167 13168 13169 13170 13201 13202 13203 13204 13227 13228 13231 13232 13236 13237 13238 13266 13271 13272 13306 13307 13340 13341 13373 13374 13375 13397 13398 13401 13402 13409 13436 13443 13446 13473 13474 13475 13476 13479 13502 13508 13509 13510 13533 13534 13537 13538 13542 13543 13544 13568 13572 13577 13578 13602 13611 13636 13638 13644 13645 13674 13676 13678 13708 13742 13781 13782 13815 13816 13850 13884 13917 13950 13951 14047 14048 14049 14050 14081 14082 14083 14115 14116 14149 14228 14493 14526 14559 14560 14592 14593 14689 14690 14723 17988 17989 17990 17991 17992 17993 17998 18258 18292 18293 18294 18295 18296 18300 18301 18302 18303 18304 18307 18308 18326 18327 18328 18329 18330 18335 18336 18337 18338 18360 18361 18362 18363 18364 18370 18371 18372 18397 18398 18405 18406 18440 18607 18608 18609 18610 18641 18642 18643 18644 18668 18675 18676 18677 18678 18709 18710 18711 18712 18744 18745 18746 18778 18779 18815 18842 18845 18849 18852 18879 18883 18886 18913 18914 18915 18916 18919 18947 18948 18949 18950 18974 18981 18982 18983 18984 19015 19016 19017 19018 19049 19050 19051 19052 19053 19083 19084 19085 19219 19220 19221 19222 19254 19255 19256 19288 19289 19290 19322 19323 19324 19355 19356 19357 19388 19421 19422 19451 19452 19455 19456 19630 19655 19899 19933 20095 20096 20097 20129 20130 23426 23427 23428 23429 23430 23431 23432 23433 23435 23436 23437 23438 23461 23462 23463 23464 23472 23634 23638 23668 23672 23674 23702 23706 23732 23733 23734 23735 23736 23740 23741 23742 23743 23744 23748 23766 23767 23768 23769 23770 23774 23775 23776 23777 23778 23781 23800 23801 23802 23803 23804 23808 23809 23810 23811 23812 23834 23835 23836 23837 23838 23843 23844 23845 23846 23878 23879 23880 23881 23882 23883 24047 24048 24049 24050 24081 24082 24083 24084 24085 24086 24115 24116 24117 24118 24119 24149 24150 24151 24152 24183 24184 24185 24186 24253 24254 24258 24285 24286 24287 24292 24319 24320 24321 24323 24326 24353 24354 24355 24356 24357 24358 24359 24387 24388 24389 24390 24391 24392 24393 24421 24422 24423 24424 24425 24426 24427 24455 24456 24457 24458 24459 24460 24461 24489 24490 24491 24492 24493 24494 24495 24628 24659 24660 24661 24662 24664 24665 24693 24694 24695 24696 24698 24727 24728 24729 24730 24761 24762 24763 24764 24794 24796 24797 24828 24831 24858 24862 24865 24892 24896 24898 24899 24904 24923 24924 24925 24926 24932 24933 24934 24937 24957 24958 24959 24960 24967 24968 24991 24992 24993 24994 25001 25002 25025 25026 25027 25028 25034 25035 25036 25059 25060 25061 25062 25068 25069 25070 25093 25094 25095 25339 25340 25373 25374 25470 25471 25501 25502 25503 25504 25510 25537 29172 29173 29174 29175 29176 29180 29182 29183 29184 29206 29207 29208 29209 29210 29217 29218 29242 29243 29244 29251 29252 29278 29286 29487 29488 29489 29490 29521 29522 29523 29524 29557 29558 29592 29691 29693 29725 29727 29763 29793 29794 29795 29796 29800 29827 29828 29829 29830 29833 29861 29862 29863 29864 29867 29896 29897 29898 29931 30100 30101 30102 30134 30136 30170 30332 30813 30814 30815 30844 30845 30874 30875 30876 30877 30878 30907 30908 30909 30910 30911 30916 30917 30943 30944 34646 34821 34822 34855 34856 34857 34858 34889 34890 34891 34892 34897 34898 34926 35059 35060 35061 35064 35093 35094 35095 35096 35097 35098 35127 35128 35129 35130 35131 35132 35135 35161 35162 35163 35164 35165 35169 35195 35196 35197 35198 35199 35200 35201 35203 35204 35365 35366 35367 35368 35399 35400 35401 35402 35433 35434 35435 35436 35467 35468 35469 35470 35475 35671 35672 35705 36114 36115 36116 36148 36149 36150 36182 36183 36184 36215 36216 36217 36218 36248 36249 36250 36251 36252 36279 36280 36281 36282 36283 36284 36285 36288 36289 36290 36313 36314 36315 36316 36317 36318 36321 36322 36323 36324 36325 36348 36349 36350 36351 40060 40329 40330 40362 40366 40395 40396 40601 40635 40636 40637 40639 40640 40672 40676 41428 41515 41516 41517 41518 41519 41520 41521 41522 41549 41550 41551 41552 41553 41554 41555 41556 41583 41584 41585 41586 41587 41588 41589 41590 41617 41618 41619 41620 41621 41622 41623 41624 41651 41652 41653 41654 41655 41656 41657 41658 41685 41686 41687 41688 41689 41690 41691 41692 41719 41720 41721 41722 41723 41724 41725 41727 41728 41729 41730 41731 41732 41753 41754 41755 41756 41757 41758 45496 45500 45504 45666 45699 45700 45732 45733 45802 45806 45836 45870 45904 45971 45972 46005 46006 46038 46039 46040 46071 46072 46073 46074 46108 46112 46116 46244 46277 46278 46310 46311 46312 46344 46345 46346 46352 46380 46414 46448 46482 46516 46690 46868 46889 46890 46902 46921 46922 46923 46924 46925 46926 46927 46928 46936 46955 46956 46957 46958 46959 46960 46961 46962 46989 46990 46991 46992 46993 46994 46995 46996 47023 47024 47025 47026 47027 47028 47029 47030 47057 47058 47059 47060 47061 47062 47063 47064 47091 47092 47093 47094 47095 47096 47097 47098 47125 47126 47127 47128 47129 47130 47131 47132 47159 47160 47161 47162 47163 47164 47165 47171 47172 50762 50796 51242 51276 51378 51412 51445 51446 51478 51479 51480 51511 51512 51513 51514 51717 51751 51785 52330 52331 52332 52333 52334 52365 52366 52367 52368 52400 52401 52402 52435 52436 52470 52497 52503 52504 52536 52537 52538 52566 52567 52568 52569 52570 52571 52572 56168 56202 56343 56344 56347 56376 56377 56409 56410 56411 56412 56413 56414 56415 56416 56442 56443 56444 56445 56446 56447 56448 56449 56450 56451 56452 56453 56454 56475 56476 56477 56478 56479 56480 56481 56482 56483 56484 56485 56486 56487 56488 56489 56755 56818 56821 56823 56824 56825 56826 56827 56828 56852 56856 56857 56858 56859 56860 56861 56862 56889 56890 56891 56892 56893 56894 56895 56896 56922 56923 56924 56925 56926 56927 56928 56929 56930 56931 56955 56956 56957 56958 56959 56960 56961 56962 56963 56964 56965 56988 56989 56990 56991 56992 56993 56994 56995 56996 56997 56998 56999 57021 57022 57023 57024 57025 57026 57027 57028 57029 57030 57031 57032 57033 57034 57054 57055 57056 57057 57058 57059 57060 57061 57062 57063 57064 57065 57066 57067 57068 57087 57088 57089 57090 57091 57092 57093 57094 57095 57096 57097 57098 57099 57100 57101 57102 57401 57434 57435 57436 57437 57438 57439 57440 57467 57468 57469 57470 57471 57472 57473 57500 57501 57502 57503 57504 57505 57506 57507 57533 57534 57535 57536 57537 57538 57539 57540 57566 57567 57568 57569 57570 57571 57572 57573 57600 57601 57602 57603 57604 57605 57606 57607 57633 57634 57635 57636 57637 57638 57639 57640 57641 57666 57667 57668 57669 57670 57671 57672 57673 57674 57675 57699 57700 57701 57702 57703 57704 57705 57706 57707 57708 57709 57710 57711 61574 61608 61679 61680 61681 61682 61683 61783 61816 61817 61818 61819 61820 61821 61822 61849 61850 61851 61852 61853 61854 61855 61856 61857 61858 61882 61883 61884 61885 61886 61887 61888 61889 61890 61891 61892 61893 61894 61915 61916 61917 61918 61919 61920 61921 61923 61924 61925 61926 61927 61928 61929 61930 61949 61957 61983 61991 62017 62025 62051 62059 62085 62093 62119 62127 62153 62161 62187 62221 62229 62230 62231 62232 62233 62255 62257 62258 62259 62260 62261 62263 62264 62265 62266 62267 62268 62289 62291 62292 62293 62294 62295 62296 62297 62298 62299 62300 62301 62302 62323 62329 62330 62331 62332 62333 62334 62335 62336 62357 62362 62363 62364 62365 62366 62367 62368 62369 62370 62391 62395 62396 62397 62398 62399 62400 62401 62402 62403 62404 62405 62425 62428 62429 62430 62431 62432 62433 62434 62435 62436 62437 62438 62439 62459 62461 62462 62463 62464 62465 62466 62467 62468 62469 62470 62471 62472 62473 62474 62493 62494 62495 62496 62497 62498 62499 62500 62501 62502 62503 62504 62505 62506 62507 62508 62527 62528 62529 62530 62531 62532 62533 62534 62535 62536 62537 62538 62539 62540 62541 62542 62561 62569 62595 62603 62629 62637 62663 62671 62697 62705 62731 62739 62765 62773 62799 62833 62841 62842 62843 62844 62845 62846 62867 62874 62875 62876 62877 62878 62879 62901 62907 62908 62909 62910 62911 62912 62940 62941 62942 62943 62944 62945 62946 62973 62974 62975 62976 62977 62978 62979 63007 63008 63009 63010 63011 63012 63013 63040 63041 63042 63043 63044 63045 63046 63047 63073 63074 63075 63076 63077 63078 63079 63080 63081 63106 63107 63108 63109 63110 63111 63112 63113 63114 63115 63139 63140 63141 63142 63143 63144 63145 63146 63147 63148 63149 63150 63173 63181 63215 66980 67014 67120 67121 67122 67123 67154 67155 67156 67287 67321 67329 67330 67331 67363 67364 67365 67366 67367 67389 67423 67430 67431 67457 67465 67491 67499 67500 67525 67533 67534 67559 67560 67567 67568 67593 67661 67669 67670 67695 67698 67699 67700 67701 67703 67704 67729 67732 67733 67734 67735 67736 67737 67738 67763 67766 67767 67768 67769 67770 67771 67772 67797 67801 67802 67803 67804 67805 67806 67807 67831 67835 67836 67837 67838 67839 67840 67841 67865 67868 67869 67870 67871 67872 67873 67874 67875 67876 67899 67901 67902 67903 67904 67905 67906 67907 67908 67909 67910 67911 67933 67934 67935 67936 67937 67938 67939 67940 67941 67942 67943 67944 67945 67946 67967 67968 67969 67970 67971 67972 67973 67974 67975 67976 67977 67978 67979 67980 67981 67982 68001 68002 68009 68010 68035 68036 68043 68044 68069 68070 68077 68078 68103 68104 68111 68112 68137 68138 68145 68146 68171 68172 68205 68239 68248 68249 68273 68281 68282 68307 68315 68316 68349 68514 68548 72386 72420 72561 72562 72563 72595 72596 72629 72803 72870 72903 72904 72938 72965 73039 73040 73139 73140 73141 73173 73174 73175 73207 73208 73241 73339 73340 73347 73373 73381 73382 73383 73411 73415 73416 73417 73418 73441 73442 73448 73449 73450 73475 73476 73483 73509 73510 73517 73543 73544 73551 73577 73578 77792 77826 77860 78002 78003 78036 78310 78318 78343 78344 78376 78377 78378 78410 78411 78412 78444 78445 78446 78447 78448 78449 78478 78479 78480 78482 78512 78513 78514 78546 78547 78548 78579 78580 78581 78614 78615 78648 78888 78921 78922 78955 78956 78989 78990 79022 79023 79024 79056 79057 79058 79090 79091 79092 79124 79125 79126 79158 79159 79160 83138 83198 83232 83266 83442 83443 83750 83758 83783 83784 83816 83817 83818 83850 83851 83852 83853 83854 83855 83856 83884 83885 83886 83887 83888 83889 83919 83920 83921 83922 83953 83954 83955 83987 83988 84020 84021 84054 84055 84088 84327 84328 84361 84362 84370 84395 84396 84429 84430 84463 84464 84465 84466 84467 84468 84497 84498 84499 84500 84501 84531 84532 84533 84534 84565 84566 84567 84599 84600 84633 88578 88604 88612 88638 88646 88651 88672 88680 88684 88714 88883 89190 89198 89223 89224 89257 89258 89259 89260 89261 89262 89263 89291 89292 89293 89294 89295 89296 89325 89326 89327 89328 89329 89359 89360 89361 89362 89393 89394 89395 89427 89428 89461 89495 89768 89776 89801 89802 89835 89836 89838 89839 89840 89841 89842 89869 89870 89871 89872 89873 89874 89875 89903 89904 89905 89906 89907 89908 89937 89938 89939 89940 89941 89971 89972 89973 89974 90005 90006 90007 90039 90040 94018 94044 94052 94053 94054 94055 94056 94057 94058 94086 94087 94088 94089 94090 94091 94121 94122 94123 94124 94630 94637 94664 94665 94666 94667 94668 94669 94670 94698 94699 94700 94701 94702 94703 94732 94733 94734 94735 94736 94766 94767 94768 94769 94800 94801 94802 94834 94835 94868 95208 95216 95242 95243 95244 95245 95246 95247 95248 95249 95276 95277 95278 95279 95280 95281 95282 95310 95311 95312 95313 95314 95315 95344 95345 95346 95347 95348 95378 95379 95380 95381 95412 95413 95414 95446 95447 95480 99484 295732 1670 1674 1675 1676 1677 1678 1712 1746 1780 1984 2087 2176 2177 2178 2179 2180 2187 2220 2221 2223 2253 2254 2255 2257 2258 2287 2288 2289 2290 2319 2324 2325 2326 2352 2357 2358 2359 2386 2392 2393 2427 2455 2461 2489 2495 2529 2530 2563 2564 2565 2593 2596 2625 2631 2665 2699 2733 2767 2799 2801 2832 2833 2835 2865 2866 2867 2869 2899 2900 2901 2902 2936 2937 2938 2970 2971 2998 3004 3377 3410 3411 3443 3444 3445 3680 3843 7110 7117 7118 7424 7627 7661 7695 7727 7728 7729 7730 7763 7764 7792 7798 7826 7832 7935 7969 8035 8036 8069 8239 8272 8273 8306 8307 8308 8342 8376 8410 8444 8607 9086 9250 9283 12818 12852 12853 12854 12855 12856 12858 12861 12862 12863 12864 12887 12888 12889 12890 12891 12892 12897 12898 12925 12932 12959 13167 13168 13169 13170 13201 13202 13203 13204 13227 13228 13231 13232 13236 13237 13238 13266 13271 13272 13306 13307 13340 13341 13373 13374 13375 13397 13398 13401 13402 13409 13436 13443 13446 13473 13474 13475 13476 13479 13502 13508 13509 13510 13533 13534 13537 13538 13542 13543 13544 13568 13572 13577 13578 13602 13611 13636 13638 13644 13645 13674 13676 13678 13708 13742 13781 13782 13815 13816 13850 13884 13917 13950 13951 14047 14048 14049 14050 14081 14082 14083 14115 14116 14149 14228 14493 14526 14559 14560 14592 14593 14689 14690 14723 17988 17989 17990 17991 17992 17993 17998 18258 18292 18293 18294 18295 18296 18300 18301 18302 18303 18304 18307 18308 18326 18327 18328 18329 18330 18335 18336 18337 18338 18360 18361 18362 18363 18364 18370 18371 18372 18397 18398 18405 18406 18440 18607 18608 18609 18610 18641 18642 18643 18644 18668 18675 18676 18677 18678 18709 18710 18711 18712 18744 18745 18746 18778 18779 18815 18842 18845 18849 18852 18879 18883 18886 18913 18914 18915 18916 18919 18947 18948 18949 18950 18974 18981 18982 18983 18984 19015 19016 19017 19018 19049 19050 19051 19052 19053 19083 19084 19085 19219 19220 19221 19222 19254 19255 19256 19288 19289 19290 19322 19323 19324 19355 19356 19357 19388 19421 19422 19451 19452 19455 19456 19630 19655 19899 19933 20095 20096 20097 20129 20130 23426 23427 23428 23429 23430 23431 23432 23433 23435 23436 23437 23438 23461 23462 23463 23464 23472 23634 23638 23668 23672 23674 23702 23706 23732 23733 23734 23735 23736 23740 23741 23742 23743 23744 23748 23766 23767 23768 23769 23770 23774 23775 23776 23777 23778 23781 23800 23801 23802 23803 23804 23808 23809 23810 23811 23812 23834 23835 23836 23837 23838 23843 23844 23845 23846 23878 23879 23880 23881 23882 23883 24047 24048 24049 24050 24081 24082 24083 24084 24085 24086 24115 24116 24117 24118 24119 24149 24150 24151 24152 24183 24184 24185 24186 24253 24254 24258 24285 24286 24287 24292 24319 24320 24321 24323 24326 24353 24354 24355 24356 24357 24358 24359 24387 24388 24389 24390 24391 24392 24393 24421 24422 24423 24424 24425 24426 24427 24455 24456 24457 24458 24459 24460 24461 24489 24490 24491 24492 24493 24494 24495 24628 24659 24660 24661 24662 24664 24665 24693 24694 24695 24696 24698 24727 24728 24729 24730 24761 24762 24763 24764 24794 24796 24797 24828 24831 24858 24862 24865 24892 24896 24898 24899 24904 24923 24924 24925 24926 24932 24933 24934 24937 24957 24958 24959 24960 24967 24968 24991 24992 24993 24994 25001 25002 25025 25026 25027 25028 25034 25035 25036 25059 25060 25061 25062 25068 25069 25070 25093 25094 25095 25339 25340 25373 25374 25470 25471 25501 25502 25503 25504 25510 25537 29172 29173 29174 29175 29176 29180 29182 29183 29184 29206 29207 29208 29209 29210 29217 29218 29242 29243 29244 29251 29252 29278 29286 29487 29488 29489 29490 29521 29522 29523 29524 29557 29558 29592 29691 29693 29725 29727 29763 29793 29794 29795 29796 29800 29827 29828 29829 29830 29833 29861 29862 29863 29864 29867 29896 29897 29898 29931 30100 30101 30102 30134 30136 30170 30332 30813 30814 30815 30844 30845 30874 30875 30876 30877 30878 30907 30908 30909 30910 30911 30916 30917 30943 30944 34646 34821 34822 34855 34856 34857 34858 34889 34890 34891 34892 34897 34898 34926 35059 35060 35061 35064 35093 35094 35095 35096 35097 35098 35127 35128 35129 35130 35131 35132 35135 35161 35162 35163 35164 35165 35169 35195 35196 35197 35198 35199 35200 35201 35203 35204 35365 35366 35367 35368 35399 35400 35401 35402 35433 35434 35435 35436 35467 35468 35469 35470 35475 35671 35672 35705 36114 36115 36116 36148 36149 36150 36182 36183 36184 36215 36216 36217 36218 36248 36249 36250 36251 36252 36279 36280 36281 36282 36283 36284 36285 36288 36289 36290 36313 36314 36315 36316 36317 36318 36321 36322 36323 36324 36325 36348 36349 36350 36351 40060 40329 40330 40362 40366 40395 40396 40601 40635 40636 40637 40639 40640 40672 40676 41428 41515 41516 41517 41518 41519 41520 41521 41522 41549 41550 41551 41552 41553 41554 41555 41556 41583 41584 41585 41586 41587 41588 41589 41590 41617 41618 41619 41620 41621 41622 41623 41624 41651 41652 41653 41654 41655 41656 41657 41658 41685 41686 41687 41688 41689 41690 41691 41692 41719 41720 41721 41722 41723 41724 41725 41727 41728 41729 41730 41731 41732 41753 41754 41755 41756 41757 41758 45496 45500 45504 45666 45699 45700 45732 45733 45802 45806 45836 45870 45904 45971 45972 46005 46006 46038 46039 46040 46071 46072 46073 46074 46108 46112 46116 46244 46277 46278 46310 46311 46312 46344 46345 46346 46352 46380 46414 46448 46482 46516 46690 46868 46889 46890 46902 46921 46922 46923 46924 46925 46926 46927 46928 46936 46955 46956 46957 46958 46959 46960 46961 46962 46989 46990 46991 46992 46993 46994 46995 46996 47023 47024 47025 47026 47027 47028 47029 47030 47057 47058 47059 47060 47061 47062 47063 47064 47091 47092 47093 47094 47095 47096 47097 47098 47125 47126 47127 47128 47129 47130 47131 47132 47159 47160 47161 47162 47163 47164 47165 47171 47172 50762 50796 51242 51276 51378 51412 51445 51446 51478 51479 51480 51511 51512 51513 51514 51717 51751 51785 52330 52331 52332 52333 52334 52365 52366 52367 52368 52400 52401 52402 52435 52436 52470 52497 52503 52504 52536 52537 52538 52566 52567 52568 52569 52570 52571 52572 56168 56202 56343 56344 56347 56376 56377 56409 56410 56411 56412 56413 56414 56415 56416 56442 56443 56444 56445 56446 56447 56448 56449 56450 56451 56452 56453 56454 56475 56476 56477 56478 56479 56480 56481 56482 56483 56484 56485 56486 56487 56488 56489 56755 56818 56821 56823 56824 56825 56826 56827 56828 56852 56856 56857 56858 56859 56860 56861 56862 56889 56890 56891 56892 56893 56894 56895 56896 56922 56923 56924 56925 56926 56927 56928 56929 56930 56931 56955 56956 56957 56958 56959 56960 56961 56962 56963 56964 56965 56988 56989 56990 56991 56992 56993 56994 56995 56996 56997 56998 56999 57021 57022 57023 57024 57025 57026 57027 57028 57029 57030 57031 57032 57033 57034 57054 57055 57056 57057 57058 57059 57060 57061 57062 57063 57064 57065 57066 57067 57068 57087 57088 57089 57090 57091 57092 57093 57094 57095 57096 57097 57098 57099 57100 57101 57102 57401 57434 57435 57436 57437 57438 57439 57440 57467 57468 57469 57470 57471 57472 57473 57500 57501 57502 57503 57504 57505 57506 57507 57533 57534 57535 57536 57537 57538 57539 57540 57566 57567 57568 57569 57570 57571 57572 57573 57600 57601 57602 57603 57604 57605 57606 57607 57633 57634 57635 57636 57637 57638 57639 57640 57641 57666 57667 57668 57669 57670 57671 57672 57673 57674 57675 57699 57700 57701 57702 57703 57704 57705 57706 57707 57708 57709 57710 57711 61574 61608 61679 61680 61681 61682 61683 61783 61816 61817 61818 61819 61820 61821 61822 61849 61850 61851 61852 61853 61854 61855 61856 61857 61858 61882 61883 61884 61885 61886 61887 61888 61889 61890 61891 61892 61893 61894 61915 61916 61917 61918 61919 61920 61921 61923 61924 61925 61926 61927 61928 61929 61930 61949 61957 61983 61991 62017 62025 62051 62059 62085 62093 62119 62127 62153 62161 62187 62221 62229 62230 62231 62232 62233 62255 62257 62258 62259 62260 62261 62263 62264 62265 62266 62267 62268 62289 62291 62292 62293 62294 62295 62296 62297 62298 62299 62300 62301 62302 62323 62329 62330 62331 62332 62333 62334 62335 62336 62357 62362 62363 62364 62365 62366 62367 62368 62369 62370 62391 62395 62396 62397 62398 62399 62400 62401 62402 62403 62404 62405 62425 62428 62429 62430 62431 62432 62433 62434 62435 62436 62437 62438 62439 62459 62461 62462 62463 62464 62465 62466 62467 62468 62469 62470 62471 62472 62473 62474 62493 62494 62495 62496 62497 62498 62499 62500 62501 62502 62503 62504 62505 62506 62507 62508 62527 62528 62529 62530 62531 62532 62533 62534 62535 62536 62537 62538 62539 62540 62541 62542 62561 62569 62595 62603 62629 62637 62663 62671 62697 62705 62731 62739 62765 62773 62799 62833 62841 62842 62843 62844 62845 62846 62867 62874 62875 62876 62877 62878 62879 62901 62907 62908 62909 62910 62911 62912 62940 62941 62942 62943 62944 62945 62946 62973 62974 62975 62976 62977 62978 62979 63007 63008 63009 63010 63011 63012 63013 63040 63041 63042 63043 63044 63045 63046 63047 63073 63074 63075 63076 63077 63078 63079 63080 63081 63106 63107 63108 63109 63110 63111 63112 63113 63114 63115 63139 63140 63141 63142 63143 63144 63145 63146 63147 63148 63149 63150 63173 63181 63215 66980 67014 67120 67121 67122 67123 67154 67155 67156 67287 67321 67329 67330 67331 67363 67364 67365 67366 67367 67389 67423 67430 67431 67457 67465 67491 67499 67500 67525 67533 67534 67559 67560 67567 67568 67593 67661 67669 67670 67695 67698 67699 67700 67701 67703 67704 67729 67732 67733 67734 67735 67736 67737 67738 67763 67766 67767 67768 67769 67770 67771 67772 67797 67801 67802 67803 67804 67805 67806 67807 67831 67835 67836 67837 67838 67839 67840 67841 67865 67868 67869 67870 67871 67872 67873 67874 67875 67876 67899 67901 67902 67903 67904 67905 67906 67907 67908 67909 67910 67911 67933 67934 67935 67936 67937 67938 67939 67940 67941 67942 67943 67944 67945 67946 67967 67968 67969 67970 67971 67972 67973 67974 67975 67976 67977 67978 67979 67980 67981 67982 68001 68002 68009 68010 68035 68036 68043 68044 68069 68070 68077 68078 68103 68104 68111 68112 68137 68138 68145 68146 68171 68172 68205 68239 68248 68249 68273 68281 68282 68307 68315 68316 68349 68514 68548 72386 72420 72561 72562 72563 72595 72596 72629 72803 72870 72903 72904 72938 72965 73039 73040 73139 73140 73141 73173 73174 73175 73207 73208 73241 73339 73340 73347 73373 73381 73382 73383 73411 73415 73416 73417 73418 73441 73442 73448 73449 73450 73475 73476 73483 73509 73510 73517 73543 73544 73551 73577 73578 77792 77826 77860 78002 78003 78036 78310 78318 78343 78344 78376 78377 78378 78410 78411 78412 78444 78445 78446 78447 78448 78449 78478 78479 78480 78482 78512 78513 78514 78546 78547 78548 78579 78580 78581 78614 78615 78648 78888 78921 78922 78955 78956 78989 78990 79022 79023 79024 79056 79057 79058 79090 79091 79092 79124 79125 79126 79158 79159 79160 83138 83198 83232 83266 83442 83443 83750 83758 83783 83784 83816 83817 83818 83850 83851 83852 83853 83854 83855 83856 83884 83885 83886 83887 83888 83889 83919 83920 83921 83922 83953 83954 83955 83987 83988 84020 84021 84054 84055 84088 84327 84328 84361 84362 84370 84395 84396 84429 84430 84463 84464 84465 84466 84467 84468 84497 84498 84499 84500 84501 84531 84532 84533 84534 84565 84566 84567 84599 84600 84633 88578 88604 88612 88638 88646 88651 88672 88680 88684 88714 88883 89190 89198 89223 89224 89257 89258 89259 89260 89261 89262 89263 89291 89292 89293 89294 89295 89296 89325 89326 89327 89328 89329 89359 89360 89361 89362 89393 89394 89395 89427 89428 89461 89495 89768 89776 89801 89802 89835 89836 89838 89839 89840 89841 89842 89869 89870 89871 89872 89873 89874 89875 89903 89904 89905 89906 89907 89908 89937 89938 89939 89940 89941 89971 89972 89973 89974 90005 90006 90007 90039 90040 94018 94044 94052 94053 94054 94055 94056 94057 94058 94086 94087 94088 94089 94090 94091 94121 94122 94123 94124 94630 94637 94664 94665 94666 94667 94668 94669 94670 94698 94699 94700 94701 94702 94703 94732 94733 94734 94735 94736 94766 94767 94768 94769 94800 94801 94802 94834 94835 94868 95208 95216 95242 95243 95244 95245 95246 95247 95248 95249 95276 95277 95278 95279 95280 95281 95282 95310 95311 95312 95313 95314 95315 95344 95345 95346 95347 95348 95378 95379 95380 95381 95412 95413 95414 95446 95447 95480 99484 295732
        </DataArray>
        <DataArray type="Int32" Name="source" format="ascii">
          0 0 0 0 0 0 0 0 0 0 0 0 0 0 0 0 0 0 0 0 0 0 0 0 0 0 0 0 0 0 0 0 0 0 0 0 0 0 0 0 0 0 0 0 0 0 0 0 0 0 0 0 0 0 0 0 0 0 0 0 0 0 0 0 0 0 0 0 0 0 0 0 0 0 0 0 0 0 0 0 0 0 0 0 0 0 0 0 0 0 0 0 0 0 0 0 0 0 0 0 0 0 0 0 0 0 0 0 0 0 0 0 0 0 0 0 0 0 0 0 0 0 0 0 0 0 0 0 0 0 0 0 0 0 0 0 0 0 0 0 0 0 0 0 0 0 0 0 0 0 0 0 0 0 0 0 0 0 0 0 0 0 0 0 0 0 0 0 0 0 0 0 0 0 0 0 0 0 0 0 0 0 0 0 0 0 0 0 0 0 0 0 0 0 0 0 0 0 0 0 0 0 0 0 0 0 0 0 0 0 0 0 0 0 0 0 0 0 0 0 0 0 0 0 0 0 0 0 0 0 0 0 0 0 0 0 0 0 0 0 0 0 0 0 0 0 0 0 0 0 0 0 0 0 0 0 0 0 0 0 0 0 0 0 0 0 0 0 0 0 0 0 0 0 0 0 0 0 0 0 0 0 0 0 0 0 0 0 0 0 0 0 0 0 0 0 0 0 0 0 0 0 0 0 0 0 0 0 0 0 0 0 0 0 0 0 0 0 0 0 0 0 0 0 0 0 0 0 0 0 0 0 0 0 0 0 0 0 0 0 0 0 0 0 0 0 0 0 0 0 0 0 0 0 0 0 0 0 0 0 0 0 0 0 0 0 0 0 0 0 0 0 0 0 0 0 0 0 0 0 0 0 0 0 0 0 0 0 0 0 0 0 0 0 0 0 0 0 0 0 0 0 0 0 0 0 0 0 0 0 0 0 0 0 0 0 0 0 0 0 0 0 0 0 0 0 0 0 0 0 0 0 0 0 0 0 0 0 0 0 0 0 0 0 0 0 0 0 0 0 0 0 0 0 0 0 0 0 0 0 0 0 0 0 0 0 0 0 0 0 0 0 0 0 0 0 0 0 0 0 0 0 0 0 0 0 0 0 0 0 0 0 0 0 0 0 0 0 0 0 0 0 0 0 0 0 0 0 0 0 0 0 0 0 0 0 0 0 0 0 0 0 0 0 0 0 0 0 0 0 0 0 0 0 0 0 0 0 0 0 0 0 0 0 0 0 0 0 0 0 0 0 0 0 0 0 0 0 0 0 0 0 0 0 0 0 0 0 0 0 0 0 0 0 0 0 0 0 0 0 0 0 0 0 0 0 0 0 0 0 0 0 0 0 0 0 0 0 0 0 0 0 0 0 0 0 0 0 0 0 0 0 0 0 0 0 0 0 0 0 0 0 0 0 0 0 0 0 0 0 0 0 0 0 0 0 0 0 0 0 0 0 0 0 0 0 0 0 0 0 0 0 0 0 0 0 0 0 0 0 0 0 0 0 0 0 0 0 0 0 0 0 0 0 0 0 0 0 0 0 0 0 0 0 0 0 0 0 0 0 0 0 0 0 0 0 0 0 0 0 0 0 0 0 0 0 0 0 0 0 0 0 0 0 0 0 0 0 0 0 0 0 0 0 0 0 0 0 0 0 0 0 0 0 0 0 0 0 0 0 0 0 0 0 0 0 0 0 0 0 0 0 0 0 0 0 0 0 0 0 0 0 0 0 0 0 0 0 0 0 0 0 0 0 0 0 0 0 0 0 0 0 0 0 0 0 0 0 0 0 0 0 0 0 0 0 0 0 0 0 0 0 0 0 0 0 0 0 0 0 0 0 0 0 0 0 0 0 0 0 0 0 0 0 0 0 0 0 0 0 0 0 0 0 0 0 0 0 0 0 0 0 0 0 0 0 0 0 0 0 0 0 0 0 0 0 0 0 0 0 0 0 0 0 0 0 0 0 0 0 0 0 0 0 0 0 0 0 0 0 0 0 0 0 0 0 0 0 0 0 0 0 0 0 0 0 0 0 0 0 0 0 0 0 0 0 0 0 0 0 0 0 0 0 0 0 0 0 0 0 0 0 0 0 0 0 0 0 0 0 0 0 0 0 0 0 0 0 0 0 0 0 0 0 0 0 0 0 0 0 0 0 0 0 0 0 0 0 0 0 0 0 0 0 0 0 0 0 0 0 0 0 0 0 0 0 0 0 0 0 0 0 0 0 0 0 0 0 0 0 0 0 0 0 0 0 0 0 0 0 0 0 0 0 0 0 0 0 0 0 0 0 0 0 0 0 0 0 0 0 0 0 0 0 0 0 0 0 0 0 0 0 0 0 0 0 0 0 0 0 0 0 0 0 0 0 0 0 0 0 0 0 0 0 0 0 0 0 0 0 0 0 0 0 0 0 0 0 0 0 0 0 0 0 0 0 0 0 0 0 0 0 0 0 0 0 0 0 0 0 0 0 0 0 0 0 0 0 0 0 0 0 0 0 0 0 0 0 0 0 0 0 0 0 0 0 0 0 0 0 0 0 0 0 0 0 0 0 0 0 0 0 0 0 0 0 0 0 0 0 0 0 0 0 0 0 0 0 0 0 0 0 0 0 0 0 0 0 0 0 0 0 0 0 0 0 0 0 0 0 0 0 0 0 0 0 0 0 0 0 0 0 0 0 0 0 0 0 0 0 0 0 0 0 0 0 0 0 0 0 0 0 0 0 0 0 0 0 0 0 0 0 0 0 0 0 0 0 0 0 0 0 0 0 0 0 0 0 0 0 0 0 0 0 0 0 0 0 0 0 0 0 0 0 0 0 0 0 0 0 0 0 0 0 0 0 0 0 0 0 0 0 0 0 0 0 0 0 0 0 0 0 0 0 0 0 0 0 0 0 0 0 0 0 0 0 0 0 0 0 0 0 0 0 0 0 0 0 0 0 0 0 0 0 0 0 0 0 0 0 0 0 0 0 0 0 0 0 0 0 0 0 0 0 0 0 0 0 0 0 0 0 0 0 0 0 0 0 0 0 0 0 0 0 0 0 0 0 0 0 0 0 0 0 0 0 0 0 0 0 0 0 0 0 0 0 0 0 0 0 0 0 0 0 0 0 0 0 0 0 0 0 0 0 0 0 0 0 0 0 0 0 0 0 0 0 0 0 0 0 0 0 0 0 0 0 0 0 0 0 0 0 0 0 0 0 0 0 0 0 0 0 0 0 0 0 0 0 0 0 0 0 0 0 0 0 0 0 0 0 0 0 0 0 0 0 0 0 0 0 0 0 0 0 0 0 0 0 0 0 0 0 0 0 0 0 0 0 0 0 0 0 0 0 0 0 0 0 0 0 0 0 0 0 0 0 0 0 0 0 0 0 0 0 0 0 0 0 0 0 0 0 0 0 0 0 0 0 0 0 0 0 0 0 0 0 0 0 0 0 0 0 0 0 0 0 0 0 0 0 0 0 0 0 0 0 0 0 0 0 0 0 0 0 0 0 0 0 0 0 0 0 0 0 0 0 0 0 0 0 0 0 0 0 0 0 0 0 0 0 0 0 0 0 0 0 0 0 0 0 0 0 0 0 0 0 0 0 0 0 0 0 0 0 0 0 0 0 0 0 0 0 0 0 0 0 0 0 0 0 0 0 0 0 0 0 0 0 0 0 0 0 0 0 0 0 0 0 0 0 0 0 0 0 0 0 0 0 0 0 0 0 0 0 0 0 0 0 0 0 0 0 0 0 0 0 0 0 0 0 0 0 0 0 0 0 0 0 0 0 0 0 0 0 0 0 0 0 0 0 0 0 0 0 0 0 0 0 0 0 0 0 0 0 0 0 0 0 0 0 0 0 0 0 0 0 0 0 0 0 0 0 0 0 0 0 0 0 0 0 0 0 0 0 0 0 0 0 0 0 0 0 0 0 0 0 0 0 0 0 0 0 0 0 0 0 0 0 0 0 0 0 0 0 0 0 0 0 0 0 0 0 0 0 0 0 0 0 0 0 0 0 0 0 0 0 0 0 0 0 0 0 0 0 0 0 0 0 0 0 0 0 0 0 0 0 0 0 0 0 0 0 0 0 0 0 0 0 0 0 0 0 0 0 0 0 0 0 0 0 0 0 0 0 0 0 0 0 0 0 0 0 0 0 0 0 0 0 0 0 0 0 0 0 0 0 0 0 0 0 0 0 0 0 0 0 0 0 0 0 0 0 0 0 0 0 0 0 0 0 0 0 0 0 0 0 0 0 0 0 0 0 0 0 0 0 0 0 0 0 0 0 0 0 0 0 0 0 0 0 0 0 0 0 0 0 0 0 0 0 0 0 0 0 0 0 0 0 0 0 0 0 0 0 0 0 0 0 0 0 0 0 0 0 0 0 0 0 0 0 0 0 0 0 0 0 0 0 0 0 0 0 0 0 0 0 0 0 0 0 0 0 0 0 0 0 0 0 0 0 0 0 0 0 0 0 0 0 0 0 0 0 0 0 0 0 0 0 0 0 0 0 0 0 0 0 0 0 0 0 0 0 0 0 0 0 0 0 0 0 0 0 0 0 0 0 0 0 0 0 0 0 0 0 0 0 0 0 0 0 0 0 0 0 0 0 0 0 0 0 0 0 0 0 0 0 0 0 0 0 0 0 0 0 0 0 0 0 1 1 1 1 1 1 1 1 1 1 1 1 1 1 1 1 1 1 1 1 1 1 1 1 1 1 1 1 1 1 1 1 1 1 1 1 1 1 1 1 1 1 1 1 1 1 1 1 1 1 1 1 1 1 1 1 1 1 1 1 1 1 1 1 1 1 1 1 1 1 1 1 1 1 1 1 1 1 1 1 1 1 1 1 1 1 1 1 1 1 1 1 1 1 1 1 1 1 1 1 1 1 1 1 1 1 1 1 1 1 1 1 1 1 1 1 1 1 1 1 1 1 1 1 1 1 1 1 1 1 1 1 1 1 1 1 1 1 1 1 1 1 1 1 1 1 1 1 1 1 1 1 1 1 1 1 1 1 1 1 1 1 1 1 1 1 1 1 1 1 1 1 1 1 1 1 1 1 1 1 1 1 1 1 1 1 1 1 1 1 1 1 1 1 1 1 1 1 1 1 1 1 1 1 1 1 1 1 1 1 1 1 1 1 1 1 1 1 1 1 1 1 1 1 1 1 1 1 1 1 1 1 1 1 1 1 1 1 1 1 1 1 1 1 1 1 1 1 1 1 1 1 1 1 1 1 1 1 1 1 1 1 1 1 1 1 1 1 1 1 1 1 1 1 1 1 1 1 1 1 1 1 1 1 1 1 1 1 1 1 1 1 1 1 1 1 1 1 1 1 1 1 1 1 1 1 1 1 1 1 1 1 1 1 1 1 1 1 1 1 1 1 1 1 1 1 1 1 1 1 1 1 1 1 1 1 1 1 1 1 1 1 1 1 1 1 1 1 1 1 1 1 1 1 1 1 1 1 1 1 1 1 1 1 1 1 1 1 1 1 1 1 1 1 1 1 1 1 1 1 1 1 1 1 1 1 1 1 1 1 1 1 1 1 1 1 1 1 1 1 1 1 1 1 1 1 1 1 1 1 1 1 1 1 1 1 1 1 1 1 1 1 1 1 1 1 1 1 1 1 1 1 1 1 1 1 1 1 1 1 1 1 1 1 1 1 1 1 1 1 1 1 1 1 1 1 1 1 1 1 1 1 1 1 1 1 1 1 1 1 1 1 1 1 1 1 1 1 1 1 1 1 1 1 1 1 1 1 1 1 1 1 1 1 1 1 1 1 1 1 1 1 1 1 1 1 1 1 1 1 1 1 1 1 1 1 1 1 1 1 1 1 1 1 1 1 1 1 1 1 1 1 1 1 1 1 1 1 1 1 1 1 1 1 1 1 1 1 1 1 1 1 1 1 1 1 1 1 1 1 1 1 1 1 1 1 1 1 1 1 1 1 1 1 1 1 1 1 1 1 1 1 1 1 1 1 1 1 1 1 1 1 1 1 1 1 1 1 1 1 1 1 1 1 1 1 1 1 1 1 1 1 1 1 1 1 1 1 1 1 1 1 1 1 1 1 1 1 1 1 1 1 1 1 1 1 1 1 1 1 1 1 1 1 1 1 1 1 1 1 1 1 1 1 1 1 1 1 1 1 1 1 1 1 1 1 1 1 1 1 1 1 1 1 1 1 1 1 1 1 1 1 1 1 1 1 1 1 1 1 1 1 1 1 1 1 1 1 1 1 1 1 1 1 1 1 1 1 1 1 1 1 1 1 1 1 1 1 1 1 1 1 1 1 1 1 1 1 1 1 1 1 1 1 1 1 1 1 1 1 1 1 1 1 1 1 1 1 1 1 1 1 1 1 1 1 1 1 1 1 1 1 1 1 1 1 1 1 1 1 1 1 1 1 1 1 1 1 1 1 1 1 1 1 1 1 1 1 1 1 1 1 1 1 1 1 1 1 1 1 1 1 1 1 1 1 1 1 1 1 1 1 1 1 1 1 1 1 1 1 1 1 1 1 1 1 1 1 1 1 1 1 1 1 1 1 1 1 1 1 1 1 1 1 1 1 1 1 1 1 1 1 1 1 1 1 1 1 1 1 1 1 1 1 1 1 1 1 1 1 1 1 1 1 1 1 1 1 1 1 1 1 1 1 1 1 1 1 1 1 1 1 1 1 1 1 1 1 1 1 1 1 1 1 1 1 1 1 1 1 1 1 1 1 1 1 1 1 1 1 1 1 1 1 1 1 1 1 1 1 1 1 1 1 1 1 1 1 1 1 1 1 1 1 1 1 1 1 1 1 1 1 1 1 1 1 1 1 1 1 1 1 1 1 1 1 1 1 1 1 1 1 1 1 1 1 1 1 1 1 1 1 1 1 1 1 1 1 1 1 1 1 1 1 1 1 1 1 1 1 1 1 1 1 1 1 1 1 1 1 1 1 1 1 1 1 1 1 1 1 1 1 1 1 1 1 1 1 1 1 1 1 1 1 1 1 1 1 1 1 1 1 1 1 1 1 1 1 1 1 1 1 1 1 1 1 1 1 1 1 1 1 1 1 1 1 1 1 1 1 1 1 1 1 1 1 1 1 1 1 1 1 1 1 1 1 1 1 1 1 1 1 1 1 1 1 1 1 1 1 1 1 1 1 1 1 1 1 1 1 1 1 1 1 1 1 1 1 1 1 1 1 1 1 1 1 1 1 1 1 1 1 1 1 1 1 1 1 1 1 1 1 1 1 1 1 1 1 1 1 1 1 1 1 1 1 1 1 1 1 1 1 1 1 1 1 1 1 1 1 1 1 1 1 1 1 1 1 1 1 1 1 1 1 1 1 1 1 1 1 1 1 1 1 1 1 1 1 1 1 1 1 1 1 1 1 1 1 1 1 1 1 1 1 1 1 1 1 1 1 1 1 1 1 1 1 1 1 1 1 1 1 1 1 1 1 1 1 1 1 1 1 1 1 1 1 1 1 1 1 1 1 1 1 1 1 1 1 1 1 1 1 1 1 1 1 1 1 1 1 1 1 1 1 1 1 1 1 1 1 1 1 1 1 1 1 1 1 1 1 1 1 1 1 1 1 1 1 1 1 1 1 1 1 1 1 1 1 1 1 1 1 1 1 1 1 1 1 1 1 1 1 1 1 1 1 1 1 1 1 1 1 1 1 1 1 1 1 1 1 1 1 1 1 1 1 1 1 1 1 1 1 1 1 1 1 1 1 1 1 1 1 1 1 1 1 1 1 1 1 1 1 1 1 1 1 1 1 1 1 1 1 1 1 1 1 1 1 1 1 1 1 1 1 1 1 1 1 1 1 1 1 1 1 1 1 1 1 1 1 1 1 1 1 1 1 1 1 1 1 1 1 1 1 1 1 1 1 1 1 1 1 1 1 1 1 1 1 1 1 1 1 1 1 1 1 1 1 1 1 1 1 1 1 1 1 1 1 1 1 1 1 1 1 1 1 1 1 1 1 1 1 1 1 1 1 1 1 1 1 1 1 1 1 1 1 1 1 1 1 1 1 1 1 1 1 1 1 1 1 1 1 1 1 1 1 1 1 1 1 1 1 1 1 1 1 1 1 1 1 1 1 1 1 1 1 1 1 1 1 1 1 1 1 1 1 1 1 1 1 1 1 1 1 1 1 1 1 1 1 1 1 1 1 1 1 1 1 1 1 1 1 1 1 1 1 1 1 1 1 1 1 1 1 1 1 1 1 1 1 1 1 1 1 1 1 1 1 1 1 1 1 1 1 1 1 1 1 1 1 1 1 1 1 1 1 1 1 1 1 1 1 1 1 1 1 1 1 1 1 1 1 1 1 1 1 1 1 1 1 1 1 1 1 1 1 1 1 1 1 1 1 1 1 1 1 1 1 1 1 1 1 1 1 1 1 1 1 1 1 1 1 1 1 1 1 1 1 1 1 1 1 1 1 1 1 1 1 1 1 1 1 1 1 1 1 1 1 1 1 1 1 1 1 1 1 1 1 1 1 1 1 1 1 1 1 1 1 1 1 1 1 1 1 1 1 1 1 1 1 1 1 1 1 1 1 1 1 1 1 1 1 1 1 1 1 1 1 1 1 1 1 1 1 1 1 1 1 1 1 1 1 1 1 1 1 1 1 1 1 1 1 1 1 1 1 1 1 1 1 1 1 1 1 1 1 1 1 1 1 1 1 1 1 1 1 1 1 1 1 1 1 1 1 1 1 1 1 1 1 1 1 1 1 1 1 1 1 1 1 1 1 1 1 1 1 1 1 1 1 1 1 1 1 1 1 1 1 1 1 1 1 1 1 1 1 1 1 1 1 1 1 1 1 1 1 1 1 1 1 1 1 1 1 1 1 1 1 1 1 1 1 1 1 1 1 1 1 1 1 1 1 1 1 1 1 1 1 1 1 1 1 1 1 1 1 1 1 1 1 1 1 1 1 1 1 1 1 1 1 1 1 1 1 1 1 1 1 1 1 1 1 1 1 1 1 1 1 1 1 1 1 1 1 1 1 1 1 1 1 1 1 1 1 1 1 1 1 1 1 1 1 1 1 1 1 1 1 1 1 1 1 1 1 1 1 1 1 1 1 1 1 1 1 1 1 1 1 1 1 1 1 1 1 1 1 1 1 1 1 1 1 1 1 1 1 1 1 1 1 1 1 1 1 1 1 1 1 1 1 1 1 1 1 1 1 1 1 1 1 1 1 1 1 1 1 1 1 1 1 1 1 1 1 1 1 1 1 1 1 1 1 1 1 1 1 1 1 1 1 1 1 1 1 1 1 1 1 1 1 1 1 1 1 1 1 1 1
        </DataArray>
        <DataArray type="Float32" Name="error_magnitude" format="ascii">
          1.3612239e-05 1.3543684e-05 1.2408121e-05 1.3005413e-05 1.3605449e-05 1.4207827e-05 1.1163365e-05 1.182411e-05 1.07586275e-05 1.4948402e-05 1.07166425e-05 1.104854e-05 1.1551373e-05 1.1153586e-05 1.1113226e-05 1.0146666e-05 1.8989833e-05 2.2131819e-05 1.7404554e-05 1.1060796e-05 1.8555213e-05 2.0826245e-05 1.6166647e-05 1.2745321e-05 1.1023527e-05 1.9568492e-05 2.1661184e-05 2.3809676e-05 1.7445118e-05 1.0222666e-05 2.3655812e-05 1.1039338e-05 1.3069553e-05 1.1200549e-05 1.0593255e-05 2.649749e-05 1.544091e-05 1.2382835e-05 2.5421987e-05 1.4391207e-05 1.01918895e-05 1.0163952e-05 1.0797712e-05 1.0754423e-05 1.1839713e-05 1.3214169e-05 1.0990976e-05 1.4828152e-05 1.2690843e-05 1.07986725e-05 1.006789e-05 2.1069107e-05 1.1130251e-05 1.1935993e-05 1.3414297e-05 1.13949145e-05 1.0952487e-05 1.0781683e-05 2.357576e-05 1.1091122e-05 2.6211826e-05 2.3353035e-05 1.1842228e-05 2.161053e-05 2.4620454e-05 2.1767144e-05 1.16183455e-05 1.1048117e-05 1.2465654e-05 1.4397117e-05 1.6428332e-05 2.3664497e-05 1.4280361e-05 1.6278374e-05 2.3683613e-05 1.3747481e-05 1.2130796e-05 2.3921366e-05 1.0275276e-05 1.1321208e-05 1.0728234e-05 1.0845154e-05 1.2119276e-05 1.1527329e-05 1.0543499e-05 1.0630447e-05 1.05988565e-05 1.01910455e-05 1.0727701e-05 1.1571131e-05 1.0999909e-05 1.0286223e-05 1.0473717e-05 1.2790626e-05 1.4338823e-05 1.5996384e-05 1.6305032e-05 1.07727265e-05 1.7751936e-05 1.0817593e-05 1.6475471e-05 1.1163567e-05 1.5106654e-05 1.0001061e-05 1.1378977e-05 1.083783e-05 1.2848422e-05 1.0183003e-05 1.2502466e-05 1.0228961e-05 1.28578695e-05 1.1468701e-05 1.3958378e-05 1.0264688e-05 1.3152461e-05 1.2621836e-05 1.2428224e-05 1.2586692e-05 1.0290603e-05 1.09668945e-05 1.0020919e-05 1.1293139e-05 1.1642377e-05 1.199969e-05 1.2227948e-05 1.2461812e-05 1.2700977e-05 1.29451355e-05 1.0022979e-05 1.05887475e-05 1.1445916e-05 1.2333345e-05 1.3244979e-05 1.0041731e-05 1.0323244e-05 1.0610948e-05 1.0904324e-05 1.1008491e-05 1.1313433e-05 1.0769534e-05 1.1803463e-05 1.2094997e-05 1.0443854e-05 1.2654128e-05 1.2071655e-05 1.3420336e-05 1.4859421e-05 1.63651e-05 1.0134069e-05 1.1684198e-05 1.3311254e-05 1.4990138e-05 1.0997679e-05 1.1340344e-05 1.0872495e-05 1.231222e-05 1.008724e-05 1.190151e-05 1.3746342e-05 1.077741e-05 1.0684826e-05 1.2672002e-05 1.1948464e-05 1.00157695e-05 1.00220195e-05 1.0494577e-05 1.2905758e-05 1.080295e-05 1.131566e-05 1.0507963e-05 1.0971069e-05 1.0575731e-05 1.2460428e-05 1.2410958e-05 1.151958e-05 1.0844003e-05 1.0484057e-05 1.1154103e-05 1.2639323e-05 1.4357319e-05 1.6234344e-05 1.1633038e-05 1.0667212e-05 1.122512e-05 1.3187053e-05 1.526137e-05 1.0875743e-05 1.13683045e-05 1.0736521e-05 1.2678304e-05 1.0075407e-05 1.2258361e-05 1.4499613e-05 1.04415385e-05 1.2097213e-05 1.16287165e-05 1.3983165e-05 1.0928642e-05 1.1635237e-05 1.0197995e-05 1.0026232e-05 1.01951355e-05 1.1428023e-05 1.1227933e-05 1.0182308e-05 1.04842675e-05 1.1046333e-05 1.1295607e-05 1.0780902e-05 1.2342414e-05 1.0059509e-05 1.1855099e-05 1.1677222e-05 1.1822404e-05 1.0614391e-05 1.0106789e-05 1.0197087e-05 1.2595164e-05 1.3193762e-05 1.19927e-05 1.0725692e-05 1.129388e-05 1.1907426e-05 1.082845e-05 1.0375523e-05 1.0953826e-05 1.0491726e-05 1.021612e-05 1.0902854e-05 1.1407617e-05 1.0820121e-05 1.0590117e-05 1.0298257e-05 1.0090726e-05 1.0751576e-05 1.09790935e-05 1.0457196e-05 1.0220225e-05 1.0465054e-05 1.071139e-05 1.0048133e-05 1.02894255e-05 1.0532392e-05 1.0247439e-05 1.0663885e-05 1.4325776e-05 1.456707e-05 1.4811472e-05 1.50588185e-05 1.5308955e-05 1.16340925e-05 1.23764285e-05 1.3189143e-05 1.4014673e-05 1.4850873e-05 1.0150941e-05 1.0424978e-05 1.2413175e-05 1.2695417e-05 1.2980876e-05 1.3269314e-05 1.35605105e-05 1.0817489e-05 1.1737657e-05 1.2667372e-05 1.3604521e-05 1.0584813e-05 1.0911966e-05 1.1242063e-05 1.1574791e-05 1.1909977e-05 1.0374513e-05 1.1405191e-05 1.2439427e-05 1.0023399e-05 1.0403856e-05 1.0259664e-05 1.1380471e-05 1.048297e-05 1.4519021e-05 1.5839114e-05 1.7197877e-05 1.858678e-05 1.2943248e-05 1.4414405e-05 1.5913485e-05 1.7433133e-05 1.0434559e-05 1.1506983e-05 1.31222505e-05 1.4752072e-05 1.6392183e-05 1.0268438e-05 1.2005088e-05 1.3744759e-05 1.5486452e-05 1.1250554e-05 1.3059138e-05 1.4869292e-05 1.1327409e-05 1.3122961e-05 1.0445514e-05 1.0711421e-05 1.453046e-05 1.1497134e-05 1.30885255e-05 1.0590305e-05 1.2748211e-05 1.2840397e-05 1.3899492e-05 1.5474616e-05 1.7147697e-05 1.8892637e-05 1.2466888e-05 1.26759205e-05 1.4433527e-05 1.6258562e-05 1.8130602e-05 1.0040379e-05 1.1687495e-05 1.3603985e-05 1.555568e-05 1.7530856e-05 1.0997171e-05 1.3025995e-05 1.5064856e-05 1.7110196e-05 1.0950674e-05 1.3012492e-05 1.50762535e-05 1.2934067e-05 1.0222272e-05 1.0471812e-05 1.246058e-05 1.399806e-05 1.0774992e-05 1.20027225e-05 1.340307e-05 1.4927486e-05 1.1417641e-05 1.2987138e-05 1.4633294e-05 1.1150813e-05 1.2836778e-05 1.455918e-05 1.1224573e-05 1.2960914e-05 1.4708233e-05 1.0249851e-05 1.1956074e-05 1.3666049e-05 1.0174849e-05 1.0047905e-05 1.1592062e-05 1.03838265e-05 1.1018513e-05 1.1281157e-05 1.280664e-05 1.00213265e-05 1.0210452e-05 1.1605011e-05 1.290269e-05 1.0510881e-05 1.0748995e-05 1.0987266e-05 1.00033585e-05 1.0225537e-05 1.1140726e-05 1.1371299e-05 1.1602829e-05 1.1835256e-05 1.2068519e-05 1.083065e-05 1.1058167e-05 1.1286781e-05 1.0001468e-05 1.045213e-05 1.09040475e-05 1.1357039e-05 1.0084737e-05 1.034293e-05 1.0601924e-05 1.08616405e-05 1.03720695e-05 1.1317109e-05 1.16544425e-05 1.1623888e-05 1.2289098e-05 1.0161647e-05 1.054422e-05 1.1320144e-05 1.6871116e-05 1.710969e-05 1.735005e-05 1.7592114e-05 1.783578e-05 1.3680147e-05 1.4354345e-05 1.50812975e-05 1.5813452e-05 1.6550008e-05 1.2262381e-05 1.5260655e-05 1.5531155e-05 1.5803342e-05 1.6077112e-05 1.635233e-05 1.2277711e-05 1.3034053e-05 1.38469095e-05 1.4662892e-05 1.5481271e-05 1.0898787e-05 1.3737377e-05 1.4041129e-05 1.4346303e-05 1.4652775e-05 1.4960452e-05 1.096965e-05 1.1803974e-05 1.2697519e-05 1.359197e-05 1.4487094e-05 1.2333608e-05 1.26708555e-05 1.3009072e-05 1.3348184e-05 1.3688094e-05 1.0695257e-05 1.1658208e-05 1.2621112e-05 1.358385e-05 1.0783734e-05 1.1797722e-05 1.28134025e-05 1.1144036e-05 1.1995819e-05 1.1247485e-05 1.7270882e-05 1.847006e-05 1.9685584e-05 2.0914396e-05 1.5997763e-05 1.73057e-05 1.86241e-05 1.9950588e-05 1.0080728e-05 1.122498e-05 1.4846239e-05 1.625316e-05 1.7664737e-05 1.9079796e-05 1.0764177e-05 1.3846467e-05 1.5335268e-05 1.6824986e-05 1.8315197e-05 1.25654715e-05 1.4106428e-05 1.5649131e-05 1.7192891e-05 1.5604104e-05 1.07796e-05 1.2825297e-05 1.0970458e-05 1.688311e-05 1.4940163e-05 1.2441714e-05 1.4593274e-05 1.6300606e-05 1.43911e-05 1.0611455e-05 1.2336508e-05 1.7162341e-05 1.8625882e-05 2.013151e-05 2.1670174e-05 1.0240538e-05 1.1710424e-05 1.3554302e-05 1.6274358e-05 1.7847176e-05 1.9447463e-05 2.1068678e-05 1.1061457e-05 1.2402741e-05 1.2264153e-05 1.5563417e-05 1.7225893e-05 1.8902674e-05 2.0590038e-05 1.1064945e-05 1.2404236e-05 1.1620726e-05 1.5054263e-05 1.6779248e-05 1.8509261e-05 2.024279e-05 1.05469435e-05 1.19229435e-05 1.112885e-05 1.3099349e-05 1.484561e-05 1.6593667e-05 1.5094809e-05 1.1008421e-05 1.19524075e-05 1.0424923e-05 1.1138258e-05 1.3731332e-05 1.4970151e-05 1.628387e-05 1.7655573e-05 1.1041717e-05 1.0276412e-05 1.3301395e-05 1.4649879e-05 1.604641e-05 1.7479279e-05 1.0951403e-05 1.3122474e-05 1.4545005e-05 1.5993266e-05 1.7460643e-05 1.32044215e-05 1.4659874e-05 1.6126012e-05 1.7599972e-05 1.2724199e-05 1.1167219e-05 1.2611542e-05 1.4591383e-05 1.0640579e-05 1.4767504e-05 1.5892549e-05 1.1439292e-05 1.5263378e-05 1.633512e-05 1.2525161e-05 1.1654258e-05 1.0036018e-05 1.0846026e-05 1.099575e-05 1.1170781e-05 1.13699225e-05 1.0320029e-05 1.0976585e-05 1.17274985e-05 1.0258753e-05 1.0405789e-05 1.0634444e-05 1.0883939e-05 1.1152845e-05 1.071465e-05 1.155552e-05 1.0380172e-05 1.0671389e-05 1.0978085e-05 1.1298958e-05 1.0694523e-05 1.1591296e-05 1.0771867e-05 1.1102369e-05 1.1443585e-05 1.1794543e-05 1.0022117e-05 1.0917409e-05 1.1832815e-05 1.1538164e-05 1.1884311e-05 1.2237868e-05 1.2598172e-05 1.0478607e-05 1.1368868e-05 1.2267814e-05 1.0333735e-05 1.0654386e-05 1.0983048e-05 1.0477266e-05 1.1027428e-05 1.160539e-05 1.1410037e-05 1.008886e-05 1.0345946e-05 1.0548793e-05 1.0787177e-05 1.1027855e-05 1.1268289e-05 1.002364e-05 1.0010194e-05 1.0090932e-05 1.1314942e-05 1.1545981e-05 1.1778689e-05 1.4033831e-05 1.0481356e-05 1.0161243e-05 1.0795448e-05 1.3553422e-05 1.1053967e-05 1.0037026e-05 1.0297247e-05 1.239815e-05 1.2636038e-05 1.1851653e-05 1.2533118e-05 1.0797784e-05 1.1062943e-05 1.1329792e-05 1.0835592e-05 1.15883195e-05 1.0150366e-05 1.0738907e-05 1.1309362e-05 1.2365055e-05 1.34301845e-05 1.2750563e-05 1.0353423e-05 1.149661e-05 1.0850376e-05 1.19928645e-05 1.0181453e-05 1.1386015e-05 1.0611246e-05 1.0046426e-05 1.1315789e-05 1.1017039e-05 1.1012434e-05 1.0614949e-05 1.1681792e-05 1.2994317e-05 1.4331017e-05 1.6678125e-05 1.0412585e-05 1.1145522e-05 1.253981e-05 1.4735764e-05 1.6058835e-05 1.0948952e-05 1.0855476e-05 1.2797863e-05 1.41781675e-05 1.5571064e-05 1.0378271e-05 1.0166061e-05 1.1610462e-05 1.3057871e-05 1.0152171e-05 1.074767e-05 1.1982371e-05 1.1023372e-05 1.0798501e-05 1.1024539e-05 1.1235594e-05 1.0263308e-05 1.0389253e-05 1.026775e-05 1.0155257e-05 1.0019694e-05 1.0280626e-05 1.002177e-05 1.0265241e-05 1.0511357e-05 1.0757587e-05 1.100555e-05 1.0863151e-05 1.1093722e-05 1.1327227e-05 1.1562763e-05 1.1797856e-05 1.0320854e-05 1.0718398e-05 1.0022305e-05 1.0243543e-05 1.534627e-05 1.0868685e-05 1.0284666e-05 1.1937791e-05 1.134132e-05 1.0756843e-05 1.0176641e-05 1.3138267e-05 1.2530627e-05 1.1944153e-05 1.1347838e-05 1.0790951e-05 1.0085037e-05 1.006169e-05 1.2042165e-05 1.1265746e-05 1.04902065e-05 1.0094466e-05 1.2396123e-05 1.1613149e-05 1.0833041e-05 1.005645e-05 1.0116189e-05 1.0393637e-05 1.2974631e-05 1.2192347e-05 1.1415937e-05 1.0646581e-05 1.0681538e-05 1.0925049e-05 1.0093055e-05 1.3749108e-05 1.2972104e-05 1.2204246e-05 1.1447304e-05 1.1453417e-05 1.0784203e-05 1.4688436e-05 1.3918539e-05 1.3160915e-05 1.2417756e-05 1.26194e-05 1.1571645e-05 1.0559532e-05 1.1652003e-05 1.0789483e-05 1.30679555e-05 1.2185123e-05 1.130579e-05 1.0430764e-05 1.2817407e-05 1.1962502e-05 1.1114399e-05 1.0274711e-05 1.2790792e-05 1.1972355e-05 1.116521e-05 1.0371922e-05 1.2989212e-05 1.2213857e-05 1.1454731e-05 1.0715227e-05 1.009697e-05 1.1014248e-05 1.0253256e-05 1.027349e-05 1.0054848e-05 1.0292875e-05 1.0539592e-05 1.0035686e-05 1.0296562e-05 1.0565029e-05 1.0130849e-05 1.04114915e-05 1.0698626e-05 1.0045309e-05 1.033718e-05 1.0634055e-05 1.0936424e-05 1.0058302e-05 1.0342792e-05 1.0648219e-05 1.0957698e-05 1.1271827e-05 1.0496355e-05 1.0718794e-05 1.09448565e-05 1.1174322e-05 1.1406226e-05 1.163816e-05 1.1871808e-05 1.0036799e-05 1.0432622e-05 1.0831354e-05 1.1436175e-05 1.1653221e-05 1.1873192e-05 1.2095928e-05 1.2320511e-05 1.2544561e-05 1.0468651e-05 1.0842957e-05 1.1219776e-05 1.1598863e-05 1.029846e-05 1.0004453e-05 1.0207327e-05 1.041344e-05 1.0621843e-05 1.0488364e-05 1.0516218e-05 1.00259795e-05 1.1752456e-05 1.2270866e-05 1.0312299e-05 1.0564635e-05 1.03938355e-05 1.1346874e-05 1.0749832e-05 1.0169615e-05 1.0871487e-05 1.001299e-05 1.1964904e-05 1.1634115e-05 1.0533595e-05 1.1131471e-05 1.1214048e-05 1.1304765e-05 1.1403428e-05 1.1573956e-05 1.1761632e-05 1.195491e-05 1.2154731e-05 1.0965636e-05 1.10748115e-05 1.1191028e-05 1.1314099e-05 1.1505252e-05 1.1711559e-05 1.1921642e-05 1.2136665e-05 1.090065e-05 1.1030296e-05 1.1165617e-05 1.1306735e-05 1.1515563e-05 1.1738982e-05 1.196538e-05 1.2196053e-05 1.0955282e-05 1.1099292e-05 1.1248239e-05 1.1401445e-05 1.162539e-05 1.1863847e-05 1.2104508e-05 1.2348796e-05 1.1127785e-05 1.1280436e-05 1.1436469e-05 1.1595728e-05 1.1831964e-05 1.20831355e-05 1.23357995e-05 1.2591498e-05 1.1413744e-05 1.1568202e-05 1.1725223e-05 1.1884705e-05 1.2130343e-05 1.2391834e-05 1.2654203e-05 1.29190885e-05 1.224074e-05 1.244066e-05 1.264343e-05 1.2848916e-05 1.305699e-05 1.3266726e-05 1.3475849e-05 1.1223958e-05 1.15684625e-05 1.1915717e-05 1.2265489e-05 1.2617573e-05 1.130977e-05 1.0324375e-05 1.0502462e-05 1.0684131e-05 1.0869202e-05 1.1057505e-05 1.12480975e-05 1.0765935e-05 1.1832191e-05 1.0886262e-05 1.1648766e-05 1.0884976e-05 1.064815e-05 1.0533916e-05 1.0001365e-05 1.4484723e-05 1.3096267e-05 1.3522185e-05 1.2643406e-05 1.1866901e-05 1.1450079e-05 1.0255837e-05 1.1901881e-05 1.1532114e-05 1.2470766e-05 1.1725785e-05 1.135278e-05 1.1735293e-05 1.2078136e-05 1.13085425e-05 1.0926083e-05 1.0031109e-05 1.1484059e-05 1.0242469e-05 1.1802903e-05 1.1646401e-05 1.1276194e-05 1.0488347e-05 1.1312961e-05 1.0922027e-05 1.1945153e-05 1.1164549e-05 1.0757256e-05 1.0524639e-05 1.1441888e-05 1.1640306e-05 1.131586e-05 1.115458e-05 1.116329e-05 1.0179952e-05 1.1210993e-05 1.1343638e-05 1.1408337e-05 1.0627831e-05 1.297093e-05 1.3048192e-05 1.3132657e-05 1.3224186e-05 1.33602e-05 1.3508378e-05 1.3662236e-05 1.3820126e-05 1.012229e-05 1.2755258e-05 1.2855467e-05 1.2962391e-05 1.3075865e-05 1.3230545e-05 1.3395756e-05 1.3565273e-05 1.3737233e-05 1.2665106e-05 1.2786503e-05 1.2913782e-05 1.3046822e-05 1.3214976e-05 1.3391876e-05 1.3572108e-05 1.3753728e-05 1.2657889e-05 1.2795124e-05 1.2937116e-05 1.3084098e-05 1.3264864e-05 1.3453981e-05 1.3646043e-05 1.3839017e-05 1.2753606e-05 1.2901428e-05 1.3053551e-05 1.32092755e-05 1.3400814e-05 1.3600773e-05 1.3803294e-05 1.4006277e-05 1.2949989e-05 1.3103773e-05 1.3260448e-05 1.3419895e-05 1.362025e-05 1.3829554e-05 1.4041061e-05 1.4252619e-05 1.3243483e-05 1.3397463e-05 1.35536675e-05 1.3712022e-05 1.39192225e-05 1.41363425e-05 1.4355345e-05 1.4574036e-05 1.1292014e-05 1.144962e-05 1.1610598e-05 1.1774811e-05 1.1942125e-05 1.211241e-05 1.2284743e-05 1.0191557e-05 1.0502717e-05 1.1814981e-05 1.1577021e-05 1.1380706e-05 1.0461614e-05 1.0253814e-05 1.20969435e-05 1.242912e-05 1.1717075e-05 1.1570281e-05 1.1845341e-05 1.108986e-05 1.0788107e-05 1.10939745e-05 1.1392612e-05 1.0597615e-05 1.0212213e-05 1.01373535e-05 1.0233253e-05 1.0036457e-05 1.0141971e-05 1.0257028e-05 1.0855477e-05 1.0916836e-05 1.0022734e-05 1.03772145e-05 1.0459442e-05 1.0548239e-05 1.0069784e-05 1.0176697e-05 1.0288932e-05 1.0014964e-05 1.0145736e-05 1.0114589e-05 1.0076058e-05 1.0035891e-05 1.0196003e-05 1.0048293e-05 1.0216583e-05 1.0387332e-05 1.0053257e-05 1.0209776e-05 1.0369096e-05 1.05444515e-05 1.0724694e-05 1.0907634e-05 1.1092198e-05 1.6298249e-05 1.5828084e-05 1.0241848e-05 1.0071539e-05 1.0135871e-05 1.0128281e-05 1.0011011e-05 1.0963088e-05 1.0843886e-05 1.0722661e-05 1.0541037e-05 1.0473619e-05 1.029315e-05 1.049599e-05 1.01259075e-05 1.1917974e-05 1.1738747e-05 1.1613524e-05 1.14887025e-05 1.141668e-05 1.1233929e-05 1.105194e-05 1.122642e-05 1.0841052e-05 1.0460504e-05 1.0080536e-05 1.0565486e-05 1.0180843e-05 1.1633473e-05 1.1604738e-05 1.1407273e-05 1.1245717e-05 1.11879845e-05 1.1043754e-05 1.0844163e-05 1.0645038e-05 1.2003952e-05 1.1606578e-05 1.1211264e-05 1.0816737e-05 1.1306371e-05 1.04897745e-05 1.0092925e-05 1.0104837e-05 1.0927226e-05 1.0016506e-05 1.26267705e-05 1.205958e-05 1.1494401e-05 1.0929427e-05 1.0898094e-05 1.0333994e-05 1.00462685e-05 1.2038403e-05 1.2626526e-05 1.2058422e-05 1.1492422e-05 1.11925365e-05 1.0892691e-05 1.0327236e-05 1.2481477e-05 1.2186395e-05 1.273351e-05 1.2166767e-05 1.1865195e-05 1.1301183e-05 1.0999171e-05 1.0434741e-05 1.3029741e-05 1.2736174e-05 1.2444711e-05 1.294498e-05 1.2639578e-05 1.2078534e-05 1.1518706e-05 1.1214268e-05 1.065364e-05 1.0095122e-05 1.3675903e-05 1.3383647e-05 1.3093821e-05 1.28065885e-05 1.3507832e-05 1.294857e-05 1.2392821e-05 1.183903e-05 1.1532554e-05 1.0977474e-05 1.0424891e-05 1.3724892e-05 1.3538288e-05 1.3238808e-05 1.2941798e-05 1.2798279e-05 1.3239476e-05 1.2674026e-05 1.21119065e-05 1.1552178e-05 1.1732855e-05 1.1177896e-05 1.0625805e-05 1.4420818e-05 1.4168745e-05 1.3982995e-05 1.3689151e-05 1.3544168e-05 1.32549785e-05 1.3640939e-05 1.30787475e-05 1.252111e-05 1.19671095e-05 1.21849525e-05 1.1637466e-05 1.085008e-05 1.0302327e-05 1.5180796e-05 1.4886939e-05 1.4633867e-05 1.4446858e-05 1.429811e-05 1.4008873e-05 1.3723053e-05 1.4126794e-05 1.3568658e-05 1.3016464e-05 1.24675835e-05 1.2715598e-05 1.1903769e-05 1.1360522e-05 1.0822137e-05 1.5097653e-05 1.5090168e-05 1.4764411e-05 1.4481164e-05 1.4424217e-05 1.4100339e-05 1.3778667e-05 1.34593565e-05 1.46921575e-05 1.413878e-05 1.3590676e-05 1.3046577e-05 1.302257e-05 1.24825765e-05 1.1947721e-05 1.1418727e-05 1.0180943e-05 1.1612434e-05 1.2413999e-05 1.1875531e-05 1.1340275e-05 1.1036099e-05 1.0733569e-05 1.0204007e-05 1.1467207e-05 1.1170869e-05 1.1938237e-05 1.1423208e-05 1.1138101e-05 1.0628305e-05 1.03477805e-05 1.137494e-05 1.1096395e-05 1.0822387e-05 1.1543845e-05 1.1262843e-05 1.0789822e-05 1.030703e-05 1.0048725e-05 1.1343096e-05 1.1082594e-05 1.0826829e-05 1.0576145e-05 1.1239352e-05 1.0991511e-05 1.0533825e-05 1.0080506e-05 1.1129624e-05 1.1192976e-05 1.09425255e-05 1.06966945e-05 1.0455806e-05 1.12224e-05 1.0775664e-05 1.0334405e-05 1.11629815e-05 1.1015143e-05 1.0785667e-05 1.0561274e-05 1.042773e-05 1.102112e-05 1.0604651e-05 1.0194515e-05 1.1289233e-05 1.1077421e-05 1.0945659e-05 1.0737939e-05 1.061679e-05 1.0418149e-05 1.0928656e-05 1.0543543e-05 1.0164174e-05 1.1501411e-05 1.1281225e-05 1.1070506e-05 1.0939841e-05 1.0816106e-05 1.0611208e-05 1.0411474e-05 1.0941577e-05 1.0586819e-05 1.0239209e-05 1.1955376e-05 1.2073793e-05 1.1836865e-05 1.1602864e-05 1.1516603e-05 1.1287132e-05 1.106111e-05 1.0838754e-05 1.10602e-05 1.0735889e-05 1.0419668e-05 1.0111124e-05 1.00650805e-05 1.6031525e-05 1.5559162e-05 1.009825e-05 1.0176899e-05 1.0256994e-05 1.03385e-05 1.0421385e-05 1.0045667e-05 1.0856658e-05 1.07006435e-05 1.05450745e-05 1.038997e-05 1.02353515e-05 1.0553265e-05 1.02225395e-05 1.17252e-05 1.15660605e-05 1.1407459e-05 1.124942e-05 1.1091966e-05 1.0935122e-05 1.1224955e-05 1.0881925e-05 1.0542699e-05 1.0208571e-05 1.1326991e-05 1.1321478e-05 1.1146553e-05 1.0971941e-05 1.0797657e-05 1.0623716e-05 1.0450136e-05 1.194196e-05 1.1586888e-05 1.1239285e-05 1.0893485e-05 1.054842e-05 1.0204165e-05 1.0729444e-05 1.0927796e-05 1.0914642e-05 1.0724389e-05 1.0534183e-05 1.0344029e-05 1.0153928e-05 1.2701279e-05 1.2336864e-05 1.1977562e-05 1.1620196e-05 1.1263793e-05 1.0908447e-05 1.0554265e-05 1.0201368e-05 1.00811385e-05 1.1293884e-05 1.0402869e-05 1.1547554e-05 1.0831454e-05 1.1889396e-05 1.135474e-05 1.2312018e-05 1.1960248e-05 1.2807381e-05 1.2636109e-05 1.3367355e-05 1.3371609e-05 1.3984138e-05 1.1843138e-05 1.0044018e-05 1.2261201e-05 1.1757574e-05 1.1260795e-05 1.0765978e-05 1.0271464e-05 1.0531371e-05 1.1548817e-05 1.1585607e-05 1.1629754e-05 1.1681175e-05 1.1739774e-05 1.2593608e-05 1.2076343e-05 1.1565931e-05 1.1057413e-05 1.0549086e-05 1.0040981e-05 1.0419307e-05 1.0507037e-05 1.0565353e-05 1.063179e-05 1.0706199e-05 1.0788413e-05 1.1803235e-05 1.2568645e-05 1.2049884e-05 1.1538088e-05 1.1028272e-05 1.0518736e-05 1.0009523e-05 1.0434614e-05 1.2189379e-05 1.1917525e-05 1.2639125e-05 1.2120252e-05 1.1608559e-05 1.10991e-05 1.0590213e-05 1.0081982e-05 1.0576641e-05 1.266932e-05 1.2400003e-05 1.2132537e-05 1.2803407e-05 1.2285716e-05 1.1775517e-05 1.1267949e-05 1.0761421e-05 1.0256816e-05 1.0840313e-05 1.32368505e-05 1.29700375e-05 1.2705368e-05 1.2442981e-05 1.3057887e-05 1.2542452e-05 1.2034883e-05 1.1530449e-05 1.102844e-05 1.052919e-05 1.0032184e-05 1.1216963e-05 1.3885118e-05 1.3620558e-05 1.3358399e-05 1.3098785e-05 1.284187e-05 1.3397365e-05 1.2884942e-05 1.2380789e-05 1.1881117e-05 1.1384895e-05 1.0891393e-05 1.04010005e-05 1.1695635e-05 1.452136e-05 1.4254354e-05 1.3989822e-05 1.3727908e-05 1.3468763e-05 1.3212552e-05 1.3815553e-05 1.3306544e-05 1.2806939e-05 1.2313003e-05 1.1822154e-05 1.1334795e-05 1.0851395e-05 1.037251e-05 1.2268374e-05 1.443558e-05 1.4440092e-05 1.4143827e-05 1.3849167e-05 1.3556214e-05 1.3265084e-05 1.2975898e-05 1.4308787e-05 1.3803884e-05 1.3309672e-05 1.2820425e-05 1.2334922e-05 1.1853626e-05 1.1377073e-05 1.0905885e-05 1.4233788e-05 1.46376315e-05 1.4640818e-05 1.4327762e-05 1.4015866e-05 1.3705211e-05 1.3395882e-05 1.3087973e-05 1.4873076e-05 1.4372996e-05 1.3882628e-05 1.3397744e-05 1.2917196e-05 1.2441491e-05 1.1971209e-05 1.1507013e-05 1.3571626e-05 1.4220653e-05 1.334602e-05 1.4017568e-05 1.321292e-05 1.3891379e-05 1.317506e-05 1.3844136e-05 1.323319e-05 1.3876593e-05 1.3385989e-05 1.3988141e-05 1.3031302e-05 1.1294842e-05 1.14062295e-05 1.075629e-05 1.2557936e-05 1.20479735e-05 1.1545153e-05 1.1045005e-05 1.0546076e-05 1.00485495e-05 1.0984057e-05 1.1273378e-05 1.2254299e-05 1.1759078e-05 1.1271421e-05 1.0786897e-05 1.0304108e-05 1.0432378e-05 1.1133044e-05 1.0854136e-05 1.1796686e-05 1.1323777e-05 1.0858921e-05 1.0397767e-05 1.1042433e-05 1.0779175e-05 1.0520149e-05 1.1411753e-05 1.0962722e-05 1.0522324e-05 1.0086329e-05 1.1007582e-05 1.0760388e-05 1.0517653e-05 1.0279691e-05 1.1107026e-05 1.06834095e-05 1.0269066e-05 1.0803042e-05 1.0576768e-05 1.0355439e-05 1.0139381e-05 1.0889206e-05 1.0492338e-05 1.0105377e-05 1.0911477e-05 1.07015585e-05 1.0496696e-05 1.0297188e-05 1.0103353e-05 1.0763537e-05 1.0394339e-05 1.0035611e-05 1.1138695e-05 1.0922915e-05 1.0711387e-05 1.0504369e-05 1.030771e-05 1.0108363e-05 1.0733233e-05 1.0392038e-05 1.006046e-05 1.1396672e-05 1.1534109e-05 1.1298034e-05 1.1064819e-05 1.08346485e-05 1.06077205e-05 1.0384246e-05 1.07998e-05 1.0485959e-05 1.01822525e-05 1.0877261e-05 1.140482e-05 1.15489875e-05 1.1317819e-05 1.1089307e-05 1.08636195e-05 1.0640935e-05 1.0421447e-05 1.0963096e-05 1.06761445e-05 1.0399482e-05 1.0130814e-05 1.02701815e-05 1.0595247e-05 1.0153392e-05 1.4637373e-05 1.43190355e-05 1.09315515e-05 1.10167e-05 1.1102836e-05 1.1189934e-05 1.0067631e-05 1.0162494e-05 1.0258408e-05 1.0066012e-05 1.082101e-05 1.065462e-05 1.0334427e-05 1.0019468e-05 1.1393044e-05 1.106453e-05 1.0739455e-05 1.0419609e-05 1.0102029e-05 1.0070479e-05 1.0371225e-05 1.0780969e-05 1.0049462e-05 1.0766645e-05 1.0380444e-05 1.1246705e-05 1.0792108e-05 1.0398291e-05 1.1801029e-05 1.1275571e-05 1.0872345e-05 1.2419631e-05 1.0613632e-05 1.1821984e-05 1.1410274e-05 1.0893337e-05 1.0235183e-05 1.0599427e-05 1.0144409e-05 1.0625812e-05 1.2384243e-05 1.2461044e-05 1.2543391e-05 1.2631174e-05 1.0899545e-05 1.0432826e-05 1.0641151e-05 1.1512261e-05 1.1610318e-05 1.1714188e-05 1.18237185e-05 1.00518455e-05 1.0859739e-05 1.0391662e-05 1.0765723e-05 1.06756725e-05 1.079687e-05 1.0924058e-05 1.0408258e-05 1.0158787e-05 1.0917836e-05 1.04500505e-05 1.09957355e-05 1.0029693e-05 1.0858633e-05 1.06133775e-05 1.0370209e-05 1.1072231e-05 1.0606283e-05 1.0144687e-05 1.1324685e-05 1.139549e-05 1.1154469e-05 1.0915865e-05 1.0679839e-05 1.1318919e-05 1.085607e-05 1.0398105e-05 1.1744267e-05 1.1897465e-05 1.1653011e-05 1.1410973e-05 1.1171504e-05 1.0934777e-05 1.1652041e-05 1.1193154e-05 1.0739725e-05 1.0295965e-05 1.2249348e-05 1.1880089e-05 1.1908174e-05 1.1634279e-05 1.1361731e-05 1.1090628e-05 1.0821079e-05 1.2067768e-05 1.1613318e-05 1.1165613e-05 1.072875e-05 1.0297136e-05 1.2833347e-05 1.1703815e-05 1.2148294e-05 1.2176033e-05 1.1888562e-05 1.1602025e-05 1.1316492e-05 1.1032042e-05 1.2560791e-05 1.2111414e-05 1.16701185e-05 1.1238965e-05 1.0813746e-05 1.039352e-05 1.200816e-05 1.1864959e-05 1.2281342e-05 1.2297932e-05 1.2011355e-05 1.1726025e-05 1.1442039e-05 1.1159496e-05 1.3120258e-05 1.2676481e-05 1.2239924e-05 1.1813938e-05 1.1394461e-05 1.0980629e-05 1.0573106e-05 1.0172653e-05 1.3187965e-05 1.0801617e-05 1.2333493e-05 1.1838612e-05 1.3002243e-05 1.0625121e-05 1.2168307e-05 1.1680486e-05 1.2900507e-05 1.0549965e-05 1.208164e-05 1.1602683e-05 1.2884682e-05 1.0578236e-05 1.2075128e-05 1.1606766e-05 1.2955024e-05 1.0709041e-05 1.21488465e-05 1.1692595e-05 1.2548456e-05 1.0314349e-05 1.1061708e-05 1.0389219e-05 1.0488245e-05 1.0021472e-05 1.0390542e-05 1.0895631e-05 1.0430677e-05 1.0128272e-05 1.0609623e-05 1.0158864e-05 1.0176677e-05 1.0113832e-05 1.0096594e-05 1.3370532e-05 1.3245662e-05 1.1851445e-05 1.1939081e-05 1.2027375e-05 1.1093686e-05 1.1189877e-05 1.03590755e-05 1.0121452e-05 1.1725038e-05 1.0803998e-05 1.0906544e-05 1.0108255e-05 1.0001178e-05 1.00420575e-05 1.023893e-05 1.34827305e-05 1.3585433e-05 1.3692099e-05 1.277408e-05 1.2895319e-05 1.302054e-05 1.2105463e-05 1.2246157e-05 1.148381e-05 1.0377562e-05 1.0182212e-05 1.0352847e-05 1.0967113e-05 1.0849203e-05 1.0460447e-05 1.0077546e-05 1.0007589e-05 1.1408846e-05 1.1026585e-05 1.0649381e-05 1.0280767e-05 1.1076573e-05 1.0808858e-05 1.0531964e-05 1.0447403e-05 1.0004224e-05 1.0932734e-05 1.0669788e-05 1.0320884e-05 1.0876654e-05 1.06191665e-05 1.0275734e-05 1.09096245e-05 1.0658187e-05 1.0312967e-05 1.0422051e-05 1.0165149e-05 1.226508e-05 1.2346333e-05 1.2309756e-05 1.2833225e-05 1.2920355e-05 1.2176893e-05 1.2784251e-05 1.0225221e-05 1.1962133e-05 1.2065972e-05 1.121069e-05 1.1329743e-05 1.1450147e-05 1.1654101e-05 1.1798119e-05 1.1943189e-05 1.2049615e-05 1.2215408e-05 1.2381989e-05 1.0308482e-05 1.0613023e-05 1.0919035e-05 1.1475015e-05 1.165729e-05 1.1840263e-05 1.0030815e-05 1.09435505e-05 1.1142168e-05 1.1341363e-05 1.0461759e-05 1.0676226e-05 1.0891135e-05 1.0363712e-05 1.4769329e-05 1.4886386e-05 1.4206522e-05 1.4338537e-05 1.3682755e-05 1.1482291e-05 1.0414568e-05 1.0864606e-05 1.0197663e-05 1.0282417e-05 1.0067311e-05 1.0191055e-05 1.06438665e-05 1.0814176e-05 1.098855e-05 1.0897048e-05 1.1098628e-05 1.1303309e-05 1.0631458e-05 1.08534605e-05 1.1078046e-05 1.0435472e-05 1.0676009e-05 1.0918608e-05 1.0313005e-05 1.0569636e-05 1.0827855e-05 1.0315792e-05 1.1306243e-05 1.1642838e-05 1.1517688e-05 1.0394646e-05 1.3858179e-05 1.3932401e-05 1.1067922e-05 1.3360125e-05 1.3461002e-05 1.0391573e-05 1.3862131e-05 1.3982769e-05 1.0662442e-05 1.430221e-05 1.4440911e-05 1.2325864e-05 1.2579652e-05 1.28345e-05 1.3090347e-05 1.0081795e-05 1.3778567e-05 1.3931727e-05 1.17718755e-05 1.2037449e-05 1.2303892e-05 1.3285239e-05 1.3452859e-05 1.12490325e-05 1.1525919e-05 1.2825697e-05 1.3007629e-05 1.0761844e-05 1.2403665e-05 1.2599572e-05 1.1674774e-05 1.6184575e-05 1.119951e-05 1.5747355e-05 1.0771067e-05 1.0818516e-05 1.2659126e-05 1.1741304e-05 1.21407675e-05 1.0061564e-05 1.2087173e-05 1.2195818e-05 1.28406455e-05 1.2987853e-05 1.3088033e-05 1.326019e-05 1.1019816e-05 1.1282406e-05 1.1549053e-05 1.1819483e-05 1.281535e-05 1.3004953e-05 1.0671018e-05 1.0946662e-05 1.122575e-05 1.2590062e-05 1.2796145e-05 1.0373288e-05 1.0660751e-05 1.2414715e-05 1.2636034e-05 1.0131088e-05 1.2291408e-05 1.2526451e-05 1.0737434e-05 1.1039443e-05 1.0508877e-05 1.104382e-05 1.1113553e-05 1.1151279e-05 1.0060498e-05 1.0887664e-05 1.07658425e-05 1.0012486e-05 1.0327086e-05 1.1441405e-05 1.5355883e-05 1.1053908e-05 1.27747e-05 1.5979103e-05 1.3126374e-05 1.6411806e-05 1.4250955e-05 1.4459338e-05 1.4668474e-05 1.4878332e-05 1.5088881e-05 1.2615769e-05 1.5942747e-05 1.3745327e-05 1.396166e-05 1.4178652e-05 1.4396272e-05 1.2130837e-05 1.5495882e-05 1.3262451e-05 1.348652e-05 1.37111465e-05 1.167475e-05 1.5073163e-05 1.2804879e-05 1.3036361e-05 1.1250989e-05 1.4676654e-05 1.2375394e-05 1.0863309e-05 1.4308516e-05 1.3568874e-05 1.3224712e-05 1.4005377e-05 1.00454345e-05 1.1144792e-05 1.4152012e-05 1.1867983e-05 1.5043376e-05 1.004768e-05 1.0255643e-05 1.046777e-05 1.0683814e-05 1.0962409e-05 1.1966988e-05 1.5231963e-05 1.2950715e-05 1.3170057e-05 1.3392238e-05 1.3617118e-05 1.3844568e-05 1.1643557e-05 1.4962012e-05 1.2607537e-05 1.2835866e-05 1.3066743e-05 1.3300037e-05 1.136111e-05 1.4725108e-05 1.2299837e-05 1.2536622e-05 1.2775655e-05 1.1122736e-05 1.4522842e-05 1.2030307e-05 1.2274855e-05 1.0931285e-05 1.4356654e-05 1.1801531e-05 1.0789218e-05 1.4227781e-05 1.0343418e-05 1.3351551e-05 1.0476946e-05 1.0587571e-05 1.0673906e-05 1.07602855e-05 1.0846707e-05 1.0933169e-05 1.1019672e-05 1.0084833e-05 1.0541043e-05 1.0629467e-05 1.0717922e-05 1.0806408e-05 1.08949225e-05 1.0138124e-05 1.0228565e-05 1.0319027e-05 1.0409507e-05 1.4752311e-05 1.0361346e-05 1.5138616e-05 1.5428132e-05 1.5589441e-05 1.5751257e-05 1.5913567e-05 1.6076354e-05 1.6239605e-05 1.4710544e-05 1.49870075e-05 1.5152888e-05 1.5319234e-05 1.548603e-05 1.565326e-05 1.4300235e-05 1.4562315e-05 1.4732686e-05 1.4903477e-05 1.5074671e-05 1.3909244e-05 1.41555165e-05 1.4330259e-05 1.4505371e-05 1.35392265e-05 1.376818e-05 1.3947126e-05 1.3191928e-05 1.3401976e-05 1.2869169e-05 1.3181055e-05 1.122424e-05 1.4040249e-05 1.1712368e-05 1.1873905e-05 1.2037973e-05 1.2204467e-05 1.2373292e-05 1.2544351e-05 1.3018247e-05 1.4124902e-05 1.4260806e-05 1.4431155e-05 1.4603376e-05 1.4777401e-05 1.4953168e-05 1.5130616e-05 1.38367595e-05 1.39375925e-05 1.41138835e-05 1.4291928e-05 1.4471659e-05 1.4653016e-05 1.357477e-05 1.36385925e-05 1.3820651e-05 1.4004336e-05 1.4189583e-05 1.334045e-05 1.3365409e-05 1.3552996e-05 1.37420775e-05 1.3135261e-05 1.3119634e-05 1.3312442e-05 1.29605605e-05 1.2902809e-05 1.2817574e-05 1.1933607e-05 1.1225281e-05 1.3612239e-05 1.3543684e-05 1.2408121e-05 1.3005413e-05 1.3605449e-05 1.4207827e-05 1.1163365e-05 1.182411e-05 1.07586275e-05 1.4948402e-05 1.07166425e-05 1.104854e-05 1.1551373e-05 1.1153586e-05 1.1113226e-05 1.0146666e-05 1.8989833e-05 2.2131819e-05 1.7404554e-05 1.1060796e-05 1.8555213e-05 2.0826245e-05 1.6166647e-05 1.2745321e-05 1.1023527e-05 1.9568492e-05 2.1661184e-05 2.3809676e-05 1.7445118e-05 1.0222666e-05 2.3655812e-05 1.1039338e-05 1.3069553e-05 1.1200549e-05 1.0593255e-05 2.649749e-05 1.544091e-05 1.2382835e-05 2.5421987e-05 1.4391207e-05 1.01918895e-05 1.0163952e-05 1.0797712e-05 1.0754423e-05 1.1839713e-05 1.3214169e-05 1.0990976e-05 1.4828152e-05 1.2690843e-05 1.07986725e-05 1.006789e-05 2.1069107e-05 1.1130251e-05 1.1935993e-05 1.3414297e-05 1.13949145e-05 1.0952487e-05 1.0781683e-05 2.357576e-05 1.1091122e-05 2.6211826e-05 2.3353035e-05 1.1842228e-05 2.161053e-05 2.4620454e-05 2.1767144e-05 1.16183455e-05 1.1048117e-05 1.2465654e-05 1.4397117e-05 1.6428332e-05 2.3664497e-05 1.4280361e-05 1.6278374e-05 2.3683613e-05 1.3747481e-05 1.2130796e-05 2.3921366e-05 1.0275276e-05 1.1321208e-05 1.0728234e-05 1.0845154e-05 1.2119276e-05 1.1527329e-05 1.0543499e-05 1.0630447e-05 1.05988565e-05 1.01910455e-05 1.0727701e-05 1.1571131e-05 1.0999909e-05 1.0286223e-05 1.0473717e-05 1.2790626e-05 1.4338823e-05 1.5996384e-05 1.6305032e-05 1.07727265e-05 1.7751936e-05 1.0817593e-05 1.6475471e-05 1.1163567e-05 1.5106654e-05 1.0001061e-05 1.1378977e-05 1.083783e-05 1.2848422e-05 1.0183003e-05 1.2502466e-05 1.0228961e-05 1.28578695e-05 1.1468701e-05 1.3958378e-05 1.0264688e-05 1.3152461e-05 1.2621836e-05 1.2428224e-05 1.2586692e-05 1.0290603e-05 1.09668945e-05 1.0020919e-05 1.1293139e-05 1.1642377e-05 1.199969e-05 1.2227948e-05 1.2461812e-05 1.2700977e-05 1.29451355e-05 1.0022979e-05 1.05887475e-05 1.1445916e-05 1.2333345e-05 1.3244979e-05 1.0041731e-05 1.0323244e-05 1.0610948e-05 1.0904324e-05 1.1008491e-05 1.1313433e-05 1.0769534e-05 1.1803463e-05 1.2094997e-05 1.0443854e-05 1.2654128e-05 1.2071655e-05 1.3420336e-05 1.4859421e-05 1.63651e-05 1.0134069e-05 1.1684198e-05 1.3311254e-05 1.4990138e-05 1.0997679e-05 1.1340344e-05 1.0872495e-05 1.231222e-05 1.008724e-05 1.190151e-05 1.3746342e-05 1.077741e-05 1.0684826e-05 1.2672002e-05 1.1948464e-05 1.00157695e-05 1.00220195e-05 1.0494577e-05 1.2905758e-05 1.080295e-05 1.131566e-05 1.0507963e-05 1.0971069e-05 1.0575731e-05 1.2460428e-05 1.2410958e-05 1.151958e-05 1.0844003e-05 1.0484057e-05 1.1154103e-05 1.2639323e-05 1.4357319e-05 1.6234344e-05 1.1633038e-05 1.0667212e-05 1.122512e-05 1.3187053e-05 1.526137e-05 1.0875743e-05 1.13683045e-05 1.0736521e-05 1.2678304e-05 1.0075407e-05 1.2258361e-05 1.4499613e-05 1.04415385e-05 1.2097213e-05 1.16287165e-05 1.3983165e-05 1.0928642e-05 1.1635237e-05 1.0197995e-05 1.0026232e-05 1.01951355e-05 1.1428023e-05 1.1227933e-05 1.0182308e-05 1.04842675e-05 1.1046333e-05 1.1295607e-05 1.0780902e-05 1.2342414e-05 1.0059509e-05 1.1855099e-05 1.1677222e-05 1.1822404e-05 1.0614391e-05 1.0106789e-05 1.0197087e-05 1.2595164e-05 1.3193762e-05 1.19927e-05 1.0725692e-05 1.129388e-05 1.1907426e-05 1.082845e-05 1.0375523e-05 1.0953826e-05 1.0491726e-05 1.021612e-05 1.0902854e-05 1.1407617e-05 1.0820121e-05 1.0590117e-05 1.0298257e-05 1.0090726e-05 1.0751576e-05 1.09790935e-05 1.0457196e-05 1.0220225e-05 1.0465054e-05 1.071139e-05 1.0048133e-05 1.02894255e-05 1.0532392e-05 1.0247439e-05 1.0663885e-05 1.4325776e-05 1.456707e-05 1.4811472e-05 1.50588185e-05 1.5308955e-05 1.16340925e-05 1.23764285e-05 1.3189143e-05 1.4014673e-05 1.4850873e-05 1.0150941e-05 1.0424978e-05 1.2413175e-05 1.2695417e-05 1.2980876e-05 1.3269314e-05 1.35605105e-05 1.0817489e-05 1.1737657e-05 1.2667372e-05 1.3604521e-05 1.0584813e-05 1.0911966e-05 1.1242063e-05 1.1574791e-05 1.1909977e-05 1.0374513e-05 1.1405191e-05 1.2439427e-05 1.0023399e-05 1.0403856e-05 1.0259664e-05 1.1380471e-05 1.048297e-05 1.4519021e-05 1.5839114e-05 1.7197877e-05 1.858678e-05 1.2943248e-05 1.4414405e-05 1.5913485e-05 1.7433133e-05 1.0434559e-05 1.1506983e-05 1.31222505e-05 1.4752072e-05 1.6392183e-05 1.0268438e-05 1.2005088e-05 1.3744759e-05 1.5486452e-05 1.1250554e-05 1.3059138e-05 1.4869292e-05 1.1327409e-05 1.3122961e-05 1.0445514e-05 1.0711421e-05 1.453046e-05 1.1497134e-05 1.30885255e-05 1.0590305e-05 1.2748211e-05 1.2840397e-05 1.3899492e-05 1.5474616e-05 1.7147697e-05 1.8892637e-05 1.2466888e-05 1.26759205e-05 1.4433527e-05 1.6258562e-05 1.8130602e-05 1.0040379e-05 1.1687495e-05 1.3603985e-05 1.555568e-05 1.7530856e-05 1.0997171e-05 1.3025995e-05 1.5064856e-05 1.7110196e-05 1.0950674e-05 1.3012492e-05 1.50762535e-05 1.2934067e-05 1.0222272e-05 1.0471812e-05 1.246058e-05 1.399806e-05 1.0774992e-05 1.20027225e-05 1.340307e-05 1.4927486e-05 1.1417641e-05 1.2987138e-05 1.4633294e-05 1.1150813e-05 1.2836778e-05 1.455918e-05 1.1224573e-05 1.2960914e-05 1.4708233e-05 1.0249851e-05 1.1956074e-05 1.3666049e-05 1.0174849e-05 1.0047905e-05 1.1592062e-05 1.03838265e-05 1.1018513e-05 1.1281157e-05 1.280664e-05 1.00213265e-05 1.0210452e-05 1.1605011e-05 1.290269e-05 1.0510881e-05 1.0748995e-05 1.0987266e-05 1.00033585e-05 1.0225537e-05 1.1140726e-05 1.1371299e-05 1.1602829e-05 1.1835256e-05 1.2068519e-05 1.083065e-05 1.1058167e-05 1.1286781e-05 1.0001468e-05 1.045213e-05 1.09040475e-05 1.1357039e-05 1.0084737e-05 1.034293e-05 1.0601924e-05 1.08616405e-05 1.03720695e-05 1.1317109e-05 1.16544425e-05 1.1623888e-05 1.2289098e-05 1.0161647e-05 1.054422e-05 1.1320144e-05 1.6871116e-05 1.710969e-05 1.735005e-05 1.7592114e-05 1.783578e-05 1.3680147e-05 1.4354345e-05 1.50812975e-05 1.5813452e-05 1.6550008e-05 1.2262381e-05 1.5260655e-05 1.5531155e-05 1.5803342e-05 1.6077112e-05 1.635233e-05 1.2277711e-05 1.3034053e-05 1.38469095e-05 1.4662892e-05 1.5481271e-05 1.0898787e-05 1.3737377e-05 1.4041129e-05 1.4346303e-05 1.4652775e-05 1.4960452e-05 1.096965e-05 1.1803974e-05 1.2697519e-05 1.359197e-05 1.4487094e-05 1.2333608e-05 1.26708555e-05 1.3009072e-05 1.3348184e-05 1.3688094e-05 1.0695257e-05 1.1658208e-05 1.2621112e-05 1.358385e-05 1.0783734e-05 1.1797722e-05 1.28134025e-05 1.1144036e-05 1.1995819e-05 1.1247485e-05 1.7270882e-05 1.847006e-05 1.9685584e-05 2.0914396e-05 1.5997763e-05 1.73057e-05 1.86241e-05 1.9950588e-05 1.0080728e-05 1.122498e-05 1.4846239e-05 1.625316e-05 1.7664737e-05 1.9079796e-05 1.0764177e-05 1.3846467e-05 1.5335268e-05 1.6824986e-05 1.8315197e-05 1.25654715e-05 1.4106428e-05 1.5649131e-05 1.7192891e-05 1.5604104e-05 1.07796e-05 1.2825297e-05 1.0970458e-05 1.688311e-05 1.4940163e-05 1.2441714e-05 1.4593274e-05 1.6300606e-05 1.43911e-05 1.0611455e-05 1.2336508e-05 1.7162341e-05 1.8625882e-05 2.013151e-05 2.1670174e-05 1.0240538e-05 1.1710424e-05 1.3554302e-05 1.6274358e-05 1.7847176e-05 1.9447463e-05 2.1068678e-05 1.1061457e-05 1.2402741e-05 1.2264153e-05 1.5563417e-05 1.7225893e-05 1.8902674e-05 2.0590038e-05 1.1064945e-05 1.2404236e-05 1.1620726e-05 1.5054263e-05 1.6779248e-05 1.8509261e-05 2.024279e-05 1.05469435e-05 1.19229435e-05 1.112885e-05 1.3099349e-05 1.484561e-05 1.6593667e-05 1.5094809e-05 1.1008421e-05 1.19524075e-05 1.0424923e-05 1.1138258e-05 1.3731332e-05 1.4970151e-05 1.628387e-05 1.7655573e-05 1.1041717e-05 1.0276412e-05 1.3301395e-05 1.4649879e-05 1.604641e-05 1.7479279e-05 1.0951403e-05 1.3122474e-05 1.4545005e-05 1.5993266e-05 1.7460643e-05 1.32044215e-05 1.4659874e-05 1.6126012e-05 1.7599972e-05 1.2724199e-05 1.1167219e-05 1.2611542e-05 1.4591383e-05 1.0640579e-05 1.4767504e-05 1.5892549e-05 1.1439292e-05 1.5263378e-05 1.633512e-05 1.2525161e-05 1.1654258e-05 1.0036018e-05 1.0846026e-05 1.099575e-05 1.1170781e-05 1.13699225e-05 1.0320029e-05 1.0976585e-05 1.17274985e-05 1.0258753e-05 1.0405789e-05 1.0634444e-05 1.0883939e-05 1.1152845e-05 1.071465e-05 1.155552e-05 1.0380172e-05 1.0671389e-05 1.0978085e-05 1.1298958e-05 1.0694523e-05 1.1591296e-05 1.0771867e-05 1.1102369e-05 1.1443585e-05 1.1794543e-05 1.0022117e-05 1.0917409e-05 1.1832815e-05 1.1538164e-05 1.1884311e-05 1.2237868e-05 1.2598172e-05 1.0478607e-05 1.1368868e-05 1.2267814e-05 1.0333735e-05 1.0654386e-05 1.0983048e-05 1.0477266e-05 1.1027428e-05 1.160539e-05 1.1410037e-05 1.008886e-05 1.0345946e-05 1.0548793e-05 1.0787177e-05 1.1027855e-05 1.1268289e-05 1.002364e-05 1.0010194e-05 1.0090932e-05 1.1314942e-05 1.1545981e-05 1.1778689e-05 1.4033831e-05 1.0481356e-05 1.0161243e-05 1.0795448e-05 1.3553422e-05 1.1053967e-05 1.0037026e-05 1.0297247e-05 1.239815e-05 1.2636038e-05 1.1851653e-05 1.2533118e-05 1.0797784e-05 1.1062943e-05 1.1329792e-05 1.0835592e-05 1.15883195e-05 1.0150366e-05 1.0738907e-05 1.1309362e-05 1.2365055e-05 1.34301845e-05 1.2750563e-05 1.0353423e-05 1.149661e-05 1.0850376e-05 1.19928645e-05 1.0181453e-05 1.1386015e-05 1.0611246e-05 1.0046426e-05 1.1315789e-05 1.1017039e-05 1.1012434e-05 1.0614949e-05 1.1681792e-05 1.2994317e-05 1.4331017e-05 1.6678125e-05 1.0412585e-05 1.1145522e-05 1.253981e-05 1.4735764e-05 1.6058835e-05 1.0948952e-05 1.0855476e-05 1.2797863e-05 1.41781675e-05 1.5571064e-05 1.0378271e-05 1.0166061e-05 1.1610462e-05 1.3057871e-05 1.0152171e-05 1.074767e-05 1.1982371e-05 1.1023372e-05 1.0798501e-05 1.1024539e-05 1.1235594e-05 1.0263308e-05 1.0389253e-05 1.026775e-05 1.0155257e-05 1.0019694e-05 1.0280626e-05 1.002177e-05 1.0265241e-05 1.0511357e-05 1.0757587e-05 1.100555e-05 1.0863151e-05 1.1093722e-05 1.1327227e-05 1.1562763e-05 1.1797856e-05 1.0320854e-05 1.0718398e-05 1.0022305e-05 1.0243543e-05 1.534627e-05 1.0868685e-05 1.0284666e-05 1.1937791e-05 1.134132e-05 1.0756843e-05 1.0176641e-05 1.3138267e-05 1.2530627e-05 1.1944153e-05 1.1347838e-05 1.0790951e-05 1.0085037e-05 1.006169e-05 1.2042165e-05 1.1265746e-05 1.04902065e-05 1.0094466e-05 1.2396123e-05 1.1613149e-05 1.0833041e-05 1.005645e-05 1.0116189e-05 1.0393637e-05 1.2974631e-05 1.2192347e-05 1.1415937e-05 1.0646581e-05 1.0681538e-05 1.0925049e-05 1.0093055e-05 1.3749108e-05 1.2972104e-05 1.2204246e-05 1.1447304e-05 1.1453417e-05 1.0784203e-05 1.4688436e-05 1.3918539e-05 1.3160915e-05 1.2417756e-05 1.26194e-05 1.1571645e-05 1.0559532e-05 1.1652003e-05 1.0789483e-05 1.30679555e-05 1.2185123e-05 1.130579e-05 1.0430764e-05 1.2817407e-05 1.1962502e-05 1.1114399e-05 1.0274711e-05 1.2790792e-05 1.1972355e-05 1.116521e-05 1.0371922e-05 1.2989212e-05 1.2213857e-05 1.1454731e-05 1.0715227e-05 1.009697e-05 1.1014248e-05 1.0253256e-05 1.027349e-05 1.0054848e-05 1.0292875e-05 1.0539592e-05 1.0035686e-05 1.0296562e-05 1.0565029e-05 1.0130849e-05 1.04114915e-05 1.0698626e-05 1.0045309e-05 1.033718e-05 1.0634055e-05 1.0936424e-05 1.0058302e-05 1.0342792e-05 1.0648219e-05 1.0957698e-05 1.1271827e-05 1.0496355e-05 1.0718794e-05 1.09448565e-05 1.1174322e-05 1.1406226e-05 1.163816e-05 1.1871808e-05 1.0036799e-05 1.0432622e-05 1.0831354e-05 1.1436175e-05 1.1653221e-05 1.1873192e-05 1.2095928e-05 1.2320511e-05 1.2544561e-05 1.0468651e-05 1.0842957e-05 1.1219776e-05 1.1598863e-05 1.029846e-05 1.0004453e-05 1.0207327e-05 1.041344e-05 1.0621843e-05 1.0488364e-05 1.0516218e-05 1.00259795e-05 1.1752456e-05 1.2270866e-05 1.0312299e-05 1.0564635e-05 1.03938355e-05 1.1346874e-05 1.0749832e-05 1.0169615e-05 1.0871487e-05 1.001299e-05 1.1964904e-05 1.1634115e-05 1.0533595e-05 1.1131471e-05 1.1214048e-05 1.1304765e-05 1.1403428e-05 1.1573956e-05 1.1761632e-05 1.195491e-05 1.2154731e-05 1.0965636e-05 1.10748115e-05 1.1191028e-05 1.1314099e-05 1.1505252e-05 1.1711559e-05 1.1921642e-05 1.2136665e-05 1.090065e-05 1.1030296e-05 1.1165617e-05 1.1306735e-05 1.1515563e-05 1.1738982e-05 1.196538e-05 1.2196053e-05 1.0955282e-05 1.1099292e-05 1.1248239e-05 1.1401445e-05 1.162539e-05 1.1863847e-05 1.2104508e-05 1.2348796e-05 1.1127785e-05 1.1280436e-05 1.1436469e-05 1.1595728e-05 1.1831964e-05 1.20831355e-05 1.23357995e-05 1.2591498e-05 1.1413744e-05 1.1568202e-05 1.1725223e-05 1.1884705e-05 1.2130343e-05 1.2391834e-05 1.2654203e-05 1.29190885e-05 1.224074e-05 1.244066e-05 1.264343e-05 1.2848916e-05 1.305699e-05 1.3266726e-05 1.3475849e-05 1.1223958e-05 1.15684625e-05 1.1915717e-05 1.2265489e-05 1.2617573e-05 1.130977e-05 1.0324375e-05 1.0502462e-05 1.0684131e-05 1.0869202e-05 1.1057505e-05 1.12480975e-05 1.0765935e-05 1.1832191e-05 1.0886262e-05 1.1648766e-05 1.0884976e-05 1.064815e-05 1.0533916e-05 1.0001365e-05 1.4484723e-05 1.3096267e-05 1.3522185e-05 1.2643406e-05 1.1866901e-05 1.1450079e-05 1.0255837e-05 1.1901881e-05 1.1532114e-05 1.2470766e-05 1.1725785e-05 1.135278e-05 1.1735293e-05 1.2078136e-05 1.13085425e-05 1.0926083e-05 1.0031109e-05 1.1484059e-05 1.0242469e-05 1.1802903e-05 1.1646401e-05 1.1276194e-05 1.0488347e-05 1.1312961e-05 1.0922027e-05 1.1945153e-05 1.1164549e-05 1.0757256e-05 1.0524639e-05 1.1441888e-05 1.1640306e-05 1.131586e-05 1.115458e-05 1.116329e-05 1.0179952e-05 1.1210993e-05 1.1343638e-05 1.1408337e-05 1.0627831e-05 1.297093e-05 1.3048192e-05 1.3132657e-05 1.3224186e-05 1.33602e-05 1.3508378e-05 1.3662236e-05 1.3820126e-05 1.012229e-05 1.2755258e-05 1.2855467e-05 1.2962391e-05 1.3075865e-05 1.3230545e-05 1.3395756e-05 1.3565273e-05 1.3737233e-05 1.2665106e-05 1.2786503e-05 1.2913782e-05 1.3046822e-05 1.3214976e-05 1.3391876e-05 1.3572108e-05 1.3753728e-05 1.2657889e-05 1.2795124e-05 1.2937116e-05 1.3084098e-05 1.3264864e-05 1.3453981e-05 1.3646043e-05 1.3839017e-05 1.2753606e-05 1.2901428e-05 1.3053551e-05 1.32092755e-05 1.3400814e-05 1.3600773e-05 1.3803294e-05 1.4006277e-05 1.2949989e-05 1.3103773e-05 1.3260448e-05 1.3419895e-05 1.362025e-05 1.3829554e-05 1.4041061e-05 1.4252619e-05 1.3243483e-05 1.3397463e-05 1.35536675e-05 1.3712022e-05 1.39192225e-05 1.41363425e-05 1.4355345e-05 1.4574036e-05 1.1292014e-05 1.144962e-05 1.1610598e-05 1.1774811e-05 1.1942125e-05 1.211241e-05 1.2284743e-05 1.0191557e-05 1.0502717e-05 1.1814981e-05 1.1577021e-05 1.1380706e-05 1.0461614e-05 1.0253814e-05 1.20969435e-05 1.242912e-05 1.1717075e-05 1.1570281e-05 1.1845341e-05 1.108986e-05 1.0788107e-05 1.10939745e-05 1.1392612e-05 1.0597615e-05 1.0212213e-05 1.01373535e-05 1.0233253e-05 1.0036457e-05 1.0141971e-05 1.0257028e-05 1.0855477e-05 1.0916836e-05 1.0022734e-05 1.03772145e-05 1.0459442e-05 1.0548239e-05 1.0069784e-05 1.0176697e-05 1.0288932e-05 1.0014964e-05 1.0145736e-05 1.0114589e-05 1.0076058e-05 1.0035891e-05 1.0196003e-05 1.0048293e-05 1.0216583e-05 1.0387332e-05 1.0053257e-05 1.0209776e-05 1.0369096e-05 1.05444515e-05 1.0724694e-05 1.0907634e-05 1.1092198e-05 1.6298249e-05 1.5828084e-05 1.0241848e-05 1.0071539e-05 1.0135871e-05 1.0128281e-05 1.0011011e-05 1.0963088e-05 1.0843886e-05 1.0722661e-05 1.0541037e-05 1.0473619e-05 1.029315e-05 1.049599e-05 1.01259075e-05 1.1917974e-05 1.1738747e-05 1.1613524e-05 1.14887025e-05 1.141668e-05 1.1233929e-05 1.105194e-05 1.122642e-05 1.0841052e-05 1.0460504e-05 1.0080536e-05 1.0565486e-05 1.0180843e-05 1.1633473e-05 1.1604738e-05 1.1407273e-05 1.1245717e-05 1.11879845e-05 1.1043754e-05 1.0844163e-05 1.0645038e-05 1.2003952e-05 1.1606578e-05 1.1211264e-05 1.0816737e-05 1.1306371e-05 1.04897745e-05 1.0092925e-05 1.0104837e-05 1.0927226e-05 1.0016506e-05 1.26267705e-05 1.205958e-05 1.1494401e-05 1.0929427e-05 1.0898094e-05 1.0333994e-05 1.00462685e-05 1.2038403e-05 1.2626526e-05 1.2058422e-05 1.1492422e-05 1.11925365e-05 1.0892691e-05 1.0327236e-05 1.2481477e-05 1.2186395e-05 1.273351e-05 1.2166767e-05 1.1865195e-05 1.1301183e-05 1.0999171e-05 1.0434741e-05 1.3029741e-05 1.2736174e-05 1.2444711e-05 1.294498e-05 1.2639578e-05 1.2078534e-05 1.1518706e-05 1.1214268e-05 1.065364e-05 1.0095122e-05 1.3675903e-05 1.3383647e-05 1.3093821e-05 1.28065885e-05 1.3507832e-05 1.294857e-05 1.2392821e-05 1.183903e-05 1.1532554e-05 1.0977474e-05 1.0424891e-05 1.3724892e-05 1.3538288e-05 1.3238808e-05 1.2941798e-05 1.2798279e-05 1.3239476e-05 1.2674026e-05 1.21119065e-05 1.1552178e-05 1.1732855e-05 1.1177896e-05 1.0625805e-05 1.4420818e-05 1.4168745e-05 1.3982995e-05 1.3689151e-05 1.3544168e-05 1.32549785e-05 1.3640939e-05 1.30787475e-05 1.252111e-05 1.19671095e-05 1.21849525e-05 1.1637466e-05 1.085008e-05 1.0302327e-05 1.5180796e-05 1.4886939e-05 1.4633867e-05 1.4446858e-05 1.429811e-05 1.4008873e-05 1.3723053e-05 1.4126794e-05 1.3568658e-05 1.3016464e-05 1.24675835e-05 1.2715598e-05 1.1903769e-05 1.1360522e-05 1.0822137e-05 1.5097653e-05 1.5090168e-05 1.4764411e-05 1.4481164e-05 1.4424217e-05 1.4100339e-05 1.3778667e-05 1.34593565e-05 1.46921575e-05 1.413878e-05 1.3590676e-05 1.3046577e-05 1.302257e-05 1.24825765e-05 1.1947721e-05 1.1418727e-05 1.0180943e-05 1.1612434e-05 1.2413999e-05 1.1875531e-05 1.1340275e-05 1.1036099e-05 1.0733569e-05 1.0204007e-05 1.1467207e-05 1.1170869e-05 1.1938237e-05 1.1423208e-05 1.1138101e-05 1.0628305e-05 1.03477805e-05 1.137494e-05 1.1096395e-05 1.0822387e-05 1.1543845e-05 1.1262843e-05 1.0789822e-05 1.030703e-05 1.0048725e-05 1.1343096e-05 1.1082594e-05 1.0826829e-05 1.0576145e-05 1.1239352e-05 1.0991511e-05 1.0533825e-05 1.0080506e-05 1.1129624e-05 1.1192976e-05 1.09425255e-05 1.06966945e-05 1.0455806e-05 1.12224e-05 1.0775664e-05 1.0334405e-05 1.11629815e-05 1.1015143e-05 1.0785667e-05 1.0561274e-05 1.042773e-05 1.102112e-05 1.0604651e-05 1.0194515e-05 1.1289233e-05 1.1077421e-05 1.0945659e-05 1.0737939e-05 1.061679e-05 1.0418149e-05 1.0928656e-05 1.0543543e-05 1.0164174e-05 1.1501411e-05 1.1281225e-05 1.1070506e-05 1.0939841e-05 1.0816106e-05 1.0611208e-05 1.0411474e-05 1.0941577e-05 1.0586819e-05 1.0239209e-05 1.1955376e-05 1.2073793e-05 1.1836865e-05 1.1602864e-05 1.1516603e-05 1.1287132e-05 1.106111e-05 1.0838754e-05 1.10602e-05 1.0735889e-05 1.0419668e-05 1.0111124e-05 1.00650805e-05 1.6031525e-05 1.5559162e-05 1.009825e-05 1.0176899e-05 1.0256994e-05 1.03385e-05 1.0421385e-05 1.0045667e-05 1.0856658e-05 1.07006435e-05 1.05450745e-05 1.038997e-05 1.02353515e-05 1.0553265e-05 1.02225395e-05 1.17252e-05 1.15660605e-05 1.1407459e-05 1.124942e-05 1.1091966e-05 1.0935122e-05 1.1224955e-05 1.0881925e-05 1.0542699e-05 1.0208571e-05 1.1326991e-05 1.1321478e-05 1.1146553e-05 1.0971941e-05 1.0797657e-05 1.0623716e-05 1.0450136e-05 1.194196e-05 1.1586888e-05 1.1239285e-05 1.0893485e-05 1.054842e-05 1.0204165e-05 1.0729444e-05 1.0927796e-05 1.0914642e-05 1.0724389e-05 1.0534183e-05 1.0344029e-05 1.0153928e-05 1.2701279e-05 1.2336864e-05 1.1977562e-05 1.1620196e-05 1.1263793e-05 1.0908447e-05 1.0554265e-05 1.0201368e-05 1.00811385e-05 1.1293884e-05 1.0402869e-05 1.1547554e-05 1.0831454e-05 1.1889396e-05 1.135474e-05 1.2312018e-05 1.1960248e-05 1.2807381e-05 1.2636109e-05 1.3367355e-05 1.3371609e-05 1.3984138e-05 1.1843138e-05 1.0044018e-05 1.2261201e-05 1.1757574e-05 1.1260795e-05 1.0765978e-05 1.0271464e-05 1.0531371e-05 1.1548817e-05 1.1585607e-05 1.1629754e-05 1.1681175e-05 1.1739774e-05 1.2593608e-05 1.2076343e-05 1.1565931e-05 1.1057413e-05 1.0549086e-05 1.0040981e-05 1.0419307e-05 1.0507037e-05 1.0565353e-05 1.063179e-05 1.0706199e-05 1.0788413e-05 1.1803235e-05 1.2568645e-05 1.2049884e-05 1.1538088e-05 1.1028272e-05 1.0518736e-05 1.0009523e-05 1.0434614e-05 1.2189379e-05 1.1917525e-05 1.2639125e-05 1.2120252e-05 1.1608559e-05 1.10991e-05 1.0590213e-05 1.0081982e-05 1.0576641e-05 1.266932e-05 1.2400003e-05 1.2132537e-05 1.2803407e-05 1.2285716e-05 1.1775517e-05 1.1267949e-05 1.0761421e-05 1.0256816e-05 1.0840313e-05 1.32368505e-05 1.29700375e-05 1.2705368e-05 1.2442981e-05 1.3057887e-05 1.2542452e-05 1.2034883e-05 1.1530449e-05 1.102844e-05 1.052919e-05 1.0032184e-05 1.1216963e-05 1.3885118e-05 1.3620558e-05 1.3358399e-05 1.3098785e-05 1.284187e-05 1.3397365e-05 1.2884942e-05 1.2380789e-05 1.1881117e-05 1.1384895e-05 1.0891393e-05 1.04010005e-05 1.1695635e-05 1.452136e-05 1.4254354e-05 1.3989822e-05 1.3727908e-05 1.3468763e-05 1.3212552e-05 1.3815553e-05 1.3306544e-05 1.2806939e-05 1.2313003e-05 1.1822154e-05 1.1334795e-05 1.0851395e-05 1.037251e-05 1.2268374e-05 1.443558e-05 1.4440092e-05 1.4143827e-05 1.3849167e-05 1.3556214e-05 1.3265084e-05 1.2975898e-05 1.4308787e-05 1.3803884e-05 1.3309672e-05 1.2820425e-05 1.2334922e-05 1.1853626e-05 1.1377073e-05 1.0905885e-05 1.4233788e-05 1.46376315e-05 1.4640818e-05 1.4327762e-05 1.4015866e-05 1.3705211e-05 1.3395882e-05 1.3087973e-05 1.4873076e-05 1.4372996e-05 1.3882628e-05 1.3397744e-05 1.2917196e-05 1.2441491e-05 1.1971209e-05 1.1507013e-05 1.3571626e-05 1.4220653e-05 1.334602e-05 1.4017568e-05 1.321292e-05 1.3891379e-05 1.317506e-05 1.3844136e-05 1.323319e-05 1.3876593e-05 1.3385989e-05 1.3988141e-05 1.3031302e-05 1.1294842e-05 1.14062295e-05 1.075629e-05 1.2557936e-05 1.20479735e-05 1.1545153e-05 1.1045005e-05 1.0546076e-05 1.00485495e-05 1.0984057e-05 1.1273378e-05 1.2254299e-05 1.1759078e-05 1.1271421e-05 1.0786897e-05 1.0304108e-05 1.0432378e-05 1.1133044e-05 1.0854136e-05 1.1796686e-05 1.1323777e-05 1.0858921e-05 1.0397767e-05 1.1042433e-05 1.0779175e-05 1.0520149e-05 1.1411753e-05 1.0962722e-05 1.0522324e-05 1.0086329e-05 1.1007582e-05 1.0760388e-05 1.0517653e-05 1.0279691e-05 1.1107026e-05 1.06834095e-05 1.0269066e-05 1.0803042e-05 1.0576768e-05 1.0355439e-05 1.0139381e-05 1.0889206e-05 1.0492338e-05 1.0105377e-05 1.0911477e-05 1.07015585e-05 1.0496696e-05 1.0297188e-05 1.0103353e-05 1.0763537e-05 1.0394339e-05 1.0035611e-05 1.1138695e-05 1.0922915e-05 1.0711387e-05 1.0504369e-05 1.030771e-05 1.0108363e-05 1.0733233e-05 1.0392038e-05 1.006046e-05 1.1396672e-05 1.1534109e-05 1.1298034e-05 1.1064819e-05 1.08346485e-05 1.06077205e-05 1.0384246e-05 1.07998e-05 1.0485959e-05 1.01822525e-05 1.0877261e-05 1.140482e-05 1.15489875e-05 1.1317819e-05 1.1089307e-05 1.08636195e-05 1.0640935e-05 1.0421447e-05 1.0963096e-05 1.06761445e-05 1.0399482e-05 1.0130814e-05 1.02701815e-05 1.0595247e-05 1.0153392e-05 1.4637373e-05 1.43190355e-05 1.09315515e-05 1.10167e-05 1.1102836e-05 1.1189934e-05 1.0067631e-05 1.0162494e-05 1.0258408e-05 1.0066012e-05 1.082101e-05 1.065462e-05 1.0334427e-05 1.0019468e-05 1.1393044e-05 1.106453e-05 1.0739455e-05 1.0419609e-05 1.0102029e-05 1.0070479e-05 1.0371225e-05 1.0780969e-05 1.0049462e-05 1.0766645e-05 1.0380444e-05 1.1246705e-05 1.0792108e-05 1.0398291e-05 1.1801029e-05 1.1275571e-05 1.0872345e-05 1.2419631e-05 1.0613632e-05 1.1821984e-05 1.1410274e-05 1.0893337e-05 1.0235183e-05 1.0599427e-05 1.0144409e-05 1.0625812e-05 1.2384243e-05 1.2461044e-05 1.2543391e-05 1.2631174e-05 1.0899545e-05 1.0432826e-05 1.0641151e-05 1.1512261e-05 1.1610318e-05 1.1714188e-05 1.18237185e-05 1.00518455e-05 1.0859739e-05 1.0391662e-05 1.0765723e-05 1.06756725e-05 1.079687e-05 1.0924058e-05 1.0408258e-05 1.0158787e-05 1.0917836e-05 1.04500505e-05 1.09957355e-05 1.0029693e-05 1.0858633e-05 1.06133775e-05 1.0370209e-05 1.1072231e-05 1.0606283e-05 1.0144687e-05 1.1324685e-05 1.139549e-05 1.1154469e-05 1.0915865e-05 1.0679839e-05 1.1318919e-05 1.085607e-05 1.0398105e-05 1.1744267e-05 1.1897465e-05 1.1653011e-05 1.1410973e-05 1.1171504e-05 1.0934777e-05 1.1652041e-05 1.1193154e-05 1.0739725e-05 1.0295965e-05 1.2249348e-05 1.1880089e-05 1.1908174e-05 1.1634279e-05 1.1361731e-05 1.1090628e-05 1.0821079e-05 1.2067768e-05 1.1613318e-05 1.1165613e-05 1.072875e-05 1.0297136e-05 1.2833347e-05 1.1703815e-05 1.2148294e-05 1.2176033e-05 1.1888562e-05 1.1602025e-05 1.1316492e-05 1.1032042e-05 1.2560791e-05 1.2111414e-05 1.16701185e-05 1.1238965e-05 1.0813746e-05 1.039352e-05 1.200816e-05 1.1864959e-05 1.2281342e-05 1.2297932e-05 1.2011355e-05 1.1726025e-05 1.1442039e-05 1.1159496e-05 1.3120258e-05 1.2676481e-05 1.2239924e-05 1.1813938e-05 1.1394461e-05 1.0980629e-05 1.0573106e-05 1.0172653e-05 1.3187965e-05 1.0801617e-05 1.2333493e-05 1.1838612e-05 1.3002243e-05 1.0625121e-05 1.2168307e-05 1.1680486e-05 1.2900507e-05 1.0549965e-05 1.208164e-05 1.1602683e-05 1.2884682e-05 1.0578236e-05 1.2075128e-05 1.1606766e-05 1.2955024e-05 1.0709041e-05 1.21488465e-05 1.1692595e-05 1.2548456e-05 1.0314349e-05 1.1061708e-05 1.0389219e-05 1.0488245e-05 1.0021472e-05 1.0390542e-05 1.0895631e-05 1.0430677e-05 1.0128272e-05 1.0609623e-05 1.0158864e-05 1.0176677e-05 1.0113832e-05 1.0096594e-05 1.3370532e-05 1.3245662e-05 1.1851445e-05 1.1939081e-05 1.2027375e-05 1.1093686e-05 1.1189877e-05 1.03590755e-05 1.0121452e-05 1.1725038e-05 1.0803998e-05 1.0906544e-05 1.0108255e-05 1.0001178e-05 1.00420575e-05 1.023893e-05 1.34827305e-05 1.3585433e-05 1.3692099e-05 1.277408e-05 1.2895319e-05 1.302054e-05 1.2105463e-05 1.2246157e-05 1.148381e-05 1.0377562e-05 1.0182212e-05 1.0352847e-05 1.0967113e-05 1.0849203e-05 1.0460447e-05 1.0077546e-05 1.0007589e-05 1.1408846e-05 1.1026585e-05 1.0649381e-05 1.0280767e-05 1.1076573e-05 1.0808858e-05 1.0531964e-05 1.0447403e-05 1.0004224e-05 1.0932734e-05 1.0669788e-05 1.0320884e-05 1.0876654e-05 1.06191665e-05 1.0275734e-05 1.09096245e-05 1.0658187e-05 1.0312967e-05 1.0422051e-05 1.0165149e-05 1.226508e-05 1.2346333e-05 1.2309756e-05 1.2833225e-05 1.2920355e-05 1.2176893e-05 1.2784251e-05 1.0225221e-05 1.1962133e-05 1.2065972e-05 1.121069e-05 1.1329743e-05 1.1450147e-05 1.1654101e-05 1.1798119e-05 1.1943189e-05 1.2049615e-05 1.2215408e-05 1.2381989e-05 1.0308482e-05 1.0613023e-05 1.0919035e-05 1.1475015e-05 1.165729e-05 1.1840263e-05 1.0030815e-05 1.09435505e-05 1.1142168e-05 1.1341363e-05 1.0461759e-05 1.0676226e-05 1.0891135e-05 1.0363712e-05 1.4769329e-05 1.4886386e-05 1.4206522e-05 1.4338537e-05 1.3682755e-05 1.1482291e-05 1.0414568e-05 1.0864606e-05 1.0197663e-05 1.0282417e-05 1.0067311e-05 1.0191055e-05 1.06438665e-05 1.0814176e-05 1.098855e-05 1.0897048e-05 1.1098628e-05 1.1303309e-05 1.0631458e-05 1.08534605e-05 1.1078046e-05 1.0435472e-05 1.0676009e-05 1.0918608e-05 1.0313005e-05 1.0569636e-05 1.0827855e-05 1.0315792e-05 1.1306243e-05 1.1642838e-05 1.1517688e-05 1.0394646e-05 1.3858179e-05 1.3932401e-05 1.1067922e-05 1.3360125e-05 1.3461002e-05 1.0391573e-05 1.3862131e-05 1.3982769e-05 1.0662442e-05 1.430221e-05 1.4440911e-05 1.2325864e-05 1.2579652e-05 1.28345e-05 1.3090347e-05 1.0081795e-05 1.3778567e-05 1.3931727e-05 1.17718755e-05 1.2037449e-05 1.2303892e-05 1.3285239e-05 1.3452859e-05 1.12490325e-05 1.1525919e-05 1.2825697e-05 1.3007629e-05 1.0761844e-05 1.2403665e-05 1.2599572e-05 1.1674774e-05 1.6184575e-05 1.119951e-05 1.5747355e-05 1.0771067e-05 1.0818516e-05 1.2659126e-05 1.1741304e-05 1.21407675e-05 1.0061564e-05 1.2087173e-05 1.2195818e-05 1.28406455e-05 1.2987853e-05 1.3088033e-05 1.326019e-05 1.1019816e-05 1.1282406e-05 1.1549053e-05 1.1819483e-05 1.281535e-05 1.3004953e-05 1.0671018e-05 1.0946662e-05 1.122575e-05 1.2590062e-05 1.2796145e-05 1.0373288e-05 1.0660751e-05 1.2414715e-05 1.2636034e-05 1.0131088e-05 1.2291408e-05 1.2526451e-05 1.0737434e-05 1.1039443e-05 1.0508877e-05 1.104382e-05 1.1113553e-05 1.1151279e-05 1.0060498e-05 1.0887664e-05 1.07658425e-05 1.0012486e-05 1.0327086e-05 1.1441405e-05 1.5355883e-05 1.1053908e-05 1.27747e-05 1.5979103e-05 1.3126374e-05 1.6411806e-05 1.4250955e-05 1.4459338e-05 1.4668474e-05 1.4878332e-05 1.5088881e-05 1.2615769e-05 1.5942747e-05 1.3745327e-05 1.396166e-05 1.4178652e-05 1.4396272e-05 1.2130837e-05 1.5495882e-05 1.3262451e-05 1.348652e-05 1.37111465e-05 1.167475e-05 1.5073163e-05 1.2804879e-05 1.3036361e-05 1.1250989e-05 1.4676654e-05 1.2375394e-05 1.0863309e-05 1.4308516e-05 1.3568874e-05 1.3224712e-05 1.4005377e-05 1.00454345e-05 1.1144792e-05 1.4152012e-05 1.1867983e-05 1.5043376e-05 1.004768e-05 1.0255643e-05 1.046777e-05 1.0683814e-05 1.0962409e-05 1.1966988e-05 1.5231963e-05 1.2950715e-05 1.3170057e-05 1.3392238e-05 1.3617118e-05 1.3844568e-05 1.1643557e-05 1.4962012e-05 1.2607537e-05 1.2835866e-05 1.3066743e-05 1.3300037e-05 1.136111e-05 1.4725108e-05 1.2299837e-05 1.2536622e-05 1.2775655e-05 1.1122736e-05 1.4522842e-05 1.2030307e-05 1.2274855e-05 1.0931285e-05 1.4356654e-05 1.1801531e-05 1.0789218e-05 1.4227781e-05 1.0343418e-05 1.3351551e-05 1.0476946e-05 1.0587571e-05 1.0673906e-05 1.07602855e-05 1.0846707e-05 1.0933169e-05 1.1019672e-05 1.0084833e-05 1.0541043e-05 1.0629467e-05 1.0717922e-05 1.0806408e-05 1.08949225e-05 1.0138124e-05 1.0228565e-05 1.0319027e-05 1.0409507e-05 1.4752311e-05 1.0361346e-05 1.5138616e-05 1.5428132e-05 1.5589441e-05 1.5751257e-05 1.5913567e-05 1.6076354e-05 1.6239605e-05 1.4710544e-05 1.49870075e-05 1.5152888e-05 1.5319234e-05 1.548603e-05 1.565326e-05 1.4300235e-05 1.4562315e-05 1.4732686e-05 1.4903477e-05 1.5074671e-05 1.3909244e-05 1.41555165e-05 1.4330259e-05 1.4505371e-05 1.35392265e-05 1.376818e-05 1.3947126e-05 1.3191928e-05 1.3401976e-05 1.2869169e-05 1.3181055e-05 1.122424e-05 1.4040249e-05 1.1712368e-05 1.1873905e-05 1.2037973e-05 1.2204467e-05 1.2373292e-05 1.2544351e-05 1.3018247e-05 1.4124902e-05 1.4260806e-05 1.4431155e-05 1.4603376e-05 1.4777401e-05 1.4953168e-05 1.5130616e-05 1.38367595e-05 1.39375925e-05 1.41138835e-05 1.4291928e-05 1.4471659e-05 1.4653016e-05 1.357477e-05 1.36385925e-05 1.3820651e-05 1.4004336e-05 1.4189583e-05 1.334045e-05 1.3365409e-05 1.3552996e-05 1.37420775e-05 1.3135261e-05 1.3119634e-05 1.3312442e-05 1.29605605e-05 1.2902809e-05 1.2817574e-05 1.1933607e-05 1.1225281e-05
        </DataArray>
        <DataArray type="Int32" Name="status" format="ascii">
          0 0 0 0 0 0 0 0 0 0 0 0 0 0 0 0 0 0 0 0 0 0 0 0 0 0 0 0 0 0 0 0 0 0 0 0 0 0 0 0 0 0 0 0 0 0 0 0 0 0 0 0 0 0 0 0 0 0 0 0 0 0 0 0 0 0 0 0 0 0 0 0 0 0 0 0 0 0 0 0 0 0 0 0 0 0 0 0 0 0 0 0 0 0 0 0 0 0 0 0 0 0 0 0 0 0 0 0 0 0 0 0 0 0 0 0 0 0 0 0 0 0 0 0 0 0 0 0 0 0 0 0 0 0 0 0 0 0 0 0 0 0 0 0 0 0 0 0 0 0 0 0 0 0 0 0 0 0 0 0 0 0 0 0 0 0 0 0 0 0 0 0 0 0 0 0 0 0 0 0 0 0 0 0 0 0 0 0 0 0 0 0 0 0 0 0 0 0 0 0 0 0 0 0 0 0 0 0 0 0 0 0 0 0 0 0 0 0 0 0 0 0 0 0 0 0 0 0 0 0 0 0 0 0 0 0 0 0 0 0 0 0 0 0 0 0 0 0 0 0 0 0 0 0 0 0 0 0 0 0 0 0 0 0 0 0 0 0 0 0 0 0 0 0 0 0 0 0 0 0 0 0 0 0 0 0 0 0 0 0 0 0 0 0 0 0 0 0 0 0 0 0 0 0 0 0 0 0 0 0 0 0 0 0 0 0 0 0 0 0 0 0 0 0 0 0 0 0 0 0 0 0 0 0 0 0 0 0 0 0 0 0 0 0 0 0 0 0 0 0 0 0 0 0 0 0 0 0 0 0 0 0 0 0 0 0 0 0 0 0 0 0 0 0 0 0 0 0 0 0 0 0 0 0 0 0 0 0 0 0 0 0 0 0 0 0 0 0 0 0 0 0 0 0 0 0 0 0 0 0 0 0 0 0 0 0 0 0 0 0 0 0 0 0 0 0 0 0 0 0 0 0 0 0 0 0 0 0 0 0 0 0 0 0 0 0 0 0 0 0 0 0 0 0 0 0 0 0 0 0 0 0 0 0 0 0 0 0 0 0 0 0 0 0 0 0 0 0 0 0 0 0 0 0 0 0 0 0 0 0 0 0 0 0 0 0 0 0 0 0 0 0 0 0 0 0 0 0 0 0 0 0 0 0 0 0 0 0 0 0 0 0 0 0 0 0 0 0 0 0 0 0 0 0 0 0 0 0 0 0 0 0 0 0 0 0 0 0 0 0 0 0 0 0 0 0 0 0 0 0 0 0 0 0 0 0 0 0 0 0 0 0 0 0 0 0 0 0 0 0 0 0 0 0 0 0 0 0 0 0 0 0 0 0 0 0 0 0 0 0 0 0 0 0 0 0 0 0 0 0 0 0 0 0 0 0 0 0 0 0 0 0 0 0 0 0 0 0 0 0 0 0 0 0 0 0 0 0 0 0 0 0 0 0 0 0 0 0 0 0 0 0 0 0 0 0 0 0 0 0 0 0 0 0 0 0 0 0 0 0 0 0 0 0 0 0 0 0 0 0 0 0 0 0 0 0 0 0 0 0 0 0 0 0 0 0 0 0 0 0 0 0 0 0 0 0 0 0 0 0 0 0 0 0 0 0 0 0 0 0 0 0 0 0 0 0 0 0 0 0 0 0 0 0 0 0 0 0 0 0 0 0 0 0 0 0 0 0 0 0 0 0 0 0 0 0 0 0 0 0 0 0 0 0 0 0 0 0 0 0 0 0 0 0 0 0 0 0 0 0 0 0 0 0 0 0 0 0 0 0 0 0 0 0 0 0 0 0 0 0 0 0 0 0 0 0 0 0 0 0 0 0 0 0 0 0 0 0 0 0 0 0 0 0 0 0 0 0 0 0 0 0 0 0 0 0 0 0 0 0 0 0 0 0 0 0 0 0 0 0 0 0 0 0 0 0 0 0 0 0 0 0 0 0 0 0 0 0 0 0 0 0 0 0 0 0 0 0 0 0 0 0 0 0 0 0 0 0 0 0 0 0 0 0 0 0 0 0 0 0 0 0 0 0 0 0 0 0 0 0 0 0 0 0 0 0 0 0 0 0 0 0 0 0 0 0 0 0 0 0 0 0 0 0 0 0 0 0 0 0 0 0 0 0 0 0 0 0 0 0 0 0 0 0 0 0 0 0 0 0 0 0 0 0 0 0 0 0 0 0 0 0 0 0 0 0 0 0 0 0 0 0 0 0 0 0 0 0 0 0 0 0 0 0 0 0 0 0 0 0 0 0 0 0 0 0 0 0 0 0 0 0 0 0 0 0 0 0 0 0 0 0 0 0 0 0 0 0 0 0 0 0 0 0 0 0 0 0 0 0 0 0 0 0 0 0 0 0 0 0 0 0 0 0 0 0 0 0 0 0 0 0 0 0 0 0 0 0 0 0 0 0 0 0 0 0 0 0 0 0 0 0 0 0 0 0 0 0 0 0 0 0 0 0 0 0 0 0 0 0 0 0 0 0 0 0 0 0 0 0 0 0 0 0 0 0 0 0 0 0 0 0 0 0 0 0 0 0 0 0 0 0 0 0 0 0 0 0 0 0 0 0 0 0 0 0 0 0 0 0 0 0 0 0 0 0 0 0 0 0 0 0 0 0 0 0 0 0 0 0 0 0 0 0 0 0 0 0 0 0 0 0 0 0 0 0 0 0 0 0 0 0 0 0 0 0 0 0 0 0 0 0 0 0 0 0 0 0 0 0 0 0 0 0 0 0 0 0 0 0 0 0 0 0 0 0 0 0 0 0 0 0 0 0 0 0 0 0 0 0 0 0 0 0 0 0 0 0 0 0 0 0 0 0 0 0 0 0 0 0 0 0 0 0 0 0 0 0 0 0 0 0 0 0 0 0 0 0 0 0 0 0 0 0 0 0 0 0 0 0 0 0 0 0 0 0 0 0 0 0 0 0 0 0 0 0 0 0 0 0 0 0 0 0 0 0 0 0 0 0 0 0 0 0 0 0 0 0 0 0 0 0 0 0 0 0 0 0 0 0 0 0 0 0 0 0 0 0 0 0 0 0 0 0 0 0 0 0 0 0 0 0 0 0 0 0 0 0 0 0 0 0 0 0 0 0 0 0 0 0 0 0 0 0 0 0 0 0 0 0 0 0 0 0 0 0 0 0 0 0 0 0 0 0 0 0 0 0 0 0 0 0 0 0 0 0 0 0 0 0 0 0 0 0 0 0 0 0 0 0 0 0 0 0 0 0 0 0 0 0 0 0 0 0 0 0 0 0 0 0 0 0 0 0 0 0 0 0 0 0 0 0 0 0 0 0 0 0 0 0 0 0 0 0 0 0 0 0 0 0 0 0 0 0 0 0 0 0 0 0 0 0 0 0 0 0 0 0 0 0 0 0 0 0 0 0 0 0 0 0 0 0 0 0 0 0 0 0 0 0 0 0 0 0 0 0 0 0 0 0 0 0 0 0 0 0 0 0 0 0 0 0 0 0 0 0 0 0 0 0 0 0 0 0 0 0 0 0 0 0 0 0 0 0 0 0 0 0 0 0 0 0 0 0 0 0 0 0 0 0 0 0 0 0 0 0 0 0 0 0 0 0 0 0 0 0 0 0 0 0 0 0 0 0 0 0 0 0 0 0 0 0 0 0 0 0 0 0 0 0 0 0 0 0 0 0 0 0 0 0 0 0 0 0 0 0 0 0 0 0 0 0 0 0 0 0 0 0 0 0 0 0 0 0 0 0 0 0 0 0 0 0 0 0 0 0 0 0 0 0 0 0 0 0 0 0 0 0 0 0 0 0 0 0 0 0 0 0 0 0 0 0 0 0 0 0 0 0 0 0 0 0 0 0 0 0 0 0 0 0 0 0 0 0 0 0 0 0 0 0 0 0 0 0 0 0 0 0 0 0 0 0 0 0 0 0 0 0 0 0 0 0 0 0 0 0 0 0 0 0 0 0 0 0 0 0 0 0 0 0 0 0 0 0 0 0 0 0 0 0 0 0 0 0 0 0 0 0 0 0 0 0 0 0 0 0 0 0 0 0 0 0 0 0 0 0 0 0 0 0 0 0 0 0 0 0 0 0 0 0 0 0 0 0 0 0 0 0 0 0 0 0 0 0 0 0 0 0 0 0 0 0 0 0 0 0 0 0 0 0 0 0 0 0 0 0 0 0 0 0 0 0 0 0 0 0 0 0 0 0 0 0 0 0 0 0 0 0 0 0 0 0 0 0 0 0 0 0 0 0 0 0 0 0 0 0 0 0 0 0 0 0 0 0 0 0 0 0 0 0 0 0 0 0 0 0 0 0 0 0 0 0 0 0 0 0 0 0 0 0 0 0 0 0 0 0 0 0 0 0 0 0 0 0 0 0 0 0 0 0 0 0 0 0 0 0 0 0 0 0 0 0 0 0 0 0 0 0 0 0 0 0 0 0 0 0 0 0 0 0 0 0 0 0 0 0 0 0 0 0 0 0 0 0 0 0 0 0 0 0 0 0 0 0 0 0 0 0 0 0 0 0 0 0 0 0 0 0 0 0 0 0 0 0 0 0 0 0 0 0 0 0 0 0 0 0 0 0 0 0 0 0 0 0 0 0 0 0 0 0 0 0 0 0 0 0 0 0 0 0 0 0 0 0 0 0 0 0 0 0 0 0 0 0 0 0 0 0 0 0 0 0 0 0 0 0 0 0 0 0 0 0 0 0 0 0 0 0 0 0 0 0 0 0 0 0 0 0 0 0 0 0 0 0 0 0 0 0 0 0 0 0 0 0 0 0 0 0 0 0 0 0 0 0 0 0 0 0 0 0 0 0 0 0 0 0 0 0 0 0 0 0 0 0 0 0 0 0 0 0 0 0 0 0 0 0 0 0 0 0 0 0 0 0 0 0 0 0 0 0 0 0 0 0 0 0 0 0 0 0 0 0 0 0 0 0 0 0 0 0 0 0 0 0 0 0 0 0 0 0 0 0 0 0 0 0 0 0 0 0 0 0 0 0 0 0 0 0 0 0 0 0 0 0 0 0 0 0 0 0 0 0 0 0 0 0 0 0 0 0 0 0 0 0 0 0 0 0 0 0 0 0 0 0 0 0 0 0 0 0 0 0 0 0 0 0 0 0 0 0 0 0 0 0 0 0 0 0 0 0 0 0 0 0 0 0 0 0 0 0 0 0 0 0 0 0 0 0 0 0 0 0 0 0 0 0 0 0 0 0 0 0 0 0 0 0 0 0 0 0 0 0 0 0 0 0 0 0 0 0 0 0 0 0 0 0 0 0 0 0 0 0 0 0 0 0 0 0 0 0 0 0 0 0 0 0 0 0 0 0 0 0 0 0 0 0 0 0 0 0 0 0 0 0 0 0 0 0 0 0 0 0 0 0 0 0 0 0 0 0 0 0 0 0 0 0 0 0 0 0 0 0 0 0 0 0 0 0 0 0 0 0 0 0 0 0 0 0 0 0 0 0 0 0 0 0 0 0 0 0 0 0 0 0 0 0 0 0 0 0 0 0 0 0 0 0 0 0 0 0 0 0 0 0 0 0 0 0 0 0 0 0 0 0 0 0 0 0 0 0 0 0 0 0 0 0 0 0 0 0 0 0 0 0 0 0 0 0 0 0 0 0 0 0 0 0 0 0 0 0 0 0 0 0 0 0 0 0 0 0 0 0 0 0 0 0 0 0 0 0 0 0 0 0 0 0 0 0 0 0 0 0 0 0 0 0 0 0 0 0 0 0 0 0 0 0 0 0 0 0 0 0 0 0 0 0 0 0 0 0 0 0 0 0 0 0 0 0 0 0 0 0 0 0 0 0 0 0 0 0 0 0 0 0 0 0 0 0 0 0 0 0 0 0 0 0 0 0 0 0 0 0 0 0 0 0 0 0 0 0 0 0 0 0 0 0 0 0 0 0 0 0 0 0 0 0 0 0 0 0 0 0 0 0 0 0 0 0 0 0 0 0 0 0 0 0 0 0 0 0 0 0 0 0 0 0 0 0 0 0 0 0 0 0 0 0 0 0 0 0 0 0 0 0 0 0 0 0 0 0 0 0 0 0 0 0 0 0 0 0 0 0 0 0 0 0 0 0 0 0 0 0 0 0 0 0 0 0 0 0 0 0 0 0 0 0 0 0 0 0 0 0 0 0 0 0 0 0 0 0 0 0 0 0 0 0 0 0 0 0 0 0 0 0 0 0 0 0 0 0 0 0 0 0 0 0 0 0 0 0 0 0 0 0 0 0 0 0 0 0 0 0 0 0 0 0 0 0 0 0 0 0 0 0 0 0 0 0 0 0 0 0 0 0 0 0 0 0 0 0 0 0 0 0 0 0 0 0 0 0 0 0 0 0 0 0 0 0 0 0 0 0 0 0 0 0 0 0 0 0 0 0 0 0 0 0 0 0 0 0 0 0 0 0 0 0 0 0 0 0 0 0 0 0 0 0 0 0 0 0 0 0 0 0 0 0 0 0 0 0 0 0 0 0 0 0 0 0 0 0 0 0 0 0 0 0 0 0 0 0 0 0 0 0 0 0 0 0 0 0 0 0 0 0 0 0 0 0 0 0 0 0 0 0 0 0 0 0 0 0 0 0 0 0 0 0 0 0 0 0 0 0 0 0 0 0 0 0 0 0 0 0 0 0 0 0 0 0 0 0 0 0 0 0 0 0 0 0 0 0 0 0 0 0 0 0 0 0 0 0 0 0 0 0 0 0 0 0 0 0 0 0 0 0 0 0 0 0 0 0 0 0 0 0 0 0 0 0 0 0 0 0 0 0 0 0 0 0 0 0 0 0 0 0 0 0 0 0 0 0 0 0 0 0 0 0 0 0 0 0 0 0 0 0 0 0 0 0 0 0 0 0 0 0 0 0 0 0 0 0 0 0 0 0 0 0 0 0 0 0 0 0 0 0 0 0 0 0 0 0 0 0 0 0 0 0 0 0 0 0 0 0 0 0 0 0 0 0 0 0 0 0 0 0 0 0 0 0 0 0 0 0 0 0 0 0 0 0 0 0 0 0 0 0 0 0 0 0 0 0 0 0 0 0 0 0 0 0 0 0 0 0 0 0 0 0 0 0 0 0 0 0 0 0 0 0 0 0 0 0 0 0 0 0 0 0 0 0 0 0 0 0 0 0 0 0 0 0 0 0 0 0 0 0 0 0 0 0 0 0 0 0 0 0 0 0 0 0 0 0 0 0 0 0 0 0 0 0 0 0 0 0 0 0 0 0 0 0 0 0 0 0 0 0 0 0 0 0 0 0 0 0 0 0 0 0 0 0 0 0 0 0 0 0 0 0 0 0 0 0 0 0 0 0 0 0 0 0 0 0 0 0 0 0 0 0 0 0 0 0 0 0 0 0 0 0 0 0 0 0 0 0 0 0 0 0 0 0 0 0 0 0 0 0 0 0 0 0 0 0 0 0 0 0 0 0 0 0 0 0 0 0 0 0 0 0 0 0 0 0 0 0 0 0 0 0 0 0 0 0 0 0 0 0 0 0 0 0 0 0 0 0 0 0 0 0 0 0 0 0 0 0 0 0 0 0 0 0 0 0 0 0 0 0 0 0 0 0 0 0 0 0 0 0 0 0 0 0 0 0 0 0 0 0 0 0 0 0 0 0 0 0 0 0 0 0 0 0 0 0 0 0 0 0 0 0 0 0 0 0 0 0 0 0 0 0 0 0 0 0 0 0 0 0 0 0 0 0 0 0 0 0 0 0 0 0 0 0 0 0 0 0 0 0 0 0 0 0 0 0 0 0 0 0 0 0 0 0 0 0 0 0 0 0 0 0 0 0 0 0 0 0 0 0 0 0 0 0 0 0 0 0 0 0 0 0 0 0 0 0 0 0 0 0 0 0 0 0 0 0 0 0 0 0 0 0 0 0 0 0 0 0 0 0 0 0 0 0 0 0 0 0 0 0 0 0 0 0 0 0 0 0 0 0 0 0 0 0 0 0 0 0 0 0 0 0 0 0 0 0 0 0 0 0 0 0 0 0 0 0 0 0 0 0 0 0 0 0 0 0 0 0 0 0 0 0 0 0 0 0 0 0 0 0 0 0 0 0 0 0 0 0 0 0 0 0 0 0 0 0 0 0 0 0 0 0 0 0 0 0 0 0 0 0 0 0 0 0 0 0 0 0 0 0 0 0 0 0 0 0 0 0 0 0 0 0 0 0 0 0 0 0 0 0 0 0 0 0 0 0 0 0 0 0 0 0 0 0 0 0 0 0 0 0 0 0 0 0 0 0 0 0 0 0 0 0 0 0 0 0 0 0 0 0 0 0 0 0 0 0 0 0 0 0 0 0 0 0 0 0 0 0 0 0 0 0 0 0 0 0 0 0 0 0 0 0 0 0 0 0 0 0 0 0 0 0 0 0 0 0 0 0 0 0 0 0 0 0 0 0 0 0 0 0 0 0 0 0 0 0 0 0 0 0 0 0 0 0 0 0 0 0 0 0 0 0 0 0 0 0 0 0 0 0 0 0 0 0 0 0 0 0 0 0 0 0 0 0 0 0 0 0 0 0 0 0 0 0 0 0 0 0 0 0 0 0 0 0 0 0 0 0 0 0 0 0 0 0 0 0 0 0 0 0 0 0 0 0 0 0 0 0 0 0 0 0 0 0 0 0 0 0 0 0 0 0 0 0 0 0 0 0 0 0 0 0 0 0 0 0 0 0 0 0 0 0 0 0 0 0 0 0 0 0 0 0 0 0 0 0 0 0 0 0 0 0 0 0 0 0 0 0 0 0 0 0 0 0 0 0 0 0 0 0 0 0 0 0 0 0 0 0 0 0 0 0 0 0 0 0 0 0 0 0 0 0 0 0 0 0 0 0 0 0 0 0 0 0 0 0 0 0 0 0 0 0 0 0 0 0 0 0 0 0 0 0 0 0 0 0 0 0 0 0 0 0 0 0 0 0 0 0 0 0 0 0 0 0 0 0 0 0 0 0 0 0 0 0 0 0 0 0 0 0 0 0 0 0 0 0 0 0 0 0 0 0 0 0 0 0 0 0 0 0 0 0 0 0 0 0 0 0 0 0 0 0 0 0 0 0 0 0 0 0 0 0 0 0 0 0 0 0 0 0 0 0 0 0 0 0 0 0 0 0 0 0 0 0 0 0 0 0 0 0 0 0 0 0 0 0 0 0 0 0 0 0 0 0 0 0 0 0 0 0 0 0 0 0 0 0 0 0 0 0 0 0 0 0 0 0 0 0 0 0 0 0 0 0 0 0 0 0 0 0 0 0 0 0 0 0 0 0 0 0 0 0
        </DataArray>
      </PointData>
    </Piece>
  </UnstructuredGrid>
</VTKFile>
